s2_id,longitude,latitude,time,cs_cdf,base_date,days_diff,neon_id,utm_x,utm_y,crs,id
20170730T154909_20170730T160022_T18SUJ,-76.60257821189442,38.88770932342044,2017-07-30,0.9137254901960784,2017-08-04,-5,projects/neon-prod-earthengine/assets/HSI_REFL/001/2017_SERC_3,362128.4205379884,4306260.971004153,EPSG:32618,NEON_S2__0022
20170804T154911_20170804T155116_T18SUJ,-76.60257821189442,38.88770932342044,2017-08-04,0.9058823529411765,2017-08-04,0,projects/neon-prod-earthengine/assets/HSI_REFL/001/2017_SERC_3,362128.4205379884,4306260.971004153,EPSG:32618,NEON_S2__0022
20170809T160129_20170809T160127_T18SUJ,-76.60257821189442,38.88770932342044,2017-08-09,0.9098039215686274,2017-08-04,5,projects/neon-prod-earthengine/assets/HSI_REFL/001/2017_SERC_3,362128.4205379884,4306260.971004153,EPSG:32618,NEON_S2__0022
20170730T154909_20170730T160022_T18SUJ,-76.51059072680059,38.88770932342044,2017-07-30,0.9019607843137255,2017-08-04,-5,projects/neon-prod-earthengine/assets/HSI_REFL/001/2017_SERC_3,367005.29138756974,4304807.5963218,EPSG:32618,NEON_S2__0023
20170809T160129_20170809T160127_T18SUJ,-76.51059072680059,38.88770932342044,2017-08-09,0.9058823529411765,2017-08-04,5,projects/neon-prod-earthengine/assets/HSI_REFL/001/2017_SERC_3,367005.29138756974,4304807.5963218,EPSG:32618,NEON_S2__0023
20170912T181441_20170912T181441_T12SWA,-110.9599038944433,31.850666713741752,2017-09-12,0.9019607843137255,2017-08-24,19,projects/neon-prod-earthengine/assets/HSI_REFL/001/2017_SRER_1,505154.50640777504,3521987.2342470107,EPSG:32612,NEON_S2__0024
20170912T181441_20170912T181441_T12SWA,-110.9599038944433,31.850666713741752,2017-09-12,0.9019607843137255,2017-08-24,19,projects/neon-prod-earthengine/assets/HSI_REFL/001/2017_SRER_1,505154.50640777504,3521987.2342470107,EPSG:32612,NEON_S2__0025
20170912T181441_20170912T181441_T12SWA,-110.91391015189637,31.89666045628867,2017-09-12,0.9019607843137255,2017-08-24,19,projects/neon-prod-earthengine/assets/HSI_REFL/001/2017_SRER_1,509350.864609819,3527871.965484011,EPSG:32612,NEON_S2__0027
20170917T175959_20170917T180914_T12SWA,-110.91391015189637,31.89666045628867,2017-09-17,0.9019607843137255,2017-08-24,24,projects/neon-prod-earthengine/assets/HSI_REFL/001/2017_SRER_1,509350.864609819,3527871.965484011,EPSG:32612,NEON_S2__0027
20170808T175909_20170808T180945_T12SWA,-110.82192266680254,31.804672971194833,2017-08-08,0.9098039215686274,2017-08-24,-16,projects/neon-prod-earthengine/assets/HSI_REFL/001/2017_SRER_1,515807.5363841208,3518672.8504215693,EPSG:32612,NEON_S2__0028
20170813T175911_20170813T181415_T12SWA,-110.82192266680254,31.804672971194833,2017-08-13,0.9098039215686274,2017-08-24,-11,projects/neon-prod-earthengine/assets/HSI_REFL/001/2017_SRER_1,515807.5363841208,3518672.8504215693,EPSG:32612,NEON_S2__0028
20170912T181441_20170912T181441_T12SWA,-110.82192266680254,31.804672971194833,2017-09-12,0.9058823529411765,2017-08-24,19,projects/neon-prod-earthengine/assets/HSI_REFL/001/2017_SRER_1,515807.5363841208,3518672.8504215693,EPSG:32612,NEON_S2__0028
20170917T175959_20170917T180914_T12SWA,-110.82192266680254,31.804672971194833,2017-09-17,0.9058823529411765,2017-08-24,24,projects/neon-prod-earthengine/assets/HSI_REFL/001/2017_SRER_1,515807.5363841208,3518672.8504215693,EPSG:32612,NEON_S2__0028
20170808T175909_20170808T180945_T12SWA,-110.82192266680254,31.850666713741752,2017-08-08,0.9019607843137255,2017-08-24,-16,projects/neon-prod-earthengine/assets/HSI_REFL/001/2017_SRER_1,515054.7773915216,3523700.790957985,EPSG:32612,NEON_S2__0029
20170912T181441_20170912T181441_T12SWA,-110.82192266680254,31.850666713741752,2017-09-12,0.9019607843137255,2017-08-24,19,projects/neon-prod-earthengine/assets/HSI_REFL/001/2017_SRER_1,515054.7773915216,3523700.790957985,EPSG:32612,NEON_S2__0029
20170912T181441_20170912T181441_T12SWA,-110.86791640934945,31.89666045628867,2017-09-12,0.9019607843137255,2017-08-24,19,projects/neon-prod-earthengine/assets/HSI_REFL/001/2017_SRER_1,514301.4738552236,3528728.646211973,EPSG:32612,NEON_S2__0030
20170917T175959_20170917T180914_T12SWA,-110.86791640934945,31.89666045628867,2017-09-17,0.9019607843137255,2017-08-24,24,projects/neon-prod-earthengine/assets/HSI_REFL/001/2017_SRER_1,514301.4738552236,3528728.646211973,EPSG:32612,NEON_S2__0030
20170808T175909_20170808T180945_T12SWA,-110.77592892425561,31.804672971194833,2017-08-08,0.9019607843137255,2017-08-24,-16,projects/neon-prod-earthengine/assets/HSI_REFL/001/2017_SRER_1,520757.5089275147,3519527.9692332386,EPSG:32612,NEON_S2__0031
20170813T175911_20170813T181415_T12SWA,-110.77592892425561,31.804672971194833,2017-08-13,0.9098039215686274,2017-08-24,-11,projects/neon-prod-earthengine/assets/HSI_REFL/001/2017_SRER_1,520757.5089275147,3519527.9692332386,EPSG:32612,NEON_S2__0031
20170912T181441_20170912T181441_T12SWA,-110.77592892425561,31.804672971194833,2017-09-12,0.9058823529411765,2017-08-24,19,projects/neon-prod-earthengine/assets/HSI_REFL/001/2017_SRER_1,520757.5089275147,3519527.9692332386,EPSG:32612,NEON_S2__0031
20170808T175909_20170808T180945_T12SWA,-110.77592892425561,31.850666713741752,2017-08-08,0.9058823529411765,2017-08-24,-16,projects/neon-prod-earthengine/assets/HSI_REFL/001/2017_SRER_1,520005.1468326408,3524556.253498054,EPSG:32612,NEON_S2__0032
20170912T181441_20170912T181441_T12SWA,-110.77592892425561,31.850666713741752,2017-09-12,0.9058823529411765,2017-08-24,19,projects/neon-prod-earthengine/assets/HSI_REFL/001/2017_SRER_1,520005.1468326408,3524556.253498054,EPSG:32612,NEON_S2__0032
20180403T171849_20180403T173046_T14SME,-99.13951205988498,35.346191147307636,2018-04-03,0.9058823529411765,2018-04-18,-15,projects/neon-prod-earthengine/assets/HSI_REFL/001/2018_OAES_3,486400.39076451847,3910916.434408161,EPSG:32614,NEON_S2__0034
20180418T171901_20180418T172509_T14SME,-99.13951205988498,35.346191147307636,2018-04-18,0.9098039215686274,2018-04-18,0,projects/neon-prod-earthengine/assets/HSI_REFL/001/2018_OAES_3,486400.39076451847,3910916.434408161,EPSG:32614,NEON_S2__0034
20180428T171901_20180428T172944_T14SME,-99.13951205988498,35.346191147307636,2018-04-28,0.9058823529411765,2018-04-18,10,projects/neon-prod-earthengine/assets/HSI_REFL/001/2018_OAES_3,486400.39076451847,3910916.434408161,EPSG:32614,NEON_S2__0034
20180503T171859_20180503T172147_T14SME,-99.13951205988498,35.346191147307636,2018-05-03,0.9058823529411765,2018-04-18,15,projects/neon-prod-earthengine/assets/HSI_REFL/001/2018_OAES_3,486400.39076451847,3910916.434408161,EPSG:32614,NEON_S2__0034
20180403T171849_20180403T173046_T14SME,-99.13951205988498,35.392184889854555,2018-04-03,0.9098039215686274,2018-04-18,-15,projects/neon-prod-earthengine/assets/HSI_REFL/001/2018_OAES_3,486311.14088590926,3916033.140110683,EPSG:32614,NEON_S2__0035
20180418T171901_20180418T172509_T14SME,-99.13951205988498,35.392184889854555,2018-04-18,0.9176470588235294,2018-04-18,0,projects/neon-prod-earthengine/assets/HSI_REFL/001/2018_OAES_3,486311.14088590926,3916033.140110683,EPSG:32614,NEON_S2__0035
20180428T171901_20180428T172944_T14SME,-99.13951205988498,35.392184889854555,2018-04-28,0.9058823529411765,2018-04-18,10,projects/neon-prod-earthengine/assets/HSI_REFL/001/2018_OAES_3,486311.14088590926,3916033.140110683,EPSG:32614,NEON_S2__0035
20180418T171901_20180418T172509_T14SME,-99.09351831733807,35.346191147307636,2018-04-18,0.9058823529411765,2018-04-18,0,projects/neon-prod-earthengine/assets/HSI_REFL/001/2018_OAES_3,491445.950642996,3911015.693259932,EPSG:32614,NEON_S2__0036
20180503T171859_20180503T172147_T14SME,-99.09351831733807,35.346191147307636,2018-05-03,0.9019607843137255,2018-04-18,15,projects/neon-prod-earthengine/assets/HSI_REFL/001/2018_OAES_3,491445.950642996,3911015.693259932,EPSG:32614,NEON_S2__0036
20180418T171901_20180418T172509_T14SME,-99.09351831733807,35.392184889854555,2018-04-18,0.9098039215686274,2018-04-18,0,projects/neon-prod-earthengine/assets/HSI_REFL/001/2018_OAES_3,491357.0940160986,3916132.4304857138,EPSG:32614,NEON_S2__0037
20180428T171901_20180428T172944_T14SME,-99.09351831733807,35.392184889854555,2018-04-28,0.9058823529411765,2018-04-18,10,projects/neon-prod-earthengine/assets/HSI_REFL/001/2018_OAES_3,491357.0940160986,3916132.4304857138,EPSG:32614,NEON_S2__0037
20180503T171859_20180503T172147_T14SME,-99.09351831733807,35.392184889854555,2018-05-03,0.9019607843137255,2018-04-18,15,projects/neon-prod-earthengine/assets/HSI_REFL/001/2018_OAES_3,491357.0940160986,3916132.4304857138,EPSG:32614,NEON_S2__0037
20180803T175909_20180803T180950_T12SWA,-110.9599038944433,31.850666713741752,2018-08-03,0.9019607843137255,2018-08-24,-21,projects/neon-prod-earthengine/assets/HSI_REFL/001/2018_SRER_2,505154.50640777504,3521987.2342470107,EPSG:32612,NEON_S2__0039
20180803T175909_20180803T180950_T12SWA,-110.9599038944433,31.850666713741752,2018-08-03,0.9019607843137255,2018-08-24,-21,projects/neon-prod-earthengine/assets/HSI_REFL/001/2018_SRER_2,505154.50640777504,3521987.2342470107,EPSG:32612,NEON_S2__0041
20180907T175911_20180907T181241_T12SWA,-110.86791640934945,31.758679228647914,2018-09-07,0.9019607843137255,2018-08-24,14,projects/neon-prod-earthengine/assets/HSI_REFL/001/2018_SRER_2,511610.3340084088,3512789.1693388447,EPSG:32612,NEON_S2__0042
20180912T180029_20180912T181326_T12SWA,-110.86791640934945,31.758679228647914,2018-09-12,0.9019607843137255,2018-08-24,19,projects/neon-prod-earthengine/assets/HSI_REFL/001/2018_SRER_2,511610.3340084088,3512789.1693388447,EPSG:32612,NEON_S2__0042
20180803T175909_20180803T180950_T12SWA,-110.86791640934945,31.804672971194833,2018-08-03,0.9058823529411765,2018-08-24,-21,projects/neon-prod-earthengine/assets/HSI_REFL/001/2018_SRER_2,510857.7214534506,3517816.85284724,EPSG:32612,NEON_S2__0043
20180828T175911_20180828T180833_T12SWA,-110.86791640934945,31.804672971194833,2018-08-28,0.9019607843137255,2018-08-24,4,projects/neon-prod-earthengine/assets/HSI_REFL/001/2018_SRER_2,510857.7214534506,3517816.85284724,EPSG:32612,NEON_S2__0043
20180907T175911_20180907T181241_T12SWA,-110.86791640934945,31.804672971194833,2018-09-07,0.9019607843137255,2018-08-24,14,projects/neon-prod-earthengine/assets/HSI_REFL/001/2018_SRER_2,510857.7214534506,3517816.85284724,EPSG:32612,NEON_S2__0043
20180922T180039_20180922T181245_T12SWA,-110.86791640934945,31.804672971194833,2018-09-22,0.9019607843137255,2018-08-24,29,projects/neon-prod-earthengine/assets/HSI_REFL/001/2018_SRER_2,510857.7214534506,3517816.85284724,EPSG:32612,NEON_S2__0043
20180813T175909_20180813T181129_T12SWA,-110.82192266680254,31.758679228647914,2018-08-13,0.9019607843137255,2018-08-24,-11,projects/neon-prod-earthengine/assets/HSI_REFL/001/2018_SRER_2,516559.7503898245,3513644.8245201884,EPSG:32612,NEON_S2__0046
20180907T175911_20180907T181241_T12SWA,-110.82192266680254,31.758679228647914,2018-09-07,0.9098039215686274,2018-08-24,14,projects/neon-prod-earthengine/assets/HSI_REFL/001/2018_SRER_2,516559.7503898245,3513644.8245201884,EPSG:32612,NEON_S2__0046
20180912T180029_20180912T181326_T12SWA,-110.82192266680254,31.758679228647914,2018-09-12,0.9058823529411765,2018-08-24,19,projects/neon-prod-earthengine/assets/HSI_REFL/001/2018_SRER_2,516559.7503898245,3513644.8245201884,EPSG:32612,NEON_S2__0046
20180922T180039_20180922T181245_T12SWA,-110.82192266680254,31.758679228647914,2018-09-22,0.9058823529411765,2018-08-24,29,projects/neon-prod-earthengine/assets/HSI_REFL/001/2018_SRER_2,516559.7503898245,3513644.8245201884,EPSG:32612,NEON_S2__0046
20180803T175909_20180803T180950_T12SWA,-110.82192266680254,31.804672971194833,2018-08-03,0.9098039215686274,2018-08-24,-21,projects/neon-prod-earthengine/assets/HSI_REFL/001/2018_SRER_2,515807.5363841208,3518672.8504215693,EPSG:32612,NEON_S2__0047
20180813T175909_20180813T181129_T12SWA,-110.82192266680254,31.804672971194833,2018-08-13,0.9019607843137255,2018-08-24,-11,projects/neon-prod-earthengine/assets/HSI_REFL/001/2018_SRER_2,515807.5363841208,3518672.8504215693,EPSG:32612,NEON_S2__0047
20180907T175911_20180907T181241_T12SWA,-110.82192266680254,31.804672971194833,2018-09-07,0.9058823529411765,2018-08-24,14,projects/neon-prod-earthengine/assets/HSI_REFL/001/2018_SRER_2,515807.5363841208,3518672.8504215693,EPSG:32612,NEON_S2__0047
20180912T180029_20180912T181326_T12SWA,-110.82192266680254,31.804672971194833,2018-09-12,0.9019607843137255,2018-08-24,19,projects/neon-prod-earthengine/assets/HSI_REFL/001/2018_SRER_2,515807.5363841208,3518672.8504215693,EPSG:32612,NEON_S2__0047
20180922T180039_20180922T181245_T12SWA,-110.82192266680254,31.804672971194833,2018-09-22,0.9019607843137255,2018-08-24,29,projects/neon-prod-earthengine/assets/HSI_REFL/001/2018_SRER_2,515807.5363841208,3518672.8504215693,EPSG:32612,NEON_S2__0047
20180907T175911_20180907T181241_T12SWA,-110.82192266680254,31.850666713741752,2018-09-07,0.9019607843137255,2018-08-24,14,projects/neon-prod-earthengine/assets/HSI_REFL/001/2018_SRER_2,515054.7773915216,3523700.790957985,EPSG:32612,NEON_S2__0048
20180813T175909_20180813T181129_T12SWA,-110.77592892425561,31.804672971194833,2018-08-13,0.9019607843137255,2018-08-24,-11,projects/neon-prod-earthengine/assets/HSI_REFL/001/2018_SRER_2,520757.5089275147,3519527.9692332386,EPSG:32612,NEON_S2__0050
20180907T175911_20180907T181241_T12SWA,-110.77592892425561,31.804672971194833,2018-09-07,0.9058823529411765,2018-08-24,14,projects/neon-prod-earthengine/assets/HSI_REFL/001/2018_SRER_2,520757.5089275147,3519527.9692332386,EPSG:32612,NEON_S2__0050
20180912T180029_20180912T181326_T12SWA,-110.77592892425561,31.804672971194833,2018-09-12,0.9019607843137255,2018-08-24,19,projects/neon-prod-earthengine/assets/HSI_REFL/001/2018_SRER_2,520757.5089275147,3519527.9692332386,EPSG:32612,NEON_S2__0050
20180922T180039_20180922T181245_T12SWA,-110.77592892425561,31.804672971194833,2018-09-22,0.9019607843137255,2018-08-24,29,projects/neon-prod-earthengine/assets/HSI_REFL/001/2018_SRER_2,520757.5089275147,3519527.9692332386,EPSG:32612,NEON_S2__0050
20180907T175911_20180907T181241_T12SWA,-110.77592892425561,31.850666713741752,2018-09-07,0.9058823529411765,2018-08-24,14,projects/neon-prod-earthengine/assets/HSI_REFL/001/2018_SRER_2,520005.1468326408,3524556.253498054,EPSG:32612,NEON_S2__0051
20180912T180029_20180912T181326_T12SWA,-110.77592892425561,31.850666713741752,2018-09-12,0.9019607843137255,2018-08-24,19,projects/neon-prod-earthengine/assets/HSI_REFL/001/2018_SRER_2,520005.1468326408,3524556.253498054,EPSG:32612,NEON_S2__0051
20180922T180039_20180922T181245_T12SWA,-110.77592892425561,31.850666713741752,2018-09-22,0.9019607843137255,2018-08-24,29,projects/neon-prod-earthengine/assets/HSI_REFL/001/2018_SRER_2,520005.1468326408,3524556.253498054,EPSG:32612,NEON_S2__0051
20190826T153819_20190826T154455_T18TYN,-72.27916641248399,42.42922749953324,2019-08-26,0.9019607843137255,2019-08-11,15,projects/neon-prod-earthengine/assets/HSI_REFL/001/2019_HARV_6,725260.1085451264,4701550.387121961,EPSG:32618,NEON_S2__0053
20190801T153911_20190801T154113_T18TYN,-72.23317266993708,42.47522124208016,2019-08-01,0.9098039215686274,2019-08-11,-10,projects/neon-prod-earthengine/assets/HSI_REFL/001/2019_HARV_6,726692.5434356346,4706375.965894271,EPSG:32618,NEON_S2__0054
20190826T153819_20190826T154455_T18TYN,-72.23317266993708,42.47522124208016,2019-08-26,0.9098039215686274,2019-08-11,15,projects/neon-prod-earthengine/assets/HSI_REFL/001/2019_HARV_6,726692.5434356346,4706375.965894271,EPSG:32618,NEON_S2__0054
20190801T153911_20190801T154113_T18TYN,-72.23317266993708,42.52121498462708,2019-08-01,0.9098039215686274,2019-08-11,-10,projects/neon-prod-earthengine/assets/HSI_REFL/001/2019_HARV_6,728125.6852333196,4711201.374977781,EPSG:32618,NEON_S2__0055
20190826T153819_20190826T154455_T18TYN,-72.23317266993708,42.52121498462708,2019-08-26,0.9098039215686274,2019-08-11,15,projects/neon-prod-earthengine/assets/HSI_REFL/001/2019_HARV_6,728125.6852333196,4711201.374977781,EPSG:32618,NEON_S2__0055
20190801T153911_20190801T154113_T18TYN,-72.18717892739015,42.567208727174,2019-08-01,0.9098039215686274,2019-08-11,-10,projects/neon-prod-earthengine/assets/HSI_REFL/001/2019_HARV_6,729559.5331952453,4716026.614785149,EPSG:32618,NEON_S2__0056
20190826T153819_20190826T154455_T18TYN,-72.18717892739015,42.567208727174,2019-08-26,0.9098039215686274,2019-08-11,15,projects/neon-prod-earthengine/assets/HSI_REFL/001/2019_HARV_6,729559.5331952453,4716026.614785149,EPSG:32618,NEON_S2__0056
20190801T153911_20190801T154113_T18TYN,-72.18717892739015,42.42922749953324,2019-08-01,0.9137254901960784,2019-08-11,-10,projects/neon-prod-earthengine/assets/HSI_REFL/001/2019_HARV_6,730141.4982606214,4700037.122272774,EPSG:32618,NEON_S2__0057
20190826T153819_20190826T154455_T18TYN,-72.18717892739015,42.42922749953324,2019-08-26,0.9098039215686274,2019-08-11,15,projects/neon-prod-earthengine/assets/HSI_REFL/001/2019_HARV_6,730141.4982606214,4700037.122272774,EPSG:32618,NEON_S2__0057
20190801T153911_20190801T154113_T18TYN,-72.18717892739015,42.47522124208016,2019-08-01,0.9176470588235294,2019-08-11,-10,projects/neon-prod-earthengine/assets/HSI_REFL/001/2019_HARV_6,731574.0295891216,4704862.362274187,EPSG:32618,NEON_S2__0058
20190826T153819_20190826T154455_T18TYN,-72.18717892739015,42.47522124208016,2019-08-26,0.9137254901960784,2019-08-11,15,projects/neon-prod-earthengine/assets/HSI_REFL/001/2019_HARV_6,731574.0295891216,4704862.362274187,EPSG:32618,NEON_S2__0058
20190801T153911_20190801T154113_T18TYN,-72.14118518484324,42.52121498462708,2019-08-01,0.9137254901960784,2019-08-11,-10,projects/neon-prod-earthengine/assets/HSI_REFL/001/2019_HARV_6,733007.2672856918,4709687.433611651,EPSG:32618,NEON_S2__0059
20190826T153819_20190826T154455_T18TYN,-72.14118518484324,42.52121498462708,2019-08-26,0.9137254901960784,2019-08-11,15,projects/neon-prod-earthengine/assets/HSI_REFL/001/2019_HARV_6,733007.2672856918,4709687.433611651,EPSG:32618,NEON_S2__0059
20190801T153911_20190801T154113_T18TYN,-72.14118518484324,42.567208727174,2019-08-01,0.9137254901960784,2019-08-11,-10,projects/neon-prod-earthengine/assets/HSI_REFL/001/2019_HARV_6,734441.210608064,4714512.3366984045,EPSG:32618,NEON_S2__0060
20190826T153819_20190826T154455_T18TYN,-72.14118518484324,42.567208727174,2019-08-26,0.9137254901960784,2019-08-11,15,projects/neon-prod-earthengine/assets/HSI_REFL/001/2019_HARV_6,734441.210608064,4714512.3366984045,EPSG:32618,NEON_S2__0060
20190530T212529_20190530T212530_T05VPL,-149.13471020838648,63.862311526397725,2019-05-30,0.9176470588235294,2019-06-26,-27,projects/neon-prod-earthengine/assets/HSI_REFL/001/2019_HEAL_3,394172.1868049224,7081057.040619653,EPSG:32606,NEON_S2__0061
20190530T212529_20190530T212530_T06VUR,-149.13471020838648,63.862311526397725,2019-05-30,0.9176470588235294,2019-06-26,-27,projects/neon-prod-earthengine/assets/HSI_REFL/001/2019_HEAL_3,394172.1868049224,7081057.040619653,EPSG:32606,NEON_S2__0061
20190705T214539_20190705T214538_T05VPL,-149.13471020838648,63.862311526397725,2019-07-05,0.9176470588235294,2019-06-26,9,projects/neon-prod-earthengine/assets/HSI_REFL/001/2019_HEAL_3,394172.1868049224,7081057.040619653,EPSG:32606,NEON_S2__0061
20190705T214539_20190705T214538_T06VUR,-149.13471020838648,63.862311526397725,2019-07-05,0.9176470588235294,2019-06-26,9,projects/neon-prod-earthengine/assets/HSI_REFL/001/2019_HEAL_3,394172.1868049224,7081057.040619653,EPSG:32606,NEON_S2__0061
20190715T214539_20190715T214538_T05VPL,-149.13471020838648,63.862311526397725,2019-07-15,0.9019607843137255,2019-06-26,19,projects/neon-prod-earthengine/assets/HSI_REFL/001/2019_HEAL_3,394172.1868049224,7081057.040619653,EPSG:32606,NEON_S2__0061
20190530T212529_20190530T212530_T05VPL,-149.2266976934803,63.862311526397725,2019-05-30,0.9215686274509803,2019-06-26,-27,projects/neon-prod-earthengine/assets/HSI_REFL/001/2019_HEAL_3,390685.1177581016,7084654.227494199,EPSG:32606,NEON_S2__0062
20190530T212529_20190530T212530_T06VUR,-149.2266976934803,63.862311526397725,2019-05-30,0.9215686274509803,2019-06-26,-27,projects/neon-prod-earthengine/assets/HSI_REFL/001/2019_HEAL_3,390685.1177581016,7084654.227494199,EPSG:32606,NEON_S2__0062
20190705T214539_20190705T214538_T05VPL,-149.2266976934803,63.862311526397725,2019-07-05,0.9137254901960784,2019-06-26,9,projects/neon-prod-earthengine/assets/HSI_REFL/001/2019_HEAL_3,390685.1177581016,7084654.227494199,EPSG:32606,NEON_S2__0062
20190705T214539_20190705T214538_T06VUR,-149.2266976934803,63.862311526397725,2019-07-05,0.9137254901960784,2019-06-26,9,projects/neon-prod-earthengine/assets/HSI_REFL/001/2019_HEAL_3,390685.1177581016,7084654.227494199,EPSG:32606,NEON_S2__0062
20190705T214539_20190705T214538_T05VPL,-149.13471020838648,63.908305268944645,2019-07-05,0.9137254901960784,2019-06-26,9,projects/neon-prod-earthengine/assets/HSI_REFL/001/2019_HEAL_3,394431.5017316815,7087988.381597155,EPSG:32606,NEON_S2__0063
20190705T214539_20190705T214538_T06VUR,-149.13471020838648,63.908305268944645,2019-07-05,0.9137254901960784,2019-06-26,9,projects/neon-prod-earthengine/assets/HSI_REFL/001/2019_HEAL_3,394431.5017316815,7087988.381597155,EPSG:32606,NEON_S2__0063
20190715T214539_20190715T214538_T05VPL,-149.13471020838648,63.908305268944645,2019-07-15,0.9019607843137255,2019-06-26,19,projects/neon-prod-earthengine/assets/HSI_REFL/001/2019_HEAL_3,394431.5017316815,7087988.381597155,EPSG:32606,NEON_S2__0063
20190715T214539_20190715T214538_T06VUR,-149.13471020838648,63.908305268944645,2019-07-15,0.9058823529411765,2019-06-26,19,projects/neon-prod-earthengine/assets/HSI_REFL/001/2019_HEAL_3,394431.5017316815,7087988.381597155,EPSG:32606,NEON_S2__0063
20190530T212529_20190530T212530_T05VPL,-149.13471020838648,63.862311526397725,2019-05-30,0.9176470588235294,2019-06-26,-27,projects/neon-prod-earthengine/assets/HSI_REFL/001/2019_HEAL_3,394172.1868049224,7081057.040619653,EPSG:32606,NEON_S2__0064
20190530T212529_20190530T212530_T06VUR,-149.13471020838648,63.862311526397725,2019-05-30,0.9176470588235294,2019-06-26,-27,projects/neon-prod-earthengine/assets/HSI_REFL/001/2019_HEAL_3,394172.1868049224,7081057.040619653,EPSG:32606,NEON_S2__0064
20190705T214539_20190705T214538_T05VPL,-149.13471020838648,63.862311526397725,2019-07-05,0.9176470588235294,2019-06-26,9,projects/neon-prod-earthengine/assets/HSI_REFL/001/2019_HEAL_3,394172.1868049224,7081057.040619653,EPSG:32606,NEON_S2__0064
20190705T214539_20190705T214538_T06VUR,-149.13471020838648,63.862311526397725,2019-07-05,0.9176470588235294,2019-06-26,9,projects/neon-prod-earthengine/assets/HSI_REFL/001/2019_HEAL_3,394172.1868049224,7081057.040619653,EPSG:32606,NEON_S2__0064
20190715T214539_20190715T214538_T05VPL,-149.13471020838648,63.862311526397725,2019-07-15,0.9019607843137255,2019-06-26,19,projects/neon-prod-earthengine/assets/HSI_REFL/001/2019_HEAL_3,394172.1868049224,7081057.040619653,EPSG:32606,NEON_S2__0064
20190530T212529_20190530T212530_T05VPL,-149.2266976934803,63.862311526397725,2019-05-30,0.9215686274509803,2019-06-26,-27,projects/neon-prod-earthengine/assets/HSI_REFL/001/2019_HEAL_3,390685.1177581016,7084654.227494199,EPSG:32606,NEON_S2__0065
20190530T212529_20190530T212530_T06VUR,-149.2266976934803,63.862311526397725,2019-05-30,0.9215686274509803,2019-06-26,-27,projects/neon-prod-earthengine/assets/HSI_REFL/001/2019_HEAL_3,390685.1177581016,7084654.227494199,EPSG:32606,NEON_S2__0065
20190705T214539_20190705T214538_T05VPL,-149.2266976934803,63.862311526397725,2019-07-05,0.9137254901960784,2019-06-26,9,projects/neon-prod-earthengine/assets/HSI_REFL/001/2019_HEAL_3,390685.1177581016,7084654.227494199,EPSG:32606,NEON_S2__0065
20190705T214539_20190705T214538_T06VUR,-149.2266976934803,63.862311526397725,2019-07-05,0.9137254901960784,2019-06-26,9,projects/neon-prod-earthengine/assets/HSI_REFL/001/2019_HEAL_3,390685.1177581016,7084654.227494199,EPSG:32606,NEON_S2__0065
20190705T214539_20190705T214538_T05VPL,-149.13471020838648,63.908305268944645,2019-07-05,0.9137254901960784,2019-06-26,9,projects/neon-prod-earthengine/assets/HSI_REFL/001/2019_HEAL_3,394431.5017316815,7087988.381597155,EPSG:32606,NEON_S2__0066
20190705T214539_20190705T214538_T06VUR,-149.13471020838648,63.908305268944645,2019-07-05,0.9137254901960784,2019-06-26,9,projects/neon-prod-earthengine/assets/HSI_REFL/001/2019_HEAL_3,394431.5017316815,7087988.381597155,EPSG:32606,NEON_S2__0066
20190715T214539_20190715T214538_T05VPL,-149.13471020838648,63.908305268944645,2019-07-15,0.9019607843137255,2019-06-26,19,projects/neon-prod-earthengine/assets/HSI_REFL/001/2019_HEAL_3,394431.5017316815,7087988.381597155,EPSG:32606,NEON_S2__0066
20190715T214539_20190715T214538_T06VUR,-149.13471020838648,63.908305268944645,2019-07-15,0.9058823529411765,2019-06-26,19,projects/neon-prod-earthengine/assets/HSI_REFL/001/2019_HEAL_3,394431.5017316815,7087988.381597155,EPSG:32606,NEON_S2__0066
20190810T160911_20190810T162342_T16RGV,-84.5594956725115,31.29874180317872,2019-08-10,0.9019607843137255,2019-08-30,-21,projects/neon-prod-earthengine/assets/HSI_REFL/001/2019_JERC_5,733993.9035933707,3465403.795823336,EPSG:32616,NEON_S2__0067
20190904T160829_20190904T162326_T16RGV,-84.5594956725115,31.29874180317872,2019-09-04,0.9019607843137255,2019-08-30,4,projects/neon-prod-earthengine/assets/HSI_REFL/001/2019_JERC_5,733993.9035933707,3465403.795823336,EPSG:32616,NEON_S2__0067
20190907T161829_20190907T163000_T16RGV,-84.5594956725115,31.29874180317872,2019-09-07,0.9019607843137255,2019-08-30,7,projects/neon-prod-earthengine/assets/HSI_REFL/001/2019_JERC_5,733993.9035933707,3465403.795823336,EPSG:32616,NEON_S2__0067
20190917T161909_20190917T162652_T16RGV,-84.5594956725115,31.29874180317872,2019-09-17,0.9098039215686274,2019-08-30,17,projects/neon-prod-earthengine/assets/HSI_REFL/001/2019_JERC_5,733993.9035933707,3465403.795823336,EPSG:32616,NEON_S2__0067
20190924T161009_20190924T162413_T16RGV,-84.5594956725115,31.29874180317872,2019-09-24,0.9098039215686274,2019-08-30,24,projects/neon-prod-earthengine/assets/HSI_REFL/001/2019_JERC_5,733993.9035933707,3465403.795823336,EPSG:32616,NEON_S2__0067
20190927T162029_20190927T162738_T16RGV,-84.5594956725115,31.29874180317872,2019-09-27,0.9019607843137255,2019-08-30,27,projects/neon-prod-earthengine/assets/HSI_REFL/001/2019_JERC_5,733993.9035933707,3465403.795823336,EPSG:32616,NEON_S2__0067
20190929T161041_20190929T162129_T16RGV,-84.5594956725115,31.29874180317872,2019-09-29,0.9098039215686274,2019-08-30,29,projects/neon-prod-earthengine/assets/HSI_REFL/001/2019_JERC_5,733993.9035933707,3465403.795823336,EPSG:32616,NEON_S2__0067
20190810T160911_20190810T162342_T16RGV,-84.51350192996458,31.20675431808488,2019-08-10,0.9137254901960784,2019-08-30,-21,projects/neon-prod-earthengine/assets/HSI_REFL/001/2019_JERC_5,737750.243509446,3454586.3951119063,EPSG:32616,NEON_S2__0068
20190907T161829_20190907T163000_T16RGV,-84.51350192996458,31.20675431808488,2019-09-07,0.9137254901960784,2019-08-30,7,projects/neon-prod-earthengine/assets/HSI_REFL/001/2019_JERC_5,737750.243509446,3454586.3951119063,EPSG:32616,NEON_S2__0068
20190912T161901_20190912T163426_T16RGV,-84.51350192996458,31.20675431808488,2019-09-12,0.9019607843137255,2019-08-30,12,projects/neon-prod-earthengine/assets/HSI_REFL/001/2019_JERC_5,737750.243509446,3454586.3951119063,EPSG:32616,NEON_S2__0068
20190917T161909_20190917T162652_T16RGV,-84.51350192996458,31.20675431808488,2019-09-17,0.9137254901960784,2019-08-30,17,projects/neon-prod-earthengine/assets/HSI_REFL/001/2019_JERC_5,737750.243509446,3454586.3951119063,EPSG:32616,NEON_S2__0068
20190924T161009_20190924T162413_T16RGV,-84.51350192996458,31.20675431808488,2019-09-24,0.9058823529411765,2019-08-30,24,projects/neon-prod-earthengine/assets/HSI_REFL/001/2019_JERC_5,737750.243509446,3454586.3951119063,EPSG:32616,NEON_S2__0068
20190927T162029_20190927T162738_T16RGV,-84.51350192996458,31.20675431808488,2019-09-27,0.9058823529411765,2019-08-30,27,projects/neon-prod-earthengine/assets/HSI_REFL/001/2019_JERC_5,737750.243509446,3454586.3951119063,EPSG:32616,NEON_S2__0068
20190810T160911_20190810T162342_T16RGV,-84.51350192996458,31.2527480606318,2019-08-10,0.9058823529411765,2019-08-30,-21,projects/neon-prod-earthengine/assets/HSI_REFL/001/2019_JERC_5,738357.0810065159,3459638.8151043216,EPSG:32616,NEON_S2__0069
20190904T160829_20190904T162326_T16RGV,-84.51350192996458,31.2527480606318,2019-09-04,0.9019607843137255,2019-08-30,4,projects/neon-prod-earthengine/assets/HSI_REFL/001/2019_JERC_5,738357.0810065159,3459638.8151043216,EPSG:32616,NEON_S2__0069
20190907T161829_20190907T163000_T16RGV,-84.51350192996458,31.2527480606318,2019-09-07,0.9058823529411765,2019-08-30,7,projects/neon-prod-earthengine/assets/HSI_REFL/001/2019_JERC_5,738357.0810065159,3459638.8151043216,EPSG:32616,NEON_S2__0069
20190917T161909_20190917T162652_T16RGV,-84.51350192996458,31.2527480606318,2019-09-17,0.9137254901960784,2019-08-30,17,projects/neon-prod-earthengine/assets/HSI_REFL/001/2019_JERC_5,738357.0810065159,3459638.8151043216,EPSG:32616,NEON_S2__0069
20190924T161009_20190924T162413_T16RGV,-84.51350192996458,31.2527480606318,2019-09-24,0.9098039215686274,2019-08-30,24,projects/neon-prod-earthengine/assets/HSI_REFL/001/2019_JERC_5,738357.0810065159,3459638.8151043216,EPSG:32616,NEON_S2__0069
20190927T162029_20190927T162738_T16RGV,-84.51350192996458,31.2527480606318,2019-09-27,0.9019607843137255,2019-08-30,27,projects/neon-prod-earthengine/assets/HSI_REFL/001/2019_JERC_5,738357.0810065159,3459638.8151043216,EPSG:32616,NEON_S2__0069
20190810T160911_20190810T162342_T16RGV,-84.46750818741766,31.29874180317872,2019-08-10,0.9058823529411765,2019-08-30,-21,projects/neon-prod-earthengine/assets/HSI_REFL/001/2019_JERC_5,738964.2988275888,3464691.205381583,EPSG:32616,NEON_S2__0070
20190907T161829_20190907T163000_T16RGV,-84.46750818741766,31.29874180317872,2019-09-07,0.9098039215686274,2019-08-30,7,projects/neon-prod-earthengine/assets/HSI_REFL/001/2019_JERC_5,738964.2988275888,3464691.205381583,EPSG:32616,NEON_S2__0070
20190917T161909_20190917T162652_T16RGV,-84.46750818741766,31.29874180317872,2019-09-17,0.9137254901960784,2019-08-30,17,projects/neon-prod-earthengine/assets/HSI_REFL/001/2019_JERC_5,738964.2988275888,3464691.205381583,EPSG:32616,NEON_S2__0070
20190927T162029_20190927T162738_T16RGV,-84.46750818741766,31.29874180317872,2019-09-27,0.9019607843137255,2019-08-30,27,projects/neon-prod-earthengine/assets/HSI_REFL/001/2019_JERC_5,738964.2988275888,3464691.205381583,EPSG:32616,NEON_S2__0070
20190810T160911_20190810T162342_T16RGV,-84.46750818741766,31.20675431808488,2019-08-10,0.9098039215686274,2019-08-30,-21,projects/neon-prod-earthengine/assets/HSI_REFL/001/2019_JERC_5,742719.7264175967,3453873.1973528373,EPSG:32616,NEON_S2__0071
20190830T160901_20190830T161839_T16RGV,-84.46750818741766,31.20675431808488,2019-08-30,0.9019607843137255,2019-08-30,-1,projects/neon-prod-earthengine/assets/HSI_REFL/001/2019_JERC_5,742719.7264175967,3453873.1973528373,EPSG:32616,NEON_S2__0071
20190904T160829_20190904T162326_T16RGV,-84.46750818741766,31.20675431808488,2019-09-04,0.9098039215686274,2019-08-30,4,projects/neon-prod-earthengine/assets/HSI_REFL/001/2019_JERC_5,742719.7264175967,3453873.1973528373,EPSG:32616,NEON_S2__0071
20190907T161829_20190907T163000_T16RGV,-84.46750818741766,31.20675431808488,2019-09-07,0.9098039215686274,2019-08-30,7,projects/neon-prod-earthengine/assets/HSI_REFL/001/2019_JERC_5,742719.7264175967,3453873.1973528373,EPSG:32616,NEON_S2__0071
20190917T161909_20190917T162652_T16RGV,-84.46750818741766,31.20675431808488,2019-09-17,0.9137254901960784,2019-08-30,17,projects/neon-prod-earthengine/assets/HSI_REFL/001/2019_JERC_5,742719.7264175967,3453873.1973528373,EPSG:32616,NEON_S2__0071
20190924T161009_20190924T162413_T16RGV,-84.46750818741766,31.20675431808488,2019-09-24,0.9137254901960784,2019-08-30,24,projects/neon-prod-earthengine/assets/HSI_REFL/001/2019_JERC_5,742719.7264175967,3453873.1973528373,EPSG:32616,NEON_S2__0071
20190927T162029_20190927T162738_T16RGV,-84.46750818741766,31.20675431808488,2019-09-27,0.9058823529411765,2019-08-30,27,projects/neon-prod-earthengine/assets/HSI_REFL/001/2019_JERC_5,742719.7264175967,3453873.1973528373,EPSG:32616,NEON_S2__0071
20190929T161041_20190929T162129_T16RGV,-84.46750818741766,31.20675431808488,2019-09-29,0.9137254901960784,2019-08-30,29,projects/neon-prod-earthengine/assets/HSI_REFL/001/2019_JERC_5,742719.7264175967,3453873.1973528373,EPSG:32616,NEON_S2__0071
20190810T160911_20190810T162342_T16RGV,-84.46750818741766,31.2527480606318,2019-08-10,0.9058823529411765,2019-08-30,-21,projects/neon-prod-earthengine/assets/HSI_REFL/001/2019_JERC_5,743327.0286486651,3458925.4443611503,EPSG:32616,NEON_S2__0072
20190907T161829_20190907T163000_T16RGV,-84.46750818741766,31.2527480606318,2019-09-07,0.9058823529411765,2019-08-30,7,projects/neon-prod-earthengine/assets/HSI_REFL/001/2019_JERC_5,743327.0286486651,3458925.4443611503,EPSG:32616,NEON_S2__0072
20190917T161909_20190917T162652_T16RGV,-84.46750818741766,31.2527480606318,2019-09-17,0.9137254901960784,2019-08-30,17,projects/neon-prod-earthengine/assets/HSI_REFL/001/2019_JERC_5,743327.0286486651,3458925.4443611503,EPSG:32616,NEON_S2__0072
20190924T161009_20190924T162413_T16RGV,-84.46750818741766,31.2527480606318,2019-09-24,0.9137254901960784,2019-08-30,24,projects/neon-prod-earthengine/assets/HSI_REFL/001/2019_JERC_5,743327.0286486651,3458925.4443611503,EPSG:32616,NEON_S2__0072
20190927T162029_20190927T162738_T16RGV,-84.46750818741766,31.2527480606318,2019-09-27,0.9058823529411765,2019-08-30,27,projects/neon-prod-earthengine/assets/HSI_REFL/001/2019_JERC_5,743327.0286486651,3458925.4443611503,EPSG:32616,NEON_S2__0072
20190929T161041_20190929T162129_T16RGV,-84.46750818741766,31.2527480606318,2019-09-29,0.9058823529411765,2019-08-30,29,projects/neon-prod-earthengine/assets/HSI_REFL/001/2019_JERC_5,743327.0286486651,3458925.4443611503,EPSG:32616,NEON_S2__0072
20190810T160911_20190810T162342_T16RGV,-84.42151444487074,31.29874180317872,2019-08-10,0.9058823529411765,2019-08-30,-21,projects/neon-prod-earthengine/assets/HSI_REFL/001/2019_JERC_5,743934.7102556005,3463977.6621068376,EPSG:32616,NEON_S2__0073
20190907T161829_20190907T163000_T16RGV,-84.42151444487074,31.29874180317872,2019-09-07,0.9058823529411765,2019-08-30,7,projects/neon-prod-earthengine/assets/HSI_REFL/001/2019_JERC_5,743934.7102556005,3463977.6621068376,EPSG:32616,NEON_S2__0073
20190917T161909_20190917T162652_T16RGV,-84.42151444487074,31.29874180317872,2019-09-17,0.9137254901960784,2019-08-30,17,projects/neon-prod-earthengine/assets/HSI_REFL/001/2019_JERC_5,743934.7102556005,3463977.6621068376,EPSG:32616,NEON_S2__0073
20190924T161009_20190924T162413_T16RGV,-84.42151444487074,31.29874180317872,2019-09-24,0.9098039215686274,2019-08-30,24,projects/neon-prod-earthengine/assets/HSI_REFL/001/2019_JERC_5,743934.7102556005,3463977.6621068376,EPSG:32616,NEON_S2__0073
20190927T162029_20190927T162738_T16RGV,-84.42151444487074,31.29874180317872,2019-09-27,0.9019607843137255,2019-08-30,27,projects/neon-prod-earthengine/assets/HSI_REFL/001/2019_JERC_5,743934.7102556005,3463977.6621068376,EPSG:32616,NEON_S2__0073
20190929T161041_20190929T162129_T16RGV,-84.42151444487074,31.29874180317872,2019-09-29,0.9058823529411765,2019-08-30,29,projects/neon-prod-earthengine/assets/HSI_REFL/001/2019_JERC_5,743934.7102556005,3463977.6621068376,EPSG:32616,NEON_S2__0073
20190810T160911_20190810T162342_T16RGV,-84.42151444487074,31.20675431808488,2019-08-10,0.9058823529411765,2019-08-30,-21,projects/neon-prod-earthengine/assets/HSI_REFL/001/2019_JERC_5,747689.2270452842,3453159.0420432617,EPSG:32616,NEON_S2__0074
20190830T160901_20190830T161839_T16RGV,-84.42151444487074,31.20675431808488,2019-08-30,0.9058823529411765,2019-08-30,-1,projects/neon-prod-earthengine/assets/HSI_REFL/001/2019_JERC_5,747689.2270452842,3453159.0420432617,EPSG:32616,NEON_S2__0074
20190904T160829_20190904T162326_T16RGV,-84.42151444487074,31.20675431808488,2019-09-04,0.9058823529411765,2019-08-30,4,projects/neon-prod-earthengine/assets/HSI_REFL/001/2019_JERC_5,747689.2270452842,3453159.0420432617,EPSG:32616,NEON_S2__0074
20190924T161009_20190924T162413_T16RGV,-84.42151444487074,31.20675431808488,2019-09-24,0.9137254901960784,2019-08-30,24,projects/neon-prod-earthengine/assets/HSI_REFL/001/2019_JERC_5,747689.2270452842,3453159.0420432617,EPSG:32616,NEON_S2__0074
20190929T161041_20190929T162129_T16RGV,-84.42151444487074,31.20675431808488,2019-09-29,0.9137254901960784,2019-08-30,29,projects/neon-prod-earthengine/assets/HSI_REFL/001/2019_JERC_5,747689.2270452842,3453159.0420432617,EPSG:32616,NEON_S2__0074
20190810T160911_20190810T162342_T16RGV,-84.37552070232383,31.2527480606318,2019-08-10,0.9058823529411765,2019-08-30,-21,projects/neon-prod-earthengine/assets/HSI_REFL/001/2019_JERC_5,748296.9946489134,3458211.1179749803,EPSG:32616,NEON_S2__0075
20190904T160829_20190904T162326_T16RGV,-84.37552070232383,31.2527480606318,2019-09-04,0.9058823529411765,2019-08-30,4,projects/neon-prod-earthengine/assets/HSI_REFL/001/2019_JERC_5,748296.9946489134,3458211.1179749803,EPSG:32616,NEON_S2__0075
20190924T161009_20190924T162413_T16RGV,-84.37552070232383,31.2527480606318,2019-09-24,0.9137254901960784,2019-08-30,24,projects/neon-prod-earthengine/assets/HSI_REFL/001/2019_JERC_5,748296.9946489134,3458211.1179749803,EPSG:32616,NEON_S2__0075
20190929T161041_20190929T162129_T16RGV,-84.37552070232383,31.2527480606318,2019-09-29,0.9176470588235294,2019-08-30,29,projects/neon-prod-earthengine/assets/HSI_REFL/001/2019_JERC_5,748296.9946489134,3458211.1179749803,EPSG:32616,NEON_S2__0075
20190512T183929_20190512T184617_T11SKB,-119.2387775528888,37.001965878996735,2019-05-12,0.9137254901960784,2019-06-11,-30,projects/neon-prod-earthengine/assets/HSI_REFL/001/2019_SOAP_4,300330.8451279858,4097850.5304439072,EPSG:32611,NEON_S2__0085
20190616T183921_20190616T185133_T11SKB,-119.2387775528888,37.001965878996735,2019-06-16,0.9058823529411765,2019-06-11,5,projects/neon-prod-earthengine/assets/HSI_REFL/001/2019_SOAP_4,300330.8451279858,4097850.5304439072,EPSG:32611,NEON_S2__0085
20190626T183921_20190626T184541_T11SKB,-119.2387775528888,37.001965878996735,2019-06-26,0.9058823529411765,2019-06-11,15,projects/neon-prod-earthengine/assets/HSI_REFL/001/2019_SOAP_4,300330.8451279858,4097850.5304439072,EPSG:32611,NEON_S2__0085
20190701T183929_20190701T185323_T11SKB,-119.2387775528888,37.001965878996735,2019-07-01,0.9019607843137255,2019-06-11,20,projects/neon-prod-earthengine/assets/HSI_REFL/001/2019_SOAP_4,300330.8451279858,4097850.5304439072,EPSG:32611,NEON_S2__0085
20190512T183929_20190512T184617_T11SKB,-119.2387775528888,37.047959621543654,2019-05-12,0.9137254901960784,2019-06-11,-30,projects/neon-prod-earthengine/assets/HSI_REFL/001/2019_SOAP_4,299155.24369540846,4102754.4700977015,EPSG:32611,NEON_S2__0086
20190616T183921_20190616T185133_T11SKB,-119.2387775528888,37.047959621543654,2019-06-16,0.9058823529411765,2019-06-11,5,projects/neon-prod-earthengine/assets/HSI_REFL/001/2019_SOAP_4,299155.24369540846,4102754.4700977015,EPSG:32611,NEON_S2__0086
20190626T183921_20190626T184541_T11SKB,-119.2387775528888,37.047959621543654,2019-06-26,0.9058823529411765,2019-06-11,15,projects/neon-prod-earthengine/assets/HSI_REFL/001/2019_SOAP_4,299155.24369540846,4102754.4700977015,EPSG:32611,NEON_S2__0086
20190701T183929_20190701T185323_T11SKB,-119.2387775528888,37.047959621543654,2019-07-01,0.9058823529411765,2019-06-11,20,projects/neon-prod-earthengine/assets/HSI_REFL/001/2019_SOAP_4,299155.24369540846,4102754.4700977015,EPSG:32611,NEON_S2__0086
20190706T183921_20190706T185251_T11SKB,-119.2387775528888,37.047959621543654,2019-07-06,0.9019607843137255,2019-06-11,25,projects/neon-prod-earthengine/assets/HSI_REFL/001/2019_SOAP_4,299155.24369540846,4102754.4700977015,EPSG:32611,NEON_S2__0086
20190512T183929_20190512T184617_T11SKB,-119.19278381034188,37.047959621543654,2019-05-12,0.9215686274509803,2019-06-11,-30,projects/neon-prod-earthengine/assets/HSI_REFL/001/2019_SOAP_4,304068.4465129827,4104047.802848522,EPSG:32611,NEON_S2__0087
20190512T183929_20190512T184617_T11SLB,-119.19278381034188,37.047959621543654,2019-05-12,0.9215686274509803,2019-06-11,-30,projects/neon-prod-earthengine/assets/HSI_REFL/001/2019_SOAP_4,304068.4465129827,4104047.802848522,EPSG:32611,NEON_S2__0087
20190616T183921_20190616T185133_T11SKB,-119.19278381034188,37.047959621543654,2019-06-16,0.9058823529411765,2019-06-11,5,projects/neon-prod-earthengine/assets/HSI_REFL/001/2019_SOAP_4,304068.4465129827,4104047.802848522,EPSG:32611,NEON_S2__0087
20190616T183921_20190616T185133_T11SLB,-119.19278381034188,37.047959621543654,2019-06-16,0.9098039215686274,2019-06-11,5,projects/neon-prod-earthengine/assets/HSI_REFL/001/2019_SOAP_4,304068.4465129827,4104047.802848522,EPSG:32611,NEON_S2__0087
20190626T183921_20190626T184541_T11SKB,-119.19278381034188,37.047959621543654,2019-06-26,0.9098039215686274,2019-06-11,15,projects/neon-prod-earthengine/assets/HSI_REFL/001/2019_SOAP_4,304068.4465129827,4104047.802848522,EPSG:32611,NEON_S2__0087
20190626T183921_20190626T184541_T11SLB,-119.19278381034188,37.047959621543654,2019-06-26,0.9098039215686274,2019-06-11,15,projects/neon-prod-earthengine/assets/HSI_REFL/001/2019_SOAP_4,304068.4465129827,4104047.802848522,EPSG:32611,NEON_S2__0087
20190701T183929_20190701T185323_T11SKB,-119.19278381034188,37.047959621543654,2019-07-01,0.9098039215686274,2019-06-11,20,projects/neon-prod-earthengine/assets/HSI_REFL/001/2019_SOAP_4,304068.4465129827,4104047.802848522,EPSG:32611,NEON_S2__0087
20190701T183929_20190701T185323_T11SLB,-119.19278381034188,37.047959621543654,2019-07-01,0.9098039215686274,2019-06-11,20,projects/neon-prod-earthengine/assets/HSI_REFL/001/2019_SOAP_4,304068.4465129827,4104047.802848522,EPSG:32611,NEON_S2__0087
20190706T183921_20190706T185251_T11SKB,-119.19278381034188,37.047959621543654,2019-07-06,0.9058823529411765,2019-06-11,25,projects/neon-prod-earthengine/assets/HSI_REFL/001/2019_SOAP_4,304068.4465129827,4104047.802848522,EPSG:32611,NEON_S2__0087
20190706T183921_20190706T185251_T11SLB,-119.19278381034188,37.047959621543654,2019-07-06,0.9058823529411765,2019-06-11,25,projects/neon-prod-earthengine/assets/HSI_REFL/001/2019_SOAP_4,304068.4465129827,4104047.802848522,EPSG:32611,NEON_S2__0087
20190512T183929_20190512T184617_T11SKB,-119.19278381034188,37.047959621543654,2019-05-12,0.9215686274509803,2019-06-11,-30,projects/neon-prod-earthengine/assets/HSI_REFL/001/2019_SOAP_4,304068.4465129827,4104047.802848522,EPSG:32611,NEON_S2__0088
20190512T183929_20190512T184617_T11SLB,-119.19278381034188,37.047959621543654,2019-05-12,0.9215686274509803,2019-06-11,-30,projects/neon-prod-earthengine/assets/HSI_REFL/001/2019_SOAP_4,304068.4465129827,4104047.802848522,EPSG:32611,NEON_S2__0088
20190616T183921_20190616T185133_T11SKB,-119.19278381034188,37.047959621543654,2019-06-16,0.9058823529411765,2019-06-11,5,projects/neon-prod-earthengine/assets/HSI_REFL/001/2019_SOAP_4,304068.4465129827,4104047.802848522,EPSG:32611,NEON_S2__0088
20190616T183921_20190616T185133_T11SLB,-119.19278381034188,37.047959621543654,2019-06-16,0.9098039215686274,2019-06-11,5,projects/neon-prod-earthengine/assets/HSI_REFL/001/2019_SOAP_4,304068.4465129827,4104047.802848522,EPSG:32611,NEON_S2__0088
20190626T183921_20190626T184541_T11SKB,-119.19278381034188,37.047959621543654,2019-06-26,0.9098039215686274,2019-06-11,15,projects/neon-prod-earthengine/assets/HSI_REFL/001/2019_SOAP_4,304068.4465129827,4104047.802848522,EPSG:32611,NEON_S2__0088
20190626T183921_20190626T184541_T11SLB,-119.19278381034188,37.047959621543654,2019-06-26,0.9098039215686274,2019-06-11,15,projects/neon-prod-earthengine/assets/HSI_REFL/001/2019_SOAP_4,304068.4465129827,4104047.802848522,EPSG:32611,NEON_S2__0088
20190701T183929_20190701T185323_T11SKB,-119.19278381034188,37.047959621543654,2019-07-01,0.9098039215686274,2019-06-11,20,projects/neon-prod-earthengine/assets/HSI_REFL/001/2019_SOAP_4,304068.4465129827,4104047.802848522,EPSG:32611,NEON_S2__0088
20190701T183929_20190701T185323_T11SLB,-119.19278381034188,37.047959621543654,2019-07-01,0.9098039215686274,2019-06-11,20,projects/neon-prod-earthengine/assets/HSI_REFL/001/2019_SOAP_4,304068.4465129827,4104047.802848522,EPSG:32611,NEON_S2__0088
20190706T183921_20190706T185251_T11SKB,-119.19278381034188,37.047959621543654,2019-07-06,0.9058823529411765,2019-06-11,25,projects/neon-prod-earthengine/assets/HSI_REFL/001/2019_SOAP_4,304068.4465129827,4104047.802848522,EPSG:32611,NEON_S2__0088
20190706T183921_20190706T185251_T11SLB,-119.19278381034188,37.047959621543654,2019-07-06,0.9058823529411765,2019-06-11,25,projects/neon-prod-earthengine/assets/HSI_REFL/001/2019_SOAP_4,304068.4465129827,4104047.802848522,EPSG:32611,NEON_S2__0088
20200630T174909_20200630T175742_T13TDE,-105.57863601645371,39.99155914454651,2020-06-30,0.9137254901960784,2020-07-20,-20,projects/neon-prod-earthengine/assets/HSI_REFL/001/2020_NIWO_4,449438.8727788732,4428808.7564055845,EPSG:32613,NEON_S2__0089
20200710T174909_20200710T175549_T13TDE,-105.57863601645371,39.99155914454651,2020-07-10,0.9137254901960784,2020-07-20,-10,projects/neon-prod-earthengine/assets/HSI_REFL/001/2020_NIWO_4,449438.8727788732,4428808.7564055845,EPSG:32613,NEON_S2__0089
20200720T174909_20200720T175738_T13TDE,-105.57863601645371,39.99155914454651,2020-07-20,0.9058823529411765,2020-07-20,0,projects/neon-prod-earthengine/assets/HSI_REFL/001/2020_NIWO_4,449438.8727788732,4428808.7564055845,EPSG:32613,NEON_S2__0089
20200804T174911_20200804T175528_T13TDE,-105.57863601645371,39.99155914454651,2020-08-04,0.9058823529411765,2020-07-20,15,projects/neon-prod-earthengine/assets/HSI_REFL/001/2020_NIWO_4,449438.8727788732,4428808.7564055845,EPSG:32613,NEON_S2__0089
20200809T174909_20200809T180054_T13TDE,-105.57863601645371,39.99155914454651,2020-08-09,0.9098039215686274,2020-07-20,20,projects/neon-prod-earthengine/assets/HSI_REFL/001/2020_NIWO_4,449438.8727788732,4428808.7564055845,EPSG:32613,NEON_S2__0089
20200814T174911_20200814T175525_T13TDE,-105.57863601645371,39.99155914454651,2020-08-14,0.9058823529411765,2020-07-20,25,projects/neon-prod-earthengine/assets/HSI_REFL/001/2020_NIWO_4,449438.8727788732,4428808.7564055845,EPSG:32613,NEON_S2__0089
20200630T174909_20200630T175742_T13TDE,-105.57863601645371,40.037552887093426,2020-06-30,0.9058823529411765,2020-07-20,-20,projects/neon-prod-earthengine/assets/HSI_REFL/001/2020_NIWO_4,448969.90451506857,4433895.238748319,EPSG:32613,NEON_S2__0090
20200710T174909_20200710T175549_T13TDE,-105.57863601645371,40.037552887093426,2020-07-10,0.9137254901960784,2020-07-20,-10,projects/neon-prod-earthengine/assets/HSI_REFL/001/2020_NIWO_4,448969.90451506857,4433895.238748319,EPSG:32613,NEON_S2__0090
20200720T174909_20200720T175738_T13TDE,-105.57863601645371,40.037552887093426,2020-07-20,0.9058823529411765,2020-07-20,0,projects/neon-prod-earthengine/assets/HSI_REFL/001/2020_NIWO_4,448969.90451506857,4433895.238748319,EPSG:32613,NEON_S2__0090
20200804T174911_20200804T175528_T13TDE,-105.57863601645371,40.037552887093426,2020-08-04,0.9098039215686274,2020-07-20,15,projects/neon-prod-earthengine/assets/HSI_REFL/001/2020_NIWO_4,448969.90451506857,4433895.238748319,EPSG:32613,NEON_S2__0090
20200809T174909_20200809T180054_T13TDE,-105.57863601645371,40.037552887093426,2020-08-09,0.9137254901960784,2020-07-20,20,projects/neon-prod-earthengine/assets/HSI_REFL/001/2020_NIWO_4,448969.90451506857,4433895.238748319,EPSG:32613,NEON_S2__0090
20200814T174911_20200814T175525_T13TDE,-105.57863601645371,40.037552887093426,2020-08-14,0.9137254901960784,2020-07-20,25,projects/neon-prod-earthengine/assets/HSI_REFL/001/2020_NIWO_4,448969.90451506857,4433895.238748319,EPSG:32613,NEON_S2__0090
20200630T174909_20200630T175742_T13TDE,-105.53264227390679,39.99155914454651,2020-06-30,0.9137254901960784,2020-07-20,-20,projects/neon-prod-earthengine/assets/HSI_REFL/001/2020_NIWO_4,454496.8554738138,4429312.416383037,EPSG:32613,NEON_S2__0091
20200710T174909_20200710T175549_T13TDE,-105.53264227390679,39.99155914454651,2020-07-10,0.9137254901960784,2020-07-20,-10,projects/neon-prod-earthengine/assets/HSI_REFL/001/2020_NIWO_4,454496.8554738138,4429312.416383037,EPSG:32613,NEON_S2__0091
20200720T174909_20200720T175738_T13TDE,-105.53264227390679,39.99155914454651,2020-07-20,0.9098039215686274,2020-07-20,0,projects/neon-prod-earthengine/assets/HSI_REFL/001/2020_NIWO_4,454496.8554738138,4429312.416383037,EPSG:32613,NEON_S2__0091
20200804T174911_20200804T175528_T13TDE,-105.53264227390679,39.99155914454651,2020-08-04,0.9098039215686274,2020-07-20,15,projects/neon-prod-earthengine/assets/HSI_REFL/001/2020_NIWO_4,454496.8554738138,4429312.416383037,EPSG:32613,NEON_S2__0091
20200809T174909_20200809T180054_T13TDE,-105.53264227390679,39.99155914454651,2020-08-09,0.9176470588235294,2020-07-20,20,projects/neon-prod-earthengine/assets/HSI_REFL/001/2020_NIWO_4,454496.8554738138,4429312.416383037,EPSG:32613,NEON_S2__0091
20200814T174911_20200814T175525_T13TDE,-105.53264227390679,39.99155914454651,2020-08-14,0.9137254901960784,2020-07-20,25,projects/neon-prod-earthengine/assets/HSI_REFL/001/2020_NIWO_4,454496.8554738138,4429312.416383037,EPSG:32613,NEON_S2__0091
20200630T174909_20200630T175742_T13TDE,-105.53264227390679,40.037552887093426,2020-06-30,0.9137254901960784,2020-07-20,-20,projects/neon-prod-earthengine/assets/HSI_REFL/001/2020_NIWO_4,454028.1536226462,4434399.040678782,EPSG:32613,NEON_S2__0092
20200710T174909_20200710T175549_T13TDE,-105.53264227390679,40.037552887093426,2020-07-10,0.9098039215686274,2020-07-20,-10,projects/neon-prod-earthengine/assets/HSI_REFL/001/2020_NIWO_4,454028.1536226462,4434399.040678782,EPSG:32613,NEON_S2__0092
20200720T174909_20200720T175738_T13TDE,-105.53264227390679,40.037552887093426,2020-07-20,0.9058823529411765,2020-07-20,0,projects/neon-prod-earthengine/assets/HSI_REFL/001/2020_NIWO_4,454028.1536226462,4434399.040678782,EPSG:32613,NEON_S2__0092
20200804T174911_20200804T175528_T13TDE,-105.53264227390679,40.037552887093426,2020-08-04,0.9058823529411765,2020-07-20,15,projects/neon-prod-earthengine/assets/HSI_REFL/001/2020_NIWO_4,454028.1536226462,4434399.040678782,EPSG:32613,NEON_S2__0092
20200809T174909_20200809T180054_T13TDE,-105.53264227390679,40.037552887093426,2020-08-09,0.9098039215686274,2020-07-20,20,projects/neon-prod-earthengine/assets/HSI_REFL/001/2020_NIWO_4,454028.1536226462,4434399.040678782,EPSG:32613,NEON_S2__0092
20200814T174911_20200814T175525_T13TDE,-105.53264227390679,40.037552887093426,2020-08-14,0.9098039215686274,2020-07-20,25,projects/neon-prod-earthengine/assets/HSI_REFL/001/2020_NIWO_4,454028.1536226462,4434399.040678782,EPSG:32613,NEON_S2__0092
20200624T181931_20200624T182234_T12TWQ,-110.59195395406793,44.866895854519974,2020-06-24,0.9058823529411765,2020-07-05,-11,projects/neon-prod-earthengine/assets/HSI_REFL/001/2020_YELL_3,531670.2907594735,4968634.148288637,EPSG:32612,NEON_S2__0093
20200626T180919_20200626T182005_T12TWQ,-110.59195395406793,44.866895854519974,2020-06-26,0.9137254901960784,2020-07-05,-9,projects/neon-prod-earthengine/assets/HSI_REFL/001/2020_YELL_3,531670.2907594735,4968634.148288637,EPSG:32612,NEON_S2__0093
20200709T181919_20200709T182634_T12TWQ,-110.59195395406793,44.866895854519974,2020-07-09,0.9058823529411765,2020-07-05,4,projects/neon-prod-earthengine/assets/HSI_REFL/001/2020_YELL_3,531670.2907594735,4968634.148288637,EPSG:32612,NEON_S2__0093
20200711T180921_20200711T182122_T12TWQ,-110.59195395406793,44.866895854519974,2020-07-11,0.9058823529411765,2020-07-05,6,projects/neon-prod-earthengine/assets/HSI_REFL/001/2020_YELL_3,531670.2907594735,4968634.148288637,EPSG:32612,NEON_S2__0093
20200714T181931_20200714T182233_T12TWQ,-110.59195395406793,44.866895854519974,2020-07-14,0.9019607843137255,2020-07-05,9,projects/neon-prod-earthengine/assets/HSI_REFL/001/2020_YELL_3,531670.2907594735,4968634.148288637,EPSG:32612,NEON_S2__0093
20200716T180919_20200716T181939_T12TWQ,-110.59195395406793,44.866895854519974,2020-07-16,0.9019607843137255,2020-07-05,11,projects/neon-prod-earthengine/assets/HSI_REFL/001/2020_YELL_3,531670.2907594735,4968634.148288637,EPSG:32612,NEON_S2__0093
20200719T181919_20200719T183006_T12TWQ,-110.59195395406793,44.866895854519974,2020-07-19,0.9019607843137255,2020-07-05,14,projects/neon-prod-earthengine/assets/HSI_REFL/001/2020_YELL_3,531670.2907594735,4968634.148288637,EPSG:32612,NEON_S2__0093
20200624T181931_20200624T182234_T12TWQ,-110.59195395406793,44.91288959706689,2020-06-24,0.9098039215686274,2020-07-05,-11,projects/neon-prod-earthengine/assets/HSI_REFL/001/2020_YELL_3,530789.4952780401,4973653.182525998,EPSG:32612,NEON_S2__0094
20200626T180919_20200626T182005_T12TWQ,-110.59195395406793,44.91288959706689,2020-06-26,0.9058823529411765,2020-07-05,-9,projects/neon-prod-earthengine/assets/HSI_REFL/001/2020_YELL_3,530789.4952780401,4973653.182525998,EPSG:32612,NEON_S2__0094
20200709T181919_20200709T182634_T12TWQ,-110.59195395406793,44.91288959706689,2020-07-09,0.9058823529411765,2020-07-05,4,projects/neon-prod-earthengine/assets/HSI_REFL/001/2020_YELL_3,530789.4952780401,4973653.182525998,EPSG:32612,NEON_S2__0094
20200711T180921_20200711T182122_T12TWQ,-110.59195395406793,44.91288959706689,2020-07-11,0.9058823529411765,2020-07-05,6,projects/neon-prod-earthengine/assets/HSI_REFL/001/2020_YELL_3,530789.4952780401,4973653.182525998,EPSG:32612,NEON_S2__0094
20200714T181931_20200714T182233_T12TWQ,-110.59195395406793,44.91288959706689,2020-07-14,0.9058823529411765,2020-07-05,9,projects/neon-prod-earthengine/assets/HSI_REFL/001/2020_YELL_3,530789.4952780401,4973653.182525998,EPSG:32612,NEON_S2__0094
20200716T180919_20200716T181939_T12TWQ,-110.59195395406793,44.91288959706689,2020-07-16,0.9058823529411765,2020-07-05,11,projects/neon-prod-earthengine/assets/HSI_REFL/001/2020_YELL_3,530789.4952780401,4973653.182525998,EPSG:32612,NEON_S2__0094
20200719T181919_20200719T183006_T12TWQ,-110.59195395406793,44.91288959706689,2020-07-19,0.9058823529411765,2020-07-05,14,projects/neon-prod-earthengine/assets/HSI_REFL/001/2020_YELL_3,530789.4952780401,4973653.182525998,EPSG:32612,NEON_S2__0094
20200721T180921_20200721T181627_T12TWQ,-110.59195395406793,44.91288959706689,2020-07-21,0.9058823529411765,2020-07-05,16,projects/neon-prod-earthengine/assets/HSI_REFL/001/2020_YELL_3,530789.4952780401,4973653.182525998,EPSG:32612,NEON_S2__0094
20200624T181931_20200624T182234_T12TWQ,-110.63794769661486,44.95888333961381,2020-06-24,0.9098039215686274,2020-07-05,-11,projects/neon-prod-earthengine/assets/HSI_REFL/001/2020_YELL_3,529908.2475609473,4978672.133515896,EPSG:32612,NEON_S2__0095
20200706T180919_20200706T181535_T12TWQ,-110.63794769661486,44.95888333961381,2020-07-06,0.9019607843137255,2020-07-05,1,projects/neon-prod-earthengine/assets/HSI_REFL/001/2020_YELL_3,529908.2475609473,4978672.133515896,EPSG:32612,NEON_S2__0095
20200709T181919_20200709T182634_T12TWQ,-110.63794769661486,44.95888333961381,2020-07-09,0.9098039215686274,2020-07-05,4,projects/neon-prod-earthengine/assets/HSI_REFL/001/2020_YELL_3,529908.2475609473,4978672.133515896,EPSG:32612,NEON_S2__0095
20200711T180921_20200711T182122_T12TWQ,-110.63794769661486,44.95888333961381,2020-07-11,0.9098039215686274,2020-07-05,6,projects/neon-prod-earthengine/assets/HSI_REFL/001/2020_YELL_3,529908.2475609473,4978672.133515896,EPSG:32612,NEON_S2__0095
20200714T181931_20200714T182233_T12TWQ,-110.63794769661486,44.95888333961381,2020-07-14,0.9098039215686274,2020-07-05,9,projects/neon-prod-earthengine/assets/HSI_REFL/001/2020_YELL_3,529908.2475609473,4978672.133515896,EPSG:32612,NEON_S2__0095
20200716T180919_20200716T181939_T12TWQ,-110.63794769661486,44.95888333961381,2020-07-16,0.9098039215686274,2020-07-05,11,projects/neon-prod-earthengine/assets/HSI_REFL/001/2020_YELL_3,529908.2475609473,4978672.133515896,EPSG:32612,NEON_S2__0095
20200719T181919_20200719T183006_T12TWQ,-110.63794769661486,44.95888333961381,2020-07-19,0.9098039215686274,2020-07-05,14,projects/neon-prod-earthengine/assets/HSI_REFL/001/2020_YELL_3,529908.2475609473,4978672.133515896,EPSG:32612,NEON_S2__0095
20200721T180921_20200721T181627_T12TWQ,-110.63794769661486,44.95888333961381,2020-07-21,0.9098039215686274,2020-07-05,16,projects/neon-prod-earthengine/assets/HSI_REFL/001/2020_YELL_3,529908.2475609473,4978672.133515896,EPSG:32612,NEON_S2__0095
20200724T181931_20200724T183102_T12TWQ,-110.63794769661486,44.95888333961381,2020-07-24,0.9058823529411765,2020-07-05,19,projects/neon-prod-earthengine/assets/HSI_REFL/001/2020_YELL_3,529908.2475609473,4978672.133515896,EPSG:32612,NEON_S2__0095
20200726T180919_20200726T181904_T12TWQ,-110.63794769661486,44.95888333961381,2020-07-26,0.9058823529411765,2020-07-05,21,projects/neon-prod-earthengine/assets/HSI_REFL/001/2020_YELL_3,529908.2475609473,4978672.133515896,EPSG:32612,NEON_S2__0095
20200626T180919_20200626T182005_T12TWQ,-110.54596021152102,44.866895854519974,2020-06-26,0.9098039215686274,2020-07-05,-9,projects/neon-prod-earthengine/assets/HSI_REFL/001/2020_YELL_3,536695.8706169685,4969546.544482939,EPSG:32612,NEON_S2__0096
20200709T181919_20200709T182634_T12TWQ,-110.54596021152102,44.866895854519974,2020-07-09,0.9098039215686274,2020-07-05,4,projects/neon-prod-earthengine/assets/HSI_REFL/001/2020_YELL_3,536695.8706169685,4969546.544482939,EPSG:32612,NEON_S2__0096
20200711T180921_20200711T182122_T12TWQ,-110.54596021152102,44.866895854519974,2020-07-11,0.9058823529411765,2020-07-05,6,projects/neon-prod-earthengine/assets/HSI_REFL/001/2020_YELL_3,536695.8706169685,4969546.544482939,EPSG:32612,NEON_S2__0096
20200714T181931_20200714T182233_T12TWQ,-110.54596021152102,44.866895854519974,2020-07-14,0.9058823529411765,2020-07-05,9,projects/neon-prod-earthengine/assets/HSI_REFL/001/2020_YELL_3,536695.8706169685,4969546.544482939,EPSG:32612,NEON_S2__0096
20200716T180919_20200716T181939_T12TWQ,-110.54596021152102,44.866895854519974,2020-07-16,0.9019607843137255,2020-07-05,11,projects/neon-prod-earthengine/assets/HSI_REFL/001/2020_YELL_3,536695.8706169685,4969546.544482939,EPSG:32612,NEON_S2__0096
20200719T181919_20200719T183006_T12TWQ,-110.54596021152102,44.866895854519974,2020-07-19,0.9058823529411765,2020-07-05,14,projects/neon-prod-earthengine/assets/HSI_REFL/001/2020_YELL_3,536695.8706169685,4969546.544482939,EPSG:32612,NEON_S2__0096
20200624T181931_20200624T182234_T12TWQ,-110.54596021152102,44.91288959706689,2020-06-24,0.9137254901960784,2020-07-05,-11,projects/neon-prod-earthengine/assets/HSI_REFL/001/2020_YELL_3,535815.1755843486,4974565.84138546,EPSG:32612,NEON_S2__0097
20200626T180919_20200626T182005_T12TWQ,-110.54596021152102,44.91288959706689,2020-06-26,0.9058823529411765,2020-07-05,-9,projects/neon-prod-earthengine/assets/HSI_REFL/001/2020_YELL_3,535815.1755843486,4974565.84138546,EPSG:32612,NEON_S2__0097
20200709T181919_20200709T182634_T12TWQ,-110.54596021152102,44.91288959706689,2020-07-09,0.9058823529411765,2020-07-05,4,projects/neon-prod-earthengine/assets/HSI_REFL/001/2020_YELL_3,535815.1755843486,4974565.84138546,EPSG:32612,NEON_S2__0097
20200711T180921_20200711T182122_T12TWQ,-110.54596021152102,44.91288959706689,2020-07-11,0.9058823529411765,2020-07-05,6,projects/neon-prod-earthengine/assets/HSI_REFL/001/2020_YELL_3,535815.1755843486,4974565.84138546,EPSG:32612,NEON_S2__0097
20200714T181931_20200714T182233_T12TWQ,-110.54596021152102,44.91288959706689,2020-07-14,0.9058823529411765,2020-07-05,9,projects/neon-prod-earthengine/assets/HSI_REFL/001/2020_YELL_3,535815.1755843486,4974565.84138546,EPSG:32612,NEON_S2__0097
20200716T180919_20200716T181939_T12TWQ,-110.54596021152102,44.91288959706689,2020-07-16,0.9058823529411765,2020-07-05,11,projects/neon-prod-earthengine/assets/HSI_REFL/001/2020_YELL_3,535815.1755843486,4974565.84138546,EPSG:32612,NEON_S2__0097
20200719T181919_20200719T183006_T12TWQ,-110.54596021152102,44.91288959706689,2020-07-19,0.9019607843137255,2020-07-05,14,projects/neon-prod-earthengine/assets/HSI_REFL/001/2020_YELL_3,535815.1755843486,4974565.84138546,EPSG:32612,NEON_S2__0097
20200624T181931_20200624T182234_T12TWQ,-110.54596021152102,44.95888333961381,2020-06-24,0.9137254901960784,2020-07-05,-11,projects/neon-prod-earthengine/assets/HSI_REFL/001/2020_YELL_3,534934.0274192949,4979585.054336865,EPSG:32612,NEON_S2__0098
20200626T180919_20200626T182005_T12TWQ,-110.54596021152102,44.95888333961381,2020-06-26,0.9098039215686274,2020-07-05,-9,projects/neon-prod-earthengine/assets/HSI_REFL/001/2020_YELL_3,534934.0274192949,4979585.054336865,EPSG:32612,NEON_S2__0098
20200711T180921_20200711T182122_T12TWQ,-110.54596021152102,44.95888333961381,2020-07-11,0.9137254901960784,2020-07-05,6,projects/neon-prod-earthengine/assets/HSI_REFL/001/2020_YELL_3,534934.0274192949,4979585.054336865,EPSG:32612,NEON_S2__0098
20200714T181931_20200714T182233_T12TWQ,-110.54596021152102,44.95888333961381,2020-07-14,0.9098039215686274,2020-07-05,9,projects/neon-prod-earthengine/assets/HSI_REFL/001/2020_YELL_3,534934.0274192949,4979585.054336865,EPSG:32612,NEON_S2__0098
20200716T180919_20200716T181939_T12TWQ,-110.54596021152102,44.95888333961381,2020-07-16,0.9098039215686274,2020-07-05,11,projects/neon-prod-earthengine/assets/HSI_REFL/001/2020_YELL_3,534934.0274192949,4979585.054336865,EPSG:32612,NEON_S2__0098
20200719T181919_20200719T183006_T12TWQ,-110.54596021152102,44.95888333961381,2020-07-19,0.9137254901960784,2020-07-05,14,projects/neon-prod-earthengine/assets/HSI_REFL/001/2020_YELL_3,534934.0274192949,4979585.054336865,EPSG:32612,NEON_S2__0098
20200721T180921_20200721T181627_T12TWQ,-110.54596021152102,44.95888333961381,2020-07-21,0.9098039215686274,2020-07-05,16,projects/neon-prod-earthengine/assets/HSI_REFL/001/2020_YELL_3,534934.0274192949,4979585.054336865,EPSG:32612,NEON_S2__0098
20200726T180919_20200726T181904_T12TWQ,-110.54596021152102,44.95888333961381,2020-07-26,0.9098039215686274,2020-07-05,21,projects/neon-prod-earthengine/assets/HSI_REFL/001/2020_YELL_3,534934.0274192949,4979585.054336865,EPSG:32612,NEON_S2__0098
20200624T181931_20200624T182234_T12TWQ,-110.4999664689741,44.91288959706689,2020-06-24,0.9058823529411765,2020-07-05,-11,projects/neon-prod-earthengine/assets/HSI_REFL/001/2020_YELL_3,540840.9302695895,4975478.215286778,EPSG:32612,NEON_S2__0099
20200709T181919_20200709T182634_T12TWQ,-110.4999664689741,44.91288959706689,2020-07-09,0.9058823529411765,2020-07-05,4,projects/neon-prod-earthengine/assets/HSI_REFL/001/2020_YELL_3,540840.9302695895,4975478.215286778,EPSG:32612,NEON_S2__0099
20200711T180921_20200711T182122_T12TWQ,-110.4999664689741,44.91288959706689,2020-07-11,0.9058823529411765,2020-07-05,6,projects/neon-prod-earthengine/assets/HSI_REFL/001/2020_YELL_3,540840.9302695895,4975478.215286778,EPSG:32612,NEON_S2__0099
20200714T181931_20200714T182233_T12TWQ,-110.4999664689741,44.91288959706689,2020-07-14,0.9058823529411765,2020-07-05,9,projects/neon-prod-earthengine/assets/HSI_REFL/001/2020_YELL_3,540840.9302695895,4975478.215286778,EPSG:32612,NEON_S2__0099
20200716T180919_20200716T181939_T12TWQ,-110.4999664689741,44.91288959706689,2020-07-16,0.9019607843137255,2020-07-05,11,projects/neon-prod-earthengine/assets/HSI_REFL/001/2020_YELL_3,540840.9302695895,4975478.215286778,EPSG:32612,NEON_S2__0099
20200719T181919_20200719T183006_T12TWQ,-110.4999664689741,44.91288959706689,2020-07-19,0.9019607843137255,2020-07-05,14,projects/neon-prod-earthengine/assets/HSI_REFL/001/2020_YELL_3,540840.9302695895,4975478.215286778,EPSG:32612,NEON_S2__0099
20200711T180921_20200711T182122_T12TWQ,-110.40797898388026,44.91288959706689,2020-07-11,0.9176470588235294,2020-07-05,6,projects/neon-prod-earthengine/assets/HSI_REFL/001/2020_YELL_3,546747.2591733201,4971370.477266066,EPSG:32612,NEON_S2__0100
20200714T181931_20200714T182233_T12TWQ,-110.40797898388026,44.91288959706689,2020-07-14,0.9176470588235294,2020-07-05,9,projects/neon-prod-earthengine/assets/HSI_REFL/001/2020_YELL_3,546747.2591733201,4971370.477266066,EPSG:32612,NEON_S2__0100
20200716T180919_20200716T181939_T12TWQ,-110.40797898388026,44.91288959706689,2020-07-16,0.9137254901960784,2020-07-05,11,projects/neon-prod-earthengine/assets/HSI_REFL/001/2020_YELL_3,546747.2591733201,4971370.477266066,EPSG:32612,NEON_S2__0100
20200719T181919_20200719T183006_T12TWQ,-110.40797898388026,44.91288959706689,2020-07-19,0.9176470588235294,2020-07-05,14,projects/neon-prod-earthengine/assets/HSI_REFL/001/2020_YELL_3,546747.2591733201,4971370.477266066,EPSG:32612,NEON_S2__0100
20200726T180919_20200726T181904_T12TWQ,-110.40797898388026,44.91288959706689,2020-07-26,0.9019607843137255,2020-07-05,21,projects/neon-prod-earthengine/assets/HSI_REFL/001/2020_YELL_3,546747.2591733201,4971370.477266066,EPSG:32612,NEON_S2__0100
20200626T180919_20200626T182005_T12TWQ,-110.40797898388026,44.95888333961381,2020-06-26,0.9098039215686274,2020-07-05,-9,projects/neon-prod-earthengine/assets/HSI_REFL/001/2020_YELL_3,545866.7623412407,4976390.305350148,EPSG:32612,NEON_S2__0101
20200709T181919_20200709T182634_T12TWQ,-110.40797898388026,44.95888333961381,2020-07-09,0.9058823529411765,2020-07-05,4,projects/neon-prod-earthengine/assets/HSI_REFL/001/2020_YELL_3,545866.7623412407,4976390.305350148,EPSG:32612,NEON_S2__0101
20200711T180921_20200711T182122_T12TWQ,-110.40797898388026,44.95888333961381,2020-07-11,0.9098039215686274,2020-07-05,6,projects/neon-prod-earthengine/assets/HSI_REFL/001/2020_YELL_3,545866.7623412407,4976390.305350148,EPSG:32612,NEON_S2__0101
20200714T181931_20200714T182233_T12TWQ,-110.40797898388026,44.95888333961381,2020-07-14,0.9098039215686274,2020-07-05,9,projects/neon-prod-earthengine/assets/HSI_REFL/001/2020_YELL_3,545866.7623412407,4976390.305350148,EPSG:32612,NEON_S2__0101
20200716T180919_20200716T181939_T12TWQ,-110.40797898388026,44.95888333961381,2020-07-16,0.9058823529411765,2020-07-05,11,projects/neon-prod-earthengine/assets/HSI_REFL/001/2020_YELL_3,545866.7623412407,4976390.305350148,EPSG:32612,NEON_S2__0101
20200719T181919_20200719T183006_T12TWQ,-110.40797898388026,44.95888333961381,2020-07-19,0.9137254901960784,2020-07-05,14,projects/neon-prod-earthengine/assets/HSI_REFL/001/2020_YELL_3,545866.7623412407,4976390.305350148,EPSG:32612,NEON_S2__0101
20200721T180921_20200721T181627_T12TWQ,-110.40797898388026,44.95888333961381,2020-07-21,0.9019607843137255,2020-07-05,16,projects/neon-prod-earthengine/assets/HSI_REFL/001/2020_YELL_3,545866.7623412407,4976390.305350148,EPSG:32612,NEON_S2__0101
20200726T180919_20200726T181904_T12TWQ,-110.40797898388026,44.95888333961381,2020-07-26,0.9098039215686274,2020-07-05,21,projects/neon-prod-earthengine/assets/HSI_REFL/001/2020_YELL_3,545866.7623412407,4976390.305350148,EPSG:32612,NEON_S2__0101
20210619T190919_20210619T191710_T10TER,-122.36635204607933,45.74077696291144,2021-06-19,0.9176470588235294,2021-07-19,-30,projects/neon-prod-earthengine/assets/HSI_REFL/001/2021_ABBY_4,550288.2756978411,5065763.20573849,EPSG:32610,NEON_S2__0102
20210621T185921_20210621T190713_T10TER,-122.36635204607933,45.74077696291144,2021-06-21,0.9176470588235294,2021-07-19,-29,projects/neon-prod-earthengine/assets/HSI_REFL/001/2021_ABBY_4,550288.2756978411,5065763.20573849,EPSG:32610,NEON_S2__0102
20210626T185919_20210626T190811_T10TER,-122.36635204607933,45.74077696291144,2021-06-26,0.9098039215686274,2021-07-19,-24,projects/neon-prod-earthengine/assets/HSI_REFL/001/2021_ABBY_4,550288.2756978411,5065763.20573849,EPSG:32610,NEON_S2__0102
20210629T190919_20210629T191714_T10TER,-122.36635204607933,45.74077696291144,2021-06-29,0.9098039215686274,2021-07-19,-20,projects/neon-prod-earthengine/assets/HSI_REFL/001/2021_ABBY_4,550288.2756978411,5065763.20573849,EPSG:32610,NEON_S2__0102
20210704T190921_20210704T191755_T10TER,-122.36635204607933,45.74077696291144,2021-07-04,0.9098039215686274,2021-07-19,-15,projects/neon-prod-earthengine/assets/HSI_REFL/001/2021_ABBY_4,550288.2756978411,5065763.20573849,EPSG:32610,NEON_S2__0102
20210706T185919_20210706T190638_T10TER,-122.36635204607933,45.74077696291144,2021-07-06,0.9137254901960784,2021-07-19,-14,projects/neon-prod-earthengine/assets/HSI_REFL/001/2021_ABBY_4,550288.2756978411,5065763.20573849,EPSG:32610,NEON_S2__0102
20210709T190919_20210709T191400_T10TER,-122.36635204607933,45.74077696291144,2021-07-09,0.9098039215686274,2021-07-19,-10,projects/neon-prod-earthengine/assets/HSI_REFL/001/2021_ABBY_4,550288.2756978411,5065763.20573849,EPSG:32610,NEON_S2__0102
20210711T185921_20210711T190628_T10TER,-122.36635204607933,45.74077696291144,2021-07-11,0.9137254901960784,2021-07-19,-9,projects/neon-prod-earthengine/assets/HSI_REFL/001/2021_ABBY_4,550288.2756978411,5065763.20573849,EPSG:32610,NEON_S2__0102
20210714T190921_20210714T192125_T10TER,-122.36635204607933,45.74077696291144,2021-07-14,0.9058823529411765,2021-07-19,-5,projects/neon-prod-earthengine/assets/HSI_REFL/001/2021_ABBY_4,550288.2756978411,5065763.20573849,EPSG:32610,NEON_S2__0102
20210719T190919_20210719T191700_T10TER,-122.36635204607933,45.74077696291144,2021-07-19,0.9137254901960784,2021-07-19,0,projects/neon-prod-earthengine/assets/HSI_REFL/001/2021_ABBY_4,550288.2756978411,5065763.20573849,EPSG:32610,NEON_S2__0102
20210724T190921_20210724T191630_T10TER,-122.36635204607933,45.74077696291144,2021-07-24,0.9137254901960784,2021-07-19,5,projects/neon-prod-earthengine/assets/HSI_REFL/001/2021_ABBY_4,550288.2756978411,5065763.20573849,EPSG:32610,NEON_S2__0102
20210726T185919_20210726T190558_T10TER,-122.36635204607933,45.74077696291144,2021-07-26,0.9215686274509803,2021-07-19,6,projects/neon-prod-earthengine/assets/HSI_REFL/001/2021_ABBY_4,550288.2756978411,5065763.20573849,EPSG:32610,NEON_S2__0102
20210729T190919_20210729T191657_T10TER,-122.36635204607933,45.74077696291144,2021-07-29,0.9137254901960784,2021-07-19,10,projects/neon-prod-earthengine/assets/HSI_REFL/001/2021_ABBY_4,550288.2756978411,5065763.20573849,EPSG:32610,NEON_S2__0102
20210810T185921_20210810T190502_T10TER,-122.36635204607933,45.74077696291144,2021-08-10,0.9137254901960784,2021-07-19,21,projects/neon-prod-earthengine/assets/HSI_REFL/001/2021_ABBY_4,550288.2756978411,5065763.20573849,EPSG:32610,NEON_S2__0102
20210619T190919_20210619T191710_T10TER,-122.36635204607933,45.78677070545836,2021-06-19,0.9215686274509803,2021-07-19,-30,projects/neon-prod-earthengine/assets/HSI_REFL/001/2021_ABBY_4,548632.0205747931,5070526.053871758,EPSG:32610,NEON_S2__0103
20210621T185921_20210621T190713_T10TER,-122.36635204607933,45.78677070545836,2021-06-21,0.9215686274509803,2021-07-19,-29,projects/neon-prod-earthengine/assets/HSI_REFL/001/2021_ABBY_4,548632.0205747931,5070526.053871758,EPSG:32610,NEON_S2__0103
20210626T185919_20210626T190811_T10TER,-122.36635204607933,45.78677070545836,2021-06-26,0.9137254901960784,2021-07-19,-24,projects/neon-prod-earthengine/assets/HSI_REFL/001/2021_ABBY_4,548632.0205747931,5070526.053871758,EPSG:32610,NEON_S2__0103
20210629T190919_20210629T191714_T10TER,-122.36635204607933,45.78677070545836,2021-06-29,0.9137254901960784,2021-07-19,-20,projects/neon-prod-earthengine/assets/HSI_REFL/001/2021_ABBY_4,548632.0205747931,5070526.053871758,EPSG:32610,NEON_S2__0103
20210704T190921_20210704T191755_T10TER,-122.36635204607933,45.78677070545836,2021-07-04,0.9137254901960784,2021-07-19,-15,projects/neon-prod-earthengine/assets/HSI_REFL/001/2021_ABBY_4,548632.0205747931,5070526.053871758,EPSG:32610,NEON_S2__0103
20210706T185919_20210706T190638_T10TER,-122.36635204607933,45.78677070545836,2021-07-06,0.9137254901960784,2021-07-19,-14,projects/neon-prod-earthengine/assets/HSI_REFL/001/2021_ABBY_4,548632.0205747931,5070526.053871758,EPSG:32610,NEON_S2__0103
20210709T190919_20210709T191400_T10TER,-122.36635204607933,45.78677070545836,2021-07-09,0.9098039215686274,2021-07-19,-10,projects/neon-prod-earthengine/assets/HSI_REFL/001/2021_ABBY_4,548632.0205747931,5070526.053871758,EPSG:32610,NEON_S2__0103
20210711T185921_20210711T190628_T10TER,-122.36635204607933,45.78677070545836,2021-07-11,0.9137254901960784,2021-07-19,-9,projects/neon-prod-earthengine/assets/HSI_REFL/001/2021_ABBY_4,548632.0205747931,5070526.053871758,EPSG:32610,NEON_S2__0103
20210714T190921_20210714T192125_T10TER,-122.36635204607933,45.78677070545836,2021-07-14,0.9058823529411765,2021-07-19,-5,projects/neon-prod-earthengine/assets/HSI_REFL/001/2021_ABBY_4,548632.0205747931,5070526.053871758,EPSG:32610,NEON_S2__0103
20210719T190919_20210719T191700_T10TER,-122.36635204607933,45.78677070545836,2021-07-19,0.9137254901960784,2021-07-19,0,projects/neon-prod-earthengine/assets/HSI_REFL/001/2021_ABBY_4,548632.0205747931,5070526.053871758,EPSG:32610,NEON_S2__0103
20210724T190921_20210724T191630_T10TER,-122.36635204607933,45.78677070545836,2021-07-24,0.9176470588235294,2021-07-19,5,projects/neon-prod-earthengine/assets/HSI_REFL/001/2021_ABBY_4,548632.0205747931,5070526.053871758,EPSG:32610,NEON_S2__0103
20210726T185919_20210726T190558_T10TER,-122.36635204607933,45.78677070545836,2021-07-26,0.9215686274509803,2021-07-19,6,projects/neon-prod-earthengine/assets/HSI_REFL/001/2021_ABBY_4,548632.0205747931,5070526.053871758,EPSG:32610,NEON_S2__0103
20210729T190919_20210729T191657_T10TER,-122.36635204607933,45.78677070545836,2021-07-29,0.9176470588235294,2021-07-19,10,projects/neon-prod-earthengine/assets/HSI_REFL/001/2021_ABBY_4,548632.0205747931,5070526.053871758,EPSG:32610,NEON_S2__0103
20210810T185921_20210810T190502_T10TER,-122.36635204607933,45.78677070545836,2021-08-10,0.9254901960784314,2021-07-19,21,projects/neon-prod-earthengine/assets/HSI_REFL/001/2021_ABBY_4,548632.0205747931,5070526.053871758,EPSG:32610,NEON_S2__0103
20210619T190919_20210619T191710_T10TER,-122.27436456098549,45.69478322036452,2021-06-19,0.9215686274509803,2021-07-19,-30,projects/neon-prod-earthengine/assets/HSI_REFL/001/2021_ABBY_4,556765.5055805763,5062707.540308963,EPSG:32610,NEON_S2__0104
20210621T185921_20210621T190713_T10TER,-122.27436456098549,45.69478322036452,2021-06-21,0.9176470588235294,2021-07-19,-29,projects/neon-prod-earthengine/assets/HSI_REFL/001/2021_ABBY_4,556765.5055805763,5062707.540308963,EPSG:32610,NEON_S2__0104
20210626T185919_20210626T190811_T10TER,-122.27436456098549,45.69478322036452,2021-06-26,0.9098039215686274,2021-07-19,-24,projects/neon-prod-earthengine/assets/HSI_REFL/001/2021_ABBY_4,556765.5055805763,5062707.540308963,EPSG:32610,NEON_S2__0104
20210629T190919_20210629T191714_T10TER,-122.27436456098549,45.69478322036452,2021-06-29,0.9137254901960784,2021-07-19,-20,projects/neon-prod-earthengine/assets/HSI_REFL/001/2021_ABBY_4,556765.5055805763,5062707.540308963,EPSG:32610,NEON_S2__0104
20210704T190921_20210704T191755_T10TER,-122.27436456098549,45.69478322036452,2021-07-04,0.9137254901960784,2021-07-19,-15,projects/neon-prod-earthengine/assets/HSI_REFL/001/2021_ABBY_4,556765.5055805763,5062707.540308963,EPSG:32610,NEON_S2__0104
20210706T185919_20210706T190638_T10TER,-122.27436456098549,45.69478322036452,2021-07-06,0.9137254901960784,2021-07-19,-14,projects/neon-prod-earthengine/assets/HSI_REFL/001/2021_ABBY_4,556765.5055805763,5062707.540308963,EPSG:32610,NEON_S2__0104
20210709T190919_20210709T191400_T10TER,-122.27436456098549,45.69478322036452,2021-07-09,0.9137254901960784,2021-07-19,-10,projects/neon-prod-earthengine/assets/HSI_REFL/001/2021_ABBY_4,556765.5055805763,5062707.540308963,EPSG:32610,NEON_S2__0104
20210711T185921_20210711T190628_T10TER,-122.27436456098549,45.69478322036452,2021-07-11,0.9137254901960784,2021-07-19,-9,projects/neon-prod-earthengine/assets/HSI_REFL/001/2021_ABBY_4,556765.5055805763,5062707.540308963,EPSG:32610,NEON_S2__0104
20210719T190919_20210719T191700_T10TER,-122.27436456098549,45.69478322036452,2021-07-19,0.9137254901960784,2021-07-19,0,projects/neon-prod-earthengine/assets/HSI_REFL/001/2021_ABBY_4,556765.5055805763,5062707.540308963,EPSG:32610,NEON_S2__0104
20210724T190921_20210724T191630_T10TER,-122.27436456098549,45.69478322036452,2021-07-24,0.9176470588235294,2021-07-19,5,projects/neon-prod-earthengine/assets/HSI_REFL/001/2021_ABBY_4,556765.5055805763,5062707.540308963,EPSG:32610,NEON_S2__0104
20210726T185919_20210726T190558_T10TER,-122.27436456098549,45.69478322036452,2021-07-26,0.9215686274509803,2021-07-19,6,projects/neon-prod-earthengine/assets/HSI_REFL/001/2021_ABBY_4,556765.5055805763,5062707.540308963,EPSG:32610,NEON_S2__0104
20210729T190919_20210729T191657_T10TER,-122.27436456098549,45.69478322036452,2021-07-29,0.9176470588235294,2021-07-19,10,projects/neon-prod-earthengine/assets/HSI_REFL/001/2021_ABBY_4,556765.5055805763,5062707.540308963,EPSG:32610,NEON_S2__0104
20210810T185921_20210810T190502_T10TER,-122.27436456098549,45.69478322036452,2021-08-10,0.9058823529411765,2021-07-19,21,projects/neon-prod-earthengine/assets/HSI_REFL/001/2021_ABBY_4,556765.5055805763,5062707.540308963,EPSG:32610,NEON_S2__0104
20210619T190919_20210619T191710_T10TER,-122.27436456098549,45.74077696291144,2021-06-19,0.9176470588235294,2021-07-19,-30,projects/neon-prod-earthengine/assets/HSI_REFL/001/2021_ABBY_4,555109.9519185104,5067471.105404847,EPSG:32610,NEON_S2__0105
20210621T185921_20210621T190713_T10TER,-122.27436456098549,45.74077696291144,2021-06-21,0.9176470588235294,2021-07-19,-29,projects/neon-prod-earthengine/assets/HSI_REFL/001/2021_ABBY_4,555109.9519185104,5067471.105404847,EPSG:32610,NEON_S2__0105
20210626T185919_20210626T190811_T10TER,-122.27436456098549,45.74077696291144,2021-06-26,0.9137254901960784,2021-07-19,-24,projects/neon-prod-earthengine/assets/HSI_REFL/001/2021_ABBY_4,555109.9519185104,5067471.105404847,EPSG:32610,NEON_S2__0105
20210629T190919_20210629T191714_T10TER,-122.27436456098549,45.74077696291144,2021-06-29,0.9098039215686274,2021-07-19,-20,projects/neon-prod-earthengine/assets/HSI_REFL/001/2021_ABBY_4,555109.9519185104,5067471.105404847,EPSG:32610,NEON_S2__0105
20210704T190921_20210704T191755_T10TER,-122.27436456098549,45.74077696291144,2021-07-04,0.9137254901960784,2021-07-19,-15,projects/neon-prod-earthengine/assets/HSI_REFL/001/2021_ABBY_4,555109.9519185104,5067471.105404847,EPSG:32610,NEON_S2__0105
20210706T185919_20210706T190638_T10TER,-122.27436456098549,45.74077696291144,2021-07-06,0.9137254901960784,2021-07-19,-14,projects/neon-prod-earthengine/assets/HSI_REFL/001/2021_ABBY_4,555109.9519185104,5067471.105404847,EPSG:32610,NEON_S2__0105
20210709T190919_20210709T191400_T10TER,-122.27436456098549,45.74077696291144,2021-07-09,0.9098039215686274,2021-07-19,-10,projects/neon-prod-earthengine/assets/HSI_REFL/001/2021_ABBY_4,555109.9519185104,5067471.105404847,EPSG:32610,NEON_S2__0105
20210711T185921_20210711T190628_T10TER,-122.27436456098549,45.74077696291144,2021-07-11,0.9137254901960784,2021-07-19,-9,projects/neon-prod-earthengine/assets/HSI_REFL/001/2021_ABBY_4,555109.9519185104,5067471.105404847,EPSG:32610,NEON_S2__0105
20210714T190921_20210714T192125_T10TER,-122.27436456098549,45.74077696291144,2021-07-14,0.9058823529411765,2021-07-19,-5,projects/neon-prod-earthengine/assets/HSI_REFL/001/2021_ABBY_4,555109.9519185104,5067471.105404847,EPSG:32610,NEON_S2__0105
20210719T190919_20210719T191700_T10TER,-122.27436456098549,45.74077696291144,2021-07-19,0.9137254901960784,2021-07-19,0,projects/neon-prod-earthengine/assets/HSI_REFL/001/2021_ABBY_4,555109.9519185104,5067471.105404847,EPSG:32610,NEON_S2__0105
20210724T190921_20210724T191630_T10TER,-122.27436456098549,45.74077696291144,2021-07-24,0.9176470588235294,2021-07-19,5,projects/neon-prod-earthengine/assets/HSI_REFL/001/2021_ABBY_4,555109.9519185104,5067471.105404847,EPSG:32610,NEON_S2__0105
20210726T185919_20210726T190558_T10TER,-122.27436456098549,45.74077696291144,2021-07-26,0.9215686274509803,2021-07-19,6,projects/neon-prod-earthengine/assets/HSI_REFL/001/2021_ABBY_4,555109.9519185104,5067471.105404847,EPSG:32610,NEON_S2__0105
20210729T190919_20210729T191657_T10TER,-122.27436456098549,45.74077696291144,2021-07-29,0.9176470588235294,2021-07-19,10,projects/neon-prod-earthengine/assets/HSI_REFL/001/2021_ABBY_4,555109.9519185104,5067471.105404847,EPSG:32610,NEON_S2__0105
20210614T214529_20210614T214531_T06WVT,-147.61691670433814,65.15013631771147,2021-06-14,0.9137254901960784,2021-07-13,-29,projects/neon-prod-earthengine/assets/HSI_REFL/001/2021_BONA_4,471434.1995414693,7224256.53787991,EPSG:32606,NEON_S2__0106
20210701T213529_20210701T213530_T06WVT,-147.61691670433814,65.15013631771147,2021-07-01,0.9137254901960784,2021-07-13,-12,projects/neon-prod-earthengine/assets/HSI_REFL/001/2021_BONA_4,471434.1995414693,7224256.53787991,EPSG:32606,NEON_S2__0106
20210731T213529_20210731T213530_T06WVT,-147.61691670433814,65.15013631771147,2021-07-31,0.9098039215686274,2021-07-13,18,projects/neon-prod-earthengine/assets/HSI_REFL/001/2021_BONA_4,471434.1995414693,7224256.53787991,EPSG:32606,NEON_S2__0106
20210614T214529_20210614T214531_T06WVT,-147.43294173415046,65.15013631771147,2021-06-14,0.9254901960784314,2021-07-13,-29,projects/neon-prod-earthengine/assets/HSI_REFL/001/2021_BONA_4,478667.90678962873,7224019.414693162,EPSG:32606,NEON_S2__0107
20210701T213529_20210701T213530_T06WVT,-147.43294173415046,65.15013631771147,2021-07-01,0.9176470588235294,2021-07-13,-12,projects/neon-prod-earthengine/assets/HSI_REFL/001/2021_BONA_4,478667.90678962873,7224019.414693162,EPSG:32606,NEON_S2__0107
20210719T214531_20210719T214533_T06WVT,-147.43294173415046,65.15013631771147,2021-07-19,0.9215686274509803,2021-07-13,6,projects/neon-prod-earthengine/assets/HSI_REFL/001/2021_BONA_4,478667.90678962873,7224019.414693162,EPSG:32606,NEON_S2__0107
20210731T213529_20210731T213530_T06WVT,-147.43294173415046,65.15013631771147,2021-07-31,0.9254901960784314,2021-07-13,18,projects/neon-prod-earthengine/assets/HSI_REFL/001/2021_BONA_4,478667.90678962873,7224019.414693162,EPSG:32606,NEON_S2__0107
20210802T212531_20210802T212655_T06WVT,-147.43294173415046,65.15013631771147,2021-08-02,0.9176470588235294,2021-07-13,20,projects/neon-prod-earthengine/assets/HSI_REFL/001/2021_BONA_4,478667.90678962873,7224019.414693162,EPSG:32606,NEON_S2__0107
20210805T213531_20210805T213532_T06WVT,-147.43294173415046,65.15013631771147,2021-08-05,0.9098039215686274,2021-07-13,23,projects/neon-prod-earthengine/assets/HSI_REFL/001/2021_BONA_4,478667.90678962873,7224019.414693162,EPSG:32606,NEON_S2__0107
20210614T214529_20210614T214531_T06WVT,-147.52492921924429,65.15013631771147,2021-06-14,0.9176470588235294,2021-07-13,-29,projects/neon-prod-earthengine/assets/HSI_REFL/001/2021_BONA_4,475154.775890875,7227611.056272239,EPSG:32606,NEON_S2__0108
20210701T213529_20210701T213530_T06WVT,-147.52492921924429,65.15013631771147,2021-07-01,0.9215686274509803,2021-07-13,-12,projects/neon-prod-earthengine/assets/HSI_REFL/001/2021_BONA_4,475154.775890875,7227611.056272239,EPSG:32606,NEON_S2__0108
20210719T214531_20210719T214533_T06WVT,-147.52492921924429,65.15013631771147,2021-07-19,0.9098039215686274,2021-07-13,6,projects/neon-prod-earthengine/assets/HSI_REFL/001/2021_BONA_4,475154.775890875,7227611.056272239,EPSG:32606,NEON_S2__0108
20210731T213529_20210731T213530_T06WVT,-147.52492921924429,65.15013631771147,2021-07-31,0.9215686274509803,2021-07-13,18,projects/neon-prod-earthengine/assets/HSI_REFL/001/2021_BONA_4,475154.775890875,7227611.056272239,EPSG:32606,NEON_S2__0108
20210614T214529_20210614T214531_T06WVT,-147.61691670433814,65.1961300602584,2021-06-14,0.9176470588235294,2021-07-13,-29,projects/neon-prod-earthengine/assets/HSI_REFL/001/2021_BONA_4,471641.0075098013,7231202.09992658,EPSG:32606,NEON_S2__0109
20210701T213529_20210701T213530_T06WVT,-147.61691670433814,65.1961300602584,2021-07-01,0.9215686274509803,2021-07-13,-12,projects/neon-prod-earthengine/assets/HSI_REFL/001/2021_BONA_4,471641.0075098013,7231202.09992658,EPSG:32606,NEON_S2__0109
20210719T214531_20210719T214533_T06WVT,-147.61691670433814,65.1961300602584,2021-07-19,0.9176470588235294,2021-07-13,6,projects/neon-prod-earthengine/assets/HSI_REFL/001/2021_BONA_4,471641.0075098013,7231202.09992658,EPSG:32606,NEON_S2__0109
20210731T213529_20210731T213530_T06WVT,-147.61691670433814,65.1961300602584,2021-07-31,0.9176470588235294,2021-07-13,18,projects/neon-prod-earthengine/assets/HSI_REFL/001/2021_BONA_4,471641.0075098013,7231202.09992658,EPSG:32606,NEON_S2__0109
20210614T214529_20210614T214531_T06WVT,-147.38694799160353,65.15013631771147,2021-06-14,0.9254901960784314,2021-07-13,-29,projects/neon-prod-earthengine/assets/HSI_REFL/001/2021_BONA_4,482388.4674655619,7227374.62236559,EPSG:32606,NEON_S2__0110
20210701T213529_20210701T213530_T06WVT,-147.38694799160353,65.15013631771147,2021-07-01,0.9176470588235294,2021-07-13,-12,projects/neon-prod-earthengine/assets/HSI_REFL/001/2021_BONA_4,482388.4674655619,7227374.62236559,EPSG:32606,NEON_S2__0110
20210719T214531_20210719T214533_T06WVT,-147.38694799160353,65.15013631771147,2021-07-19,0.9176470588235294,2021-07-13,6,projects/neon-prod-earthengine/assets/HSI_REFL/001/2021_BONA_4,482388.4674655619,7227374.62236559,EPSG:32606,NEON_S2__0110
20210731T213529_20210731T213530_T06WVT,-147.38694799160353,65.15013631771147,2021-07-31,0.9254901960784314,2021-07-13,18,projects/neon-prod-earthengine/assets/HSI_REFL/001/2021_BONA_4,482388.4674655619,7227374.62236559,EPSG:32606,NEON_S2__0110
20210802T212531_20210802T212655_T06WVT,-147.38694799160353,65.15013631771147,2021-08-02,0.9215686274509803,2021-07-13,20,projects/neon-prod-earthengine/assets/HSI_REFL/001/2021_BONA_4,482388.4674655619,7227374.62236559,EPSG:32606,NEON_S2__0110
20210805T213531_20210805T213532_T06WVT,-147.38694799160353,65.15013631771147,2021-08-05,0.9137254901960784,2021-07-13,23,projects/neon-prod-earthengine/assets/HSI_REFL/001/2021_BONA_4,482388.4674655619,7227374.62236559,EPSG:32606,NEON_S2__0110
20210614T214529_20210614T214531_T06WVT,-147.43294173415046,65.1961300602584,2021-06-14,0.9137254901960784,2021-07-13,-29,projects/neon-prod-earthengine/assets/HSI_REFL/001/2021_BONA_4,478874.709089022,7230966.259468111,EPSG:32606,NEON_S2__0111
20210701T213529_20210701T213530_T06WVT,-147.43294173415046,65.1961300602584,2021-07-01,0.9137254901960784,2021-07-13,-12,projects/neon-prod-earthengine/assets/HSI_REFL/001/2021_BONA_4,478874.709089022,7230966.259468111,EPSG:32606,NEON_S2__0111
20210719T214531_20210719T214533_T06WVT,-147.43294173415046,65.1961300602584,2021-07-19,0.9137254901960784,2021-07-13,6,projects/neon-prod-earthengine/assets/HSI_REFL/001/2021_BONA_4,478874.709089022,7230966.259468111,EPSG:32606,NEON_S2__0111
20210731T213529_20210731T213530_T06WVT,-147.43294173415046,65.1961300602584,2021-07-31,0.9176470588235294,2021-07-13,18,projects/neon-prod-earthengine/assets/HSI_REFL/001/2021_BONA_4,478874.709089022,7230966.259468111,EPSG:32606,NEON_S2__0111
20210802T212531_20210802T212655_T06WVT,-147.43294173415046,65.1961300602584,2021-08-02,0.9137254901960784,2021-07-13,20,projects/neon-prod-earthengine/assets/HSI_REFL/001/2021_BONA_4,478874.709089022,7230966.259468111,EPSG:32606,NEON_S2__0111
20210614T214529_20210614T214531_T06WVT,-147.52492921924429,65.24212380280531,2021-06-14,0.9176470588235294,2021-07-13,-29,projects/neon-prod-earthengine/assets/HSI_REFL/001/2021_BONA_4,475360.314703607,7234557.29767973,EPSG:32606,NEON_S2__0112
20210623T212521_20210623T212523_T06WVT,-147.52492921924429,65.24212380280531,2021-06-23,0.9019607843137255,2021-07-13,-20,projects/neon-prod-earthengine/assets/HSI_REFL/001/2021_BONA_4,475360.314703607,7234557.29767973,EPSG:32606,NEON_S2__0112
20210701T213529_20210701T213530_T06WVT,-147.52492921924429,65.24212380280531,2021-07-01,0.9176470588235294,2021-07-13,-12,projects/neon-prod-earthengine/assets/HSI_REFL/001/2021_BONA_4,475360.314703607,7234557.29767973,EPSG:32606,NEON_S2__0112
20210719T214531_20210719T214533_T06WVT,-147.52492921924429,65.24212380280531,2021-07-19,0.9137254901960784,2021-07-13,6,projects/neon-prod-earthengine/assets/HSI_REFL/001/2021_BONA_4,475360.314703607,7234557.29767973,EPSG:32606,NEON_S2__0112
20210731T213529_20210731T213530_T06WVT,-147.52492921924429,65.24212380280531,2021-07-31,0.9176470588235294,2021-07-13,18,projects/neon-prod-earthengine/assets/HSI_REFL/001/2021_BONA_4,475360.314703607,7234557.29767973,EPSG:32606,NEON_S2__0112
20210802T212531_20210802T212655_T06WVT,-147.52492921924429,65.24212380280531,2021-08-02,0.9137254901960784,2021-07-13,20,projects/neon-prod-earthengine/assets/HSI_REFL/001/2021_BONA_4,475360.314703607,7234557.29767973,EPSG:32606,NEON_S2__0112
20210613T170849_20210613T171949_T14SPB,-97.66771229838356,33.322466475243175,2021-06-13,0.9058823529411765,2021-06-19,-7,projects/neon-prod-earthengine/assets/HSI_REFL/001/2021_CLBJ_5,626018.9207577497,3688115.077732719,EPSG:32614,NEON_S2__0113
20210613T170849_20210613T171949_T14SPB,-97.66771229838356,33.368460217790094,2021-06-13,0.9058823529411765,2021-06-19,-7,projects/neon-prod-earthengine/assets/HSI_REFL/001/2021_CLBJ_5,625944.0521368855,3693233.480103688,EPSG:32614,NEON_S2__0114
20210613T170849_20210613T171949_T14SPC,-97.66771229838356,33.368460217790094,2021-06-13,0.9058823529411765,2021-06-19,-7,projects/neon-prod-earthengine/assets/HSI_REFL/001/2021_CLBJ_5,625944.0521368855,3693233.480103688,EPSG:32614,NEON_S2__0114
20210529T170851_20210529T171858_T14SPB,-97.57572481328972,33.322466475243175,2021-05-29,0.9098039215686274,2021-06-19,-22,projects/neon-prod-earthengine/assets/HSI_REFL/001/2021_CLBJ_5,631047.5340420781,3688189.3423776766,EPSG:32614,NEON_S2__0115
20210613T170849_20210613T171949_T14SPB,-97.57572481328972,33.322466475243175,2021-06-13,0.9058823529411765,2021-06-19,-7,projects/neon-prod-earthengine/assets/HSI_REFL/001/2021_CLBJ_5,631047.5340420781,3688189.3423776766,EPSG:32614,NEON_S2__0115
20210529T170851_20210529T171858_T14SPB,-97.57572481328972,33.368460217790094,2021-05-29,0.9058823529411765,2021-06-19,-22,projects/neon-prod-earthengine/assets/HSI_REFL/001/2021_CLBJ_5,630973.1039415916,3693307.8351263576,EPSG:32614,NEON_S2__0116
20210529T170851_20210529T171858_T14SPC,-97.57572481328972,33.368460217790094,2021-05-29,0.9098039215686274,2021-06-19,-22,projects/neon-prod-earthengine/assets/HSI_REFL/001/2021_CLBJ_5,630973.1039415916,3693307.8351263576,EPSG:32614,NEON_S2__0116
20210613T170849_20210613T171949_T14SPB,-97.57572481328972,33.368460217790094,2021-06-13,0.9058823529411765,2021-06-19,-7,projects/neon-prod-earthengine/assets/HSI_REFL/001/2021_CLBJ_5,630973.1039415916,3693307.8351263576,EPSG:32614,NEON_S2__0116
20210613T170849_20210613T171949_T14SPC,-97.57572481328972,33.368460217790094,2021-06-13,0.9098039215686274,2021-06-19,-7,projects/neon-prod-earthengine/assets/HSI_REFL/001/2021_CLBJ_5,630973.1039415916,3693307.8351263576,EPSG:32614,NEON_S2__0116
20210613T170849_20210613T171949_T14SPB,-97.66771229838356,33.368460217790094,2021-06-13,0.9058823529411765,2021-06-19,-7,projects/neon-prod-earthengine/assets/HSI_REFL/001/2021_CLBJ_5,625944.0521368855,3693233.480103688,EPSG:32614,NEON_S2__0117
20210613T170849_20210613T171949_T14SPC,-97.66771229838356,33.368460217790094,2021-06-13,0.9058823529411765,2021-06-19,-7,projects/neon-prod-earthengine/assets/HSI_REFL/001/2021_CLBJ_5,625944.0521368855,3693233.480103688,EPSG:32614,NEON_S2__0117
20210613T170849_20210613T171949_T14SPC,-97.66771229838356,33.41445396033701,2021-06-13,0.9058823529411765,2021-06-19,-7,projects/neon-prod-earthengine/assets/HSI_REFL/001/2021_CLBJ_5,625869.0962642301,3698351.87999616,EPSG:32614,NEON_S2__0118
20210529T170851_20210529T171858_T14SPB,-97.57572481328972,33.368460217790094,2021-05-29,0.9058823529411765,2021-06-19,-22,projects/neon-prod-earthengine/assets/HSI_REFL/001/2021_CLBJ_5,630973.1039415916,3693307.8351263576,EPSG:32614,NEON_S2__0119
20210529T170851_20210529T171858_T14SPC,-97.57572481328972,33.368460217790094,2021-05-29,0.9098039215686274,2021-06-19,-22,projects/neon-prod-earthengine/assets/HSI_REFL/001/2021_CLBJ_5,630973.1039415916,3693307.8351263576,EPSG:32614,NEON_S2__0119
20210613T170849_20210613T171949_T14SPB,-97.57572481328972,33.368460217790094,2021-06-13,0.9058823529411765,2021-06-19,-7,projects/neon-prod-earthengine/assets/HSI_REFL/001/2021_CLBJ_5,630973.1039415916,3693307.8351263576,EPSG:32614,NEON_S2__0119
20210613T170849_20210613T171949_T14SPC,-97.57572481328972,33.368460217790094,2021-06-13,0.9098039215686274,2021-06-19,-7,projects/neon-prod-earthengine/assets/HSI_REFL/001/2021_CLBJ_5,630973.1039415916,3693307.8351263576,EPSG:32614,NEON_S2__0119
20210623T212521_20210623T212523_T05VPL,-149.13471020838648,63.862311526397725,2021-06-23,0.9137254901960784,2021-07-12,-19,projects/neon-prod-earthengine/assets/HSI_REFL/001/2021_HEAL_4,394172.1868049224,7081057.040619653,EPSG:32606,NEON_S2__0120
20210623T212521_20210623T212523_T06VUR,-149.13471020838648,63.862311526397725,2021-06-23,0.9176470588235294,2021-07-12,-19,projects/neon-prod-earthengine/assets/HSI_REFL/001/2021_HEAL_4,394172.1868049224,7081057.040619653,EPSG:32606,NEON_S2__0120
20210623T212521_20210623T212736_T05VPL,-149.13471020838648,63.862311526397725,2021-06-23,0.9098039215686274,2021-07-12,-19,projects/neon-prod-earthengine/assets/HSI_REFL/001/2021_HEAL_4,394172.1868049224,7081057.040619653,EPSG:32606,NEON_S2__0120
20210701T213529_20210701T213530_T05VPL,-149.13471020838648,63.862311526397725,2021-07-01,0.9176470588235294,2021-07-12,-11,projects/neon-prod-earthengine/assets/HSI_REFL/001/2021_HEAL_4,394172.1868049224,7081057.040619653,EPSG:32606,NEON_S2__0120
20210701T213529_20210701T213530_T06VUR,-149.13471020838648,63.862311526397725,2021-07-01,0.9176470588235294,2021-07-12,-11,projects/neon-prod-earthengine/assets/HSI_REFL/001/2021_HEAL_4,394172.1868049224,7081057.040619653,EPSG:32606,NEON_S2__0120
20210704T214529_20210704T214647_T05VPL,-149.13471020838648,63.862311526397725,2021-07-04,0.9137254901960784,2021-07-12,-8,projects/neon-prod-earthengine/assets/HSI_REFL/001/2021_HEAL_4,394172.1868049224,7081057.040619653,EPSG:32606,NEON_S2__0120
20210704T214529_20210704T214647_T06VUR,-149.13471020838648,63.862311526397725,2021-07-04,0.9137254901960784,2021-07-12,-8,projects/neon-prod-earthengine/assets/HSI_REFL/001/2021_HEAL_4,394172.1868049224,7081057.040619653,EPSG:32606,NEON_S2__0120
20210802T212531_20210802T212655_T05VPL,-149.13471020838648,63.862311526397725,2021-08-02,0.9176470588235294,2021-07-12,21,projects/neon-prod-earthengine/assets/HSI_REFL/001/2021_HEAL_4,394172.1868049224,7081057.040619653,EPSG:32606,NEON_S2__0120
20210802T212531_20210802T212655_T06VUR,-149.13471020838648,63.862311526397725,2021-08-02,0.9176470588235294,2021-07-12,21,projects/neon-prod-earthengine/assets/HSI_REFL/001/2021_HEAL_4,394172.1868049224,7081057.040619653,EPSG:32606,NEON_S2__0120
20210614T214529_20210614T214531_T05VPL,-149.2266976934803,63.862311526397725,2021-06-14,0.9098039215686274,2021-07-12,-28,projects/neon-prod-earthengine/assets/HSI_REFL/001/2021_HEAL_4,390685.1177581016,7084654.227494199,EPSG:32606,NEON_S2__0121
20210614T214529_20210614T214531_T06VUR,-149.2266976934803,63.862311526397725,2021-06-14,0.9098039215686274,2021-07-12,-28,projects/neon-prod-earthengine/assets/HSI_REFL/001/2021_HEAL_4,390685.1177581016,7084654.227494199,EPSG:32606,NEON_S2__0121
20210623T212521_20210623T212523_T05VPL,-149.2266976934803,63.862311526397725,2021-06-23,0.9137254901960784,2021-07-12,-19,projects/neon-prod-earthengine/assets/HSI_REFL/001/2021_HEAL_4,390685.1177581016,7084654.227494199,EPSG:32606,NEON_S2__0121
20210623T212521_20210623T212523_T06VUR,-149.2266976934803,63.862311526397725,2021-06-23,0.9019607843137255,2021-07-12,-19,projects/neon-prod-earthengine/assets/HSI_REFL/001/2021_HEAL_4,390685.1177581016,7084654.227494199,EPSG:32606,NEON_S2__0121
20210701T213529_20210701T213530_T05VPL,-149.2266976934803,63.862311526397725,2021-07-01,0.9176470588235294,2021-07-12,-11,projects/neon-prod-earthengine/assets/HSI_REFL/001/2021_HEAL_4,390685.1177581016,7084654.227494199,EPSG:32606,NEON_S2__0121
20210701T213529_20210701T213530_T06VUR,-149.2266976934803,63.862311526397725,2021-07-01,0.9176470588235294,2021-07-12,-11,projects/neon-prod-earthengine/assets/HSI_REFL/001/2021_HEAL_4,390685.1177581016,7084654.227494199,EPSG:32606,NEON_S2__0121
20210704T214529_20210704T214647_T05VPL,-149.2266976934803,63.862311526397725,2021-07-04,0.9019607843137255,2021-07-12,-8,projects/neon-prod-earthengine/assets/HSI_REFL/001/2021_HEAL_4,390685.1177581016,7084654.227494199,EPSG:32606,NEON_S2__0121
20210704T214529_20210704T214647_T06VUR,-149.2266976934803,63.862311526397725,2021-07-04,0.9098039215686274,2021-07-12,-8,projects/neon-prod-earthengine/assets/HSI_REFL/001/2021_HEAL_4,390685.1177581016,7084654.227494199,EPSG:32606,NEON_S2__0121
20210802T212531_20210802T212655_T05VPL,-149.2266976934803,63.862311526397725,2021-08-02,0.9176470588235294,2021-07-12,21,projects/neon-prod-earthengine/assets/HSI_REFL/001/2021_HEAL_4,390685.1177581016,7084654.227494199,EPSG:32606,NEON_S2__0121
20210802T212531_20210802T212655_T06VUR,-149.2266976934803,63.862311526397725,2021-08-02,0.9176470588235294,2021-07-12,21,projects/neon-prod-earthengine/assets/HSI_REFL/001/2021_HEAL_4,390685.1177581016,7084654.227494199,EPSG:32606,NEON_S2__0121
20210623T212521_20210623T212523_T05VPL,-149.31868517857416,63.908305268944645,2021-06-23,0.9176470588235294,2021-07-12,-19,projects/neon-prod-earthengine/assets/HSI_REFL/001/2021_HEAL_4,387197.3628169739,7088250.826622903,EPSG:32606,NEON_S2__0122
20210623T212521_20210623T212523_T06VUR,-149.31868517857416,63.908305268944645,2021-06-23,0.9176470588235294,2021-07-12,-19,projects/neon-prod-earthengine/assets/HSI_REFL/001/2021_HEAL_4,387197.3628169739,7088250.826622903,EPSG:32606,NEON_S2__0122
20210701T213529_20210701T213530_T05VPL,-149.31868517857416,63.908305268944645,2021-07-01,0.9176470588235294,2021-07-12,-11,projects/neon-prod-earthengine/assets/HSI_REFL/001/2021_HEAL_4,387197.3628169739,7088250.826622903,EPSG:32606,NEON_S2__0122
20210701T213529_20210701T213530_T06VUR,-149.31868517857416,63.908305268944645,2021-07-01,0.9176470588235294,2021-07-12,-11,projects/neon-prod-earthengine/assets/HSI_REFL/001/2021_HEAL_4,387197.3628169739,7088250.826622903,EPSG:32606,NEON_S2__0122
20210709T214531_20210709T214533_T05VPL,-149.31868517857416,63.908305268944645,2021-07-09,0.9098039215686274,2021-07-12,-3,projects/neon-prod-earthengine/assets/HSI_REFL/001/2021_HEAL_4,387197.3628169739,7088250.826622903,EPSG:32606,NEON_S2__0122
20210709T214531_20210709T214533_T06VUR,-149.31868517857416,63.908305268944645,2021-07-09,0.9098039215686274,2021-07-12,-3,projects/neon-prod-earthengine/assets/HSI_REFL/001/2021_HEAL_4,387197.3628169739,7088250.826622903,EPSG:32606,NEON_S2__0122
20210802T212531_20210802T212655_T05VPL,-149.31868517857416,63.908305268944645,2021-08-02,0.9137254901960784,2021-07-12,21,projects/neon-prod-earthengine/assets/HSI_REFL/001/2021_HEAL_4,387197.3628169739,7088250.826622903,EPSG:32606,NEON_S2__0122
20210802T212531_20210802T212655_T06VUR,-149.31868517857416,63.908305268944645,2021-08-02,0.9137254901960784,2021-07-12,21,projects/neon-prod-earthengine/assets/HSI_REFL/001/2021_HEAL_4,387197.3628169739,7088250.826622903,EPSG:32606,NEON_S2__0122
20210623T212521_20210623T212523_T05VPL,-149.13471020838648,63.908305268944645,2021-06-23,0.9137254901960784,2021-07-12,-19,projects/neon-prod-earthengine/assets/HSI_REFL/001/2021_HEAL_4,394431.5017316815,7087988.381597155,EPSG:32606,NEON_S2__0123
20210623T212521_20210623T212523_T06VUR,-149.13471020838648,63.908305268944645,2021-06-23,0.9176470588235294,2021-07-12,-19,projects/neon-prod-earthengine/assets/HSI_REFL/001/2021_HEAL_4,394431.5017316815,7087988.381597155,EPSG:32606,NEON_S2__0123
20210701T213529_20210701T213530_T05VPL,-149.13471020838648,63.908305268944645,2021-07-01,0.9176470588235294,2021-07-12,-11,projects/neon-prod-earthengine/assets/HSI_REFL/001/2021_HEAL_4,394431.5017316815,7087988.381597155,EPSG:32606,NEON_S2__0123
20210701T213529_20210701T213530_T06VUR,-149.13471020838648,63.908305268944645,2021-07-01,0.9176470588235294,2021-07-12,-11,projects/neon-prod-earthengine/assets/HSI_REFL/001/2021_HEAL_4,394431.5017316815,7087988.381597155,EPSG:32606,NEON_S2__0123
20210704T214529_20210704T214647_T06VUR,-149.13471020838648,63.908305268944645,2021-07-04,0.9019607843137255,2021-07-12,-8,projects/neon-prod-earthengine/assets/HSI_REFL/001/2021_HEAL_4,394431.5017316815,7087988.381597155,EPSG:32606,NEON_S2__0123
20210802T212531_20210802T212655_T05VPL,-149.13471020838648,63.908305268944645,2021-08-02,0.9137254901960784,2021-07-12,21,projects/neon-prod-earthengine/assets/HSI_REFL/001/2021_HEAL_4,394431.5017316815,7087988.381597155,EPSG:32606,NEON_S2__0123
20210802T212531_20210802T212655_T06VUR,-149.13471020838648,63.908305268944645,2021-08-02,0.9098039215686274,2021-07-12,21,projects/neon-prod-earthengine/assets/HSI_REFL/001/2021_HEAL_4,394431.5017316815,7087988.381597155,EPSG:32606,NEON_S2__0123
20210803T214529_20210803T214531_T05VPL,-149.13471020838648,63.908305268944645,2021-08-03,0.9058823529411765,2021-07-12,22,projects/neon-prod-earthengine/assets/HSI_REFL/001/2021_HEAL_4,394431.5017316815,7087988.381597155,EPSG:32606,NEON_S2__0123
20210803T214529_20210803T214531_T06VUR,-149.13471020838648,63.908305268944645,2021-08-03,0.9058823529411765,2021-07-12,22,projects/neon-prod-earthengine/assets/HSI_REFL/001/2021_HEAL_4,394431.5017316815,7087988.381597155,EPSG:32606,NEON_S2__0123
20210623T212521_20210623T212523_T05VPL,-149.31868517857416,63.862311526397725,2021-06-23,0.9137254901960784,2021-07-12,-19,projects/neon-prod-earthengine/assets/HSI_REFL/001/2021_HEAL_4,386938.10313377663,7081320.694579154,EPSG:32606,NEON_S2__0124
20210623T212521_20210623T212523_T06VUR,-149.31868517857416,63.862311526397725,2021-06-23,0.9176470588235294,2021-07-12,-19,projects/neon-prod-earthengine/assets/HSI_REFL/001/2021_HEAL_4,386938.10313377663,7081320.694579154,EPSG:32606,NEON_S2__0124
20210623T212521_20210623T212736_T05VPL,-149.31868517857416,63.862311526397725,2021-06-23,0.9137254901960784,2021-07-12,-19,projects/neon-prod-earthengine/assets/HSI_REFL/001/2021_HEAL_4,386938.10313377663,7081320.694579154,EPSG:32606,NEON_S2__0124
20210623T212521_20210623T212736_T06VUR,-149.31868517857416,63.862311526397725,2021-06-23,0.9176470588235294,2021-07-12,-19,projects/neon-prod-earthengine/assets/HSI_REFL/001/2021_HEAL_4,386938.10313377663,7081320.694579154,EPSG:32606,NEON_S2__0124
20210701T213529_20210701T213530_T05VPL,-149.31868517857416,63.862311526397725,2021-07-01,0.9176470588235294,2021-07-12,-11,projects/neon-prod-earthengine/assets/HSI_REFL/001/2021_HEAL_4,386938.10313377663,7081320.694579154,EPSG:32606,NEON_S2__0124
20210701T213529_20210701T213530_T06VUR,-149.31868517857416,63.862311526397725,2021-07-01,0.9176470588235294,2021-07-12,-11,projects/neon-prod-earthengine/assets/HSI_REFL/001/2021_HEAL_4,386938.10313377663,7081320.694579154,EPSG:32606,NEON_S2__0124
20210704T214529_20210704T214647_T05VPL,-149.31868517857416,63.862311526397725,2021-07-04,0.9019607843137255,2021-07-12,-8,projects/neon-prod-earthengine/assets/HSI_REFL/001/2021_HEAL_4,386938.10313377663,7081320.694579154,EPSG:32606,NEON_S2__0124
20210709T214531_20210709T214533_T05VPL,-149.31868517857416,63.862311526397725,2021-07-09,0.9098039215686274,2021-07-12,-3,projects/neon-prod-earthengine/assets/HSI_REFL/001/2021_HEAL_4,386938.10313377663,7081320.694579154,EPSG:32606,NEON_S2__0124
20210709T214531_20210709T214533_T06VUR,-149.31868517857416,63.862311526397725,2021-07-09,0.9098039215686274,2021-07-12,-3,projects/neon-prod-earthengine/assets/HSI_REFL/001/2021_HEAL_4,386938.10313377663,7081320.694579154,EPSG:32606,NEON_S2__0124
20210802T212531_20210802T212655_T05VPL,-149.31868517857416,63.862311526397725,2021-08-02,0.9176470588235294,2021-07-12,21,projects/neon-prod-earthengine/assets/HSI_REFL/001/2021_HEAL_4,386938.10313377663,7081320.694579154,EPSG:32606,NEON_S2__0124
20210802T212531_20210802T212655_T06VUR,-149.31868517857416,63.862311526397725,2021-08-02,0.9215686274509803,2021-07-12,21,projects/neon-prod-earthengine/assets/HSI_REFL/001/2021_HEAL_4,386938.10313377663,7081320.694579154,EPSG:32606,NEON_S2__0124
20210623T212521_20210623T212523_T05VPL,-149.13471020838648,63.862311526397725,2021-06-23,0.9137254901960784,2021-07-12,-19,projects/neon-prod-earthengine/assets/HSI_REFL/001/2021_HEAL_4,394172.1868049224,7081057.040619653,EPSG:32606,NEON_S2__0125
20210623T212521_20210623T212523_T06VUR,-149.13471020838648,63.862311526397725,2021-06-23,0.9176470588235294,2021-07-12,-19,projects/neon-prod-earthengine/assets/HSI_REFL/001/2021_HEAL_4,394172.1868049224,7081057.040619653,EPSG:32606,NEON_S2__0125
20210623T212521_20210623T212736_T05VPL,-149.13471020838648,63.862311526397725,2021-06-23,0.9098039215686274,2021-07-12,-19,projects/neon-prod-earthengine/assets/HSI_REFL/001/2021_HEAL_4,394172.1868049224,7081057.040619653,EPSG:32606,NEON_S2__0125
20210701T213529_20210701T213530_T05VPL,-149.13471020838648,63.862311526397725,2021-07-01,0.9176470588235294,2021-07-12,-11,projects/neon-prod-earthengine/assets/HSI_REFL/001/2021_HEAL_4,394172.1868049224,7081057.040619653,EPSG:32606,NEON_S2__0125
20210701T213529_20210701T213530_T06VUR,-149.13471020838648,63.862311526397725,2021-07-01,0.9176470588235294,2021-07-12,-11,projects/neon-prod-earthengine/assets/HSI_REFL/001/2021_HEAL_4,394172.1868049224,7081057.040619653,EPSG:32606,NEON_S2__0125
20210704T214529_20210704T214647_T05VPL,-149.13471020838648,63.862311526397725,2021-07-04,0.9137254901960784,2021-07-12,-8,projects/neon-prod-earthengine/assets/HSI_REFL/001/2021_HEAL_4,394172.1868049224,7081057.040619653,EPSG:32606,NEON_S2__0125
20210704T214529_20210704T214647_T06VUR,-149.13471020838648,63.862311526397725,2021-07-04,0.9137254901960784,2021-07-12,-8,projects/neon-prod-earthengine/assets/HSI_REFL/001/2021_HEAL_4,394172.1868049224,7081057.040619653,EPSG:32606,NEON_S2__0125
20210802T212531_20210802T212655_T05VPL,-149.13471020838648,63.862311526397725,2021-08-02,0.9176470588235294,2021-07-12,21,projects/neon-prod-earthengine/assets/HSI_REFL/001/2021_HEAL_4,394172.1868049224,7081057.040619653,EPSG:32606,NEON_S2__0125
20210802T212531_20210802T212655_T06VUR,-149.13471020838648,63.862311526397725,2021-08-02,0.9176470588235294,2021-07-12,21,projects/neon-prod-earthengine/assets/HSI_REFL/001/2021_HEAL_4,394172.1868049224,7081057.040619653,EPSG:32606,NEON_S2__0125
20210614T214529_20210614T214531_T05VPL,-149.2266976934803,63.862311526397725,2021-06-14,0.9098039215686274,2021-07-12,-28,projects/neon-prod-earthengine/assets/HSI_REFL/001/2021_HEAL_4,390685.1177581016,7084654.227494199,EPSG:32606,NEON_S2__0126
20210614T214529_20210614T214531_T06VUR,-149.2266976934803,63.862311526397725,2021-06-14,0.9098039215686274,2021-07-12,-28,projects/neon-prod-earthengine/assets/HSI_REFL/001/2021_HEAL_4,390685.1177581016,7084654.227494199,EPSG:32606,NEON_S2__0126
20210623T212521_20210623T212523_T05VPL,-149.2266976934803,63.862311526397725,2021-06-23,0.9137254901960784,2021-07-12,-19,projects/neon-prod-earthengine/assets/HSI_REFL/001/2021_HEAL_4,390685.1177581016,7084654.227494199,EPSG:32606,NEON_S2__0126
20210623T212521_20210623T212523_T06VUR,-149.2266976934803,63.862311526397725,2021-06-23,0.9019607843137255,2021-07-12,-19,projects/neon-prod-earthengine/assets/HSI_REFL/001/2021_HEAL_4,390685.1177581016,7084654.227494199,EPSG:32606,NEON_S2__0126
20210701T213529_20210701T213530_T05VPL,-149.2266976934803,63.862311526397725,2021-07-01,0.9176470588235294,2021-07-12,-11,projects/neon-prod-earthengine/assets/HSI_REFL/001/2021_HEAL_4,390685.1177581016,7084654.227494199,EPSG:32606,NEON_S2__0126
20210701T213529_20210701T213530_T06VUR,-149.2266976934803,63.862311526397725,2021-07-01,0.9176470588235294,2021-07-12,-11,projects/neon-prod-earthengine/assets/HSI_REFL/001/2021_HEAL_4,390685.1177581016,7084654.227494199,EPSG:32606,NEON_S2__0126
20210704T214529_20210704T214647_T05VPL,-149.2266976934803,63.862311526397725,2021-07-04,0.9019607843137255,2021-07-12,-8,projects/neon-prod-earthengine/assets/HSI_REFL/001/2021_HEAL_4,390685.1177581016,7084654.227494199,EPSG:32606,NEON_S2__0126
20210704T214529_20210704T214647_T06VUR,-149.2266976934803,63.862311526397725,2021-07-04,0.9098039215686274,2021-07-12,-8,projects/neon-prod-earthengine/assets/HSI_REFL/001/2021_HEAL_4,390685.1177581016,7084654.227494199,EPSG:32606,NEON_S2__0126
20210802T212531_20210802T212655_T05VPL,-149.2266976934803,63.862311526397725,2021-08-02,0.9176470588235294,2021-07-12,21,projects/neon-prod-earthengine/assets/HSI_REFL/001/2021_HEAL_4,390685.1177581016,7084654.227494199,EPSG:32606,NEON_S2__0126
20210802T212531_20210802T212655_T06VUR,-149.2266976934803,63.862311526397725,2021-08-02,0.9176470588235294,2021-07-12,21,projects/neon-prod-earthengine/assets/HSI_REFL/001/2021_HEAL_4,390685.1177581016,7084654.227494199,EPSG:32606,NEON_S2__0126
20210623T212521_20210623T212523_T05VPL,-149.31868517857416,63.908305268944645,2021-06-23,0.9176470588235294,2021-07-12,-19,projects/neon-prod-earthengine/assets/HSI_REFL/001/2021_HEAL_4,387197.3628169739,7088250.826622903,EPSG:32606,NEON_S2__0127
20210623T212521_20210623T212523_T06VUR,-149.31868517857416,63.908305268944645,2021-06-23,0.9176470588235294,2021-07-12,-19,projects/neon-prod-earthengine/assets/HSI_REFL/001/2021_HEAL_4,387197.3628169739,7088250.826622903,EPSG:32606,NEON_S2__0127
20210701T213529_20210701T213530_T05VPL,-149.31868517857416,63.908305268944645,2021-07-01,0.9176470588235294,2021-07-12,-11,projects/neon-prod-earthengine/assets/HSI_REFL/001/2021_HEAL_4,387197.3628169739,7088250.826622903,EPSG:32606,NEON_S2__0127
20210701T213529_20210701T213530_T06VUR,-149.31868517857416,63.908305268944645,2021-07-01,0.9176470588235294,2021-07-12,-11,projects/neon-prod-earthengine/assets/HSI_REFL/001/2021_HEAL_4,387197.3628169739,7088250.826622903,EPSG:32606,NEON_S2__0127
20210709T214531_20210709T214533_T05VPL,-149.31868517857416,63.908305268944645,2021-07-09,0.9098039215686274,2021-07-12,-3,projects/neon-prod-earthengine/assets/HSI_REFL/001/2021_HEAL_4,387197.3628169739,7088250.826622903,EPSG:32606,NEON_S2__0127
20210709T214531_20210709T214533_T06VUR,-149.31868517857416,63.908305268944645,2021-07-09,0.9098039215686274,2021-07-12,-3,projects/neon-prod-earthengine/assets/HSI_REFL/001/2021_HEAL_4,387197.3628169739,7088250.826622903,EPSG:32606,NEON_S2__0127
20210802T212531_20210802T212655_T05VPL,-149.31868517857416,63.908305268944645,2021-08-02,0.9137254901960784,2021-07-12,21,projects/neon-prod-earthengine/assets/HSI_REFL/001/2021_HEAL_4,387197.3628169739,7088250.826622903,EPSG:32606,NEON_S2__0127
20210802T212531_20210802T212655_T06VUR,-149.31868517857416,63.908305268944645,2021-08-02,0.9137254901960784,2021-07-12,21,projects/neon-prod-earthengine/assets/HSI_REFL/001/2021_HEAL_4,387197.3628169739,7088250.826622903,EPSG:32606,NEON_S2__0127
20210623T212521_20210623T212523_T05VPL,-149.13471020838648,63.908305268944645,2021-06-23,0.9137254901960784,2021-07-12,-19,projects/neon-prod-earthengine/assets/HSI_REFL/001/2021_HEAL_4,394431.5017316815,7087988.381597155,EPSG:32606,NEON_S2__0128
20210623T212521_20210623T212523_T06VUR,-149.13471020838648,63.908305268944645,2021-06-23,0.9176470588235294,2021-07-12,-19,projects/neon-prod-earthengine/assets/HSI_REFL/001/2021_HEAL_4,394431.5017316815,7087988.381597155,EPSG:32606,NEON_S2__0128
20210701T213529_20210701T213530_T05VPL,-149.13471020838648,63.908305268944645,2021-07-01,0.9176470588235294,2021-07-12,-11,projects/neon-prod-earthengine/assets/HSI_REFL/001/2021_HEAL_4,394431.5017316815,7087988.381597155,EPSG:32606,NEON_S2__0128
20210701T213529_20210701T213530_T06VUR,-149.13471020838648,63.908305268944645,2021-07-01,0.9176470588235294,2021-07-12,-11,projects/neon-prod-earthengine/assets/HSI_REFL/001/2021_HEAL_4,394431.5017316815,7087988.381597155,EPSG:32606,NEON_S2__0128
20210704T214529_20210704T214647_T06VUR,-149.13471020838648,63.908305268944645,2021-07-04,0.9019607843137255,2021-07-12,-8,projects/neon-prod-earthengine/assets/HSI_REFL/001/2021_HEAL_4,394431.5017316815,7087988.381597155,EPSG:32606,NEON_S2__0128
20210802T212531_20210802T212655_T05VPL,-149.13471020838648,63.908305268944645,2021-08-02,0.9137254901960784,2021-07-12,21,projects/neon-prod-earthengine/assets/HSI_REFL/001/2021_HEAL_4,394431.5017316815,7087988.381597155,EPSG:32606,NEON_S2__0128
20210802T212531_20210802T212655_T06VUR,-149.13471020838648,63.908305268944645,2021-08-02,0.9098039215686274,2021-07-12,21,projects/neon-prod-earthengine/assets/HSI_REFL/001/2021_HEAL_4,394431.5017316815,7087988.381597155,EPSG:32606,NEON_S2__0128
20210803T214529_20210803T214531_T05VPL,-149.13471020838648,63.908305268944645,2021-08-03,0.9058823529411765,2021-07-12,22,projects/neon-prod-earthengine/assets/HSI_REFL/001/2021_HEAL_4,394431.5017316815,7087988.381597155,EPSG:32606,NEON_S2__0128
20210803T214529_20210803T214531_T06VUR,-149.13471020838648,63.908305268944645,2021-08-03,0.9058823529411765,2021-07-12,22,projects/neon-prod-earthengine/assets/HSI_REFL/001/2021_HEAL_4,394431.5017316815,7087988.381597155,EPSG:32606,NEON_S2__0128
20210616T171859_20210616T172546_T14SME,-99.09351831733807,35.346191147307636,2021-06-16,0.9058823529411765,2021-06-22,-6,projects/neon-prod-earthengine/assets/HSI_REFL/001/2021_OAES_5,491445.950642996,3911015.693259932,EPSG:32614,NEON_S2__0143
20210616T171859_20210616T172546_T14SME,-99.09351831733807,35.392184889854555,2021-06-16,0.9058823529411765,2021-06-22,-6,projects/neon-prod-earthengine/assets/HSI_REFL/001/2021_OAES_5,491357.0940160986,3916132.4304857138,EPSG:32614,NEON_S2__0144
20210905T155901_20210905T160747_T17RLN,-82.02983983243092,29.64296707148962,2021-09-05,0.9098039215686274,2021-08-31,5,projects/neon-prod-earthengine/assets/HSI_REFL/001/2021_OSBS_6,399529.6633595402,3280199.4680116526,EPSG:32617,NEON_S2__0145
20210905T155901_20210905T160747_T17RLN,-82.02983983243092,29.688960814036538,2021-09-05,0.9098039215686274,2021-08-31,5,projects/neon-prod-earthengine/assets/HSI_REFL/001/2021_OSBS_6,400411.7693653469,3285192.7822099244,EPSG:32617,NEON_S2__0146
20210905T155901_20210905T160747_T17RLN,-81.98384608988401,29.64296707148962,2021-09-05,0.9098039215686274,2021-08-31,5,projects/neon-prod-earthengine/assets/HSI_REFL/001/2021_OSBS_6,404431.2340163172,3279183.7949529234,EPSG:32617,NEON_S2__0147
20210905T155901_20210905T160747_T17RMN,-81.98384608988401,29.64296707148962,2021-09-05,0.9098039215686274,2021-08-31,5,projects/neon-prod-earthengine/assets/HSI_REFL/001/2021_OSBS_6,404431.2340163172,3279183.7949529234,EPSG:32617,NEON_S2__0147
20210905T155901_20210905T160747_T17RLN,-81.98384608988401,29.688960814036538,2021-09-05,0.9098039215686274,2021-08-31,5,projects/neon-prod-earthengine/assets/HSI_REFL/001/2021_OSBS_6,405313.7363951855,3284176.6522160387,EPSG:32617,NEON_S2__0148
20210905T155901_20210905T160747_T17RMN,-81.98384608988401,29.688960814036538,2021-09-05,0.9098039215686274,2021-08-31,5,projects/neon-prod-earthengine/assets/HSI_REFL/001/2021_OSBS_6,405313.7363951855,3284176.6522160387,EPSG:32617,NEON_S2__0148
20210905T155901_20210905T160747_T17RLN,-81.98384608988401,29.734954556583457,2021-09-05,0.9058823529411765,2021-08-31,5,projects/neon-prod-earthengine/assets/HSI_REFL/001/2021_OSBS_6,406196.9280829108,3289169.3733612294,EPSG:32617,NEON_S2__0149
20210905T155901_20210905T160747_T17RMN,-81.98384608988401,29.734954556583457,2021-09-05,0.9058823529411765,2021-08-31,5,projects/neon-prod-earthengine/assets/HSI_REFL/001/2021_OSBS_6,406196.9280829108,3289169.3733612294,EPSG:32617,NEON_S2__0149
20210905T155901_20210905T160747_T17RLN,-81.98384608988401,29.64296707148962,2021-09-05,0.9098039215686274,2021-08-31,5,projects/neon-prod-earthengine/assets/HSI_REFL/001/2021_OSBS_6,404431.2340163172,3279183.7949529234,EPSG:32617,NEON_S2__0150
20210905T155901_20210905T160747_T17RMN,-81.98384608988401,29.64296707148962,2021-09-05,0.9098039215686274,2021-08-31,5,projects/neon-prod-earthengine/assets/HSI_REFL/001/2021_OSBS_6,404431.2340163172,3279183.7949529234,EPSG:32617,NEON_S2__0150
20210905T155901_20210905T160747_T17RLN,-81.98384608988401,29.688960814036538,2021-09-05,0.9098039215686274,2021-08-31,5,projects/neon-prod-earthengine/assets/HSI_REFL/001/2021_OSBS_6,405313.7363951855,3284176.6522160387,EPSG:32617,NEON_S2__0151
20210905T155901_20210905T160747_T17RMN,-81.98384608988401,29.688960814036538,2021-09-05,0.9098039215686274,2021-08-31,5,projects/neon-prod-earthengine/assets/HSI_REFL/001/2021_OSBS_6,405313.7363951855,3284176.6522160387,EPSG:32617,NEON_S2__0151
20210905T155901_20210905T160747_T17RLN,-81.98384608988401,29.734954556583457,2021-09-05,0.9058823529411765,2021-08-31,5,projects/neon-prod-earthengine/assets/HSI_REFL/001/2021_OSBS_6,406196.9280829108,3289169.3733612294,EPSG:32617,NEON_S2__0152
20210905T155901_20210905T160747_T17RMN,-81.98384608988401,29.734954556583457,2021-09-05,0.9058823529411765,2021-08-31,5,projects/neon-prod-earthengine/assets/HSI_REFL/001/2021_OSBS_6,406196.9280829108,3289169.3733612294,EPSG:32617,NEON_S2__0152
20210728T175909_20210728T180900_T12SVA,-110.9599038944433,31.804672971194833,2021-07-28,0.9019607843137255,2021-08-23,-26,projects/neon-prod-earthengine/assets/HSI_REFL/001/2021_SRER_4,505908.0613676269,3516959.975530469,EPSG:32612,NEON_S2__0153
20210802T175921_20210802T181051_T12SWA,-110.9599038944433,31.804672971194833,2021-08-02,0.9019607843137255,2021-08-23,-21,projects/neon-prod-earthengine/assets/HSI_REFL/001/2021_SRER_4,505908.0613676269,3516959.975530469,EPSG:32612,NEON_S2__0153
20210728T175909_20210728T180900_T12SWA,-110.9599038944433,31.850666713741752,2021-07-28,0.9019607843137255,2021-08-23,-26,projects/neon-prod-earthengine/assets/HSI_REFL/001/2021_SRER_4,505154.50640777504,3521987.2342470107,EPSG:32612,NEON_S2__0154
20210802T175921_20210802T181051_T12SWA,-110.9599038944433,31.850666713741752,2021-08-02,0.9019607843137255,2021-08-23,-21,projects/neon-prod-earthengine/assets/HSI_REFL/001/2021_SRER_4,505154.50640777504,3521987.2342470107,EPSG:32612,NEON_S2__0154
20210807T175909_20210807T181027_T12SWA,-110.9599038944433,31.850666713741752,2021-08-07,0.9019607843137255,2021-08-23,-16,projects/neon-prod-earthengine/assets/HSI_REFL/001/2021_SRER_4,505154.50640777504,3521987.2342470107,EPSG:32612,NEON_S2__0154
20210906T175909_20210906T180746_T12SWA,-110.9599038944433,31.850666713741752,2021-09-06,0.9019607843137255,2021-08-23,14,projects/neon-prod-earthengine/assets/HSI_REFL/001/2021_SRER_4,505154.50640777504,3521987.2342470107,EPSG:32612,NEON_S2__0154
20210921T180041_20210921T181333_T12SWA,-110.9599038944433,31.850666713741752,2021-09-21,0.9019607843137255,2021-08-23,29,projects/neon-prod-earthengine/assets/HSI_REFL/001/2021_SRER_4,505154.50640777504,3521987.2342470107,EPSG:32612,NEON_S2__0154
20210728T175909_20210728T180900_T12SWA,-110.9599038944433,31.89666045628867,2021-07-28,0.9019607843137255,2021-08-23,-26,projects/neon-prod-earthengine/assets/HSI_REFL/001/2021_SRER_4,504400.4087589402,3527014.4087705817,EPSG:32612,NEON_S2__0155
20210802T175921_20210802T181051_T12SVA,-110.9599038944433,31.89666045628867,2021-08-02,0.9019607843137255,2021-08-23,-21,projects/neon-prod-earthengine/assets/HSI_REFL/001/2021_SRER_4,504400.4087589402,3527014.4087705817,EPSG:32612,NEON_S2__0155
20210802T175921_20210802T181051_T12SWA,-110.9599038944433,31.89666045628867,2021-08-02,0.9058823529411765,2021-08-23,-21,projects/neon-prod-earthengine/assets/HSI_REFL/001/2021_SRER_4,504400.4087589402,3527014.4087705817,EPSG:32612,NEON_S2__0155
20210807T175909_20210807T181027_T12SVA,-110.9599038944433,31.89666045628867,2021-08-07,0.9019607843137255,2021-08-23,-16,projects/neon-prod-earthengine/assets/HSI_REFL/001/2021_SRER_4,504400.4087589402,3527014.4087705817,EPSG:32612,NEON_S2__0155
20210807T175909_20210807T181027_T12SWA,-110.9599038944433,31.89666045628867,2021-08-07,0.9098039215686274,2021-08-23,-16,projects/neon-prod-earthengine/assets/HSI_REFL/001/2021_SRER_4,504400.4087589402,3527014.4087705817,EPSG:32612,NEON_S2__0155
20210822T175911_20210822T181050_T12SWA,-110.9599038944433,31.89666045628867,2021-08-22,0.9098039215686274,2021-08-23,-1,projects/neon-prod-earthengine/assets/HSI_REFL/001/2021_SRER_4,504400.4087589402,3527014.4087705817,EPSG:32612,NEON_S2__0155
20210827T175909_20210827T180943_T12SWA,-110.9599038944433,31.89666045628867,2021-08-27,0.9058823529411765,2021-08-23,4,projects/neon-prod-earthengine/assets/HSI_REFL/001/2021_SRER_4,504400.4087589402,3527014.4087705817,EPSG:32612,NEON_S2__0155
20210906T175909_20210906T180746_T12SWA,-110.9599038944433,31.89666045628867,2021-09-06,0.9058823529411765,2021-08-23,14,projects/neon-prod-earthengine/assets/HSI_REFL/001/2021_SRER_4,504400.4087589402,3527014.4087705817,EPSG:32612,NEON_S2__0155
20210911T175931_20210911T180931_T12SWA,-110.9599038944433,31.89666045628867,2021-09-11,0.9058823529411765,2021-08-23,19,projects/neon-prod-earthengine/assets/HSI_REFL/001/2021_SRER_4,504400.4087589402,3527014.4087705817,EPSG:32612,NEON_S2__0155
20210916T175909_20210916T180823_T12SWA,-110.9599038944433,31.89666045628867,2021-09-16,0.9019607843137255,2021-08-23,24,projects/neon-prod-earthengine/assets/HSI_REFL/001/2021_SRER_4,504400.4087589402,3527014.4087705817,EPSG:32612,NEON_S2__0155
20210921T180041_20210921T181333_T12SWA,-110.9599038944433,31.89666045628867,2021-09-21,0.9058823529411765,2021-08-23,29,projects/neon-prod-earthengine/assets/HSI_REFL/001/2021_SRER_4,504400.4087589402,3527014.4087705817,EPSG:32612,NEON_S2__0155
20210728T175909_20210728T180900_T12SVA,-110.9599038944433,31.942654198835594,2021-07-28,0.9176470588235294,2021-08-23,-26,projects/neon-prod-earthengine/assets/HSI_REFL/001/2021_SRER_4,503645.76886425953,3532041.499185429,EPSG:32612,NEON_S2__0156
20210728T175909_20210728T180900_T12SWA,-110.9599038944433,31.942654198835594,2021-07-28,0.9098039215686274,2021-08-23,-26,projects/neon-prod-earthengine/assets/HSI_REFL/001/2021_SRER_4,503645.76886425953,3532041.499185429,EPSG:32612,NEON_S2__0156
20210802T175921_20210802T181051_T12SVA,-110.9599038944433,31.942654198835594,2021-08-02,0.9176470588235294,2021-08-23,-21,projects/neon-prod-earthengine/assets/HSI_REFL/001/2021_SRER_4,503645.76886425953,3532041.499185429,EPSG:32612,NEON_S2__0156
20210802T175921_20210802T181051_T12SWA,-110.9599038944433,31.942654198835594,2021-08-02,0.9137254901960784,2021-08-23,-21,projects/neon-prod-earthengine/assets/HSI_REFL/001/2021_SRER_4,503645.76886425953,3532041.499185429,EPSG:32612,NEON_S2__0156
20210807T175909_20210807T181027_T12SVA,-110.9599038944433,31.942654198835594,2021-08-07,0.9137254901960784,2021-08-23,-16,projects/neon-prod-earthengine/assets/HSI_REFL/001/2021_SRER_4,503645.76886425953,3532041.499185429,EPSG:32612,NEON_S2__0156
20210807T175909_20210807T181027_T12SWA,-110.9599038944433,31.942654198835594,2021-08-07,0.9137254901960784,2021-08-23,-16,projects/neon-prod-earthengine/assets/HSI_REFL/001/2021_SRER_4,503645.76886425953,3532041.499185429,EPSG:32612,NEON_S2__0156
20210822T175911_20210822T181050_T12SVA,-110.9599038944433,31.942654198835594,2021-08-22,0.9058823529411765,2021-08-23,-1,projects/neon-prod-earthengine/assets/HSI_REFL/001/2021_SRER_4,503645.76886425953,3532041.499185429,EPSG:32612,NEON_S2__0156
20210822T175911_20210822T181050_T12SWA,-110.9599038944433,31.942654198835594,2021-08-22,0.9058823529411765,2021-08-23,-1,projects/neon-prod-earthengine/assets/HSI_REFL/001/2021_SRER_4,503645.76886425953,3532041.499185429,EPSG:32612,NEON_S2__0156
20210827T175909_20210827T180943_T12SVA,-110.9599038944433,31.942654198835594,2021-08-27,0.9058823529411765,2021-08-23,4,projects/neon-prod-earthengine/assets/HSI_REFL/001/2021_SRER_4,503645.76886425953,3532041.499185429,EPSG:32612,NEON_S2__0156
20210827T175909_20210827T180943_T12SWA,-110.9599038944433,31.942654198835594,2021-08-27,0.9058823529411765,2021-08-23,4,projects/neon-prod-earthengine/assets/HSI_REFL/001/2021_SRER_4,503645.76886425953,3532041.499185429,EPSG:32612,NEON_S2__0156
20210906T175909_20210906T180746_T12SVA,-110.9599038944433,31.942654198835594,2021-09-06,0.9098039215686274,2021-08-23,14,projects/neon-prod-earthengine/assets/HSI_REFL/001/2021_SRER_4,503645.76886425953,3532041.499185429,EPSG:32612,NEON_S2__0156
20210906T175909_20210906T180746_T12SWA,-110.9599038944433,31.942654198835594,2021-09-06,0.9058823529411765,2021-08-23,14,projects/neon-prod-earthengine/assets/HSI_REFL/001/2021_SRER_4,503645.76886425953,3532041.499185429,EPSG:32612,NEON_S2__0156
20210911T175931_20210911T180931_T12SVA,-110.9599038944433,31.942654198835594,2021-09-11,0.9058823529411765,2021-08-23,19,projects/neon-prod-earthengine/assets/HSI_REFL/001/2021_SRER_4,503645.76886425953,3532041.499185429,EPSG:32612,NEON_S2__0156
20210911T175931_20210911T180931_T12SWA,-110.9599038944433,31.942654198835594,2021-09-11,0.9058823529411765,2021-08-23,19,projects/neon-prod-earthengine/assets/HSI_REFL/001/2021_SRER_4,503645.76886425953,3532041.499185429,EPSG:32612,NEON_S2__0156
20210916T175909_20210916T180823_T12SVA,-110.9599038944433,31.942654198835594,2021-09-16,0.9019607843137255,2021-08-23,24,projects/neon-prod-earthengine/assets/HSI_REFL/001/2021_SRER_4,503645.76886425953,3532041.499185429,EPSG:32612,NEON_S2__0156
20210916T175909_20210916T180823_T12SWA,-110.9599038944433,31.942654198835594,2021-09-16,0.9019607843137255,2021-08-23,24,projects/neon-prod-earthengine/assets/HSI_REFL/001/2021_SRER_4,503645.76886425953,3532041.499185429,EPSG:32612,NEON_S2__0156
20210921T180041_20210921T181333_T12SVA,-110.9599038944433,31.942654198835594,2021-09-21,0.9019607843137255,2021-08-23,29,projects/neon-prod-earthengine/assets/HSI_REFL/001/2021_SRER_4,503645.76886425953,3532041.499185429,EPSG:32612,NEON_S2__0156
20210921T180041_20210921T181333_T12SWA,-110.9599038944433,31.942654198835594,2021-09-21,0.9058823529411765,2021-08-23,29,projects/neon-prod-earthengine/assets/HSI_REFL/001/2021_SRER_4,503645.76886425953,3532041.499185429,EPSG:32612,NEON_S2__0156
20210802T175921_20210802T181051_T12SVA,-110.91391015189637,31.758679228647914,2021-08-02,0.9019607843137255,2021-08-23,-21,projects/neon-prod-earthengine/assets/HSI_REFL/001/2021_SRER_4,506661.0731956785,3511932.632537056,EPSG:32612,NEON_S2__0157
20210802T175921_20210802T181051_T12SWA,-110.91391015189637,31.758679228647914,2021-08-02,0.9019607843137255,2021-08-23,-21,projects/neon-prod-earthengine/assets/HSI_REFL/001/2021_SRER_4,506661.0731956785,3511932.632537056,EPSG:32612,NEON_S2__0157
20210921T180041_20210921T181333_T12SVA,-110.91391015189637,31.758679228647914,2021-09-21,0.9058823529411765,2021-08-23,29,projects/neon-prod-earthengine/assets/HSI_REFL/001/2021_SRER_4,506661.0731956785,3511932.632537056,EPSG:32612,NEON_S2__0157
20210921T180041_20210921T181333_T12SWA,-110.91391015189637,31.758679228647914,2021-09-21,0.9019607843137255,2021-08-23,29,projects/neon-prod-earthengine/assets/HSI_REFL/001/2021_SRER_4,506661.0731956785,3511932.632537056,EPSG:32612,NEON_S2__0157
20210728T175909_20210728T180900_T12SVA,-110.9599038944433,31.804672971194833,2021-07-28,0.9019607843137255,2021-08-23,-26,projects/neon-prod-earthengine/assets/HSI_REFL/001/2021_SRER_4,505908.0613676269,3516959.975530469,EPSG:32612,NEON_S2__0158
20210802T175921_20210802T181051_T12SWA,-110.9599038944433,31.804672971194833,2021-08-02,0.9019607843137255,2021-08-23,-21,projects/neon-prod-earthengine/assets/HSI_REFL/001/2021_SRER_4,505908.0613676269,3516959.975530469,EPSG:32612,NEON_S2__0158
20210728T175909_20210728T180900_T12SWA,-110.9599038944433,31.850666713741752,2021-07-28,0.9019607843137255,2021-08-23,-26,projects/neon-prod-earthengine/assets/HSI_REFL/001/2021_SRER_4,505154.50640777504,3521987.2342470107,EPSG:32612,NEON_S2__0159
20210802T175921_20210802T181051_T12SWA,-110.9599038944433,31.850666713741752,2021-08-02,0.9019607843137255,2021-08-23,-21,projects/neon-prod-earthengine/assets/HSI_REFL/001/2021_SRER_4,505154.50640777504,3521987.2342470107,EPSG:32612,NEON_S2__0159
20210807T175909_20210807T181027_T12SWA,-110.9599038944433,31.850666713741752,2021-08-07,0.9019607843137255,2021-08-23,-16,projects/neon-prod-earthengine/assets/HSI_REFL/001/2021_SRER_4,505154.50640777504,3521987.2342470107,EPSG:32612,NEON_S2__0159
20210906T175909_20210906T180746_T12SWA,-110.9599038944433,31.850666713741752,2021-09-06,0.9019607843137255,2021-08-23,14,projects/neon-prod-earthengine/assets/HSI_REFL/001/2021_SRER_4,505154.50640777504,3521987.2342470107,EPSG:32612,NEON_S2__0159
20210921T180041_20210921T181333_T12SWA,-110.9599038944433,31.850666713741752,2021-09-21,0.9019607843137255,2021-08-23,29,projects/neon-prod-earthengine/assets/HSI_REFL/001/2021_SRER_4,505154.50640777504,3521987.2342470107,EPSG:32612,NEON_S2__0159
20210728T175909_20210728T180900_T12SWA,-110.9599038944433,31.89666045628867,2021-07-28,0.9019607843137255,2021-08-23,-26,projects/neon-prod-earthengine/assets/HSI_REFL/001/2021_SRER_4,504400.4087589402,3527014.4087705817,EPSG:32612,NEON_S2__0160
20210802T175921_20210802T181051_T12SVA,-110.9599038944433,31.89666045628867,2021-08-02,0.9019607843137255,2021-08-23,-21,projects/neon-prod-earthengine/assets/HSI_REFL/001/2021_SRER_4,504400.4087589402,3527014.4087705817,EPSG:32612,NEON_S2__0160
20210802T175921_20210802T181051_T12SWA,-110.9599038944433,31.89666045628867,2021-08-02,0.9058823529411765,2021-08-23,-21,projects/neon-prod-earthengine/assets/HSI_REFL/001/2021_SRER_4,504400.4087589402,3527014.4087705817,EPSG:32612,NEON_S2__0160
20210807T175909_20210807T181027_T12SVA,-110.9599038944433,31.89666045628867,2021-08-07,0.9019607843137255,2021-08-23,-16,projects/neon-prod-earthengine/assets/HSI_REFL/001/2021_SRER_4,504400.4087589402,3527014.4087705817,EPSG:32612,NEON_S2__0160
20210807T175909_20210807T181027_T12SWA,-110.9599038944433,31.89666045628867,2021-08-07,0.9098039215686274,2021-08-23,-16,projects/neon-prod-earthengine/assets/HSI_REFL/001/2021_SRER_4,504400.4087589402,3527014.4087705817,EPSG:32612,NEON_S2__0160
20210822T175911_20210822T181050_T12SWA,-110.9599038944433,31.89666045628867,2021-08-22,0.9098039215686274,2021-08-23,-1,projects/neon-prod-earthengine/assets/HSI_REFL/001/2021_SRER_4,504400.4087589402,3527014.4087705817,EPSG:32612,NEON_S2__0160
20210827T175909_20210827T180943_T12SWA,-110.9599038944433,31.89666045628867,2021-08-27,0.9058823529411765,2021-08-23,4,projects/neon-prod-earthengine/assets/HSI_REFL/001/2021_SRER_4,504400.4087589402,3527014.4087705817,EPSG:32612,NEON_S2__0160
20210906T175909_20210906T180746_T12SWA,-110.9599038944433,31.89666045628867,2021-09-06,0.9058823529411765,2021-08-23,14,projects/neon-prod-earthengine/assets/HSI_REFL/001/2021_SRER_4,504400.4087589402,3527014.4087705817,EPSG:32612,NEON_S2__0160
20210911T175931_20210911T180931_T12SWA,-110.9599038944433,31.89666045628867,2021-09-11,0.9058823529411765,2021-08-23,19,projects/neon-prod-earthengine/assets/HSI_REFL/001/2021_SRER_4,504400.4087589402,3527014.4087705817,EPSG:32612,NEON_S2__0160
20210916T175909_20210916T180823_T12SWA,-110.9599038944433,31.89666045628867,2021-09-16,0.9019607843137255,2021-08-23,24,projects/neon-prod-earthengine/assets/HSI_REFL/001/2021_SRER_4,504400.4087589402,3527014.4087705817,EPSG:32612,NEON_S2__0160
20210921T180041_20210921T181333_T12SWA,-110.9599038944433,31.89666045628867,2021-09-21,0.9058823529411765,2021-08-23,29,projects/neon-prod-earthengine/assets/HSI_REFL/001/2021_SRER_4,504400.4087589402,3527014.4087705817,EPSG:32612,NEON_S2__0160
20210728T175909_20210728T180900_T12SVA,-110.9599038944433,31.942654198835594,2021-07-28,0.9176470588235294,2021-08-23,-26,projects/neon-prod-earthengine/assets/HSI_REFL/001/2021_SRER_4,503645.76886425953,3532041.499185429,EPSG:32612,NEON_S2__0161
20210728T175909_20210728T180900_T12SWA,-110.9599038944433,31.942654198835594,2021-07-28,0.9098039215686274,2021-08-23,-26,projects/neon-prod-earthengine/assets/HSI_REFL/001/2021_SRER_4,503645.76886425953,3532041.499185429,EPSG:32612,NEON_S2__0161
20210802T175921_20210802T181051_T12SVA,-110.9599038944433,31.942654198835594,2021-08-02,0.9176470588235294,2021-08-23,-21,projects/neon-prod-earthengine/assets/HSI_REFL/001/2021_SRER_4,503645.76886425953,3532041.499185429,EPSG:32612,NEON_S2__0161
20210802T175921_20210802T181051_T12SWA,-110.9599038944433,31.942654198835594,2021-08-02,0.9137254901960784,2021-08-23,-21,projects/neon-prod-earthengine/assets/HSI_REFL/001/2021_SRER_4,503645.76886425953,3532041.499185429,EPSG:32612,NEON_S2__0161
20210807T175909_20210807T181027_T12SVA,-110.9599038944433,31.942654198835594,2021-08-07,0.9137254901960784,2021-08-23,-16,projects/neon-prod-earthengine/assets/HSI_REFL/001/2021_SRER_4,503645.76886425953,3532041.499185429,EPSG:32612,NEON_S2__0161
20210807T175909_20210807T181027_T12SWA,-110.9599038944433,31.942654198835594,2021-08-07,0.9137254901960784,2021-08-23,-16,projects/neon-prod-earthengine/assets/HSI_REFL/001/2021_SRER_4,503645.76886425953,3532041.499185429,EPSG:32612,NEON_S2__0161
20210822T175911_20210822T181050_T12SVA,-110.9599038944433,31.942654198835594,2021-08-22,0.9058823529411765,2021-08-23,-1,projects/neon-prod-earthengine/assets/HSI_REFL/001/2021_SRER_4,503645.76886425953,3532041.499185429,EPSG:32612,NEON_S2__0161
20210822T175911_20210822T181050_T12SWA,-110.9599038944433,31.942654198835594,2021-08-22,0.9058823529411765,2021-08-23,-1,projects/neon-prod-earthengine/assets/HSI_REFL/001/2021_SRER_4,503645.76886425953,3532041.499185429,EPSG:32612,NEON_S2__0161
20210827T175909_20210827T180943_T12SVA,-110.9599038944433,31.942654198835594,2021-08-27,0.9058823529411765,2021-08-23,4,projects/neon-prod-earthengine/assets/HSI_REFL/001/2021_SRER_4,503645.76886425953,3532041.499185429,EPSG:32612,NEON_S2__0161
20210827T175909_20210827T180943_T12SWA,-110.9599038944433,31.942654198835594,2021-08-27,0.9058823529411765,2021-08-23,4,projects/neon-prod-earthengine/assets/HSI_REFL/001/2021_SRER_4,503645.76886425953,3532041.499185429,EPSG:32612,NEON_S2__0161
20210906T175909_20210906T180746_T12SVA,-110.9599038944433,31.942654198835594,2021-09-06,0.9098039215686274,2021-08-23,14,projects/neon-prod-earthengine/assets/HSI_REFL/001/2021_SRER_4,503645.76886425953,3532041.499185429,EPSG:32612,NEON_S2__0161
20210906T175909_20210906T180746_T12SWA,-110.9599038944433,31.942654198835594,2021-09-06,0.9058823529411765,2021-08-23,14,projects/neon-prod-earthengine/assets/HSI_REFL/001/2021_SRER_4,503645.76886425953,3532041.499185429,EPSG:32612,NEON_S2__0161
20210911T175931_20210911T180931_T12SVA,-110.9599038944433,31.942654198835594,2021-09-11,0.9058823529411765,2021-08-23,19,projects/neon-prod-earthengine/assets/HSI_REFL/001/2021_SRER_4,503645.76886425953,3532041.499185429,EPSG:32612,NEON_S2__0161
20210911T175931_20210911T180931_T12SWA,-110.9599038944433,31.942654198835594,2021-09-11,0.9058823529411765,2021-08-23,19,projects/neon-prod-earthengine/assets/HSI_REFL/001/2021_SRER_4,503645.76886425953,3532041.499185429,EPSG:32612,NEON_S2__0161
20210916T175909_20210916T180823_T12SVA,-110.9599038944433,31.942654198835594,2021-09-16,0.9019607843137255,2021-08-23,24,projects/neon-prod-earthengine/assets/HSI_REFL/001/2021_SRER_4,503645.76886425953,3532041.499185429,EPSG:32612,NEON_S2__0161
20210916T175909_20210916T180823_T12SWA,-110.9599038944433,31.942654198835594,2021-09-16,0.9019607843137255,2021-08-23,24,projects/neon-prod-earthengine/assets/HSI_REFL/001/2021_SRER_4,503645.76886425953,3532041.499185429,EPSG:32612,NEON_S2__0161
20210921T180041_20210921T181333_T12SVA,-110.9599038944433,31.942654198835594,2021-09-21,0.9019607843137255,2021-08-23,29,projects/neon-prod-earthengine/assets/HSI_REFL/001/2021_SRER_4,503645.76886425953,3532041.499185429,EPSG:32612,NEON_S2__0161
20210921T180041_20210921T181333_T12SWA,-110.9599038944433,31.942654198835594,2021-09-21,0.9058823529411765,2021-08-23,29,projects/neon-prod-earthengine/assets/HSI_REFL/001/2021_SRER_4,503645.76886425953,3532041.499185429,EPSG:32612,NEON_S2__0161
20210728T175909_20210728T180900_T12SWA,-110.86791640934945,31.758679228647914,2021-07-28,0.9058823529411765,2021-08-23,-26,projects/neon-prod-earthengine/assets/HSI_REFL/001/2021_SRER_4,511610.3340084088,3512789.1693388447,EPSG:32612,NEON_S2__0162
20210802T175921_20210802T181051_T12SWA,-110.86791640934945,31.758679228647914,2021-08-02,0.9098039215686274,2021-08-23,-21,projects/neon-prod-earthengine/assets/HSI_REFL/001/2021_SRER_4,511610.3340084088,3512789.1693388447,EPSG:32612,NEON_S2__0162
20210807T175909_20210807T181027_T12SWA,-110.86791640934945,31.758679228647914,2021-08-07,0.9058823529411765,2021-08-23,-16,projects/neon-prod-earthengine/assets/HSI_REFL/001/2021_SRER_4,511610.3340084088,3512789.1693388447,EPSG:32612,NEON_S2__0162
20210827T175909_20210827T180943_T12SWA,-110.86791640934945,31.758679228647914,2021-08-27,0.9019607843137255,2021-08-23,4,projects/neon-prod-earthengine/assets/HSI_REFL/001/2021_SRER_4,511610.3340084088,3512789.1693388447,EPSG:32612,NEON_S2__0162
20210906T175909_20210906T180746_T12SWA,-110.86791640934945,31.758679228647914,2021-09-06,0.9019607843137255,2021-08-23,14,projects/neon-prod-earthengine/assets/HSI_REFL/001/2021_SRER_4,511610.3340084088,3512789.1693388447,EPSG:32612,NEON_S2__0162
20210921T180041_20210921T181333_T12SWA,-110.86791640934945,31.758679228647914,2021-09-21,0.9058823529411765,2021-08-23,29,projects/neon-prod-earthengine/assets/HSI_REFL/001/2021_SRER_4,511610.3340084088,3512789.1693388447,EPSG:32612,NEON_S2__0162
20210728T175909_20210728T180900_T12SWA,-110.86791640934945,31.804672971194833,2021-07-28,0.9058823529411765,2021-08-23,-26,projects/neon-prod-earthengine/assets/HSI_REFL/001/2021_SRER_4,510857.7214534506,3517816.85284724,EPSG:32612,NEON_S2__0163
20210802T175921_20210802T181051_T12SWA,-110.86791640934945,31.804672971194833,2021-08-02,0.9058823529411765,2021-08-23,-21,projects/neon-prod-earthengine/assets/HSI_REFL/001/2021_SRER_4,510857.7214534506,3517816.85284724,EPSG:32612,NEON_S2__0163
20210807T175909_20210807T181027_T12SWA,-110.86791640934945,31.804672971194833,2021-08-07,0.9058823529411765,2021-08-23,-16,projects/neon-prod-earthengine/assets/HSI_REFL/001/2021_SRER_4,510857.7214534506,3517816.85284724,EPSG:32612,NEON_S2__0163
20210921T180041_20210921T181333_T12SWA,-110.86791640934945,31.804672971194833,2021-09-21,0.9019607843137255,2021-08-23,29,projects/neon-prod-earthengine/assets/HSI_REFL/001/2021_SRER_4,510857.7214534506,3517816.85284724,EPSG:32612,NEON_S2__0163
20210728T175909_20210728T180900_T12SWA,-110.91391015189637,31.89666045628867,2021-07-28,0.9019607843137255,2021-08-23,-26,projects/neon-prod-earthengine/assets/HSI_REFL/001/2021_SRER_4,509350.864609819,3527871.965484011,EPSG:32612,NEON_S2__0165
20210802T175921_20210802T181051_T12SWA,-110.91391015189637,31.89666045628867,2021-08-02,0.9019607843137255,2021-08-23,-21,projects/neon-prod-earthengine/assets/HSI_REFL/001/2021_SRER_4,509350.864609819,3527871.965484011,EPSG:32612,NEON_S2__0165
20210728T175909_20210728T180900_T12SWA,-110.82192266680254,31.758679228647914,2021-07-28,0.9098039215686274,2021-08-23,-26,projects/neon-prod-earthengine/assets/HSI_REFL/001/2021_SRER_4,516559.7503898245,3513644.8245201884,EPSG:32612,NEON_S2__0166
20210802T175921_20210802T181051_T12SWA,-110.82192266680254,31.758679228647914,2021-08-02,0.9098039215686274,2021-08-23,-21,projects/neon-prod-earthengine/assets/HSI_REFL/001/2021_SRER_4,516559.7503898245,3513644.8245201884,EPSG:32612,NEON_S2__0166
20210807T175909_20210807T181027_T12SWA,-110.82192266680254,31.758679228647914,2021-08-07,0.9058823529411765,2021-08-23,-16,projects/neon-prod-earthengine/assets/HSI_REFL/001/2021_SRER_4,516559.7503898245,3513644.8245201884,EPSG:32612,NEON_S2__0166
20210906T175909_20210906T180746_T12SWA,-110.82192266680254,31.758679228647914,2021-09-06,0.9058823529411765,2021-08-23,14,projects/neon-prod-earthengine/assets/HSI_REFL/001/2021_SRER_4,516559.7503898245,3513644.8245201884,EPSG:32612,NEON_S2__0166
20210921T180041_20210921T181333_T12SWA,-110.82192266680254,31.758679228647914,2021-09-21,0.9058823529411765,2021-08-23,29,projects/neon-prod-earthengine/assets/HSI_REFL/001/2021_SRER_4,516559.7503898245,3513644.8245201884,EPSG:32612,NEON_S2__0166
20210728T175909_20210728T180900_T12SWA,-110.82192266680254,31.804672971194833,2021-07-28,0.9098039215686274,2021-08-23,-26,projects/neon-prod-earthengine/assets/HSI_REFL/001/2021_SRER_4,515807.5363841208,3518672.8504215693,EPSG:32612,NEON_S2__0167
20210802T175921_20210802T181051_T12SWA,-110.82192266680254,31.804672971194833,2021-08-02,0.9098039215686274,2021-08-23,-21,projects/neon-prod-earthengine/assets/HSI_REFL/001/2021_SRER_4,515807.5363841208,3518672.8504215693,EPSG:32612,NEON_S2__0167
20210807T175909_20210807T181027_T12SWA,-110.82192266680254,31.804672971194833,2021-08-07,0.9098039215686274,2021-08-23,-16,projects/neon-prod-earthengine/assets/HSI_REFL/001/2021_SRER_4,515807.5363841208,3518672.8504215693,EPSG:32612,NEON_S2__0167
20210906T175909_20210906T180746_T12SWA,-110.82192266680254,31.804672971194833,2021-09-06,0.9019607843137255,2021-08-23,14,projects/neon-prod-earthengine/assets/HSI_REFL/001/2021_SRER_4,515807.5363841208,3518672.8504215693,EPSG:32612,NEON_S2__0167
20210921T180041_20210921T181333_T12SWA,-110.82192266680254,31.804672971194833,2021-09-21,0.9058823529411765,2021-08-23,29,projects/neon-prod-earthengine/assets/HSI_REFL/001/2021_SRER_4,515807.5363841208,3518672.8504215693,EPSG:32612,NEON_S2__0167
20210728T175909_20210728T180900_T12SWA,-110.82192266680254,31.850666713741752,2021-07-28,0.9098039215686274,2021-08-23,-26,projects/neon-prod-earthengine/assets/HSI_REFL/001/2021_SRER_4,515054.7773915216,3523700.790957985,EPSG:32612,NEON_S2__0168
20210802T175921_20210802T181051_T12SWA,-110.82192266680254,31.850666713741752,2021-08-02,0.9058823529411765,2021-08-23,-21,projects/neon-prod-earthengine/assets/HSI_REFL/001/2021_SRER_4,515054.7773915216,3523700.790957985,EPSG:32612,NEON_S2__0168
20210807T175909_20210807T181027_T12SWA,-110.82192266680254,31.850666713741752,2021-08-07,0.9058823529411765,2021-08-23,-16,projects/neon-prod-earthengine/assets/HSI_REFL/001/2021_SRER_4,515054.7773915216,3523700.790957985,EPSG:32612,NEON_S2__0168
20210921T180041_20210921T181333_T12SWA,-110.82192266680254,31.850666713741752,2021-09-21,0.9019607843137255,2021-08-23,29,projects/neon-prod-earthengine/assets/HSI_REFL/001/2021_SRER_4,515054.7773915216,3523700.790957985,EPSG:32612,NEON_S2__0168
20210728T175909_20210728T180900_T12SWA,-110.86791640934945,31.89666045628867,2021-07-28,0.9019607843137255,2021-08-23,-26,projects/neon-prod-earthengine/assets/HSI_REFL/001/2021_SRER_4,514301.4738552236,3528728.646211973,EPSG:32612,NEON_S2__0169
20210802T175921_20210802T181051_T12SWA,-110.86791640934945,31.89666045628867,2021-08-02,0.9019607843137255,2021-08-23,-21,projects/neon-prod-earthengine/assets/HSI_REFL/001/2021_SRER_4,514301.4738552236,3528728.646211973,EPSG:32612,NEON_S2__0169
20210728T175909_20210728T180900_T12SWA,-110.77592892425561,31.804672971194833,2021-07-28,0.9098039215686274,2021-08-23,-26,projects/neon-prod-earthengine/assets/HSI_REFL/001/2021_SRER_4,520757.5089275147,3519527.9692332386,EPSG:32612,NEON_S2__0170
20210802T175921_20210802T181051_T12SWA,-110.77592892425561,31.804672971194833,2021-08-02,0.9058823529411765,2021-08-23,-21,projects/neon-prod-earthengine/assets/HSI_REFL/001/2021_SRER_4,520757.5089275147,3519527.9692332386,EPSG:32612,NEON_S2__0170
20210807T175909_20210807T181027_T12SWA,-110.77592892425561,31.804672971194833,2021-08-07,0.9058823529411765,2021-08-23,-16,projects/neon-prod-earthengine/assets/HSI_REFL/001/2021_SRER_4,520757.5089275147,3519527.9692332386,EPSG:32612,NEON_S2__0170
20210906T175909_20210906T180746_T12SWA,-110.77592892425561,31.804672971194833,2021-09-06,0.9019607843137255,2021-08-23,14,projects/neon-prod-earthengine/assets/HSI_REFL/001/2021_SRER_4,520757.5089275147,3519527.9692332386,EPSG:32612,NEON_S2__0170
20210921T180041_20210921T181333_T12SWA,-110.77592892425561,31.804672971194833,2021-09-21,0.9098039215686274,2021-08-23,29,projects/neon-prod-earthengine/assets/HSI_REFL/001/2021_SRER_4,520757.5089275147,3519527.9692332386,EPSG:32612,NEON_S2__0170
20210728T175909_20210728T180900_T12SWA,-110.77592892425561,31.850666713741752,2021-07-28,0.9058823529411765,2021-08-23,-26,projects/neon-prod-earthengine/assets/HSI_REFL/001/2021_SRER_4,520005.1468326408,3524556.253498054,EPSG:32612,NEON_S2__0171
20210802T175921_20210802T181051_T12SWA,-110.77592892425561,31.850666713741752,2021-08-02,0.9098039215686274,2021-08-23,-21,projects/neon-prod-earthengine/assets/HSI_REFL/001/2021_SRER_4,520005.1468326408,3524556.253498054,EPSG:32612,NEON_S2__0171
20210807T175909_20210807T181027_T12SWA,-110.77592892425561,31.850666713741752,2021-08-07,0.9058823529411765,2021-08-23,-16,projects/neon-prod-earthengine/assets/HSI_REFL/001/2021_SRER_4,520005.1468326408,3524556.253498054,EPSG:32612,NEON_S2__0171
20210906T175909_20210906T180746_T12SWA,-110.77592892425561,31.850666713741752,2021-09-06,0.9058823529411765,2021-08-23,14,projects/neon-prod-earthengine/assets/HSI_REFL/001/2021_SRER_4,520005.1468326408,3524556.253498054,EPSG:32612,NEON_S2__0171
20210921T180041_20210921T181333_T12SWA,-110.77592892425561,31.850666713741752,2021-09-21,0.9058823529411765,2021-08-23,29,projects/neon-prod-earthengine/assets/HSI_REFL/001/2021_SRER_4,520005.1468326408,3524556.253498054,EPSG:32612,NEON_S2__0171
20210728T175909_20210728T180900_T12SWA,-110.77592892425561,31.89666045628867,2021-07-28,0.9019607843137255,2021-08-23,-26,projects/neon-prod-earthengine/assets/HSI_REFL/001/2021_SRER_4,519252.2392653765,3529584.451936191,EPSG:32612,NEON_S2__0172
20210802T175921_20210802T181051_T12SWA,-110.77592892425561,31.89666045628867,2021-08-02,0.9019607843137255,2021-08-23,-21,projects/neon-prod-earthengine/assets/HSI_REFL/001/2021_SRER_4,519252.2392653765,3529584.451936191,EPSG:32612,NEON_S2__0172
20210921T180041_20210921T181333_T12SWA,-110.77592892425561,31.89666045628867,2021-09-21,0.9019607843137255,2021-08-23,29,projects/neon-prod-earthengine/assets/HSI_REFL/001/2021_SRER_4,519252.2392653765,3529584.451936191,EPSG:32612,NEON_S2__0172
20220621T185919_20220621T190905_T10TER,-122.36635204607933,45.74077696291144,2022-06-21,0.9176470588235294,2022-07-11,-20,projects/neon-prod-earthengine/assets/HSI_REFL/002/2022_ABBY_5,550288.2756978411,5065763.20573849,EPSG:32610,NEON_S2__0173
20220624T190919_20220624T192022_T10TER,-122.36635204607933,45.74077696291144,2022-06-24,0.9176470588235294,2022-07-11,-17,projects/neon-prod-earthengine/assets/HSI_REFL/002/2022_ABBY_5,550288.2756978411,5065763.20573849,EPSG:32610,NEON_S2__0173
20220626T185931_20220626T190718_T10TER,-122.36635204607933,45.74077696291144,2022-06-26,0.9176470588235294,2022-07-11,-15,projects/neon-prod-earthengine/assets/HSI_REFL/002/2022_ABBY_5,550288.2756978411,5065763.20573849,EPSG:32610,NEON_S2__0173
20220711T185919_20220711T190833_T10TER,-122.36635204607933,45.74077696291144,2022-07-11,0.9176470588235294,2022-07-11,0,projects/neon-prod-earthengine/assets/HSI_REFL/002/2022_ABBY_5,550288.2756978411,5065763.20573849,EPSG:32610,NEON_S2__0173
20220714T190919_20220714T192058_T10TER,-122.36635204607933,45.74077696291144,2022-07-14,0.9137254901960784,2022-07-11,3,projects/neon-prod-earthengine/assets/HSI_REFL/002/2022_ABBY_5,550288.2756978411,5065763.20573849,EPSG:32610,NEON_S2__0173
20220719T190931_20220719T191251_T10TER,-122.36635204607933,45.74077696291144,2022-07-19,0.9098039215686274,2022-07-11,8,projects/neon-prod-earthengine/assets/HSI_REFL/002/2022_ABBY_5,550288.2756978411,5065763.20573849,EPSG:32610,NEON_S2__0173
20220721T185919_20220721T191123_T10TER,-122.36635204607933,45.74077696291144,2022-07-21,0.9137254901960784,2022-07-11,10,projects/neon-prod-earthengine/assets/HSI_REFL/002/2022_ABBY_5,550288.2756978411,5065763.20573849,EPSG:32610,NEON_S2__0173
20220724T190919_20220724T191938_T10TER,-122.36635204607933,45.74077696291144,2022-07-24,0.9137254901960784,2022-07-11,13,projects/neon-prod-earthengine/assets/HSI_REFL/002/2022_ABBY_5,550288.2756978411,5065763.20573849,EPSG:32610,NEON_S2__0173
20220726T185931_20220726T190831_T10TER,-122.36635204607933,45.74077696291144,2022-07-26,0.9137254901960784,2022-07-11,15,projects/neon-prod-earthengine/assets/HSI_REFL/002/2022_ABBY_5,550288.2756978411,5065763.20573849,EPSG:32610,NEON_S2__0173
20220729T190921_20220729T192056_T10TER,-122.36635204607933,45.74077696291144,2022-07-29,0.9098039215686274,2022-07-11,18,projects/neon-prod-earthengine/assets/HSI_REFL/002/2022_ABBY_5,550288.2756978411,5065763.20573849,EPSG:32610,NEON_S2__0173
20220803T190919_20220803T191841_T10TER,-122.36635204607933,45.74077696291144,2022-08-03,0.9176470588235294,2022-07-11,23,projects/neon-prod-earthengine/assets/HSI_REFL/002/2022_ABBY_5,550288.2756978411,5065763.20573849,EPSG:32610,NEON_S2__0173
20220805T185931_20220805T190358_T10TER,-122.36635204607933,45.74077696291144,2022-08-05,0.9176470588235294,2022-07-11,25,projects/neon-prod-earthengine/assets/HSI_REFL/002/2022_ABBY_5,550288.2756978411,5065763.20573849,EPSG:32610,NEON_S2__0173
20220621T185919_20220621T190905_T10TER,-122.36635204607933,45.78677070545836,2022-06-21,0.9137254901960784,2022-07-11,-20,projects/neon-prod-earthengine/assets/HSI_REFL/002/2022_ABBY_5,548632.0205747931,5070526.053871758,EPSG:32610,NEON_S2__0174
20220624T190919_20220624T192022_T10TER,-122.36635204607933,45.78677070545836,2022-06-24,0.9176470588235294,2022-07-11,-17,projects/neon-prod-earthengine/assets/HSI_REFL/002/2022_ABBY_5,548632.0205747931,5070526.053871758,EPSG:32610,NEON_S2__0174
20220626T185931_20220626T190718_T10TER,-122.36635204607933,45.78677070545836,2022-06-26,0.9137254901960784,2022-07-11,-15,projects/neon-prod-earthengine/assets/HSI_REFL/002/2022_ABBY_5,548632.0205747931,5070526.053871758,EPSG:32610,NEON_S2__0174
20220629T190931_20220629T191715_T10TER,-122.36635204607933,45.78677070545836,2022-06-29,0.9098039215686274,2022-07-11,-12,projects/neon-prod-earthengine/assets/HSI_REFL/002/2022_ABBY_5,548632.0205747931,5070526.053871758,EPSG:32610,NEON_S2__0174
20220711T185919_20220711T190833_T10TER,-122.36635204607933,45.78677070545836,2022-07-11,0.9176470588235294,2022-07-11,0,projects/neon-prod-earthengine/assets/HSI_REFL/002/2022_ABBY_5,548632.0205747931,5070526.053871758,EPSG:32610,NEON_S2__0174
20220714T190919_20220714T192058_T10TER,-122.36635204607933,45.78677070545836,2022-07-14,0.9137254901960784,2022-07-11,3,projects/neon-prod-earthengine/assets/HSI_REFL/002/2022_ABBY_5,548632.0205747931,5070526.053871758,EPSG:32610,NEON_S2__0174
20220719T190931_20220719T191251_T10TER,-122.36635204607933,45.78677070545836,2022-07-19,0.9137254901960784,2022-07-11,8,projects/neon-prod-earthengine/assets/HSI_REFL/002/2022_ABBY_5,548632.0205747931,5070526.053871758,EPSG:32610,NEON_S2__0174
20220721T185919_20220721T191123_T10TER,-122.36635204607933,45.78677070545836,2022-07-21,0.9137254901960784,2022-07-11,10,projects/neon-prod-earthengine/assets/HSI_REFL/002/2022_ABBY_5,548632.0205747931,5070526.053871758,EPSG:32610,NEON_S2__0174
20220724T190919_20220724T191938_T10TER,-122.36635204607933,45.78677070545836,2022-07-24,0.9137254901960784,2022-07-11,13,projects/neon-prod-earthengine/assets/HSI_REFL/002/2022_ABBY_5,548632.0205747931,5070526.053871758,EPSG:32610,NEON_S2__0174
20220726T185931_20220726T190831_T10TER,-122.36635204607933,45.78677070545836,2022-07-26,0.9137254901960784,2022-07-11,15,projects/neon-prod-earthengine/assets/HSI_REFL/002/2022_ABBY_5,548632.0205747931,5070526.053871758,EPSG:32610,NEON_S2__0174
20220729T190921_20220729T192056_T10TER,-122.36635204607933,45.78677070545836,2022-07-29,0.9137254901960784,2022-07-11,18,projects/neon-prod-earthengine/assets/HSI_REFL/002/2022_ABBY_5,548632.0205747931,5070526.053871758,EPSG:32610,NEON_S2__0174
20220803T190919_20220803T191841_T10TER,-122.36635204607933,45.78677070545836,2022-08-03,0.9176470588235294,2022-07-11,23,projects/neon-prod-earthengine/assets/HSI_REFL/002/2022_ABBY_5,548632.0205747931,5070526.053871758,EPSG:32610,NEON_S2__0174
20220805T185931_20220805T190358_T10TER,-122.36635204607933,45.78677070545836,2022-08-05,0.9176470588235294,2022-07-11,25,projects/neon-prod-earthengine/assets/HSI_REFL/002/2022_ABBY_5,548632.0205747931,5070526.053871758,EPSG:32610,NEON_S2__0174
20220621T185919_20220621T190905_T10TER,-122.27436456098549,45.74077696291144,2022-06-21,0.9137254901960784,2022-07-11,-20,projects/neon-prod-earthengine/assets/HSI_REFL/002/2022_ABBY_5,555109.9519185104,5067471.105404847,EPSG:32610,NEON_S2__0175
20220624T190919_20220624T192022_T10TER,-122.27436456098549,45.74077696291144,2022-06-24,0.9137254901960784,2022-07-11,-17,projects/neon-prod-earthengine/assets/HSI_REFL/002/2022_ABBY_5,555109.9519185104,5067471.105404847,EPSG:32610,NEON_S2__0175
20220626T185931_20220626T190718_T10TER,-122.27436456098549,45.74077696291144,2022-06-26,0.9176470588235294,2022-07-11,-15,projects/neon-prod-earthengine/assets/HSI_REFL/002/2022_ABBY_5,555109.9519185104,5067471.105404847,EPSG:32610,NEON_S2__0175
20220711T185919_20220711T190833_T10TER,-122.27436456098549,45.74077696291144,2022-07-11,0.9176470588235294,2022-07-11,0,projects/neon-prod-earthengine/assets/HSI_REFL/002/2022_ABBY_5,555109.9519185104,5067471.105404847,EPSG:32610,NEON_S2__0175
20220714T190919_20220714T192058_T10TER,-122.27436456098549,45.74077696291144,2022-07-14,0.9176470588235294,2022-07-11,3,projects/neon-prod-earthengine/assets/HSI_REFL/002/2022_ABBY_5,555109.9519185104,5067471.105404847,EPSG:32610,NEON_S2__0175
20220719T190931_20220719T191251_T10TER,-122.27436456098549,45.74077696291144,2022-07-19,0.9137254901960784,2022-07-11,8,projects/neon-prod-earthengine/assets/HSI_REFL/002/2022_ABBY_5,555109.9519185104,5067471.105404847,EPSG:32610,NEON_S2__0175
20220721T185919_20220721T191123_T10TER,-122.27436456098549,45.74077696291144,2022-07-21,0.9098039215686274,2022-07-11,10,projects/neon-prod-earthengine/assets/HSI_REFL/002/2022_ABBY_5,555109.9519185104,5067471.105404847,EPSG:32610,NEON_S2__0175
20220724T190919_20220724T191938_T10TER,-122.27436456098549,45.74077696291144,2022-07-24,0.9137254901960784,2022-07-11,13,projects/neon-prod-earthengine/assets/HSI_REFL/002/2022_ABBY_5,555109.9519185104,5067471.105404847,EPSG:32610,NEON_S2__0175
20220726T185931_20220726T190831_T10TER,-122.27436456098549,45.74077696291144,2022-07-26,0.9137254901960784,2022-07-11,15,projects/neon-prod-earthengine/assets/HSI_REFL/002/2022_ABBY_5,555109.9519185104,5067471.105404847,EPSG:32610,NEON_S2__0175
20220729T190921_20220729T192056_T10TER,-122.27436456098549,45.74077696291144,2022-07-29,0.9137254901960784,2022-07-11,18,projects/neon-prod-earthengine/assets/HSI_REFL/002/2022_ABBY_5,555109.9519185104,5067471.105404847,EPSG:32610,NEON_S2__0175
20220803T190919_20220803T191841_T10TER,-122.27436456098549,45.74077696291144,2022-08-03,0.9176470588235294,2022-07-11,23,projects/neon-prod-earthengine/assets/HSI_REFL/002/2022_ABBY_5,555109.9519185104,5067471.105404847,EPSG:32610,NEON_S2__0175
20220805T185931_20220805T190358_T10TER,-122.27436456098549,45.74077696291144,2022-08-05,0.9176470588235294,2022-07-11,25,projects/neon-prod-earthengine/assets/HSI_REFL/002/2022_ABBY_5,555109.9519185104,5067471.105404847,EPSG:32610,NEON_S2__0175
20220621T185919_20220621T190905_T10TER,-122.32035830353242,45.78677070545836,2022-06-21,0.9137254901960784,2022-07-11,-20,projects/neon-prod-earthengine/assets/HSI_REFL/002/2022_ABBY_5,553453.615831048,5072234.385919138,EPSG:32610,NEON_S2__0176
20220624T190919_20220624T192022_T10TER,-122.32035830353242,45.78677070545836,2022-06-24,0.9137254901960784,2022-07-11,-17,projects/neon-prod-earthengine/assets/HSI_REFL/002/2022_ABBY_5,553453.615831048,5072234.385919138,EPSG:32610,NEON_S2__0176
20220626T185931_20220626T190718_T10TER,-122.32035830353242,45.78677070545836,2022-06-26,0.9137254901960784,2022-07-11,-15,projects/neon-prod-earthengine/assets/HSI_REFL/002/2022_ABBY_5,553453.615831048,5072234.385919138,EPSG:32610,NEON_S2__0176
20220711T185919_20220711T190833_T10TER,-122.32035830353242,45.78677070545836,2022-07-11,0.9176470588235294,2022-07-11,0,projects/neon-prod-earthengine/assets/HSI_REFL/002/2022_ABBY_5,553453.615831048,5072234.385919138,EPSG:32610,NEON_S2__0176
20220714T190919_20220714T192058_T10TER,-122.32035830353242,45.78677070545836,2022-07-14,0.9137254901960784,2022-07-11,3,projects/neon-prod-earthengine/assets/HSI_REFL/002/2022_ABBY_5,553453.615831048,5072234.385919138,EPSG:32610,NEON_S2__0176
20220719T190931_20220719T191251_T10TER,-122.32035830353242,45.78677070545836,2022-07-19,0.9098039215686274,2022-07-11,8,projects/neon-prod-earthengine/assets/HSI_REFL/002/2022_ABBY_5,553453.615831048,5072234.385919138,EPSG:32610,NEON_S2__0176
20220721T185919_20220721T191123_T10TER,-122.32035830353242,45.78677070545836,2022-07-21,0.9098039215686274,2022-07-11,10,projects/neon-prod-earthengine/assets/HSI_REFL/002/2022_ABBY_5,553453.615831048,5072234.385919138,EPSG:32610,NEON_S2__0176
20220724T190919_20220724T191938_T10TER,-122.32035830353242,45.78677070545836,2022-07-24,0.9098039215686274,2022-07-11,13,projects/neon-prod-earthengine/assets/HSI_REFL/002/2022_ABBY_5,553453.615831048,5072234.385919138,EPSG:32610,NEON_S2__0176
20220726T185931_20220726T190831_T10TER,-122.32035830353242,45.78677070545836,2022-07-26,0.9098039215686274,2022-07-11,15,projects/neon-prod-earthengine/assets/HSI_REFL/002/2022_ABBY_5,553453.615831048,5072234.385919138,EPSG:32610,NEON_S2__0176
20220729T190921_20220729T192056_T10TER,-122.32035830353242,45.78677070545836,2022-07-29,0.9098039215686274,2022-07-11,18,projects/neon-prod-earthengine/assets/HSI_REFL/002/2022_ABBY_5,553453.615831048,5072234.385919138,EPSG:32610,NEON_S2__0176
20220803T190919_20220803T191841_T10TER,-122.32035830353242,45.78677070545836,2022-08-03,0.9137254901960784,2022-07-11,23,projects/neon-prod-earthengine/assets/HSI_REFL/002/2022_ABBY_5,553453.615831048,5072234.385919138,EPSG:32610,NEON_S2__0176
20220805T185931_20220805T190358_T10TER,-122.32035830353242,45.78677070545836,2022-08-05,0.9137254901960784,2022-07-11,25,projects/neon-prod-earthengine/assets/HSI_REFL/002/2022_ABBY_5,553453.615831048,5072234.385919138,EPSG:32610,NEON_S2__0176
20220614T172859_20220614T173756_T13TGE,-102.54304900835703,39.71559668926499,2022-06-14,0.9019607843137255,2022-07-07,-23,projects/neon-prod-earthengine/assets/HSI_REFL/002/2022_ARIK_4,712488.0097628528,4397738.134227824,EPSG:32613,NEON_S2__0177
20220617T173909_20220617T174815_T13TGE,-102.54304900835703,39.71559668926499,2022-06-17,0.9019607843137255,2022-07-07,-20,projects/neon-prod-earthengine/assets/HSI_REFL/002/2022_ARIK_4,712488.0097628528,4397738.134227824,EPSG:32613,NEON_S2__0177
20220619T172911_20220619T173605_T13TGE,-102.54304900835703,39.71559668926499,2022-06-19,0.9058823529411765,2022-07-07,-18,projects/neon-prod-earthengine/assets/HSI_REFL/002/2022_ARIK_4,712488.0097628528,4397738.134227824,EPSG:32613,NEON_S2__0177
20220702T173921_20220702T174437_T13TGE,-102.54304900835703,39.71559668926499,2022-07-02,0.9019607843137255,2022-07-07,-5,projects/neon-prod-earthengine/assets/HSI_REFL/002/2022_ARIK_4,712488.0097628528,4397738.134227824,EPSG:32613,NEON_S2__0177
20220709T172911_20220709T174059_T13TGE,-102.54304900835703,39.71559668926499,2022-07-09,0.9019607843137255,2022-07-07,2,projects/neon-prod-earthengine/assets/HSI_REFL/002/2022_ARIK_4,712488.0097628528,4397738.134227824,EPSG:32613,NEON_S2__0177
20220714T172909_20220714T173312_T13TGE,-102.54304900835703,39.71559668926499,2022-07-14,0.9019607843137255,2022-07-07,7,projects/neon-prod-earthengine/assets/HSI_REFL/002/2022_ARIK_4,712488.0097628528,4397738.134227824,EPSG:32613,NEON_S2__0177
20220717T173909_20220717T174744_T13TGE,-102.54304900835703,39.71559668926499,2022-07-17,0.9058823529411765,2022-07-07,10,projects/neon-prod-earthengine/assets/HSI_REFL/002/2022_ARIK_4,712488.0097628528,4397738.134227824,EPSG:32613,NEON_S2__0177
20220719T172911_20220719T174245_T13TGE,-102.54304900835703,39.71559668926499,2022-07-19,0.9058823529411765,2022-07-07,12,projects/neon-prod-earthengine/assets/HSI_REFL/002/2022_ARIK_4,712488.0097628528,4397738.134227824,EPSG:32613,NEON_S2__0177
20220722T173911_20220722T174739_T13TGE,-102.54304900835703,39.71559668926499,2022-07-22,0.9098039215686274,2022-07-07,15,projects/neon-prod-earthengine/assets/HSI_REFL/002/2022_ARIK_4,712488.0097628528,4397738.134227824,EPSG:32613,NEON_S2__0177
20220801T173911_20220801T174901_T13TGE,-102.54304900835703,39.71559668926499,2022-08-01,0.9058823529411765,2022-07-07,25,projects/neon-prod-earthengine/assets/HSI_REFL/002/2022_ARIK_4,712488.0097628528,4397738.134227824,EPSG:32613,NEON_S2__0177
20220803T172909_20220803T173804_T13TGE,-102.54304900835703,39.71559668926499,2022-08-03,0.9058823529411765,2022-07-07,27,projects/neon-prod-earthengine/assets/HSI_REFL/002/2022_ARIK_4,712488.0097628528,4397738.134227824,EPSG:32613,NEON_S2__0177
20220801T173911_20220801T174901_T13TGE,-102.54304900835703,39.76159043181191,2022-08-01,0.9019607843137255,2022-07-07,25,projects/neon-prod-earthengine/assets/HSI_REFL/002/2022_ARIK_4,712035.5184533534,4402834.959278351,EPSG:32613,NEON_S2__0178
20220614T172859_20220614T173756_T13TGE,-102.54304900835703,39.80758417435883,2022-06-14,0.9019607843137255,2022-07-07,-23,projects/neon-prod-earthengine/assets/HSI_REFL/002/2022_ARIK_4,711582.7079040032,4407931.743649989,EPSG:32613,NEON_S2__0179
20220619T172911_20220619T173605_T13TGE,-102.54304900835703,39.80758417435883,2022-06-19,0.9019607843137255,2022-07-07,-18,projects/neon-prod-earthengine/assets/HSI_REFL/002/2022_ARIK_4,711582.7079040032,4407931.743649989,EPSG:32613,NEON_S2__0179
20220614T172859_20220614T173756_T13TGE,-102.45106152326319,39.71559668926499,2022-06-14,0.9019607843137255,2022-07-07,-23,projects/neon-prod-earthengine/assets/HSI_REFL/002/2022_ARIK_4,717548.5145054545,4398211.520345865,EPSG:32613,NEON_S2__0180
20220614T172859_20220614T173756_T14TKK,-102.45106152326319,39.71559668926499,2022-06-14,0.9019607843137255,2022-07-07,-23,projects/neon-prod-earthengine/assets/HSI_REFL/002/2022_ARIK_4,717548.5145054545,4398211.520345865,EPSG:32613,NEON_S2__0180
20220617T173909_20220617T174815_T13TGE,-102.45106152326319,39.71559668926499,2022-06-17,0.9019607843137255,2022-07-07,-20,projects/neon-prod-earthengine/assets/HSI_REFL/002/2022_ARIK_4,717548.5145054545,4398211.520345865,EPSG:32613,NEON_S2__0180
20220617T173909_20220617T174815_T14TKK,-102.45106152326319,39.71559668926499,2022-06-17,0.9019607843137255,2022-07-07,-20,projects/neon-prod-earthengine/assets/HSI_REFL/002/2022_ARIK_4,717548.5145054545,4398211.520345865,EPSG:32613,NEON_S2__0180
20220619T172911_20220619T173605_T13TGE,-102.45106152326319,39.71559668926499,2022-06-19,0.9019607843137255,2022-07-07,-18,projects/neon-prod-earthengine/assets/HSI_REFL/002/2022_ARIK_4,717548.5145054545,4398211.520345865,EPSG:32613,NEON_S2__0180
20220619T172911_20220619T173605_T14TKK,-102.45106152326319,39.71559668926499,2022-06-19,0.9019607843137255,2022-07-07,-18,projects/neon-prod-earthengine/assets/HSI_REFL/002/2022_ARIK_4,717548.5145054545,4398211.520345865,EPSG:32613,NEON_S2__0180
20220702T173921_20220702T174437_T13TGE,-102.45106152326319,39.71559668926499,2022-07-02,0.9019607843137255,2022-07-07,-5,projects/neon-prod-earthengine/assets/HSI_REFL/002/2022_ARIK_4,717548.5145054545,4398211.520345865,EPSG:32613,NEON_S2__0180
20220702T173921_20220702T174437_T14TKK,-102.45106152326319,39.71559668926499,2022-07-02,0.9019607843137255,2022-07-07,-5,projects/neon-prod-earthengine/assets/HSI_REFL/002/2022_ARIK_4,717548.5145054545,4398211.520345865,EPSG:32613,NEON_S2__0180
20220722T173911_20220722T174739_T13TGE,-102.45106152326319,39.71559668926499,2022-07-22,0.9019607843137255,2022-07-07,15,projects/neon-prod-earthengine/assets/HSI_REFL/002/2022_ARIK_4,717548.5145054545,4398211.520345865,EPSG:32613,NEON_S2__0180
20220722T173911_20220722T174739_T14TKK,-102.45106152326319,39.71559668926499,2022-07-22,0.9019607843137255,2022-07-07,15,projects/neon-prod-earthengine/assets/HSI_REFL/002/2022_ARIK_4,717548.5145054545,4398211.520345865,EPSG:32613,NEON_S2__0180
20220801T173911_20220801T174901_T13TGE,-102.45106152326319,39.71559668926499,2022-08-01,0.9019607843137255,2022-07-07,25,projects/neon-prod-earthengine/assets/HSI_REFL/002/2022_ARIK_4,717548.5145054545,4398211.520345865,EPSG:32613,NEON_S2__0180
20220801T173911_20220801T174901_T14TKK,-102.45106152326319,39.71559668926499,2022-08-01,0.9019607843137255,2022-07-07,25,projects/neon-prod-earthengine/assets/HSI_REFL/002/2022_ARIK_4,717548.5145054545,4398211.520345865,EPSG:32613,NEON_S2__0180
20220803T172909_20220803T173804_T13TGE,-102.45106152326319,39.71559668926499,2022-08-03,0.9058823529411765,2022-07-07,27,projects/neon-prod-earthengine/assets/HSI_REFL/002/2022_ARIK_4,717548.5145054545,4398211.520345865,EPSG:32613,NEON_S2__0180
20220803T172909_20220803T173804_T14TKK,-102.45106152326319,39.71559668926499,2022-08-03,0.9019607843137255,2022-07-07,27,projects/neon-prod-earthengine/assets/HSI_REFL/002/2022_ARIK_4,717548.5145054545,4398211.520345865,EPSG:32613,NEON_S2__0180
20220614T172859_20220614T173756_T13TGE,-102.45106152326319,39.76159043181191,2022-06-14,0.9019607843137255,2022-07-07,-23,projects/neon-prod-earthengine/assets/HSI_REFL/002/2022_ARIK_4,717096.2773125692,4403308.597808188,EPSG:32613,NEON_S2__0181
20220614T172859_20220614T173756_T14TKK,-102.45106152326319,39.76159043181191,2022-06-14,0.9019607843137255,2022-07-07,-23,projects/neon-prod-earthengine/assets/HSI_REFL/002/2022_ARIK_4,717096.2773125692,4403308.597808188,EPSG:32613,NEON_S2__0181
20220617T173909_20220617T174815_T13TGE,-102.45106152326319,39.76159043181191,2022-06-17,0.9019607843137255,2022-07-07,-20,projects/neon-prod-earthengine/assets/HSI_REFL/002/2022_ARIK_4,717096.2773125692,4403308.597808188,EPSG:32613,NEON_S2__0181
20220617T173909_20220617T174815_T14TKK,-102.45106152326319,39.76159043181191,2022-06-17,0.9058823529411765,2022-07-07,-20,projects/neon-prod-earthengine/assets/HSI_REFL/002/2022_ARIK_4,717096.2773125692,4403308.597808188,EPSG:32613,NEON_S2__0181
20220619T172911_20220619T173605_T13TGE,-102.45106152326319,39.76159043181191,2022-06-19,0.9019607843137255,2022-07-07,-18,projects/neon-prod-earthengine/assets/HSI_REFL/002/2022_ARIK_4,717096.2773125692,4403308.597808188,EPSG:32613,NEON_S2__0181
20220619T172911_20220619T173605_T14TKK,-102.45106152326319,39.76159043181191,2022-06-19,0.9058823529411765,2022-07-07,-18,projects/neon-prod-earthengine/assets/HSI_REFL/002/2022_ARIK_4,717096.2773125692,4403308.597808188,EPSG:32613,NEON_S2__0181
20220702T173921_20220702T174437_T13TGE,-102.45106152326319,39.76159043181191,2022-07-02,0.9058823529411765,2022-07-07,-5,projects/neon-prod-earthengine/assets/HSI_REFL/002/2022_ARIK_4,717096.2773125692,4403308.597808188,EPSG:32613,NEON_S2__0181
20220702T173921_20220702T174437_T14TKK,-102.45106152326319,39.76159043181191,2022-07-02,0.9058823529411765,2022-07-07,-5,projects/neon-prod-earthengine/assets/HSI_REFL/002/2022_ARIK_4,717096.2773125692,4403308.597808188,EPSG:32613,NEON_S2__0181
20220722T173911_20220722T174739_T14TKK,-102.45106152326319,39.76159043181191,2022-07-22,0.9019607843137255,2022-07-07,15,projects/neon-prod-earthengine/assets/HSI_REFL/002/2022_ARIK_4,717096.2773125692,4403308.597808188,EPSG:32613,NEON_S2__0181
20220803T172909_20220803T173804_T13TGE,-102.45106152326319,39.76159043181191,2022-08-03,0.9019607843137255,2022-07-07,27,projects/neon-prod-earthengine/assets/HSI_REFL/002/2022_ARIK_4,717096.2773125692,4403308.597808188,EPSG:32613,NEON_S2__0181
20220803T172909_20220803T173804_T14TKK,-102.45106152326319,39.76159043181191,2022-08-03,0.9019607843137255,2022-07-07,27,projects/neon-prod-earthengine/assets/HSI_REFL/002/2022_ARIK_4,717096.2773125692,4403308.597808188,EPSG:32613,NEON_S2__0181
20220617T173909_20220617T174815_T14TKK,-102.45106152326319,39.80758417435883,2022-06-17,0.9019607843137255,2022-07-07,-20,projects/neon-prod-earthengine/assets/HSI_REFL/002/2022_ARIK_4,716643.7198268028,4408405.634234622,EPSG:32613,NEON_S2__0182
20220803T172909_20220803T173804_T14TKK,-102.45106152326319,39.80758417435883,2022-08-03,0.9019607843137255,2022-07-07,27,projects/neon-prod-earthengine/assets/HSI_REFL/002/2022_ARIK_4,716643.7198268028,4408405.634234622,EPSG:32613,NEON_S2__0182
20220614T172859_20220614T173756_T13TGE,-102.45106152326319,39.71559668926499,2022-06-14,0.9019607843137255,2022-07-07,-23,projects/neon-prod-earthengine/assets/HSI_REFL/002/2022_ARIK_4,717548.5145054545,4398211.520345865,EPSG:32613,NEON_S2__0183
20220614T172859_20220614T173756_T14TKK,-102.45106152326319,39.71559668926499,2022-06-14,0.9019607843137255,2022-07-07,-23,projects/neon-prod-earthengine/assets/HSI_REFL/002/2022_ARIK_4,717548.5145054545,4398211.520345865,EPSG:32613,NEON_S2__0183
20220617T173909_20220617T174815_T13TGE,-102.45106152326319,39.71559668926499,2022-06-17,0.9019607843137255,2022-07-07,-20,projects/neon-prod-earthengine/assets/HSI_REFL/002/2022_ARIK_4,717548.5145054545,4398211.520345865,EPSG:32613,NEON_S2__0183
20220617T173909_20220617T174815_T14TKK,-102.45106152326319,39.71559668926499,2022-06-17,0.9019607843137255,2022-07-07,-20,projects/neon-prod-earthengine/assets/HSI_REFL/002/2022_ARIK_4,717548.5145054545,4398211.520345865,EPSG:32613,NEON_S2__0183
20220619T172911_20220619T173605_T13TGE,-102.45106152326319,39.71559668926499,2022-06-19,0.9019607843137255,2022-07-07,-18,projects/neon-prod-earthengine/assets/HSI_REFL/002/2022_ARIK_4,717548.5145054545,4398211.520345865,EPSG:32613,NEON_S2__0183
20220619T172911_20220619T173605_T14TKK,-102.45106152326319,39.71559668926499,2022-06-19,0.9019607843137255,2022-07-07,-18,projects/neon-prod-earthengine/assets/HSI_REFL/002/2022_ARIK_4,717548.5145054545,4398211.520345865,EPSG:32613,NEON_S2__0183
20220702T173921_20220702T174437_T13TGE,-102.45106152326319,39.71559668926499,2022-07-02,0.9019607843137255,2022-07-07,-5,projects/neon-prod-earthengine/assets/HSI_REFL/002/2022_ARIK_4,717548.5145054545,4398211.520345865,EPSG:32613,NEON_S2__0183
20220702T173921_20220702T174437_T14TKK,-102.45106152326319,39.71559668926499,2022-07-02,0.9019607843137255,2022-07-07,-5,projects/neon-prod-earthengine/assets/HSI_REFL/002/2022_ARIK_4,717548.5145054545,4398211.520345865,EPSG:32613,NEON_S2__0183
20220722T173911_20220722T174739_T13TGE,-102.45106152326319,39.71559668926499,2022-07-22,0.9019607843137255,2022-07-07,15,projects/neon-prod-earthengine/assets/HSI_REFL/002/2022_ARIK_4,717548.5145054545,4398211.520345865,EPSG:32613,NEON_S2__0183
20220722T173911_20220722T174739_T14TKK,-102.45106152326319,39.71559668926499,2022-07-22,0.9019607843137255,2022-07-07,15,projects/neon-prod-earthengine/assets/HSI_REFL/002/2022_ARIK_4,717548.5145054545,4398211.520345865,EPSG:32613,NEON_S2__0183
20220801T173911_20220801T174901_T13TGE,-102.45106152326319,39.71559668926499,2022-08-01,0.9019607843137255,2022-07-07,25,projects/neon-prod-earthengine/assets/HSI_REFL/002/2022_ARIK_4,717548.5145054545,4398211.520345865,EPSG:32613,NEON_S2__0183
20220801T173911_20220801T174901_T14TKK,-102.45106152326319,39.71559668926499,2022-08-01,0.9019607843137255,2022-07-07,25,projects/neon-prod-earthengine/assets/HSI_REFL/002/2022_ARIK_4,717548.5145054545,4398211.520345865,EPSG:32613,NEON_S2__0183
20220803T172909_20220803T173804_T13TGE,-102.45106152326319,39.71559668926499,2022-08-03,0.9058823529411765,2022-07-07,27,projects/neon-prod-earthengine/assets/HSI_REFL/002/2022_ARIK_4,717548.5145054545,4398211.520345865,EPSG:32613,NEON_S2__0183
20220803T172909_20220803T173804_T14TKK,-102.45106152326319,39.71559668926499,2022-08-03,0.9019607843137255,2022-07-07,27,projects/neon-prod-earthengine/assets/HSI_REFL/002/2022_ARIK_4,717548.5145054545,4398211.520345865,EPSG:32613,NEON_S2__0183
20220614T172859_20220614T173756_T13TGE,-102.45106152326319,39.76159043181191,2022-06-14,0.9019607843137255,2022-07-07,-23,projects/neon-prod-earthengine/assets/HSI_REFL/002/2022_ARIK_4,717096.2773125692,4403308.597808188,EPSG:32613,NEON_S2__0184
20220614T172859_20220614T173756_T14TKK,-102.45106152326319,39.76159043181191,2022-06-14,0.9019607843137255,2022-07-07,-23,projects/neon-prod-earthengine/assets/HSI_REFL/002/2022_ARIK_4,717096.2773125692,4403308.597808188,EPSG:32613,NEON_S2__0184
20220617T173909_20220617T174815_T13TGE,-102.45106152326319,39.76159043181191,2022-06-17,0.9019607843137255,2022-07-07,-20,projects/neon-prod-earthengine/assets/HSI_REFL/002/2022_ARIK_4,717096.2773125692,4403308.597808188,EPSG:32613,NEON_S2__0184
20220617T173909_20220617T174815_T14TKK,-102.45106152326319,39.76159043181191,2022-06-17,0.9058823529411765,2022-07-07,-20,projects/neon-prod-earthengine/assets/HSI_REFL/002/2022_ARIK_4,717096.2773125692,4403308.597808188,EPSG:32613,NEON_S2__0184
20220619T172911_20220619T173605_T13TGE,-102.45106152326319,39.76159043181191,2022-06-19,0.9019607843137255,2022-07-07,-18,projects/neon-prod-earthengine/assets/HSI_REFL/002/2022_ARIK_4,717096.2773125692,4403308.597808188,EPSG:32613,NEON_S2__0184
20220619T172911_20220619T173605_T14TKK,-102.45106152326319,39.76159043181191,2022-06-19,0.9058823529411765,2022-07-07,-18,projects/neon-prod-earthengine/assets/HSI_REFL/002/2022_ARIK_4,717096.2773125692,4403308.597808188,EPSG:32613,NEON_S2__0184
20220702T173921_20220702T174437_T13TGE,-102.45106152326319,39.76159043181191,2022-07-02,0.9058823529411765,2022-07-07,-5,projects/neon-prod-earthengine/assets/HSI_REFL/002/2022_ARIK_4,717096.2773125692,4403308.597808188,EPSG:32613,NEON_S2__0184
20220702T173921_20220702T174437_T14TKK,-102.45106152326319,39.76159043181191,2022-07-02,0.9058823529411765,2022-07-07,-5,projects/neon-prod-earthengine/assets/HSI_REFL/002/2022_ARIK_4,717096.2773125692,4403308.597808188,EPSG:32613,NEON_S2__0184
20220722T173911_20220722T174739_T14TKK,-102.45106152326319,39.76159043181191,2022-07-22,0.9019607843137255,2022-07-07,15,projects/neon-prod-earthengine/assets/HSI_REFL/002/2022_ARIK_4,717096.2773125692,4403308.597808188,EPSG:32613,NEON_S2__0184
20220803T172909_20220803T173804_T13TGE,-102.45106152326319,39.76159043181191,2022-08-03,0.9019607843137255,2022-07-07,27,projects/neon-prod-earthengine/assets/HSI_REFL/002/2022_ARIK_4,717096.2773125692,4403308.597808188,EPSG:32613,NEON_S2__0184
20220803T172909_20220803T173804_T14TKK,-102.45106152326319,39.76159043181191,2022-08-03,0.9019607843137255,2022-07-07,27,projects/neon-prod-earthengine/assets/HSI_REFL/002/2022_ARIK_4,717096.2773125692,4403308.597808188,EPSG:32613,NEON_S2__0184
20220617T173909_20220617T174815_T14TKK,-102.45106152326319,39.80758417435883,2022-06-17,0.9019607843137255,2022-07-07,-20,projects/neon-prod-earthengine/assets/HSI_REFL/002/2022_ARIK_4,716643.7198268028,4408405.634234622,EPSG:32613,NEON_S2__0185
20220803T172909_20220803T173804_T14TKK,-102.45106152326319,39.80758417435883,2022-08-03,0.9019607843137255,2022-07-07,27,projects/neon-prod-earthengine/assets/HSI_REFL/002/2022_ARIK_4,716643.7198268028,4408405.634234622,EPSG:32613,NEON_S2__0185
20220531T165851_20220531T171019_T15TYL,-90.12473852068877,45.78677070545836,2022-05-31,0.9137254901960784,2022-06-17,-17,projects/neon-prod-earthengine/assets/HSI_REFL/002/2022_CHEQ_7,724793.8881633645,5075501.885060574,EPSG:32615,NEON_S2__0186
20220620T165901_20220620T171040_T15TYL,-90.12473852068877,45.78677070545836,2022-06-20,0.9137254901960784,2022-06-17,3,projects/neon-prod-earthengine/assets/HSI_REFL/002/2022_CHEQ_7,724793.8881633645,5075501.885060574,EPSG:32615,NEON_S2__0186
20220622T164849_20220622T165013_T15TYL,-90.12473852068877,45.78677070545836,2022-06-22,0.9137254901960784,2022-06-17,5,projects/neon-prod-earthengine/assets/HSI_REFL/002/2022_CHEQ_7,724793.8881633645,5075501.885060574,EPSG:32615,NEON_S2__0186
20220627T164851_20220627T165513_T15TYL,-90.12473852068877,45.78677070545836,2022-06-27,0.9137254901960784,2022-06-17,10,projects/neon-prod-earthengine/assets/HSI_REFL/002/2022_CHEQ_7,724793.8881633645,5075501.885060574,EPSG:32615,NEON_S2__0186
20220630T165901_20220630T170630_T15TYL,-90.12473852068877,45.78677070545836,2022-06-30,0.9098039215686274,2022-06-17,13,projects/neon-prod-earthengine/assets/HSI_REFL/002/2022_CHEQ_7,724793.8881633645,5075501.885060574,EPSG:32615,NEON_S2__0186
20220901T161829_20220901T162955_T16SGE,-83.6396208215731,35.66814734513607,2022-09-01,0.9058823529411765,2022-09-23,-22,projects/neon-prod-earthengine/assets/HSI_REFL/002/2022_GRSM_7,261616.52252766228,3951891.399721644,EPSG:32617,NEON_S2__0187
20220901T161829_20220901T162955_T17SKV,-83.6396208215731,35.66814734513607,2022-09-01,0.9058823529411765,2022-09-23,-22,projects/neon-prod-earthengine/assets/HSI_REFL/002/2022_GRSM_7,261616.52252766228,3951891.399721644,EPSG:32617,NEON_S2__0187
20220913T160901_20220913T162051_T16SGE,-83.6396208215731,35.66814734513607,2022-09-13,0.9137254901960784,2022-09-23,-10,projects/neon-prod-earthengine/assets/HSI_REFL/002/2022_GRSM_7,261616.52252766228,3951891.399721644,EPSG:32617,NEON_S2__0187
20220913T160901_20220913T162051_T17SKV,-83.6396208215731,35.66814734513607,2022-09-13,0.9176470588235294,2022-09-23,-10,projects/neon-prod-earthengine/assets/HSI_REFL/002/2022_GRSM_7,261616.52252766228,3951891.399721644,EPSG:32617,NEON_S2__0187
20220921T161859_20220921T162922_T16SGE,-83.6396208215731,35.66814734513607,2022-09-21,0.9098039215686274,2022-09-23,-2,projects/neon-prod-earthengine/assets/HSI_REFL/002/2022_GRSM_7,261616.52252766228,3951891.399721644,EPSG:32617,NEON_S2__0187
20220921T161859_20220921T162922_T17SKV,-83.6396208215731,35.66814734513607,2022-09-21,0.9137254901960784,2022-09-23,-2,projects/neon-prod-earthengine/assets/HSI_REFL/002/2022_GRSM_7,261616.52252766228,3951891.399721644,EPSG:32617,NEON_S2__0187
20220923T161001_20220923T161444_T16SGE,-83.6396208215731,35.66814734513607,2022-09-23,0.9176470588235294,2022-09-23,0,projects/neon-prod-earthengine/assets/HSI_REFL/002/2022_GRSM_7,261616.52252766228,3951891.399721644,EPSG:32617,NEON_S2__0187
20220923T161001_20220923T161444_T17SKV,-83.6396208215731,35.66814734513607,2022-09-23,0.9176470588235294,2022-09-23,0,projects/neon-prod-earthengine/assets/HSI_REFL/002/2022_GRSM_7,261616.52252766228,3951891.399721644,EPSG:32617,NEON_S2__0187
20220928T160949_20220928T161406_T16SGE,-83.6396208215731,35.66814734513607,2022-09-28,0.9137254901960784,2022-09-23,5,projects/neon-prod-earthengine/assets/HSI_REFL/002/2022_GRSM_7,261616.52252766228,3951891.399721644,EPSG:32617,NEON_S2__0187
20220928T160949_20220928T161406_T17SKV,-83.6396208215731,35.66814734513607,2022-09-28,0.9137254901960784,2022-09-23,5,projects/neon-prod-earthengine/assets/HSI_REFL/002/2022_GRSM_7,261616.52252766228,3951891.399721644,EPSG:32617,NEON_S2__0187
20221006T162151_20221006T162934_T16SGE,-83.6396208215731,35.66814734513607,2022-10-06,0.9215686274509803,2022-09-23,13,projects/neon-prod-earthengine/assets/HSI_REFL/002/2022_GRSM_7,261616.52252766228,3951891.399721644,EPSG:32617,NEON_S2__0187
20221006T162151_20221006T162934_T17SKV,-83.6396208215731,35.66814734513607,2022-10-06,0.9215686274509803,2022-09-23,13,projects/neon-prod-earthengine/assets/HSI_REFL/002/2022_GRSM_7,261616.52252766228,3951891.399721644,EPSG:32617,NEON_S2__0187
20221021T162319_20221021T163034_T16SGE,-83.6396208215731,35.66814734513607,2022-10-21,0.9215686274509803,2022-09-23,28,projects/neon-prod-earthengine/assets/HSI_REFL/002/2022_GRSM_7,261616.52252766228,3951891.399721644,EPSG:32617,NEON_S2__0187
20221021T162319_20221021T163034_T17SKV,-83.6396208215731,35.66814734513607,2022-10-21,0.9254901960784314,2022-09-23,28,projects/neon-prod-earthengine/assets/HSI_REFL/002/2022_GRSM_7,261616.52252766228,3951891.399721644,EPSG:32617,NEON_S2__0187
20220901T161829_20220901T162955_T16SGE,-83.6396208215731,35.66814734513607,2022-09-01,0.9058823529411765,2022-09-23,-22,projects/neon-prod-earthengine/assets/HSI_REFL/002/2022_GRSM_7,261616.52252766228,3951891.399721644,EPSG:32617,NEON_S2__0188
20220901T161829_20220901T162955_T17SKV,-83.6396208215731,35.66814734513607,2022-09-01,0.9058823529411765,2022-09-23,-22,projects/neon-prod-earthengine/assets/HSI_REFL/002/2022_GRSM_7,261616.52252766228,3951891.399721644,EPSG:32617,NEON_S2__0188
20220913T160901_20220913T162051_T16SGE,-83.6396208215731,35.66814734513607,2022-09-13,0.9137254901960784,2022-09-23,-10,projects/neon-prod-earthengine/assets/HSI_REFL/002/2022_GRSM_7,261616.52252766228,3951891.399721644,EPSG:32617,NEON_S2__0188
20220913T160901_20220913T162051_T17SKV,-83.6396208215731,35.66814734513607,2022-09-13,0.9176470588235294,2022-09-23,-10,projects/neon-prod-earthengine/assets/HSI_REFL/002/2022_GRSM_7,261616.52252766228,3951891.399721644,EPSG:32617,NEON_S2__0188
20220921T161859_20220921T162922_T16SGE,-83.6396208215731,35.66814734513607,2022-09-21,0.9098039215686274,2022-09-23,-2,projects/neon-prod-earthengine/assets/HSI_REFL/002/2022_GRSM_7,261616.52252766228,3951891.399721644,EPSG:32617,NEON_S2__0188
20220921T161859_20220921T162922_T17SKV,-83.6396208215731,35.66814734513607,2022-09-21,0.9137254901960784,2022-09-23,-2,projects/neon-prod-earthengine/assets/HSI_REFL/002/2022_GRSM_7,261616.52252766228,3951891.399721644,EPSG:32617,NEON_S2__0188
20220923T161001_20220923T161444_T16SGE,-83.6396208215731,35.66814734513607,2022-09-23,0.9176470588235294,2022-09-23,0,projects/neon-prod-earthengine/assets/HSI_REFL/002/2022_GRSM_7,261616.52252766228,3951891.399721644,EPSG:32617,NEON_S2__0188
20220923T161001_20220923T161444_T17SKV,-83.6396208215731,35.66814734513607,2022-09-23,0.9176470588235294,2022-09-23,0,projects/neon-prod-earthengine/assets/HSI_REFL/002/2022_GRSM_7,261616.52252766228,3951891.399721644,EPSG:32617,NEON_S2__0188
20220928T160949_20220928T161406_T16SGE,-83.6396208215731,35.66814734513607,2022-09-28,0.9137254901960784,2022-09-23,5,projects/neon-prod-earthengine/assets/HSI_REFL/002/2022_GRSM_7,261616.52252766228,3951891.399721644,EPSG:32617,NEON_S2__0188
20220928T160949_20220928T161406_T17SKV,-83.6396208215731,35.66814734513607,2022-09-28,0.9137254901960784,2022-09-23,5,projects/neon-prod-earthengine/assets/HSI_REFL/002/2022_GRSM_7,261616.52252766228,3951891.399721644,EPSG:32617,NEON_S2__0188
20221006T162151_20221006T162934_T16SGE,-83.6396208215731,35.66814734513607,2022-10-06,0.9215686274509803,2022-09-23,13,projects/neon-prod-earthengine/assets/HSI_REFL/002/2022_GRSM_7,261616.52252766228,3951891.399721644,EPSG:32617,NEON_S2__0188
20221006T162151_20221006T162934_T17SKV,-83.6396208215731,35.66814734513607,2022-10-06,0.9215686274509803,2022-09-23,13,projects/neon-prod-earthengine/assets/HSI_REFL/002/2022_GRSM_7,261616.52252766228,3951891.399721644,EPSG:32617,NEON_S2__0188
20221021T162319_20221021T163034_T16SGE,-83.6396208215731,35.66814734513607,2022-10-21,0.9215686274509803,2022-09-23,28,projects/neon-prod-earthengine/assets/HSI_REFL/002/2022_GRSM_7,261616.52252766228,3951891.399721644,EPSG:32617,NEON_S2__0188
20221021T162319_20221021T163034_T17SKV,-83.6396208215731,35.66814734513607,2022-10-21,0.9254901960784314,2022-09-23,28,projects/neon-prod-earthengine/assets/HSI_REFL/002/2022_GRSM_7,261616.52252766228,3951891.399721644,EPSG:32617,NEON_S2__0188
20220913T160901_20220913T162051_T17SKV,-83.59362707902619,35.57615986004223,2022-09-13,0.9137254901960784,2022-09-23,-10,projects/neon-prod-earthengine/assets/HSI_REFL/002/2022_GRSM_7,264672.5337241844,3940861.316464352,EPSG:32617,NEON_S2__0189
20220921T161859_20220921T162922_T17SKV,-83.59362707902619,35.57615986004223,2022-09-21,0.9098039215686274,2022-09-23,-2,projects/neon-prod-earthengine/assets/HSI_REFL/002/2022_GRSM_7,264672.5337241844,3940861.316464352,EPSG:32617,NEON_S2__0189
20220923T161001_20220923T161444_T17SKV,-83.59362707902619,35.57615986004223,2022-09-23,0.9137254901960784,2022-09-23,0,projects/neon-prod-earthengine/assets/HSI_REFL/002/2022_GRSM_7,264672.5337241844,3940861.316464352,EPSG:32617,NEON_S2__0189
20220928T160949_20220928T161406_T17SKV,-83.59362707902619,35.57615986004223,2022-09-28,0.9137254901960784,2022-09-23,5,projects/neon-prod-earthengine/assets/HSI_REFL/002/2022_GRSM_7,264672.5337241844,3940861.316464352,EPSG:32617,NEON_S2__0189
20221006T162151_20221006T162934_T17SKV,-83.59362707902619,35.57615986004223,2022-10-06,0.9176470588235294,2022-09-23,13,projects/neon-prod-earthengine/assets/HSI_REFL/002/2022_GRSM_7,264672.5337241844,3940861.316464352,EPSG:32617,NEON_S2__0189
20221008T161149_20221008T161654_T17SKV,-83.59362707902619,35.57615986004223,2022-10-08,0.9019607843137255,2022-09-23,15,projects/neon-prod-earthengine/assets/HSI_REFL/002/2022_GRSM_7,264672.5337241844,3940861.316464352,EPSG:32617,NEON_S2__0189
20221021T162319_20221021T163034_T17SKV,-83.59362707902619,35.57615986004223,2022-10-21,0.9176470588235294,2022-09-23,28,projects/neon-prod-earthengine/assets/HSI_REFL/002/2022_GRSM_7,264672.5337241844,3940861.316464352,EPSG:32617,NEON_S2__0189
20220913T160901_20220913T162051_T17SKV,-83.59362707902619,35.62215360258915,2022-09-13,0.9098039215686274,2022-09-23,-10,projects/neon-prod-earthengine/assets/HSI_REFL/002/2022_GRSM_7,265621.5671535979,3945859.926418435,EPSG:32617,NEON_S2__0190
20220921T161859_20220921T162922_T17SKV,-83.59362707902619,35.62215360258915,2022-09-21,0.9098039215686274,2022-09-23,-2,projects/neon-prod-earthengine/assets/HSI_REFL/002/2022_GRSM_7,265621.5671535979,3945859.926418435,EPSG:32617,NEON_S2__0190
20220923T161001_20220923T161444_T17SKV,-83.59362707902619,35.62215360258915,2022-09-23,0.9098039215686274,2022-09-23,0,projects/neon-prod-earthengine/assets/HSI_REFL/002/2022_GRSM_7,265621.5671535979,3945859.926418435,EPSG:32617,NEON_S2__0190
20220928T160949_20220928T161406_T17SKV,-83.59362707902619,35.62215360258915,2022-09-28,0.9098039215686274,2022-09-23,5,projects/neon-prod-earthengine/assets/HSI_REFL/002/2022_GRSM_7,265621.5671535979,3945859.926418435,EPSG:32617,NEON_S2__0190
20221006T162151_20221006T162934_T17SKV,-83.59362707902619,35.62215360258915,2022-10-06,0.9137254901960784,2022-09-23,13,projects/neon-prod-earthengine/assets/HSI_REFL/002/2022_GRSM_7,265621.5671535979,3945859.926418435,EPSG:32617,NEON_S2__0190
20221021T162319_20221021T163034_T17SKV,-83.59362707902619,35.62215360258915,2022-10-21,0.9254901960784314,2022-09-23,28,projects/neon-prod-earthengine/assets/HSI_REFL/002/2022_GRSM_7,265621.5671535979,3945859.926418435,EPSG:32617,NEON_S2__0190
20220901T161829_20220901T162955_T17SKV,-83.59362707902619,35.66814734513607,2022-09-01,0.9058823529411765,2022-09-23,-22,projects/neon-prod-earthengine/assets/HSI_REFL/002/2022_GRSM_7,266571.2686234509,3950858.379278738,EPSG:32617,NEON_S2__0191
20220913T160901_20220913T162051_T17SKV,-83.59362707902619,35.66814734513607,2022-09-13,0.9137254901960784,2022-09-23,-10,projects/neon-prod-earthengine/assets/HSI_REFL/002/2022_GRSM_7,266571.2686234509,3950858.379278738,EPSG:32617,NEON_S2__0191
20220921T161859_20220921T162922_T17SKV,-83.59362707902619,35.66814734513607,2022-09-21,0.9137254901960784,2022-09-23,-2,projects/neon-prod-earthengine/assets/HSI_REFL/002/2022_GRSM_7,266571.2686234509,3950858.379278738,EPSG:32617,NEON_S2__0191
20220923T161001_20220923T161444_T17SKV,-83.59362707902619,35.66814734513607,2022-09-23,0.9137254901960784,2022-09-23,0,projects/neon-prod-earthengine/assets/HSI_REFL/002/2022_GRSM_7,266571.2686234509,3950858.379278738,EPSG:32617,NEON_S2__0191
20220928T160949_20220928T161406_T17SKV,-83.59362707902619,35.66814734513607,2022-09-28,0.9137254901960784,2022-09-23,5,projects/neon-prod-earthengine/assets/HSI_REFL/002/2022_GRSM_7,266571.2686234509,3950858.379278738,EPSG:32617,NEON_S2__0191
20221006T162151_20221006T162934_T17SKV,-83.59362707902619,35.66814734513607,2022-10-06,0.9215686274509803,2022-09-23,13,projects/neon-prod-earthengine/assets/HSI_REFL/002/2022_GRSM_7,266571.2686234509,3950858.379278738,EPSG:32617,NEON_S2__0191
20221011T162209_20221011T163259_T17SKV,-83.59362707902619,35.66814734513607,2022-10-11,0.9019607843137255,2022-09-23,18,projects/neon-prod-earthengine/assets/HSI_REFL/002/2022_GRSM_7,266571.2686234509,3950858.379278738,EPSG:32617,NEON_S2__0191
20221021T162319_20221021T163034_T17SKV,-83.59362707902619,35.66814734513607,2022-10-21,0.9254901960784314,2022-09-23,28,projects/neon-prod-earthengine/assets/HSI_REFL/002/2022_GRSM_7,266571.2686234509,3950858.379278738,EPSG:32617,NEON_S2__0191
20220913T160901_20220913T162051_T17SKV,-83.54763333647927,35.57615986004223,2022-09-13,0.9098039215686274,2022-09-23,-10,projects/neon-prod-earthengine/assets/HSI_REFL/002/2022_GRSM_7,269626.5116538632,3939828.587287852,EPSG:32617,NEON_S2__0192
20220921T161859_20220921T162922_T17SKV,-83.54763333647927,35.57615986004223,2022-09-21,0.9098039215686274,2022-09-23,-2,projects/neon-prod-earthengine/assets/HSI_REFL/002/2022_GRSM_7,269626.5116538632,3939828.587287852,EPSG:32617,NEON_S2__0192
20220923T161001_20220923T161444_T17SKV,-83.54763333647927,35.57615986004223,2022-09-23,0.9098039215686274,2022-09-23,0,projects/neon-prod-earthengine/assets/HSI_REFL/002/2022_GRSM_7,269626.5116538632,3939828.587287852,EPSG:32617,NEON_S2__0192
20220928T160949_20220928T161406_T17SKV,-83.54763333647927,35.57615986004223,2022-09-28,0.9137254901960784,2022-09-23,5,projects/neon-prod-earthengine/assets/HSI_REFL/002/2022_GRSM_7,269626.5116538632,3939828.587287852,EPSG:32617,NEON_S2__0192
20221006T162151_20221006T162934_T17SKV,-83.54763333647927,35.57615986004223,2022-10-06,0.9176470588235294,2022-09-23,13,projects/neon-prod-earthengine/assets/HSI_REFL/002/2022_GRSM_7,269626.5116538632,3939828.587287852,EPSG:32617,NEON_S2__0192
20221008T161149_20221008T161654_T17SKV,-83.54763333647927,35.57615986004223,2022-10-08,0.9098039215686274,2022-09-23,15,projects/neon-prod-earthengine/assets/HSI_REFL/002/2022_GRSM_7,269626.5116538632,3939828.587287852,EPSG:32617,NEON_S2__0192
20221021T162319_20221021T163034_T17SKV,-83.54763333647927,35.57615986004223,2022-10-21,0.9215686274509803,2022-09-23,28,projects/neon-prod-earthengine/assets/HSI_REFL/002/2022_GRSM_7,269626.5116538632,3939828.587287852,EPSG:32617,NEON_S2__0192
20220913T160901_20220913T162051_T17SKV,-83.54763333647927,35.62215360258915,2022-09-13,0.9098039215686274,2022-09-23,-10,projects/neon-prod-earthengine/assets/HSI_REFL/002/2022_GRSM_7,270575.790008912,3944826.728914789,EPSG:32617,NEON_S2__0193
20220921T161859_20220921T162922_T17SKV,-83.54763333647927,35.62215360258915,2022-09-21,0.9137254901960784,2022-09-23,-2,projects/neon-prod-earthengine/assets/HSI_REFL/002/2022_GRSM_7,270575.790008912,3944826.728914789,EPSG:32617,NEON_S2__0193
20220923T161001_20220923T161444_T17SKV,-83.54763333647927,35.62215360258915,2022-09-23,0.9137254901960784,2022-09-23,0,projects/neon-prod-earthengine/assets/HSI_REFL/002/2022_GRSM_7,270575.790008912,3944826.728914789,EPSG:32617,NEON_S2__0193
20220928T160949_20220928T161406_T17SKV,-83.54763333647927,35.62215360258915,2022-09-28,0.9137254901960784,2022-09-23,5,projects/neon-prod-earthengine/assets/HSI_REFL/002/2022_GRSM_7,270575.790008912,3944826.728914789,EPSG:32617,NEON_S2__0193
20221006T162151_20221006T162934_T17SKV,-83.54763333647927,35.62215360258915,2022-10-06,0.9176470588235294,2022-09-23,13,projects/neon-prod-earthengine/assets/HSI_REFL/002/2022_GRSM_7,270575.790008912,3944826.728914789,EPSG:32617,NEON_S2__0193
20221008T161149_20221008T161654_T17SKV,-83.54763333647927,35.62215360258915,2022-10-08,0.9019607843137255,2022-09-23,15,projects/neon-prod-earthengine/assets/HSI_REFL/002/2022_GRSM_7,270575.790008912,3944826.728914789,EPSG:32617,NEON_S2__0193
20221021T162319_20221021T163034_T17SKV,-83.54763333647927,35.62215360258915,2022-10-21,0.9254901960784314,2022-09-23,28,projects/neon-prod-earthengine/assets/HSI_REFL/002/2022_GRSM_7,270575.790008912,3944826.728914789,EPSG:32617,NEON_S2__0193
20220913T160901_20220913T162051_T17SKV,-83.50163959393235,35.66814734513607,2022-09-13,0.9098039215686274,2022-09-23,-10,projects/neon-prod-earthengine/assets/HSI_REFL/002/2022_GRSM_7,271525.7355120389,3949824.714154487,EPSG:32617,NEON_S2__0194
20220921T161859_20220921T162922_T17SKV,-83.50163959393235,35.66814734513607,2022-09-21,0.9098039215686274,2022-09-23,-2,projects/neon-prod-earthengine/assets/HSI_REFL/002/2022_GRSM_7,271525.7355120389,3949824.714154487,EPSG:32617,NEON_S2__0194
20220923T161001_20220923T161444_T17SKV,-83.50163959393235,35.66814734513607,2022-09-23,0.9098039215686274,2022-09-23,0,projects/neon-prod-earthengine/assets/HSI_REFL/002/2022_GRSM_7,271525.7355120389,3949824.714154487,EPSG:32617,NEON_S2__0194
20220928T160949_20220928T161406_T17SKV,-83.50163959393235,35.66814734513607,2022-09-28,0.9098039215686274,2022-09-23,5,projects/neon-prod-earthengine/assets/HSI_REFL/002/2022_GRSM_7,271525.7355120389,3949824.714154487,EPSG:32617,NEON_S2__0194
20221006T162151_20221006T162934_T17SKV,-83.50163959393235,35.66814734513607,2022-10-06,0.9176470588235294,2022-09-23,13,projects/neon-prod-earthengine/assets/HSI_REFL/002/2022_GRSM_7,271525.7355120389,3949824.714154487,EPSG:32617,NEON_S2__0194
20221011T162209_20221011T163259_T17SKV,-83.50163959393235,35.66814734513607,2022-10-11,0.9137254901960784,2022-09-23,18,projects/neon-prod-earthengine/assets/HSI_REFL/002/2022_GRSM_7,271525.7355120389,3949824.714154487,EPSG:32617,NEON_S2__0194
20221021T162319_20221021T163034_T17SKV,-83.50163959393235,35.66814734513607,2022-10-21,0.9215686274509803,2022-09-23,28,projects/neon-prod-earthengine/assets/HSI_REFL/002/2022_GRSM_7,271525.7355120389,3949824.714154487,EPSG:32617,NEON_S2__0194
20220901T161829_20220901T162955_T17SKV,-83.50163959393235,35.71414108768299,2022-09-01,0.9058823529411765,2022-09-23,-22,projects/neon-prod-earthengine/assets/HSI_REFL/002/2022_GRSM_7,272476.3475859064,3954822.5431251368,EPSG:32617,NEON_S2__0195
20220913T160901_20220913T162051_T17SKV,-83.50163959393235,35.71414108768299,2022-09-13,0.9137254901960784,2022-09-23,-10,projects/neon-prod-earthengine/assets/HSI_REFL/002/2022_GRSM_7,272476.3475859064,3954822.5431251368,EPSG:32617,NEON_S2__0195
20220921T161859_20220921T162922_T17SKV,-83.50163959393235,35.71414108768299,2022-09-21,0.9137254901960784,2022-09-23,-2,projects/neon-prod-earthengine/assets/HSI_REFL/002/2022_GRSM_7,272476.3475859064,3954822.5431251368,EPSG:32617,NEON_S2__0195
20220923T161001_20220923T161444_T17SKV,-83.50163959393235,35.71414108768299,2022-09-23,0.9137254901960784,2022-09-23,0,projects/neon-prod-earthengine/assets/HSI_REFL/002/2022_GRSM_7,272476.3475859064,3954822.5431251368,EPSG:32617,NEON_S2__0195
20220928T160949_20220928T161406_T17SKV,-83.50163959393235,35.71414108768299,2022-09-28,0.9137254901960784,2022-09-23,5,projects/neon-prod-earthengine/assets/HSI_REFL/002/2022_GRSM_7,272476.3475859064,3954822.5431251368,EPSG:32617,NEON_S2__0195
20221006T162151_20221006T162934_T17SKV,-83.50163959393235,35.71414108768299,2022-10-06,0.9254901960784314,2022-09-23,13,projects/neon-prod-earthengine/assets/HSI_REFL/002/2022_GRSM_7,272476.3475859064,3954822.5431251368,EPSG:32617,NEON_S2__0195
20221021T162319_20221021T163034_T17SKV,-83.50163959393235,35.71414108768299,2022-10-21,0.9215686274509803,2022-09-23,28,projects/neon-prod-earthengine/assets/HSI_REFL/002/2022_GRSM_7,272476.3475859064,3954822.5431251368,EPSG:32617,NEON_S2__0195
20220913T160901_20220913T162051_T17SKV,-83.45564585138543,35.62215360258915,2022-09-13,0.9098039215686274,2022-09-23,-10,projects/neon-prod-earthengine/assets/HSI_REFL/002/2022_GRSM_7,275529.73556536925,3943792.8837036784,EPSG:32617,NEON_S2__0196
20220921T161859_20220921T162922_T17SKV,-83.45564585138543,35.62215360258915,2022-09-21,0.9176470588235294,2022-09-23,-2,projects/neon-prod-earthengine/assets/HSI_REFL/002/2022_GRSM_7,275529.73556536925,3943792.8837036784,EPSG:32617,NEON_S2__0196
20220923T161001_20220923T161444_T17SKV,-83.45564585138543,35.62215360258915,2022-09-23,0.9176470588235294,2022-09-23,0,projects/neon-prod-earthengine/assets/HSI_REFL/002/2022_GRSM_7,275529.73556536925,3943792.8837036784,EPSG:32617,NEON_S2__0196
20220928T160949_20220928T161406_T17SKV,-83.45564585138543,35.62215360258915,2022-09-28,0.9137254901960784,2022-09-23,5,projects/neon-prod-earthengine/assets/HSI_REFL/002/2022_GRSM_7,275529.73556536925,3943792.8837036784,EPSG:32617,NEON_S2__0196
20221006T162151_20221006T162934_T17SKV,-83.45564585138543,35.62215360258915,2022-10-06,0.9215686274509803,2022-09-23,13,projects/neon-prod-earthengine/assets/HSI_REFL/002/2022_GRSM_7,275529.73556536925,3943792.8837036784,EPSG:32617,NEON_S2__0196
20221008T161149_20221008T161654_T17SKV,-83.45564585138543,35.62215360258915,2022-10-08,0.9098039215686274,2022-09-23,15,projects/neon-prod-earthengine/assets/HSI_REFL/002/2022_GRSM_7,275529.73556536925,3943792.8837036784,EPSG:32617,NEON_S2__0196
20221021T162319_20221021T163034_T17SKV,-83.45564585138543,35.62215360258915,2022-10-21,0.9254901960784314,2022-09-23,28,projects/neon-prod-earthengine/assets/HSI_REFL/002/2022_GRSM_7,275529.73556536925,3943792.8837036784,EPSG:32617,NEON_S2__0196
20220913T160901_20220913T162051_T17SKV,-83.45564585138543,35.66814734513607,2022-09-13,0.9098039215686274,2022-09-23,-10,projects/neon-prod-earthengine/assets/HSI_REFL/002/2022_GRSM_7,276479.926002797,3948790.40319033,EPSG:32617,NEON_S2__0197
20220921T161859_20220921T162922_T17SKV,-83.45564585138543,35.66814734513607,2022-09-21,0.9098039215686274,2022-09-23,-2,projects/neon-prod-earthengine/assets/HSI_REFL/002/2022_GRSM_7,276479.926002797,3948790.40319033,EPSG:32617,NEON_S2__0197
20220923T161001_20220923T161444_T17SKV,-83.45564585138543,35.66814734513607,2022-09-23,0.9098039215686274,2022-09-23,0,projects/neon-prod-earthengine/assets/HSI_REFL/002/2022_GRSM_7,276479.926002797,3948790.40319033,EPSG:32617,NEON_S2__0197
20220928T160949_20220928T161406_T17SKV,-83.45564585138543,35.66814734513607,2022-09-28,0.9098039215686274,2022-09-23,5,projects/neon-prod-earthengine/assets/HSI_REFL/002/2022_GRSM_7,276479.926002797,3948790.40319033,EPSG:32617,NEON_S2__0197
20221006T162151_20221006T162934_T17SKV,-83.45564585138543,35.66814734513607,2022-10-06,0.9215686274509803,2022-09-23,13,projects/neon-prod-earthengine/assets/HSI_REFL/002/2022_GRSM_7,276479.926002797,3948790.40319033,EPSG:32617,NEON_S2__0197
20221011T162209_20221011T163259_T17SKV,-83.45564585138543,35.66814734513607,2022-10-11,0.9098039215686274,2022-09-23,18,projects/neon-prod-earthengine/assets/HSI_REFL/002/2022_GRSM_7,276479.926002797,3948790.40319033,EPSG:32617,NEON_S2__0197
20221021T162319_20221021T163034_T17SKV,-83.45564585138543,35.66814734513607,2022-10-21,0.9254901960784314,2022-09-23,28,projects/neon-prod-earthengine/assets/HSI_REFL/002/2022_GRSM_7,276479.926002797,3948790.40319033,EPSG:32617,NEON_S2__0197
20220901T161829_20220901T162955_T17SKV,-83.45564585138543,35.71414108768299,2022-09-01,0.9098039215686274,2022-09-23,-22,projects/neon-prod-earthengine/assets/HSI_REFL/002/2022_GRSM_7,277430.7821201011,3953787.7671151687,EPSG:32617,NEON_S2__0198
20220913T160901_20220913T162051_T17SKV,-83.45564585138543,35.71414108768299,2022-09-13,0.9137254901960784,2022-09-23,-10,projects/neon-prod-earthengine/assets/HSI_REFL/002/2022_GRSM_7,277430.7821201011,3953787.7671151687,EPSG:32617,NEON_S2__0198
20220921T161859_20220921T162922_T17SKV,-83.45564585138543,35.71414108768299,2022-09-21,0.9176470588235294,2022-09-23,-2,projects/neon-prod-earthengine/assets/HSI_REFL/002/2022_GRSM_7,277430.7821201011,3953787.7671151687,EPSG:32617,NEON_S2__0198
20220923T161001_20220923T161444_T17SKV,-83.45564585138543,35.71414108768299,2022-09-23,0.9176470588235294,2022-09-23,0,projects/neon-prod-earthengine/assets/HSI_REFL/002/2022_GRSM_7,277430.7821201011,3953787.7671151687,EPSG:32617,NEON_S2__0198
20220928T160949_20220928T161406_T17SKV,-83.45564585138543,35.71414108768299,2022-09-28,0.9137254901960784,2022-09-23,5,projects/neon-prod-earthengine/assets/HSI_REFL/002/2022_GRSM_7,277430.7821201011,3953787.7671151687,EPSG:32617,NEON_S2__0198
20221006T162151_20221006T162934_T17SKV,-83.45564585138543,35.71414108768299,2022-10-06,0.9254901960784314,2022-09-23,13,projects/neon-prod-earthengine/assets/HSI_REFL/002/2022_GRSM_7,277430.7821201011,3953787.7671151687,EPSG:32617,NEON_S2__0198
20221011T162209_20221011T163259_T17SKV,-83.45564585138543,35.71414108768299,2022-10-11,0.9137254901960784,2022-09-23,18,projects/neon-prod-earthengine/assets/HSI_REFL/002/2022_GRSM_7,277430.7821201011,3953787.7671151687,EPSG:32617,NEON_S2__0198
20221021T162319_20221021T163034_T17SKV,-83.45564585138543,35.71414108768299,2022-10-21,0.9215686274509803,2022-09-23,28,projects/neon-prod-earthengine/assets/HSI_REFL/002/2022_GRSM_7,277430.7821201011,3953787.7671151687,EPSG:32617,NEON_S2__0198
20220913T160901_20220913T162051_T17SKV,-83.40965210883851,35.66814734513607,2022-09-13,0.9137254901960784,2022-09-23,-10,projects/neon-prod-earthengine/assets/HSI_REFL/002/2022_GRSM_7,281433.84290383186,3947755.4452260872,EPSG:32617,NEON_S2__0199
20220921T161859_20220921T162922_T17SKV,-83.40965210883851,35.66814734513607,2022-09-21,0.9176470588235294,2022-09-23,-2,projects/neon-prod-earthengine/assets/HSI_REFL/002/2022_GRSM_7,281433.84290383186,3947755.4452260872,EPSG:32617,NEON_S2__0199
20220923T161001_20220923T161444_T17SKV,-83.40965210883851,35.66814734513607,2022-09-23,0.9176470588235294,2022-09-23,0,projects/neon-prod-earthengine/assets/HSI_REFL/002/2022_GRSM_7,281433.84290383186,3947755.4452260872,EPSG:32617,NEON_S2__0199
20220928T160949_20220928T161406_T17SKV,-83.40965210883851,35.66814734513607,2022-09-28,0.9176470588235294,2022-09-23,5,projects/neon-prod-earthengine/assets/HSI_REFL/002/2022_GRSM_7,281433.84290383186,3947755.4452260872,EPSG:32617,NEON_S2__0199
20221006T162151_20221006T162934_T17SKV,-83.40965210883851,35.66814734513607,2022-10-06,0.9254901960784314,2022-09-23,13,projects/neon-prod-earthengine/assets/HSI_REFL/002/2022_GRSM_7,281433.84290383186,3947755.4452260872,EPSG:32617,NEON_S2__0199
20221011T162209_20221011T163259_T17SKV,-83.40965210883851,35.66814734513607,2022-10-11,0.9098039215686274,2022-09-23,18,projects/neon-prod-earthengine/assets/HSI_REFL/002/2022_GRSM_7,281433.84290383186,3947755.4452260872,EPSG:32617,NEON_S2__0199
20221021T162319_20221021T163034_T17SKV,-83.40965210883851,35.66814734513607,2022-10-21,0.9254901960784314,2022-09-23,28,projects/neon-prod-earthengine/assets/HSI_REFL/002/2022_GRSM_7,281433.84290383186,3947755.4452260872,EPSG:32617,NEON_S2__0199
20220901T161829_20220901T162955_T17SKV,-83.40965210883851,35.71414108768299,2022-09-01,0.9098039215686274,2022-09-23,-22,projects/neon-prod-earthengine/assets/HSI_REFL/002/2022_GRSM_7,282384.94396728894,3952752.345971402,EPSG:32617,NEON_S2__0200
20220913T160901_20220913T162051_T17SKV,-83.40965210883851,35.71414108768299,2022-09-13,0.9058823529411765,2022-09-23,-10,projects/neon-prod-earthengine/assets/HSI_REFL/002/2022_GRSM_7,282384.94396728894,3952752.345971402,EPSG:32617,NEON_S2__0200
20220921T161859_20220921T162922_T17SKV,-83.40965210883851,35.71414108768299,2022-09-21,0.9137254901960784,2022-09-23,-2,projects/neon-prod-earthengine/assets/HSI_REFL/002/2022_GRSM_7,282384.94396728894,3952752.345971402,EPSG:32617,NEON_S2__0200
20220923T161001_20220923T161444_T17SKV,-83.40965210883851,35.71414108768299,2022-09-23,0.9137254901960784,2022-09-23,0,projects/neon-prod-earthengine/assets/HSI_REFL/002/2022_GRSM_7,282384.94396728894,3952752.345971402,EPSG:32617,NEON_S2__0200
20220928T160949_20220928T161406_T17SKV,-83.40965210883851,35.71414108768299,2022-09-28,0.9137254901960784,2022-09-23,5,projects/neon-prod-earthengine/assets/HSI_REFL/002/2022_GRSM_7,282384.94396728894,3952752.345971402,EPSG:32617,NEON_S2__0200
20221006T162151_20221006T162934_T17SKV,-83.40965210883851,35.71414108768299,2022-10-06,0.9215686274509803,2022-09-23,13,projects/neon-prod-earthengine/assets/HSI_REFL/002/2022_GRSM_7,282384.94396728894,3952752.345971402,EPSG:32617,NEON_S2__0200
20221011T162209_20221011T163259_T17SKV,-83.40965210883851,35.71414108768299,2022-10-11,0.9137254901960784,2022-09-23,18,projects/neon-prod-earthengine/assets/HSI_REFL/002/2022_GRSM_7,282384.94396728894,3952752.345971402,EPSG:32617,NEON_S2__0200
20221021T162319_20221021T163034_T17SKV,-83.40965210883851,35.71414108768299,2022-10-21,0.9215686274509803,2022-09-23,28,projects/neon-prod-earthengine/assets/HSI_REFL/002/2022_GRSM_7,282384.94396728894,3952752.345971402,EPSG:32617,NEON_S2__0200
20220903T174921_20220903T175451_T13SCS,-106.82046706522054,32.678554079586306,2022-09-03,0.9019607843137255,2022-09-04,-1,projects/neon-prod-earthengine/assets/HSI_REFL/002/2022_JORN_5,329091.43711336795,3616242.259540613,EPSG:32613,NEON_S2__0209
20220923T175051_20220923T180444_T13SCS,-106.82046706522054,32.678554079586306,2022-09-23,0.9019607843137255,2022-09-04,19,projects/neon-prod-earthengine/assets/HSI_REFL/002/2022_JORN_5,329091.43711336795,3616242.259540613,EPSG:32613,NEON_S2__0209
20220603T170901_20220603T171607_T14SQJ,-96.60985621980441,39.071684293608115,2022-06-03,0.9058823529411765,2022-06-13,-11,projects/neon-prod-earthengine/assets/HSI_REFL/002/2022_KONZ_7,707367.584365901,4329335.463781447,EPSG:32614,NEON_S2__0212
20220613T170901_20220613T172041_T14SQJ,-96.60985621980441,39.071684293608115,2022-06-13,0.9098039215686274,2022-06-13,-1,projects/neon-prod-earthengine/assets/HSI_REFL/002/2022_KONZ_7,707367.584365901,4329335.463781447,EPSG:32614,NEON_S2__0212
20220618T170849_20220618T171540_T14SQJ,-96.60985621980441,39.071684293608115,2022-06-18,0.9019607843137255,2022-06-13,4,projects/neon-prod-earthengine/assets/HSI_REFL/002/2022_KONZ_7,707367.584365901,4329335.463781447,EPSG:32614,NEON_S2__0212
20220628T170859_20220628T171541_T14SQJ,-96.60985621980441,39.071684293608115,2022-06-28,0.9098039215686274,2022-06-13,14,projects/neon-prod-earthengine/assets/HSI_REFL/002/2022_KONZ_7,707367.584365901,4329335.463781447,EPSG:32614,NEON_S2__0212
20220713T170901_20220713T172008_T14SQJ,-96.60985621980441,39.071684293608115,2022-07-13,0.9098039215686274,2022-06-13,29,projects/neon-prod-earthengine/assets/HSI_REFL/002/2022_KONZ_7,707367.584365901,4329335.463781447,EPSG:32614,NEON_S2__0212
20220519T170849_20220519T172128_T14SQJ,-96.60985621980441,39.117678036155034,2022-05-19,0.9019607843137255,2022-06-13,-26,projects/neon-prod-earthengine/assets/HSI_REFL/002/2022_KONZ_7,707287.6608057002,4334455.374249515,EPSG:32614,NEON_S2__0213
20220603T170901_20220603T171607_T14SQJ,-96.60985621980441,39.117678036155034,2022-06-03,0.9176470588235294,2022-06-13,-11,projects/neon-prod-earthengine/assets/HSI_REFL/002/2022_KONZ_7,707287.6608057002,4334455.374249515,EPSG:32614,NEON_S2__0213
20220613T170901_20220613T172041_T14SQJ,-96.60985621980441,39.117678036155034,2022-06-13,0.9176470588235294,2022-06-13,-1,projects/neon-prod-earthengine/assets/HSI_REFL/002/2022_KONZ_7,707287.6608057002,4334455.374249515,EPSG:32614,NEON_S2__0213
20220618T170849_20220618T171540_T14SQJ,-96.60985621980441,39.117678036155034,2022-06-18,0.9098039215686274,2022-06-13,4,projects/neon-prod-earthengine/assets/HSI_REFL/002/2022_KONZ_7,707287.6608057002,4334455.374249515,EPSG:32614,NEON_S2__0213
20220628T170859_20220628T171541_T14SQJ,-96.60985621980441,39.117678036155034,2022-06-28,0.9137254901960784,2022-06-13,14,projects/neon-prod-earthengine/assets/HSI_REFL/002/2022_KONZ_7,707287.6608057002,4334455.374249515,EPSG:32614,NEON_S2__0213
20220713T170901_20220713T172008_T14SQJ,-96.60985621980441,39.117678036155034,2022-07-13,0.9137254901960784,2022-06-13,29,projects/neon-prod-earthengine/assets/HSI_REFL/002/2022_KONZ_7,707287.6608057002,4334455.374249515,EPSG:32614,NEON_S2__0213
20220519T170849_20220519T172128_T14SQJ,-96.60985621980441,39.16367177870195,2022-05-19,0.9019607843137255,2022-06-13,-26,projects/neon-prod-earthengine/assets/HSI_REFL/002/2022_KONZ_7,707207.6369620041,4339575.281026309,EPSG:32614,NEON_S2__0214
20220603T170901_20220603T171607_T14SQJ,-96.60985621980441,39.16367177870195,2022-06-03,0.9215686274509803,2022-06-13,-11,projects/neon-prod-earthengine/assets/HSI_REFL/002/2022_KONZ_7,707207.6369620041,4339575.281026309,EPSG:32614,NEON_S2__0214
20220613T170901_20220613T172041_T14SQJ,-96.60985621980441,39.16367177870195,2022-06-13,0.9176470588235294,2022-06-13,-1,projects/neon-prod-earthengine/assets/HSI_REFL/002/2022_KONZ_7,707207.6369620041,4339575.281026309,EPSG:32614,NEON_S2__0214
20220618T170849_20220618T171540_T14SQJ,-96.60985621980441,39.16367177870195,2022-06-18,0.9098039215686274,2022-06-13,4,projects/neon-prod-earthengine/assets/HSI_REFL/002/2022_KONZ_7,707207.6369620041,4339575.281026309,EPSG:32614,NEON_S2__0214
20220628T170859_20220628T171541_T14SQJ,-96.60985621980441,39.16367177870195,2022-06-28,0.9137254901960784,2022-06-13,14,projects/neon-prod-earthengine/assets/HSI_REFL/002/2022_KONZ_7,707207.6369620041,4339575.281026309,EPSG:32614,NEON_S2__0214
20220603T170901_20220603T171607_T14SPJ,-96.60985621980441,39.20966552124887,2022-06-03,0.9176470588235294,2022-06-13,-11,projects/neon-prod-earthengine/assets/HSI_REFL/002/2022_KONZ_7,707127.5128890233,4344695.18410896,EPSG:32614,NEON_S2__0215
20220603T170901_20220603T171607_T14SQJ,-96.60985621980441,39.20966552124887,2022-06-03,0.9215686274509803,2022-06-13,-11,projects/neon-prod-earthengine/assets/HSI_REFL/002/2022_KONZ_7,707127.5128890233,4344695.18410896,EPSG:32614,NEON_S2__0215
20220613T170901_20220613T172041_T14SPJ,-96.60985621980441,39.20966552124887,2022-06-13,0.9176470588235294,2022-06-13,-1,projects/neon-prod-earthengine/assets/HSI_REFL/002/2022_KONZ_7,707127.5128890233,4344695.18410896,EPSG:32614,NEON_S2__0215
20220613T170901_20220613T172041_T14SQJ,-96.60985621980441,39.20966552124887,2022-06-13,0.9176470588235294,2022-06-13,-1,projects/neon-prod-earthengine/assets/HSI_REFL/002/2022_KONZ_7,707127.5128890233,4344695.18410896,EPSG:32614,NEON_S2__0215
20220618T170849_20220618T171540_T14SPJ,-96.60985621980441,39.20966552124887,2022-06-18,0.9058823529411765,2022-06-13,4,projects/neon-prod-earthengine/assets/HSI_REFL/002/2022_KONZ_7,707127.5128890233,4344695.18410896,EPSG:32614,NEON_S2__0215
20220618T170849_20220618T171540_T14SQJ,-96.60985621980441,39.20966552124887,2022-06-18,0.9058823529411765,2022-06-13,4,projects/neon-prod-earthengine/assets/HSI_REFL/002/2022_KONZ_7,707127.5128890233,4344695.18410896,EPSG:32614,NEON_S2__0215
20220628T170859_20220628T171541_T14SPJ,-96.60985621980441,39.20966552124887,2022-06-28,0.9137254901960784,2022-06-13,14,projects/neon-prod-earthengine/assets/HSI_REFL/002/2022_KONZ_7,707127.5128890233,4344695.18410896,EPSG:32614,NEON_S2__0215
20220628T170859_20220628T171541_T14SQJ,-96.60985621980441,39.20966552124887,2022-06-28,0.9137254901960784,2022-06-13,14,projects/neon-prod-earthengine/assets/HSI_REFL/002/2022_KONZ_7,707127.5128890233,4344695.18410896,EPSG:32614,NEON_S2__0215
20220603T170901_20220603T171607_T14SQJ,-96.56386247725749,39.071684293608115,2022-06-03,0.9098039215686274,2022-06-13,-11,projects/neon-prod-earthengine/assets/HSI_REFL/002/2022_KONZ_7,712444.7122405297,4329409.683011861,EPSG:32614,NEON_S2__0216
20220613T170901_20220613T172041_T14SQJ,-96.56386247725749,39.071684293608115,2022-06-13,0.9098039215686274,2022-06-13,-1,projects/neon-prod-earthengine/assets/HSI_REFL/002/2022_KONZ_7,712444.7122405297,4329409.683011861,EPSG:32614,NEON_S2__0216
20220618T170849_20220618T171540_T14SQJ,-96.56386247725749,39.071684293608115,2022-06-18,0.9019607843137255,2022-06-13,4,projects/neon-prod-earthengine/assets/HSI_REFL/002/2022_KONZ_7,712444.7122405297,4329409.683011861,EPSG:32614,NEON_S2__0216
20220628T170859_20220628T171541_T14SQJ,-96.56386247725749,39.071684293608115,2022-06-28,0.9098039215686274,2022-06-13,14,projects/neon-prod-earthengine/assets/HSI_REFL/002/2022_KONZ_7,712444.7122405297,4329409.683011861,EPSG:32614,NEON_S2__0216
20220713T170901_20220713T172008_T14SQJ,-96.56386247725749,39.071684293608115,2022-07-13,0.9058823529411765,2022-06-13,29,projects/neon-prod-earthengine/assets/HSI_REFL/002/2022_KONZ_7,712444.7122405297,4329409.683011861,EPSG:32614,NEON_S2__0216
20220603T170901_20220603T171607_T14SQJ,-96.56386247725749,39.117678036155034,2022-06-03,0.9137254901960784,2022-06-13,-11,projects/neon-prod-earthengine/assets/HSI_REFL/002/2022_KONZ_7,712365.0910819,4334529.715316997,EPSG:32614,NEON_S2__0217
20220613T170901_20220613T172041_T14SQJ,-96.56386247725749,39.117678036155034,2022-06-13,0.9137254901960784,2022-06-13,-1,projects/neon-prod-earthengine/assets/HSI_REFL/002/2022_KONZ_7,712365.0910819,4334529.715316997,EPSG:32614,NEON_S2__0217
20220618T170849_20220618T171540_T14SQJ,-96.56386247725749,39.117678036155034,2022-06-18,0.9058823529411765,2022-06-13,4,projects/neon-prod-earthengine/assets/HSI_REFL/002/2022_KONZ_7,712365.0910819,4334529.715316997,EPSG:32614,NEON_S2__0217
20220628T170859_20220628T171541_T14SQJ,-96.56386247725749,39.117678036155034,2022-06-28,0.9137254901960784,2022-06-13,14,projects/neon-prod-earthengine/assets/HSI_REFL/002/2022_KONZ_7,712365.0910819,4334529.715316997,EPSG:32614,NEON_S2__0217
20220713T170901_20220713T172008_T14SQJ,-96.56386247725749,39.117678036155034,2022-07-13,0.9137254901960784,2022-06-13,29,projects/neon-prod-earthengine/assets/HSI_REFL/002/2022_KONZ_7,712365.0910819,4334529.715316997,EPSG:32614,NEON_S2__0217
20220603T170901_20220603T171607_T14SQJ,-96.47187499216365,38.93370306596736,2022-06-03,0.9137254901960784,2022-06-14,-12,projects/neon-prod-earthengine/assets/HSI_REFL/002/2022_MCDI_3,717759.3250565998,4314122.804297642,EPSG:32614,NEON_S2__0218
20220613T170901_20220613T172041_T14SQJ,-96.47187499216365,38.93370306596736,2022-06-13,0.9137254901960784,2022-06-14,-2,projects/neon-prod-earthengine/assets/HSI_REFL/002/2022_MCDI_3,717759.3250565998,4314122.804297642,EPSG:32614,NEON_S2__0218
20220618T170849_20220618T171540_T14SQJ,-96.47187499216365,38.93370306596736,2022-06-18,0.9058823529411765,2022-06-14,3,projects/neon-prod-earthengine/assets/HSI_REFL/002/2022_MCDI_3,717759.3250565998,4314122.804297642,EPSG:32614,NEON_S2__0218
20220628T170859_20220628T171541_T14SQJ,-96.47187499216365,38.93370306596736,2022-06-28,0.9098039215686274,2022-06-14,13,projects/neon-prod-earthengine/assets/HSI_REFL/002/2022_MCDI_3,717759.3250565998,4314122.804297642,EPSG:32614,NEON_S2__0218
20220713T170901_20220713T172008_T14SQJ,-96.47187499216365,38.93370306596736,2022-07-13,0.9098039215686274,2022-06-14,28,projects/neon-prod-earthengine/assets/HSI_REFL/002/2022_MCDI_3,717759.3250565998,4314122.804297642,EPSG:32614,NEON_S2__0218
20220923T161001_20220923T161444_T17SNB,-80.55804007092951,37.369915819372096,2022-09-23,0.9176470588235294,2022-09-21,2,projects/neon-prod-earthengine/assets/HSI_REFL/002/2022_MLBS_5,540139.0632271835,4136492.085378991,EPSG:32617,NEON_S2__0219
20221005T160119_20221005T161213_T17SNB,-80.55804007092951,37.369915819372096,2022-10-05,0.9176470588235294,2022-09-21,14,projects/neon-prod-earthengine/assets/HSI_REFL/002/2022_MLBS_5,540139.0632271835,4136492.085378991,EPSG:32617,NEON_S2__0219
20221008T161149_20221008T161654_T17SNB,-80.55804007092951,37.369915819372096,2022-10-08,0.9019607843137255,2022-09-21,17,projects/neon-prod-earthengine/assets/HSI_REFL/002/2022_MLBS_5,540139.0632271835,4136492.085378991,EPSG:32617,NEON_S2__0219
20221010T160201_20221010T161201_T17SNB,-80.55804007092951,37.369915819372096,2022-10-10,0.9176470588235294,2022-09-21,19,projects/neon-prod-earthengine/assets/HSI_REFL/002/2022_MLBS_5,540139.0632271835,4136492.085378991,EPSG:32617,NEON_S2__0219
20221015T160229_20221015T160302_T17SNB,-80.55804007092951,37.369915819372096,2022-10-15,0.9098039215686274,2022-09-21,24,projects/neon-prod-earthengine/assets/HSI_REFL/002/2022_MLBS_5,540139.0632271835,4136492.085378991,EPSG:32617,NEON_S2__0219
20221020T160301_20221020T160749_T17SNB,-80.55804007092951,37.369915819372096,2022-10-20,0.9254901960784314,2022-09-21,29,projects/neon-prod-earthengine/assets/HSI_REFL/002/2022_MLBS_5,540139.0632271835,4136492.085378991,EPSG:32617,NEON_S2__0219
20220923T161001_20220923T161444_T17SNB,-80.55804007092951,37.415909561919015,2022-09-23,0.9137254901960784,2022-09-21,2,projects/neon-prod-earthengine/assets/HSI_REFL/002/2022_MLBS_5,541130.4166826316,4141465.1483827857,EPSG:32617,NEON_S2__0220
20221005T160119_20221005T161213_T17SNB,-80.55804007092951,37.415909561919015,2022-10-05,0.9176470588235294,2022-09-21,14,projects/neon-prod-earthengine/assets/HSI_REFL/002/2022_MLBS_5,541130.4166826316,4141465.1483827857,EPSG:32617,NEON_S2__0220
20221010T160201_20221010T161201_T17SNB,-80.55804007092951,37.415909561919015,2022-10-10,0.9176470588235294,2022-09-21,19,projects/neon-prod-earthengine/assets/HSI_REFL/002/2022_MLBS_5,541130.4166826316,4141465.1483827857,EPSG:32617,NEON_S2__0220
20221015T160229_20221015T160302_T17SNB,-80.55804007092951,37.415909561919015,2022-10-15,0.9137254901960784,2022-09-21,24,projects/neon-prod-earthengine/assets/HSI_REFL/002/2022_MLBS_5,541130.4166826316,4141465.1483827857,EPSG:32617,NEON_S2__0220
20221020T160301_20221020T160749_T17SNB,-80.55804007092951,37.415909561919015,2022-10-20,0.9294117647058824,2022-09-21,29,projects/neon-prod-earthengine/assets/HSI_REFL/002/2022_MLBS_5,541130.4166826316,4141465.1483827857,EPSG:32617,NEON_S2__0220
20220923T161001_20220923T161444_T17SNB,-80.51204632838258,37.369915819372096,2022-09-23,0.9137254901960784,2022-09-21,2,projects/neon-prod-earthengine/assets/HSI_REFL/002/2022_MLBS_5,545096.2074551338,4135410.2987861945,EPSG:32617,NEON_S2__0221
20221005T160119_20221005T161213_T17SNB,-80.51204632838258,37.369915819372096,2022-10-05,0.9176470588235294,2022-09-21,14,projects/neon-prod-earthengine/assets/HSI_REFL/002/2022_MLBS_5,545096.2074551338,4135410.2987861945,EPSG:32617,NEON_S2__0221
20221010T160201_20221010T161201_T17SNB,-80.51204632838258,37.369915819372096,2022-10-10,0.9176470588235294,2022-09-21,19,projects/neon-prod-earthengine/assets/HSI_REFL/002/2022_MLBS_5,545096.2074551338,4135410.2987861945,EPSG:32617,NEON_S2__0221
20221015T160229_20221015T160302_T17SNB,-80.51204632838258,37.369915819372096,2022-10-15,0.9137254901960784,2022-09-21,24,projects/neon-prod-earthengine/assets/HSI_REFL/002/2022_MLBS_5,545096.2074551338,4135410.2987861945,EPSG:32617,NEON_S2__0221
20221020T160301_20221020T160749_T17SNB,-80.51204632838258,37.369915819372096,2022-10-20,0.9294117647058824,2022-09-21,29,projects/neon-prod-earthengine/assets/HSI_REFL/002/2022_MLBS_5,545096.2074551338,4135410.2987861945,EPSG:32617,NEON_S2__0221
20220404T175909_20220404T180746_T12SXH,-109.39611664784803,38.24379692776356,2022-04-04,0.9098039215686274,2022-04-30,-26,projects/neon-prod-earthengine/assets/HSI_REFL/002/2022_MOAB_6,640133.7672718331,4232284.211199537,EPSG:32612,NEON_S2__0222
20220419T175921_20220419T180751_T12SXH,-109.39611664784803,38.24379692776356,2022-04-19,0.9058823529411765,2022-04-30,-11,projects/neon-prod-earthengine/assets/HSI_REFL/002/2022_MOAB_6,640133.7672718331,4232284.211199537,EPSG:32612,NEON_S2__0222
20220429T175921_20220429T180752_T12SXH,-109.39611664784803,38.24379692776356,2022-04-29,0.9058823529411765,2022-04-30,-1,projects/neon-prod-earthengine/assets/HSI_REFL/002/2022_MOAB_6,640133.7672718331,4232284.211199537,EPSG:32612,NEON_S2__0222
20220509T175921_20220509T181113_T12SXH,-109.39611664784803,38.24379692776356,2022-05-09,0.9019607843137255,2022-04-30,9,projects/neon-prod-earthengine/assets/HSI_REFL/002/2022_MOAB_6,640133.7672718331,4232284.211199537,EPSG:32612,NEON_S2__0222
20220514T175909_20220514T180752_T12SXH,-109.39611664784803,38.24379692776356,2022-05-14,0.9019607843137255,2022-04-30,14,projects/neon-prod-earthengine/assets/HSI_REFL/002/2022_MOAB_6,640133.7672718331,4232284.211199537,EPSG:32612,NEON_S2__0222
20220524T175909_20220524T180758_T12SXH,-109.39611664784803,38.24379692776356,2022-05-24,0.9019607843137255,2022-04-30,24,projects/neon-prod-earthengine/assets/HSI_REFL/002/2022_MOAB_6,640133.7672718331,4232284.211199537,EPSG:32612,NEON_S2__0222
20220404T175909_20220404T180746_T12SXH,-109.39611664784803,38.28979067031048,2022-04-04,0.9098039215686274,2022-04-30,-26,projects/neon-prod-earthengine/assets/HSI_REFL/002/2022_MOAB_6,639323.8820087991,4237315.782717804,EPSG:32612,NEON_S2__0223
20220419T175921_20220419T180751_T12SXH,-109.39611664784803,38.28979067031048,2022-04-19,0.9058823529411765,2022-04-30,-11,projects/neon-prod-earthengine/assets/HSI_REFL/002/2022_MOAB_6,639323.8820087991,4237315.782717804,EPSG:32612,NEON_S2__0223
20220429T175921_20220429T180752_T12SXH,-109.39611664784803,38.28979067031048,2022-04-29,0.9058823529411765,2022-04-30,-1,projects/neon-prod-earthengine/assets/HSI_REFL/002/2022_MOAB_6,639323.8820087991,4237315.782717804,EPSG:32612,NEON_S2__0223
20220509T175921_20220509T181113_T12SXH,-109.39611664784803,38.28979067031048,2022-05-09,0.9058823529411765,2022-04-30,9,projects/neon-prod-earthengine/assets/HSI_REFL/002/2022_MOAB_6,639323.8820087991,4237315.782717804,EPSG:32612,NEON_S2__0223
20220514T175909_20220514T180752_T12SXH,-109.39611664784803,38.28979067031048,2022-05-14,0.9019607843137255,2022-04-30,14,projects/neon-prod-earthengine/assets/HSI_REFL/002/2022_MOAB_6,639323.8820087991,4237315.782717804,EPSG:32612,NEON_S2__0223
20220524T175909_20220524T180758_T12SXH,-109.39611664784803,38.28979067031048,2022-05-24,0.9019607843137255,2022-04-30,24,projects/neon-prod-earthengine/assets/HSI_REFL/002/2022_MOAB_6,639323.8820087991,4237315.782717804,EPSG:32612,NEON_S2__0223
20220404T175909_20220404T180746_T12SXH,-109.3501229053011,38.24379692776356,2022-04-04,0.9098039215686274,2022-04-30,-26,projects/neon-prod-earthengine/assets/HSI_REFL/002/2022_MOAB_6,645134.3250503734,4233152.705383984,EPSG:32612,NEON_S2__0224
20220419T175921_20220419T180751_T12SXH,-109.3501229053011,38.24379692776356,2022-04-19,0.9098039215686274,2022-04-30,-11,projects/neon-prod-earthengine/assets/HSI_REFL/002/2022_MOAB_6,645134.3250503734,4233152.705383984,EPSG:32612,NEON_S2__0224
20220429T175921_20220429T180752_T12SXH,-109.3501229053011,38.24379692776356,2022-04-29,0.9098039215686274,2022-04-30,-1,projects/neon-prod-earthengine/assets/HSI_REFL/002/2022_MOAB_6,645134.3250503734,4233152.705383984,EPSG:32612,NEON_S2__0224
20220509T175921_20220509T181113_T12SXH,-109.3501229053011,38.24379692776356,2022-05-09,0.9019607843137255,2022-04-30,9,projects/neon-prod-earthengine/assets/HSI_REFL/002/2022_MOAB_6,645134.3250503734,4233152.705383984,EPSG:32612,NEON_S2__0224
20220514T175909_20220514T180752_T12SXH,-109.3501229053011,38.24379692776356,2022-05-14,0.9058823529411765,2022-04-30,14,projects/neon-prod-earthengine/assets/HSI_REFL/002/2022_MOAB_6,645134.3250503734,4233152.705383984,EPSG:32612,NEON_S2__0224
20220524T175909_20220524T180758_T12SXH,-109.3501229053011,38.24379692776356,2022-05-24,0.9019607843137255,2022-04-30,24,projects/neon-prod-earthengine/assets/HSI_REFL/002/2022_MOAB_6,645134.3250503734,4233152.705383984,EPSG:32612,NEON_S2__0224
20220404T175909_20220404T180746_T12SXH,-109.3501229053011,38.28979067031048,2022-04-04,0.9137254901960784,2022-04-30,-26,projects/neon-prod-earthengine/assets/HSI_REFL/002/2022_MOAB_6,644324.6766583391,4238184.630736177,EPSG:32612,NEON_S2__0225
20220419T175921_20220419T180751_T12SXH,-109.3501229053011,38.28979067031048,2022-04-19,0.9098039215686274,2022-04-30,-11,projects/neon-prod-earthengine/assets/HSI_REFL/002/2022_MOAB_6,644324.6766583391,4238184.630736177,EPSG:32612,NEON_S2__0225
20220429T175921_20220429T180752_T12SXH,-109.3501229053011,38.28979067031048,2022-04-29,0.9098039215686274,2022-04-30,-1,projects/neon-prod-earthengine/assets/HSI_REFL/002/2022_MOAB_6,644324.6766583391,4238184.630736177,EPSG:32612,NEON_S2__0225
20220509T175921_20220509T181113_T12SXH,-109.3501229053011,38.28979067031048,2022-05-09,0.9058823529411765,2022-04-30,9,projects/neon-prod-earthengine/assets/HSI_REFL/002/2022_MOAB_6,644324.6766583391,4238184.630736177,EPSG:32612,NEON_S2__0225
20220514T175909_20220514T180752_T12SXH,-109.3501229053011,38.28979067031048,2022-05-14,0.9058823529411765,2022-04-30,14,projects/neon-prod-earthengine/assets/HSI_REFL/002/2022_MOAB_6,644324.6766583391,4238184.630736177,EPSG:32612,NEON_S2__0225
20220524T175909_20220524T180758_T12SXH,-109.3501229053011,38.28979067031048,2022-05-24,0.9019607843137255,2022-04-30,24,projects/neon-prod-earthengine/assets/HSI_REFL/002/2022_MOAB_6,644324.6766583391,4238184.630736177,EPSG:32612,NEON_S2__0225
20220407T180909_20220407T182018_T12TUK,-112.56968488358548,40.175534114734184,2022-04-07,0.9137254901960784,2022-05-05,-28,projects/neon-prod-earthengine/assets/HSI_REFL/002/2022_ONAQ_4,367754.0932949473,4447492.858887847,EPSG:32612,NEON_S2__0226
20220417T180909_20220417T182253_T12TUK,-112.56968488358548,40.175534114734184,2022-04-17,0.9058823529411765,2022-05-05,-18,projects/neon-prod-earthengine/assets/HSI_REFL/002/2022_ONAQ_4,367754.0932949473,4447492.858887847,EPSG:32612,NEON_S2__0226
20220420T181909_20220420T182550_T12TUK,-112.56968488358548,40.175534114734184,2022-04-20,0.9019607843137255,2022-05-05,-15,projects/neon-prod-earthengine/assets/HSI_REFL/002/2022_ONAQ_4,367754.0932949473,4447492.858887847,EPSG:32612,NEON_S2__0226
20220430T181909_20220430T182723_T12TUK,-112.56968488358548,40.175534114734184,2022-04-30,0.9058823529411765,2022-05-05,-5,projects/neon-prod-earthengine/assets/HSI_REFL/002/2022_ONAQ_4,367754.0932949473,4447492.858887847,EPSG:32612,NEON_S2__0226
20220510T181919_20220510T182814_T12TUK,-112.56968488358548,40.175534114734184,2022-05-10,0.9019607843137255,2022-05-05,5,projects/neon-prod-earthengine/assets/HSI_REFL/002/2022_ONAQ_4,367754.0932949473,4447492.858887847,EPSG:32612,NEON_S2__0226
20220515T181921_20220515T182926_T12TUK,-112.56968488358548,40.175534114734184,2022-05-15,0.9019607843137255,2022-05-05,10,projects/neon-prod-earthengine/assets/HSI_REFL/002/2022_ONAQ_4,367754.0932949473,4447492.858887847,EPSG:32612,NEON_S2__0226
20220525T181921_20220525T182947_T12TUK,-112.56968488358548,40.175534114734184,2022-05-25,0.9019607843137255,2022-05-05,20,projects/neon-prod-earthengine/assets/HSI_REFL/002/2022_ONAQ_4,367754.0932949473,4447492.858887847,EPSG:32612,NEON_S2__0226
20220407T180909_20220407T182018_T12TUK,-112.47769739849164,40.175534114734184,2022-04-07,0.9098039215686274,2022-05-05,-28,projects/neon-prod-earthengine/assets/HSI_REFL/002/2022_ONAQ_4,372761.8953783614,4448401.6358216,EPSG:32612,NEON_S2__0227
20220430T181909_20220430T182723_T12TUK,-112.47769739849164,40.175534114734184,2022-04-30,0.9019607843137255,2022-05-05,-5,projects/neon-prod-earthengine/assets/HSI_REFL/002/2022_ONAQ_4,372761.8953783614,4448401.6358216,EPSG:32612,NEON_S2__0227
20220510T181919_20220510T182814_T12TUK,-112.47769739849164,40.175534114734184,2022-05-10,0.9019607843137255,2022-05-05,5,projects/neon-prod-earthengine/assets/HSI_REFL/002/2022_ONAQ_4,372761.8953783614,4448401.6358216,EPSG:32612,NEON_S2__0227
20220515T181921_20220515T182926_T12TUK,-112.47769739849164,40.175534114734184,2022-05-15,0.9058823529411765,2022-05-05,10,projects/neon-prod-earthengine/assets/HSI_REFL/002/2022_ONAQ_4,372761.8953783614,4448401.6358216,EPSG:32612,NEON_S2__0227
20220522T180921_20220522T181518_T12TUK,-112.47769739849164,40.175534114734184,2022-05-22,0.9019607843137255,2022-05-05,17,projects/neon-prod-earthengine/assets/HSI_REFL/002/2022_ONAQ_4,372761.8953783614,4448401.6358216,EPSG:32612,NEON_S2__0227
20220525T181921_20220525T182947_T12TUK,-112.47769739849164,40.175534114734184,2022-05-25,0.9019607843137255,2022-05-05,20,projects/neon-prod-earthengine/assets/HSI_REFL/002/2022_ONAQ_4,372761.8953783614,4448401.6358216,EPSG:32612,NEON_S2__0227
20220601T180921_20220601T181620_T12TUK,-112.47769739849164,40.175534114734184,2022-06-01,0.9019607843137255,2022-05-05,27,projects/neon-prod-earthengine/assets/HSI_REFL/002/2022_ONAQ_4,372761.8953783614,4448401.6358216,EPSG:32612,NEON_S2__0227
20220407T180909_20220407T182018_T12TUK,-112.52369114103855,40.2215278572811,2022-04-07,0.9215686274509803,2022-05-05,-28,projects/neon-prod-earthengine/assets/HSI_REFL/002/2022_ONAQ_4,371916.4914044456,4453415.802635495,EPSG:32612,NEON_S2__0228
20220417T180909_20220417T182253_T12TUK,-112.52369114103855,40.2215278572811,2022-04-17,0.9058823529411765,2022-05-05,-18,projects/neon-prod-earthengine/assets/HSI_REFL/002/2022_ONAQ_4,371916.4914044456,4453415.802635495,EPSG:32612,NEON_S2__0228
20220420T181909_20220420T182550_T12TUK,-112.52369114103855,40.2215278572811,2022-04-20,0.9137254901960784,2022-05-05,-15,projects/neon-prod-earthengine/assets/HSI_REFL/002/2022_ONAQ_4,371916.4914044456,4453415.802635495,EPSG:32612,NEON_S2__0228
20220430T181909_20220430T182723_T12TUK,-112.52369114103855,40.2215278572811,2022-04-30,0.9098039215686274,2022-05-05,-5,projects/neon-prod-earthengine/assets/HSI_REFL/002/2022_ONAQ_4,371916.4914044456,4453415.802635495,EPSG:32612,NEON_S2__0228
20220510T181919_20220510T182814_T12TUK,-112.52369114103855,40.2215278572811,2022-05-10,0.9058823529411765,2022-05-05,5,projects/neon-prod-earthengine/assets/HSI_REFL/002/2022_ONAQ_4,371916.4914044456,4453415.802635495,EPSG:32612,NEON_S2__0228
20220515T181921_20220515T182926_T12TUK,-112.52369114103855,40.2215278572811,2022-05-15,0.9058823529411765,2022-05-05,10,projects/neon-prod-earthengine/assets/HSI_REFL/002/2022_ONAQ_4,371916.4914044456,4453415.802635495,EPSG:32612,NEON_S2__0228
20220525T181921_20220525T182947_T12TUK,-112.52369114103855,40.2215278572811,2022-05-25,0.9058823529411765,2022-05-05,20,projects/neon-prod-earthengine/assets/HSI_REFL/002/2022_ONAQ_4,371916.4914044456,4453415.802635495,EPSG:32612,NEON_S2__0228
20220407T180909_20220407T182018_T12TUK,-112.43170365594472,40.175534114734184,2022-04-07,0.9058823529411765,2022-05-05,-28,projects/neon-prod-earthengine/assets/HSI_REFL/002/2022_ONAQ_4,377769.7104017173,4449309.887054116,EPSG:32612,NEON_S2__0229
20220430T181909_20220430T182723_T12TUK,-112.43170365594472,40.175534114734184,2022-04-30,0.9019607843137255,2022-05-05,-5,projects/neon-prod-earthengine/assets/HSI_REFL/002/2022_ONAQ_4,377769.7104017173,4449309.887054116,EPSG:32612,NEON_S2__0229
20220510T181919_20220510T182814_T12TUK,-112.43170365594472,40.175534114734184,2022-05-10,0.9019607843137255,2022-05-05,5,projects/neon-prod-earthengine/assets/HSI_REFL/002/2022_ONAQ_4,377769.7104017173,4449309.887054116,EPSG:32612,NEON_S2__0229
20220515T181921_20220515T182926_T12TUK,-112.43170365594472,40.175534114734184,2022-05-15,0.9019607843137255,2022-05-05,10,projects/neon-prod-earthengine/assets/HSI_REFL/002/2022_ONAQ_4,377769.7104017173,4449309.887054116,EPSG:32612,NEON_S2__0229
20220525T181921_20220525T182947_T12TUK,-112.43170365594472,40.175534114734184,2022-05-25,0.9019607843137255,2022-05-05,20,projects/neon-prod-earthengine/assets/HSI_REFL/002/2022_ONAQ_4,377769.7104017173,4449309.887054116,EPSG:32612,NEON_S2__0229
20220601T180921_20220601T181620_T12TUK,-112.43170365594472,40.175534114734184,2022-06-01,0.9019607843137255,2022-05-05,27,projects/neon-prod-earthengine/assets/HSI_REFL/002/2022_ONAQ_4,377769.7104017173,4449309.887054116,EPSG:32612,NEON_S2__0229
20220407T180909_20220407T182018_T12TUK,-112.43170365594472,40.2215278572811,2022-04-07,0.9019607843137255,2022-05-05,-28,projects/neon-prod-earthengine/assets/HSI_REFL/002/2022_ONAQ_4,376924.5341254066,4454324.288083426,EPSG:32612,NEON_S2__0230
20220811T173921_20220811T174516_T13TFE,-103.04898017637314,40.4514965700157,2022-08-11,0.9058823529411765,2022-07-17,25,projects/neon-prod-earthengine/assets/HSI_REFL/002/2022_STER_4,664241.1421249759,4480539.120695547,EPSG:32613,NEON_S2__0231
20220712T173921_20220712T174933_T13TFE,-103.04898017637314,40.49749031256262,2022-07-12,0.9019607843137255,2022-07-17,-5,projects/neon-prod-earthengine/assets/HSI_REFL/002/2022_STER_4,663781.3570500092,4485633.362922423,EPSG:32613,NEON_S2__0232
20220717T173909_20220717T174744_T13TFE,-103.04898017637314,40.49749031256262,2022-07-17,0.9019607843137255,2022-07-17,0,projects/neon-prod-earthengine/assets/HSI_REFL/002/2022_STER_4,663781.3570500092,4485633.362922423,EPSG:32613,NEON_S2__0232
20220811T173921_20220811T174516_T13TFE,-103.04898017637314,40.49749031256262,2022-08-11,0.9098039215686274,2022-07-17,25,projects/neon-prod-earthengine/assets/HSI_REFL/002/2022_STER_4,663781.3570500092,4485633.362922423,EPSG:32613,NEON_S2__0232
20220712T173921_20220712T174933_T13TFE,-103.00298643382622,40.4514965700157,2022-07-12,0.9019607843137255,2022-07-17,-5,projects/neon-prod-earthengine/assets/HSI_REFL/002/2022_STER_4,669304.4847053447,4481020.864705331,EPSG:32613,NEON_S2__0233
20220811T173921_20220811T174516_T13TFE,-103.00298643382622,40.4514965700157,2022-08-11,0.9098039215686274,2022-07-17,25,projects/neon-prod-earthengine/assets/HSI_REFL/002/2022_STER_4,669304.4847053447,4481020.864705331,EPSG:32613,NEON_S2__0233
20220617T173909_20220617T174815_T13TFE,-103.00298643382622,40.49749031256262,2022-06-17,0.9019607843137255,2022-07-17,-30,projects/neon-prod-earthengine/assets/HSI_REFL/002/2022_STER_4,668844.9394883526,4486115.336404019,EPSG:32613,NEON_S2__0234
20220627T173909_20220627T174816_T13TFE,-103.00298643382622,40.49749031256262,2022-06-27,0.9019607843137255,2022-07-17,-20,projects/neon-prod-earthengine/assets/HSI_REFL/002/2022_STER_4,668844.9394883526,4486115.336404019,EPSG:32613,NEON_S2__0234
20220811T173921_20220811T174516_T13TFE,-103.00298643382622,40.49749031256262,2022-08-11,0.9058823529411765,2022-07-17,25,projects/neon-prod-earthengine/assets/HSI_REFL/002/2022_STER_4,668844.9394883526,4486115.336404019,EPSG:32613,NEON_S2__0234
20220720T220541_20220720T220542_T05WPS,-149.4566664062149,68.55367326618351,2022-07-20,0.9137254901960784,2022-08-03,-14,projects/neon-prod-earthengine/assets/HSI_REFL/002/2022_TOOL_4,399527.0860932878,7608212.742273327,EPSG:32606,NEON_S2__0235
20220730T220541_20220730T220540_T05WPS,-149.4566664062149,68.55367326618351,2022-07-30,0.9098039215686274,2022-08-03,-4,projects/neon-prod-earthengine/assets/HSI_REFL/002/2022_TOOL_4,399527.0860932878,7608212.742273327,EPSG:32606,NEON_S2__0235
20220804T220539_20220804T220534_T05WPS,-149.4566664062149,68.55367326618351,2022-08-04,0.9176470588235294,2022-08-03,1,projects/neon-prod-earthengine/assets/HSI_REFL/002/2022_TOOL_4,399527.0860932878,7608212.742273327,EPSG:32606,NEON_S2__0235
20220720T220541_20220720T220542_T05WPS,-149.54865389130876,68.59966700873044,2022-07-20,0.9098039215686274,2022-08-03,-14,projects/neon-prod-earthengine/assets/HSI_REFL/002/2022_TOOL_4,395947.4139309033,7611765.459610993,EPSG:32606,NEON_S2__0236
20220730T220541_20220730T220540_T05WPS,-149.54865389130876,68.59966700873044,2022-07-30,0.9176470588235294,2022-08-03,-4,projects/neon-prod-earthengine/assets/HSI_REFL/002/2022_TOOL_4,395947.4139309033,7611765.459610993,EPSG:32606,NEON_S2__0236
20220803T214541_20220803T214540_T05WPS,-149.54865389130876,68.59966700873044,2022-08-03,0.9137254901960784,2022-08-03,0,projects/neon-prod-earthengine/assets/HSI_REFL/002/2022_TOOL_4,395947.4139309033,7611765.459610993,EPSG:32606,NEON_S2__0236
20220709T214539_20220709T214534_T06WVB,-149.36467892112108,68.59966700873044,2022-07-09,0.9019607843137255,2022-08-03,-25,projects/neon-prod-earthengine/assets/HSI_REFL/002/2022_TOOL_4,403176.7229008335,7611594.918818877,EPSG:32606,NEON_S2__0237
20220720T220541_20220720T220542_T05WPS,-149.36467892112108,68.59966700873044,2022-07-20,0.9137254901960784,2022-08-03,-14,projects/neon-prod-earthengine/assets/HSI_REFL/002/2022_TOOL_4,403176.7229008335,7611594.918818877,EPSG:32606,NEON_S2__0237
20220720T220541_20220720T220542_T06WVB,-149.36467892112108,68.59966700873044,2022-07-20,0.9098039215686274,2022-08-03,-14,projects/neon-prod-earthengine/assets/HSI_REFL/002/2022_TOOL_4,403176.7229008335,7611594.918818877,EPSG:32606,NEON_S2__0237
20220730T220541_20220730T220540_T05WPS,-149.36467892112108,68.59966700873044,2022-07-30,0.9019607843137255,2022-08-03,-4,projects/neon-prod-earthengine/assets/HSI_REFL/002/2022_TOOL_4,403176.7229008335,7611594.918818877,EPSG:32606,NEON_S2__0237
20220730T220541_20220730T220540_T06WVB,-149.36467892112108,68.59966700873044,2022-07-30,0.9137254901960784,2022-08-03,-4,projects/neon-prod-earthengine/assets/HSI_REFL/002/2022_TOOL_4,403176.7229008335,7611594.918818877,EPSG:32606,NEON_S2__0237
20220804T220539_20220804T220534_T05WPS,-149.36467892112108,68.59966700873044,2022-08-04,0.9215686274509803,2022-08-03,1,projects/neon-prod-earthengine/assets/HSI_REFL/002/2022_TOOL_4,403176.7229008335,7611594.918818877,EPSG:32606,NEON_S2__0237
20220804T220539_20220804T220534_T06WVB,-149.36467892112108,68.59966700873044,2022-08-04,0.9254901960784314,2022-08-03,1,projects/neon-prod-earthengine/assets/HSI_REFL/002/2022_TOOL_4,403176.7229008335,7611594.918818877,EPSG:32606,NEON_S2__0237
20220709T214539_20220709T214534_T05WPS,-149.4566664062149,68.64566075127735,2022-07-09,0.9058823529411765,2022-08-03,-25,projects/neon-prod-earthengine/assets/HSI_REFL/002/2022_TOOL_4,399596.45483510447,7615147.536562008,EPSG:32606,NEON_S2__0238
20220730T220541_20220730T220540_T05WPS,-149.4566664062149,68.64566075127735,2022-07-30,0.9058823529411765,2022-08-03,-4,projects/neon-prod-earthengine/assets/HSI_REFL/002/2022_TOOL_4,399596.45483510447,7615147.536562008,EPSG:32606,NEON_S2__0238
20220804T220539_20220804T220534_T05WPS,-149.4566664062149,68.64566075127735,2022-08-04,0.9176470588235294,2022-08-03,1,projects/neon-prod-earthengine/assets/HSI_REFL/002/2022_TOOL_4,399596.45483510447,7615147.536562008,EPSG:32606,NEON_S2__0238
20220709T214539_20220709T214534_T05WPS,-149.54865389130876,68.64566075127735,2022-07-09,0.9019607843137255,2022-08-03,-25,projects/neon-prod-earthengine/assets/HSI_REFL/002/2022_TOOL_4,396015.623674552,7618699.659598487,EPSG:32606,NEON_S2__0239
20220730T220541_20220730T220540_T05WPS,-149.54865389130876,68.64566075127735,2022-07-30,0.9215686274509803,2022-08-03,-4,projects/neon-prod-earthengine/assets/HSI_REFL/002/2022_TOOL_4,396015.623674552,7618699.659598487,EPSG:32606,NEON_S2__0239
20220804T220539_20220804T220534_T05WPS,-149.54865389130876,68.64566075127735,2022-08-04,0.9176470588235294,2022-08-03,1,projects/neon-prod-earthengine/assets/HSI_REFL/002/2022_TOOL_4,396015.623674552,7618699.659598487,EPSG:32606,NEON_S2__0239
20220709T214539_20220709T214534_T05WPS,-149.27269143602723,68.64566075127735,2022-07-09,0.9019607843137255,2022-08-03,-25,projects/neon-prod-earthengine/assets/HSI_REFL/002/2022_TOOL_4,406825.613047632,7614977.824261877,EPSG:32606,NEON_S2__0240
20220709T214539_20220709T214534_T06WVB,-149.27269143602723,68.64566075127735,2022-07-09,0.9058823529411765,2022-08-03,-25,projects/neon-prod-earthengine/assets/HSI_REFL/002/2022_TOOL_4,406825.613047632,7614977.824261877,EPSG:32606,NEON_S2__0240
20220709T214539_20220709T214534_T06WVB,-149.36467892112108,68.64566075127735,2022-07-09,0.9019607843137255,2022-08-03,-25,projects/neon-prod-earthengine/assets/HSI_REFL/002/2022_TOOL_4,403244.7475126623,7618530.341622394,EPSG:32606,NEON_S2__0241
20220730T220541_20220730T220540_T05WPS,-149.36467892112108,68.64566075127735,2022-07-30,0.9019607843137255,2022-08-03,-4,projects/neon-prod-earthengine/assets/HSI_REFL/002/2022_TOOL_4,403244.7475126623,7618530.341622394,EPSG:32606,NEON_S2__0241
20220730T220541_20220730T220540_T06WVB,-149.36467892112108,68.64566075127735,2022-07-30,0.9019607843137255,2022-08-03,-4,projects/neon-prod-earthengine/assets/HSI_REFL/002/2022_TOOL_4,403244.7475126623,7618530.341622394,EPSG:32606,NEON_S2__0241
20220804T220539_20220804T220534_T05WPS,-149.36467892112108,68.64566075127735,2022-08-04,0.9176470588235294,2022-08-03,1,projects/neon-prod-earthengine/assets/HSI_REFL/002/2022_TOOL_4,403244.7475126623,7618530.341622394,EPSG:32606,NEON_S2__0241
20220804T220539_20220804T220534_T06WVB,-149.36467892112108,68.64566075127735,2022-08-04,0.9215686274509803,2022-08-03,1,projects/neon-prod-earthengine/assets/HSI_REFL/002/2022_TOOL_4,403244.7475126623,7618530.341622394,EPSG:32606,NEON_S2__0241
20220709T214539_20220709T214534_T05WPS,-149.4566664062149,68.69165449382427,2022-07-09,0.9058823529411765,2022-08-03,-25,projects/neon-prod-earthengine/assets/HSI_REFL/002/2022_TOOL_4,399663.3204103386,7622082.363384661,EPSG:32606,NEON_S2__0242
20220730T220541_20220730T220540_T05WPS,-149.4566664062149,68.69165449382427,2022-07-30,0.9058823529411765,2022-08-03,-4,projects/neon-prod-earthengine/assets/HSI_REFL/002/2022_TOOL_4,399663.3204103386,7622082.363384661,EPSG:32606,NEON_S2__0242
20220804T220539_20220804T220534_T05WPS,-149.4566664062149,68.69165449382427,2022-08-04,0.9098039215686274,2022-08-03,1,projects/neon-prod-earthengine/assets/HSI_REFL/002/2022_TOOL_4,399663.3204103386,7622082.363384661,EPSG:32606,NEON_S2__0242
20220804T220539_20220804T220534_T05WPS,-149.27269143602723,68.55367326618351,2022-08-04,0.9098039215686274,2022-08-03,1,projects/neon-prod-earthengine/assets/HSI_REFL/002/2022_TOOL_4,406756.4277979153,7608041.804179298,EPSG:32606,NEON_S2__0243
20220804T220539_20220804T220534_T06WVB,-149.27269143602723,68.55367326618351,2022-08-04,0.9098039215686274,2022-08-03,1,projects/neon-prod-earthengine/assets/HSI_REFL/002/2022_TOOL_4,406756.4277979153,7608041.804179298,EPSG:32606,NEON_S2__0243
20220709T214539_20220709T214534_T06WVB,-149.36467892112108,68.64566075127735,2022-07-09,0.9019607843137255,2022-08-03,-25,projects/neon-prod-earthengine/assets/HSI_REFL/002/2022_TOOL_4,403244.7475126623,7618530.341622394,EPSG:32606,NEON_S2__0244
20220730T220541_20220730T220540_T05WPS,-149.36467892112108,68.64566075127735,2022-07-30,0.9019607843137255,2022-08-03,-4,projects/neon-prod-earthengine/assets/HSI_REFL/002/2022_TOOL_4,403244.7475126623,7618530.341622394,EPSG:32606,NEON_S2__0244
20220730T220541_20220730T220540_T06WVB,-149.36467892112108,68.64566075127735,2022-07-30,0.9019607843137255,2022-08-03,-4,projects/neon-prod-earthengine/assets/HSI_REFL/002/2022_TOOL_4,403244.7475126623,7618530.341622394,EPSG:32606,NEON_S2__0244
20220804T220539_20220804T220534_T05WPS,-149.36467892112108,68.64566075127735,2022-08-04,0.9176470588235294,2022-08-03,1,projects/neon-prod-earthengine/assets/HSI_REFL/002/2022_TOOL_4,403244.7475126623,7618530.341622394,EPSG:32606,NEON_S2__0244
20220804T220539_20220804T220534_T06WVB,-149.36467892112108,68.64566075127735,2022-08-04,0.9215686274509803,2022-08-03,1,projects/neon-prod-earthengine/assets/HSI_REFL/002/2022_TOOL_4,403244.7475126623,7618530.341622394,EPSG:32606,NEON_S2__0244
20220516T165849_20220516T170915_T15SUD,-95.18405020084991,39.025690551061196,2022-05-16,0.9137254901960784,2022-06-09,-24,projects/neon-prod-earthengine/assets/HSI_REFL/002/2022_UKFS_6,309868.89090271934,4321232.505179466,EPSG:32615,NEON_S2__0245
20220603T170901_20220603T171607_T15SUD,-95.18405020084991,39.025690551061196,2022-06-03,0.9137254901960784,2022-06-09,-6,projects/neon-prod-earthengine/assets/HSI_REFL/002/2022_UKFS_6,309868.89090271934,4321232.505179466,EPSG:32615,NEON_S2__0245
20220620T165901_20220620T171040_T15SUD,-95.18405020084991,39.025690551061196,2022-06-20,0.9019607843137255,2022-06-09,11,projects/neon-prod-earthengine/assets/HSI_REFL/002/2022_UKFS_6,309868.89090271934,4321232.505179466,EPSG:32615,NEON_S2__0245
20220628T170859_20220628T171541_T15SUD,-95.18405020084991,39.025690551061196,2022-06-28,0.9058823529411765,2022-06-09,19,projects/neon-prod-earthengine/assets/HSI_REFL/002/2022_UKFS_6,309868.89090271934,4321232.505179466,EPSG:32615,NEON_S2__0245
20220630T165901_20220630T170630_T15SUD,-95.18405020084991,39.025690551061196,2022-06-30,0.9058823529411765,2022-06-09,21,projects/neon-prod-earthengine/assets/HSI_REFL/002/2022_UKFS_6,309868.89090271934,4321232.505179466,EPSG:32615,NEON_S2__0245
20220516T165849_20220516T170915_T15SUD,-95.18405020084991,39.071684293608115,2022-05-16,0.9137254901960784,2022-06-09,-24,projects/neon-prod-earthengine/assets/HSI_REFL/002/2022_UKFS_6,310134.1994481756,4326345.010487788,EPSG:32615,NEON_S2__0246
20220603T170901_20220603T171607_T15SUD,-95.18405020084991,39.071684293608115,2022-06-03,0.9176470588235294,2022-06-09,-6,projects/neon-prod-earthengine/assets/HSI_REFL/002/2022_UKFS_6,310134.1994481756,4326345.010487788,EPSG:32615,NEON_S2__0246
20220620T165901_20220620T171040_T15SUD,-95.18405020084991,39.071684293608115,2022-06-20,0.9098039215686274,2022-06-09,11,projects/neon-prod-earthengine/assets/HSI_REFL/002/2022_UKFS_6,310134.1994481756,4326345.010487788,EPSG:32615,NEON_S2__0246
20220625T165849_20220625T170556_T15SUD,-95.18405020084991,39.071684293608115,2022-06-25,0.9058823529411765,2022-06-09,16,projects/neon-prod-earthengine/assets/HSI_REFL/002/2022_UKFS_6,310134.1994481756,4326345.010487788,EPSG:32615,NEON_S2__0246
20220628T170859_20220628T171541_T15SUD,-95.18405020084991,39.071684293608115,2022-06-28,0.9176470588235294,2022-06-09,19,projects/neon-prod-earthengine/assets/HSI_REFL/002/2022_UKFS_6,310134.1994481756,4326345.010487788,EPSG:32615,NEON_S2__0246
20220630T165901_20220630T170630_T15SUD,-95.18405020084991,39.071684293608115,2022-06-30,0.9137254901960784,2022-06-09,21,projects/neon-prod-earthengine/assets/HSI_REFL/002/2022_UKFS_6,310134.1994481756,4326345.010487788,EPSG:32615,NEON_S2__0246
20220531T165851_20220531T171019_T15TYM,-89.52681986757881,46.15472064583372,2022-05-31,0.9098039215686274,2022-06-20,-20,projects/neon-prod-earthengine/assets/HSI_REFL/002/2022_UNDE_5,305217.4273290457,5116091.928091735,EPSG:32616,NEON_S2__0247
20220531T165851_20220531T171019_T16TCS,-89.52681986757881,46.15472064583372,2022-05-31,0.9137254901960784,2022-06-20,-20,projects/neon-prod-earthengine/assets/HSI_REFL/002/2022_UNDE_5,305217.4273290457,5116091.928091735,EPSG:32616,NEON_S2__0247
20220620T165901_20220620T171040_T15TYM,-89.52681986757881,46.15472064583372,2022-06-20,0.9058823529411765,2022-06-20,0,projects/neon-prod-earthengine/assets/HSI_REFL/002/2022_UNDE_5,305217.4273290457,5116091.928091735,EPSG:32616,NEON_S2__0247
20220620T165901_20220620T171040_T16TCS,-89.52681986757881,46.15472064583372,2022-06-20,0.9098039215686274,2022-06-20,0,projects/neon-prod-earthengine/assets/HSI_REFL/002/2022_UNDE_5,305217.4273290457,5116091.928091735,EPSG:32616,NEON_S2__0247
20220627T164851_20220627T165513_T15TYM,-89.52681986757881,46.15472064583372,2022-06-27,0.9098039215686274,2022-06-20,7,projects/neon-prod-earthengine/assets/HSI_REFL/002/2022_UNDE_5,305217.4273290457,5116091.928091735,EPSG:32616,NEON_S2__0247
20220627T164851_20220627T165513_T16TCS,-89.52681986757881,46.15472064583372,2022-06-27,0.9137254901960784,2022-06-20,7,projects/neon-prod-earthengine/assets/HSI_REFL/002/2022_UNDE_5,305217.4273290457,5116091.928091735,EPSG:32616,NEON_S2__0247
20220630T165901_20220630T170630_T15TYM,-89.52681986757881,46.15472064583372,2022-06-30,0.9058823529411765,2022-06-20,10,projects/neon-prod-earthengine/assets/HSI_REFL/002/2022_UNDE_5,305217.4273290457,5116091.928091735,EPSG:32616,NEON_S2__0247
20220630T165901_20220630T170630_T16TCS,-89.52681986757881,46.15472064583372,2022-06-30,0.9098039215686274,2022-06-20,10,projects/neon-prod-earthengine/assets/HSI_REFL/002/2022_UNDE_5,305217.4273290457,5116091.928091735,EPSG:32616,NEON_S2__0247
20220702T164849_20220702T165020_T15TYM,-89.52681986757881,46.15472064583372,2022-07-02,0.9098039215686274,2022-06-20,12,projects/neon-prod-earthengine/assets/HSI_REFL/002/2022_UNDE_5,305217.4273290457,5116091.928091735,EPSG:32616,NEON_S2__0247
20220702T164849_20220702T165020_T16TCS,-89.52681986757881,46.15472064583372,2022-07-02,0.9098039215686274,2022-06-20,12,projects/neon-prod-earthengine/assets/HSI_REFL/002/2022_UNDE_5,305217.4273290457,5116091.928091735,EPSG:32616,NEON_S2__0247
20220710T165911_20220710T170824_T15TYM,-89.52681986757881,46.15472064583372,2022-07-10,0.9058823529411765,2022-06-20,20,projects/neon-prod-earthengine/assets/HSI_REFL/002/2022_UNDE_5,305217.4273290457,5116091.928091735,EPSG:32616,NEON_S2__0247
20220710T165911_20220710T170824_T16TCS,-89.52681986757881,46.15472064583372,2022-07-10,0.9058823529411765,2022-06-20,20,projects/neon-prod-earthengine/assets/HSI_REFL/002/2022_UNDE_5,305217.4273290457,5116091.928091735,EPSG:32616,NEON_S2__0247
20220531T165851_20220531T171019_T15TYM,-89.52681986757881,46.20071438838064,2022-05-31,0.9058823529411765,2022-06-20,-20,projects/neon-prod-earthengine/assets/HSI_REFL/002/2022_UNDE_5,305908.96032829466,5121157.336384269,EPSG:32616,NEON_S2__0248
20220531T165851_20220531T171019_T16TCS,-89.52681986757881,46.20071438838064,2022-05-31,0.9058823529411765,2022-06-20,-20,projects/neon-prod-earthengine/assets/HSI_REFL/002/2022_UNDE_5,305908.96032829466,5121157.336384269,EPSG:32616,NEON_S2__0248
20220620T165901_20220620T171040_T15TYM,-89.52681986757881,46.20071438838064,2022-06-20,0.9019607843137255,2022-06-20,0,projects/neon-prod-earthengine/assets/HSI_REFL/002/2022_UNDE_5,305908.96032829466,5121157.336384269,EPSG:32616,NEON_S2__0248
20220620T165901_20220620T171040_T16TCS,-89.52681986757881,46.20071438838064,2022-06-20,0.9058823529411765,2022-06-20,0,projects/neon-prod-earthengine/assets/HSI_REFL/002/2022_UNDE_5,305908.96032829466,5121157.336384269,EPSG:32616,NEON_S2__0248
20220627T164851_20220627T165513_T15TYM,-89.52681986757881,46.20071438838064,2022-06-27,0.9058823529411765,2022-06-20,7,projects/neon-prod-earthengine/assets/HSI_REFL/002/2022_UNDE_5,305908.96032829466,5121157.336384269,EPSG:32616,NEON_S2__0248
20220627T164851_20220627T165513_T16TCS,-89.52681986757881,46.20071438838064,2022-06-27,0.9098039215686274,2022-06-20,7,projects/neon-prod-earthengine/assets/HSI_REFL/002/2022_UNDE_5,305908.96032829466,5121157.336384269,EPSG:32616,NEON_S2__0248
20220630T165901_20220630T170630_T15TYM,-89.52681986757881,46.20071438838064,2022-06-30,0.9019607843137255,2022-06-20,10,projects/neon-prod-earthengine/assets/HSI_REFL/002/2022_UNDE_5,305908.96032829466,5121157.336384269,EPSG:32616,NEON_S2__0248
20220630T165901_20220630T170630_T16TCS,-89.52681986757881,46.20071438838064,2022-06-30,0.9058823529411765,2022-06-20,10,projects/neon-prod-earthengine/assets/HSI_REFL/002/2022_UNDE_5,305908.96032829466,5121157.336384269,EPSG:32616,NEON_S2__0248
20220702T164849_20220702T165020_T15TYM,-89.52681986757881,46.20071438838064,2022-07-02,0.9058823529411765,2022-06-20,12,projects/neon-prod-earthengine/assets/HSI_REFL/002/2022_UNDE_5,305908.96032829466,5121157.336384269,EPSG:32616,NEON_S2__0248
20220702T164849_20220702T165020_T16TCS,-89.52681986757881,46.20071438838064,2022-07-02,0.9058823529411765,2022-06-20,12,projects/neon-prod-earthengine/assets/HSI_REFL/002/2022_UNDE_5,305908.96032829466,5121157.336384269,EPSG:32616,NEON_S2__0248
20220531T165851_20220531T171019_T16TCS,-89.52681986757881,46.24670813092756,2022-05-31,0.9098039215686274,2022-06-20,-20,projects/neon-prod-earthengine/assets/HSI_REFL/002/2022_UNDE_5,306600.87475123524,5126222.675410517,EPSG:32616,NEON_S2__0249
20220620T165901_20220620T171040_T15TYM,-89.52681986757881,46.24670813092756,2022-06-20,0.9058823529411765,2022-06-20,0,projects/neon-prod-earthengine/assets/HSI_REFL/002/2022_UNDE_5,306600.87475123524,5126222.675410517,EPSG:32616,NEON_S2__0249
20220620T165901_20220620T171040_T16TCS,-89.52681986757881,46.24670813092756,2022-06-20,0.9098039215686274,2022-06-20,0,projects/neon-prod-earthengine/assets/HSI_REFL/002/2022_UNDE_5,306600.87475123524,5126222.675410517,EPSG:32616,NEON_S2__0249
20220622T164849_20220622T165013_T15TYM,-89.52681986757881,46.24670813092756,2022-06-22,0.9058823529411765,2022-06-20,2,projects/neon-prod-earthengine/assets/HSI_REFL/002/2022_UNDE_5,306600.87475123524,5126222.675410517,EPSG:32616,NEON_S2__0249
20220622T164849_20220622T165013_T16TCS,-89.52681986757881,46.24670813092756,2022-06-22,0.9098039215686274,2022-06-20,2,projects/neon-prod-earthengine/assets/HSI_REFL/002/2022_UNDE_5,306600.87475123524,5126222.675410517,EPSG:32616,NEON_S2__0249
20220627T164851_20220627T165513_T15TYM,-89.52681986757881,46.24670813092756,2022-06-27,0.9098039215686274,2022-06-20,7,projects/neon-prod-earthengine/assets/HSI_REFL/002/2022_UNDE_5,306600.87475123524,5126222.675410517,EPSG:32616,NEON_S2__0249
20220627T164851_20220627T165513_T16TCS,-89.52681986757881,46.24670813092756,2022-06-27,0.9098039215686274,2022-06-20,7,projects/neon-prod-earthengine/assets/HSI_REFL/002/2022_UNDE_5,306600.87475123524,5126222.675410517,EPSG:32616,NEON_S2__0249
20220702T164849_20220702T165020_T15TYM,-89.52681986757881,46.24670813092756,2022-07-02,0.9058823529411765,2022-06-20,12,projects/neon-prod-earthengine/assets/HSI_REFL/002/2022_UNDE_5,306600.87475123524,5126222.675410517,EPSG:32616,NEON_S2__0249
20220702T164849_20220702T165020_T16TCS,-89.52681986757881,46.24670813092756,2022-07-02,0.9098039215686274,2022-06-20,12,projects/neon-prod-earthengine/assets/HSI_REFL/002/2022_UNDE_5,306600.87475123524,5126222.675410517,EPSG:32616,NEON_S2__0249
20220531T165851_20220531T171019_T15TYM,-89.43483238248497,46.15472064583372,2022-05-31,0.9098039215686274,2022-06-20,-20,projects/neon-prod-earthengine/assets/HSI_REFL/002/2022_UNDE_5,310280.63606213254,5115384.748037769,EPSG:32616,NEON_S2__0250
20220531T165851_20220531T171019_T16TCS,-89.43483238248497,46.15472064583372,2022-05-31,0.9098039215686274,2022-06-20,-20,projects/neon-prod-earthengine/assets/HSI_REFL/002/2022_UNDE_5,310280.63606213254,5115384.748037769,EPSG:32616,NEON_S2__0250
20220620T165901_20220620T171040_T15TYM,-89.43483238248497,46.15472064583372,2022-06-20,0.9019607843137255,2022-06-20,0,projects/neon-prod-earthengine/assets/HSI_REFL/002/2022_UNDE_5,310280.63606213254,5115384.748037769,EPSG:32616,NEON_S2__0250
20220620T165901_20220620T171040_T16TCS,-89.43483238248497,46.15472064583372,2022-06-20,0.9058823529411765,2022-06-20,0,projects/neon-prod-earthengine/assets/HSI_REFL/002/2022_UNDE_5,310280.63606213254,5115384.748037769,EPSG:32616,NEON_S2__0250
20220627T164851_20220627T165513_T15TYM,-89.43483238248497,46.15472064583372,2022-06-27,0.9098039215686274,2022-06-20,7,projects/neon-prod-earthengine/assets/HSI_REFL/002/2022_UNDE_5,310280.63606213254,5115384.748037769,EPSG:32616,NEON_S2__0250
20220627T164851_20220627T165513_T16TCS,-89.43483238248497,46.15472064583372,2022-06-27,0.9098039215686274,2022-06-20,7,projects/neon-prod-earthengine/assets/HSI_REFL/002/2022_UNDE_5,310280.63606213254,5115384.748037769,EPSG:32616,NEON_S2__0250
20220630T165901_20220630T170630_T15TYM,-89.43483238248497,46.15472064583372,2022-06-30,0.9019607843137255,2022-06-20,10,projects/neon-prod-earthengine/assets/HSI_REFL/002/2022_UNDE_5,310280.63606213254,5115384.748037769,EPSG:32616,NEON_S2__0250
20220630T165901_20220630T170630_T16TCS,-89.43483238248497,46.15472064583372,2022-06-30,0.9058823529411765,2022-06-20,10,projects/neon-prod-earthengine/assets/HSI_REFL/002/2022_UNDE_5,310280.63606213254,5115384.748037769,EPSG:32616,NEON_S2__0250
20220702T164849_20220702T165020_T15TYM,-89.43483238248497,46.15472064583372,2022-07-02,0.9058823529411765,2022-06-20,12,projects/neon-prod-earthengine/assets/HSI_REFL/002/2022_UNDE_5,310280.63606213254,5115384.748037769,EPSG:32616,NEON_S2__0250
20220702T164849_20220702T165020_T16TCS,-89.43483238248497,46.15472064583372,2022-07-02,0.9058823529411765,2022-06-20,12,projects/neon-prod-earthengine/assets/HSI_REFL/002/2022_UNDE_5,310280.63606213254,5115384.748037769,EPSG:32616,NEON_S2__0250
20220710T165911_20220710T170824_T15TYM,-89.43483238248497,46.15472064583372,2022-07-10,0.9019607843137255,2022-06-20,20,projects/neon-prod-earthengine/assets/HSI_REFL/002/2022_UNDE_5,310280.63606213254,5115384.748037769,EPSG:32616,NEON_S2__0250
20220710T165911_20220710T170824_T16TCS,-89.43483238248497,46.15472064583372,2022-07-10,0.9019607843137255,2022-06-20,20,projects/neon-prod-earthengine/assets/HSI_REFL/002/2022_UNDE_5,310280.63606213254,5115384.748037769,EPSG:32616,NEON_S2__0250
20220531T165851_20220531T171019_T15TYM,-89.52681986757881,46.15472064583372,2022-05-31,0.9098039215686274,2022-06-20,-20,projects/neon-prod-earthengine/assets/HSI_REFL/002/2022_UNDE_5,305217.4273290457,5116091.928091735,EPSG:32616,NEON_S2__0251
20220531T165851_20220531T171019_T16TCS,-89.52681986757881,46.15472064583372,2022-05-31,0.9137254901960784,2022-06-20,-20,projects/neon-prod-earthengine/assets/HSI_REFL/002/2022_UNDE_5,305217.4273290457,5116091.928091735,EPSG:32616,NEON_S2__0251
20220620T165901_20220620T171040_T15TYM,-89.52681986757881,46.15472064583372,2022-06-20,0.9058823529411765,2022-06-20,0,projects/neon-prod-earthengine/assets/HSI_REFL/002/2022_UNDE_5,305217.4273290457,5116091.928091735,EPSG:32616,NEON_S2__0251
20220620T165901_20220620T171040_T16TCS,-89.52681986757881,46.15472064583372,2022-06-20,0.9098039215686274,2022-06-20,0,projects/neon-prod-earthengine/assets/HSI_REFL/002/2022_UNDE_5,305217.4273290457,5116091.928091735,EPSG:32616,NEON_S2__0251
20220627T164851_20220627T165513_T15TYM,-89.52681986757881,46.15472064583372,2022-06-27,0.9098039215686274,2022-06-20,7,projects/neon-prod-earthengine/assets/HSI_REFL/002/2022_UNDE_5,305217.4273290457,5116091.928091735,EPSG:32616,NEON_S2__0251
20220627T164851_20220627T165513_T16TCS,-89.52681986757881,46.15472064583372,2022-06-27,0.9137254901960784,2022-06-20,7,projects/neon-prod-earthengine/assets/HSI_REFL/002/2022_UNDE_5,305217.4273290457,5116091.928091735,EPSG:32616,NEON_S2__0251
20220630T165901_20220630T170630_T15TYM,-89.52681986757881,46.15472064583372,2022-06-30,0.9058823529411765,2022-06-20,10,projects/neon-prod-earthengine/assets/HSI_REFL/002/2022_UNDE_5,305217.4273290457,5116091.928091735,EPSG:32616,NEON_S2__0251
20220630T165901_20220630T170630_T16TCS,-89.52681986757881,46.15472064583372,2022-06-30,0.9098039215686274,2022-06-20,10,projects/neon-prod-earthengine/assets/HSI_REFL/002/2022_UNDE_5,305217.4273290457,5116091.928091735,EPSG:32616,NEON_S2__0251
20220702T164849_20220702T165020_T15TYM,-89.52681986757881,46.15472064583372,2022-07-02,0.9098039215686274,2022-06-20,12,projects/neon-prod-earthengine/assets/HSI_REFL/002/2022_UNDE_5,305217.4273290457,5116091.928091735,EPSG:32616,NEON_S2__0251
20220702T164849_20220702T165020_T16TCS,-89.52681986757881,46.15472064583372,2022-07-02,0.9098039215686274,2022-06-20,12,projects/neon-prod-earthengine/assets/HSI_REFL/002/2022_UNDE_5,305217.4273290457,5116091.928091735,EPSG:32616,NEON_S2__0251
20220710T165911_20220710T170824_T15TYM,-89.52681986757881,46.15472064583372,2022-07-10,0.9058823529411765,2022-06-20,20,projects/neon-prod-earthengine/assets/HSI_REFL/002/2022_UNDE_5,305217.4273290457,5116091.928091735,EPSG:32616,NEON_S2__0251
20220710T165911_20220710T170824_T16TCS,-89.52681986757881,46.15472064583372,2022-07-10,0.9058823529411765,2022-06-20,20,projects/neon-prod-earthengine/assets/HSI_REFL/002/2022_UNDE_5,305217.4273290457,5116091.928091735,EPSG:32616,NEON_S2__0251
20220531T165851_20220531T171019_T15TYM,-89.52681986757881,46.20071438838064,2022-05-31,0.9058823529411765,2022-06-20,-20,projects/neon-prod-earthengine/assets/HSI_REFL/002/2022_UNDE_5,305908.96032829466,5121157.336384269,EPSG:32616,NEON_S2__0252
20220531T165851_20220531T171019_T16TCS,-89.52681986757881,46.20071438838064,2022-05-31,0.9058823529411765,2022-06-20,-20,projects/neon-prod-earthengine/assets/HSI_REFL/002/2022_UNDE_5,305908.96032829466,5121157.336384269,EPSG:32616,NEON_S2__0252
20220620T165901_20220620T171040_T15TYM,-89.52681986757881,46.20071438838064,2022-06-20,0.9019607843137255,2022-06-20,0,projects/neon-prod-earthengine/assets/HSI_REFL/002/2022_UNDE_5,305908.96032829466,5121157.336384269,EPSG:32616,NEON_S2__0252
20220620T165901_20220620T171040_T16TCS,-89.52681986757881,46.20071438838064,2022-06-20,0.9058823529411765,2022-06-20,0,projects/neon-prod-earthengine/assets/HSI_REFL/002/2022_UNDE_5,305908.96032829466,5121157.336384269,EPSG:32616,NEON_S2__0252
20220627T164851_20220627T165513_T15TYM,-89.52681986757881,46.20071438838064,2022-06-27,0.9058823529411765,2022-06-20,7,projects/neon-prod-earthengine/assets/HSI_REFL/002/2022_UNDE_5,305908.96032829466,5121157.336384269,EPSG:32616,NEON_S2__0252
20220627T164851_20220627T165513_T16TCS,-89.52681986757881,46.20071438838064,2022-06-27,0.9098039215686274,2022-06-20,7,projects/neon-prod-earthengine/assets/HSI_REFL/002/2022_UNDE_5,305908.96032829466,5121157.336384269,EPSG:32616,NEON_S2__0252
20220630T165901_20220630T170630_T15TYM,-89.52681986757881,46.20071438838064,2022-06-30,0.9019607843137255,2022-06-20,10,projects/neon-prod-earthengine/assets/HSI_REFL/002/2022_UNDE_5,305908.96032829466,5121157.336384269,EPSG:32616,NEON_S2__0252
20220630T165901_20220630T170630_T16TCS,-89.52681986757881,46.20071438838064,2022-06-30,0.9058823529411765,2022-06-20,10,projects/neon-prod-earthengine/assets/HSI_REFL/002/2022_UNDE_5,305908.96032829466,5121157.336384269,EPSG:32616,NEON_S2__0252
20220702T164849_20220702T165020_T15TYM,-89.52681986757881,46.20071438838064,2022-07-02,0.9058823529411765,2022-06-20,12,projects/neon-prod-earthengine/assets/HSI_REFL/002/2022_UNDE_5,305908.96032829466,5121157.336384269,EPSG:32616,NEON_S2__0252
20220702T164849_20220702T165020_T16TCS,-89.52681986757881,46.20071438838064,2022-07-02,0.9058823529411765,2022-06-20,12,projects/neon-prod-earthengine/assets/HSI_REFL/002/2022_UNDE_5,305908.96032829466,5121157.336384269,EPSG:32616,NEON_S2__0252
20220531T165851_20220531T171019_T16TCS,-89.52681986757881,46.24670813092756,2022-05-31,0.9098039215686274,2022-06-20,-20,projects/neon-prod-earthengine/assets/HSI_REFL/002/2022_UNDE_5,306600.87475123524,5126222.675410517,EPSG:32616,NEON_S2__0253
20220620T165901_20220620T171040_T15TYM,-89.52681986757881,46.24670813092756,2022-06-20,0.9058823529411765,2022-06-20,0,projects/neon-prod-earthengine/assets/HSI_REFL/002/2022_UNDE_5,306600.87475123524,5126222.675410517,EPSG:32616,NEON_S2__0253
20220620T165901_20220620T171040_T16TCS,-89.52681986757881,46.24670813092756,2022-06-20,0.9098039215686274,2022-06-20,0,projects/neon-prod-earthengine/assets/HSI_REFL/002/2022_UNDE_5,306600.87475123524,5126222.675410517,EPSG:32616,NEON_S2__0253
20220622T164849_20220622T165013_T15TYM,-89.52681986757881,46.24670813092756,2022-06-22,0.9058823529411765,2022-06-20,2,projects/neon-prod-earthengine/assets/HSI_REFL/002/2022_UNDE_5,306600.87475123524,5126222.675410517,EPSG:32616,NEON_S2__0253
20220622T164849_20220622T165013_T16TCS,-89.52681986757881,46.24670813092756,2022-06-22,0.9098039215686274,2022-06-20,2,projects/neon-prod-earthengine/assets/HSI_REFL/002/2022_UNDE_5,306600.87475123524,5126222.675410517,EPSG:32616,NEON_S2__0253
20220627T164851_20220627T165513_T15TYM,-89.52681986757881,46.24670813092756,2022-06-27,0.9098039215686274,2022-06-20,7,projects/neon-prod-earthengine/assets/HSI_REFL/002/2022_UNDE_5,306600.87475123524,5126222.675410517,EPSG:32616,NEON_S2__0253
20220627T164851_20220627T165513_T16TCS,-89.52681986757881,46.24670813092756,2022-06-27,0.9098039215686274,2022-06-20,7,projects/neon-prod-earthengine/assets/HSI_REFL/002/2022_UNDE_5,306600.87475123524,5126222.675410517,EPSG:32616,NEON_S2__0253
20220702T164849_20220702T165020_T15TYM,-89.52681986757881,46.24670813092756,2022-07-02,0.9058823529411765,2022-06-20,12,projects/neon-prod-earthengine/assets/HSI_REFL/002/2022_UNDE_5,306600.87475123524,5126222.675410517,EPSG:32616,NEON_S2__0253
20220702T164849_20220702T165020_T16TCS,-89.52681986757881,46.24670813092756,2022-07-02,0.9098039215686274,2022-06-20,12,projects/neon-prod-earthengine/assets/HSI_REFL/002/2022_UNDE_5,306600.87475123524,5126222.675410517,EPSG:32616,NEON_S2__0253
20220531T165851_20220531T171019_T15TYM,-89.43483238248497,46.15472064583372,2022-05-31,0.9098039215686274,2022-06-20,-20,projects/neon-prod-earthengine/assets/HSI_REFL/002/2022_UNDE_5,310280.63606213254,5115384.748037769,EPSG:32616,NEON_S2__0254
20220531T165851_20220531T171019_T16TCS,-89.43483238248497,46.15472064583372,2022-05-31,0.9098039215686274,2022-06-20,-20,projects/neon-prod-earthengine/assets/HSI_REFL/002/2022_UNDE_5,310280.63606213254,5115384.748037769,EPSG:32616,NEON_S2__0254
20220620T165901_20220620T171040_T15TYM,-89.43483238248497,46.15472064583372,2022-06-20,0.9019607843137255,2022-06-20,0,projects/neon-prod-earthengine/assets/HSI_REFL/002/2022_UNDE_5,310280.63606213254,5115384.748037769,EPSG:32616,NEON_S2__0254
20220620T165901_20220620T171040_T16TCS,-89.43483238248497,46.15472064583372,2022-06-20,0.9058823529411765,2022-06-20,0,projects/neon-prod-earthengine/assets/HSI_REFL/002/2022_UNDE_5,310280.63606213254,5115384.748037769,EPSG:32616,NEON_S2__0254
20220627T164851_20220627T165513_T15TYM,-89.43483238248497,46.15472064583372,2022-06-27,0.9098039215686274,2022-06-20,7,projects/neon-prod-earthengine/assets/HSI_REFL/002/2022_UNDE_5,310280.63606213254,5115384.748037769,EPSG:32616,NEON_S2__0254
20220627T164851_20220627T165513_T16TCS,-89.43483238248497,46.15472064583372,2022-06-27,0.9098039215686274,2022-06-20,7,projects/neon-prod-earthengine/assets/HSI_REFL/002/2022_UNDE_5,310280.63606213254,5115384.748037769,EPSG:32616,NEON_S2__0254
20220630T165901_20220630T170630_T15TYM,-89.43483238248497,46.15472064583372,2022-06-30,0.9019607843137255,2022-06-20,10,projects/neon-prod-earthengine/assets/HSI_REFL/002/2022_UNDE_5,310280.63606213254,5115384.748037769,EPSG:32616,NEON_S2__0254
20220630T165901_20220630T170630_T16TCS,-89.43483238248497,46.15472064583372,2022-06-30,0.9058823529411765,2022-06-20,10,projects/neon-prod-earthengine/assets/HSI_REFL/002/2022_UNDE_5,310280.63606213254,5115384.748037769,EPSG:32616,NEON_S2__0254
20220702T164849_20220702T165020_T15TYM,-89.43483238248497,46.15472064583372,2022-07-02,0.9058823529411765,2022-06-20,12,projects/neon-prod-earthengine/assets/HSI_REFL/002/2022_UNDE_5,310280.63606213254,5115384.748037769,EPSG:32616,NEON_S2__0254
20220702T164849_20220702T165020_T16TCS,-89.43483238248497,46.15472064583372,2022-07-02,0.9058823529411765,2022-06-20,12,projects/neon-prod-earthengine/assets/HSI_REFL/002/2022_UNDE_5,310280.63606213254,5115384.748037769,EPSG:32616,NEON_S2__0254
20220710T165911_20220710T170824_T15TYM,-89.43483238248497,46.15472064583372,2022-07-10,0.9019607843137255,2022-06-20,20,projects/neon-prod-earthengine/assets/HSI_REFL/002/2022_UNDE_5,310280.63606213254,5115384.748037769,EPSG:32616,NEON_S2__0254
20220710T165911_20220710T170824_T16TCS,-89.43483238248497,46.15472064583372,2022-07-10,0.9019607843137255,2022-06-20,20,projects/neon-prod-earthengine/assets/HSI_REFL/002/2022_UNDE_5,310280.63606213254,5115384.748037769,EPSG:32616,NEON_S2__0254
20220626T185931_20220626T190718_T10TER,-122.04439584825089,45.83276444800528,2022-06-26,0.9176470588235294,2022-07-11,-16,projects/neon-prod-earthengine/assets/HSI_REFL/002/2022_WREF_5,574397.4865818513,5074301.444783987,EPSG:32610,NEON_S2__0255
20220701T185919_20220701T190858_T10TER,-122.04439584825089,45.83276444800528,2022-07-01,0.9137254901960784,2022-07-11,-11,projects/neon-prod-earthengine/assets/HSI_REFL/002/2022_WREF_5,574397.4865818513,5074301.444783987,EPSG:32610,NEON_S2__0255
20220711T185919_20220711T190833_T10TER,-122.04439584825089,45.83276444800528,2022-07-11,0.9137254901960784,2022-07-11,-1,projects/neon-prod-earthengine/assets/HSI_REFL/002/2022_WREF_5,574397.4865818513,5074301.444783987,EPSG:32610,NEON_S2__0255
20220721T185919_20220721T191123_T10TER,-122.04439584825089,45.83276444800528,2022-07-21,0.9137254901960784,2022-07-11,9,projects/neon-prod-earthengine/assets/HSI_REFL/002/2022_WREF_5,574397.4865818513,5074301.444783987,EPSG:32610,NEON_S2__0255
20220726T185931_20220726T190831_T10TER,-122.04439584825089,45.83276444800528,2022-07-26,0.9137254901960784,2022-07-11,14,projects/neon-prod-earthengine/assets/HSI_REFL/002/2022_WREF_5,574397.4865818513,5074301.444783987,EPSG:32610,NEON_S2__0255
20220805T185931_20220805T190358_T10TER,-122.04439584825089,45.83276444800528,2022-08-05,0.9176470588235294,2022-07-11,24,projects/neon-prod-earthengine/assets/HSI_REFL/002/2022_WREF_5,574397.4865818513,5074301.444783987,EPSG:32610,NEON_S2__0255
20220626T185931_20220626T190718_T10TER,-122.04439584825089,45.878758190552205,2022-06-26,0.9215686274509803,2022-07-11,-16,projects/neon-prod-earthengine/assets/HSI_REFL/002/2022_WREF_5,572740.8112304516,5079066.468727522,EPSG:32610,NEON_S2__0256
20220701T185919_20220701T190858_T10TER,-122.04439584825089,45.878758190552205,2022-07-01,0.9137254901960784,2022-07-11,-11,projects/neon-prod-earthengine/assets/HSI_REFL/002/2022_WREF_5,572740.8112304516,5079066.468727522,EPSG:32610,NEON_S2__0256
20220711T185919_20220711T190833_T10TER,-122.04439584825089,45.878758190552205,2022-07-11,0.9176470588235294,2022-07-11,-1,projects/neon-prod-earthengine/assets/HSI_REFL/002/2022_WREF_5,572740.8112304516,5079066.468727522,EPSG:32610,NEON_S2__0256
20220721T185919_20220721T191123_T10TER,-122.04439584825089,45.878758190552205,2022-07-21,0.9137254901960784,2022-07-11,9,projects/neon-prod-earthengine/assets/HSI_REFL/002/2022_WREF_5,572740.8112304516,5079066.468727522,EPSG:32610,NEON_S2__0256
20220726T185931_20220726T190831_T10TER,-122.04439584825089,45.878758190552205,2022-07-26,0.9137254901960784,2022-07-11,14,projects/neon-prod-earthengine/assets/HSI_REFL/002/2022_WREF_5,572740.8112304516,5079066.468727522,EPSG:32610,NEON_S2__0256
20220805T185931_20220805T190358_T10TER,-122.04439584825089,45.878758190552205,2022-08-05,0.9137254901960784,2022-07-11,24,projects/neon-prod-earthengine/assets/HSI_REFL/002/2022_WREF_5,572740.8112304516,5079066.468727522,EPSG:32610,NEON_S2__0256
20220621T185919_20220621T190905_T10TER,-121.95240836315705,45.78677070545836,2022-06-21,0.9098039215686274,2022-07-11,-21,projects/neon-prod-earthengine/assets/HSI_REFL/002/2022_WREF_5,580875.5692769485,5071242.97075217,EPSG:32610,NEON_S2__0257
20220626T185931_20220626T190718_T10TER,-121.95240836315705,45.78677070545836,2022-06-26,0.9137254901960784,2022-07-11,-16,projects/neon-prod-earthengine/assets/HSI_REFL/002/2022_WREF_5,580875.5692769485,5071242.97075217,EPSG:32610,NEON_S2__0257
20220701T185919_20220701T190858_T10TER,-121.95240836315705,45.78677070545836,2022-07-01,0.9098039215686274,2022-07-11,-11,projects/neon-prod-earthengine/assets/HSI_REFL/002/2022_WREF_5,580875.5692769485,5071242.97075217,EPSG:32610,NEON_S2__0257
20220711T185919_20220711T190833_T10TER,-121.95240836315705,45.78677070545836,2022-07-11,0.9137254901960784,2022-07-11,-1,projects/neon-prod-earthengine/assets/HSI_REFL/002/2022_WREF_5,580875.5692769485,5071242.97075217,EPSG:32610,NEON_S2__0257
20220721T185919_20220721T191123_T10TER,-121.95240836315705,45.78677070545836,2022-07-21,0.9137254901960784,2022-07-11,9,projects/neon-prod-earthengine/assets/HSI_REFL/002/2022_WREF_5,580875.5692769485,5071242.97075217,EPSG:32610,NEON_S2__0257
20220726T185931_20220726T190831_T10TER,-121.95240836315705,45.78677070545836,2022-07-26,0.9137254901960784,2022-07-11,14,projects/neon-prod-earthengine/assets/HSI_REFL/002/2022_WREF_5,580875.5692769485,5071242.97075217,EPSG:32610,NEON_S2__0257
20220805T185931_20220805T190358_T10TER,-121.95240836315705,45.78677070545836,2022-08-05,0.9137254901960784,2022-07-11,24,projects/neon-prod-earthengine/assets/HSI_REFL/002/2022_WREF_5,580875.5692769485,5071242.97075217,EPSG:32610,NEON_S2__0257
20220626T185931_20220626T190718_T10TER,-121.99840210570397,45.83276444800528,2022-06-26,0.9137254901960784,2022-07-11,-16,projects/neon-prod-earthengine/assets/HSI_REFL/002/2022_WREF_5,579219.5897535913,5076008.724519208,EPSG:32610,NEON_S2__0258
20220701T185919_20220701T190858_T10TER,-121.99840210570397,45.83276444800528,2022-07-01,0.9058823529411765,2022-07-11,-11,projects/neon-prod-earthengine/assets/HSI_REFL/002/2022_WREF_5,579219.5897535913,5076008.724519208,EPSG:32610,NEON_S2__0258
20220711T185919_20220711T190833_T10TER,-121.99840210570397,45.83276444800528,2022-07-11,0.9098039215686274,2022-07-11,-1,projects/neon-prod-earthengine/assets/HSI_REFL/002/2022_WREF_5,579219.5897535913,5076008.724519208,EPSG:32610,NEON_S2__0258
20220721T185919_20220721T191123_T10TER,-121.99840210570397,45.83276444800528,2022-07-21,0.9137254901960784,2022-07-11,9,projects/neon-prod-earthengine/assets/HSI_REFL/002/2022_WREF_5,579219.5897535913,5076008.724519208,EPSG:32610,NEON_S2__0258
20220726T185931_20220726T190831_T10TER,-121.99840210570397,45.83276444800528,2022-07-26,0.9137254901960784,2022-07-11,14,projects/neon-prod-earthengine/assets/HSI_REFL/002/2022_WREF_5,579219.5897535913,5076008.724519208,EPSG:32610,NEON_S2__0258
20220805T185931_20220805T190358_T10TER,-121.99840210570397,45.83276444800528,2022-08-05,0.9176470588235294,2022-07-11,24,projects/neon-prod-earthengine/assets/HSI_REFL/002/2022_WREF_5,579219.5897535913,5076008.724519208,EPSG:32610,NEON_S2__0258
20220626T185931_20220626T190718_T10TER,-121.99840210570397,45.878758190552205,2022-06-26,0.9176470588235294,2022-07-11,-16,projects/neon-prod-earthengine/assets/HSI_REFL/002/2022_WREF_5,577562.8257328984,5080774.187799528,EPSG:32610,NEON_S2__0259
20220701T185919_20220701T190858_T10TER,-121.99840210570397,45.878758190552205,2022-07-01,0.9098039215686274,2022-07-11,-11,projects/neon-prod-earthengine/assets/HSI_REFL/002/2022_WREF_5,577562.8257328984,5080774.187799528,EPSG:32610,NEON_S2__0259
20220711T185919_20220711T190833_T10TER,-121.99840210570397,45.878758190552205,2022-07-11,0.9176470588235294,2022-07-11,-1,projects/neon-prod-earthengine/assets/HSI_REFL/002/2022_WREF_5,577562.8257328984,5080774.187799528,EPSG:32610,NEON_S2__0259
20220721T185919_20220721T191123_T10TER,-121.99840210570397,45.878758190552205,2022-07-21,0.9176470588235294,2022-07-11,9,projects/neon-prod-earthengine/assets/HSI_REFL/002/2022_WREF_5,577562.8257328984,5080774.187799528,EPSG:32610,NEON_S2__0259
20220726T185931_20220726T190831_T10TER,-121.99840210570397,45.878758190552205,2022-07-26,0.9176470588235294,2022-07-11,14,projects/neon-prod-earthengine/assets/HSI_REFL/002/2022_WREF_5,577562.8257328984,5080774.187799528,EPSG:32610,NEON_S2__0259
20220805T185931_20220805T190358_T10TER,-121.99840210570397,45.878758190552205,2022-08-05,0.9215686274509803,2022-07-11,24,projects/neon-prod-earthengine/assets/HSI_REFL/002/2022_WREF_5,577562.8257328984,5080774.187799528,EPSG:32610,NEON_S2__0259
20220626T185931_20220626T190718_T10TER,-121.90641462061014,45.83276444800528,2022-06-26,0.9137254901960784,2022-07-11,-16,projects/neon-prod-earthengine/assets/HSI_REFL/002/2022_WREF_5,584041.7855532096,5077715.886094682,EPSG:32610,NEON_S2__0260
20220701T185919_20220701T190858_T10TER,-121.90641462061014,45.83276444800528,2022-07-01,0.9098039215686274,2022-07-11,-11,projects/neon-prod-earthengine/assets/HSI_REFL/002/2022_WREF_5,584041.7855532096,5077715.886094682,EPSG:32610,NEON_S2__0260
20220711T185919_20220711T190833_T10TER,-121.90641462061014,45.83276444800528,2022-07-11,0.9098039215686274,2022-07-11,-1,projects/neon-prod-earthengine/assets/HSI_REFL/002/2022_WREF_5,584041.7855532096,5077715.886094682,EPSG:32610,NEON_S2__0260
20220721T185919_20220721T191123_T10TER,-121.90641462061014,45.83276444800528,2022-07-21,0.9137254901960784,2022-07-11,9,projects/neon-prod-earthengine/assets/HSI_REFL/002/2022_WREF_5,584041.7855532096,5077715.886094682,EPSG:32610,NEON_S2__0260
20220726T185931_20220726T190831_T10TER,-121.90641462061014,45.83276444800528,2022-07-26,0.9137254901960784,2022-07-11,14,projects/neon-prod-earthengine/assets/HSI_REFL/002/2022_WREF_5,584041.7855532096,5077715.886094682,EPSG:32610,NEON_S2__0260
20220805T185931_20220805T190358_T10TER,-121.90641462061014,45.83276444800528,2022-08-05,0.9137254901960784,2022-07-11,24,projects/neon-prod-earthengine/assets/HSI_REFL/002/2022_WREF_5,584041.7855532096,5077715.886094682,EPSG:32610,NEON_S2__0260
20220616T180919_20220616T182127_T12TWQ,-110.59195395406793,44.91288959706689,2022-06-16,0.9137254901960784,2022-06-22,-6,projects/neon-prod-earthengine/assets/HSI_REFL/002/2022_YELL_4,530789.4952780401,4973653.182525998,EPSG:32612,NEON_S2__0261
20220626T180919_20220626T181411_T12TWQ,-110.59195395406793,44.91288959706689,2022-06-26,0.9137254901960784,2022-06-22,4,projects/neon-prod-earthengine/assets/HSI_REFL/002/2022_YELL_4,530789.4952780401,4973653.182525998,EPSG:32612,NEON_S2__0261
20220709T181919_20220709T182528_T12TWQ,-110.59195395406793,44.91288959706689,2022-07-09,0.9019607843137255,2022-06-22,17,projects/neon-prod-earthengine/assets/HSI_REFL/002/2022_YELL_4,530789.4952780401,4973653.182525998,EPSG:32612,NEON_S2__0261
20220711T180931_20220711T181444_T12TWQ,-110.59195395406793,44.91288959706689,2022-07-11,0.9098039215686274,2022-06-22,19,projects/neon-prod-earthengine/assets/HSI_REFL/002/2022_YELL_4,530789.4952780401,4973653.182525998,EPSG:32612,NEON_S2__0261
20220714T181931_20220714T183119_T12TWQ,-110.59195395406793,44.91288959706689,2022-07-14,0.9019607843137255,2022-06-22,22,projects/neon-prod-earthengine/assets/HSI_REFL/002/2022_YELL_4,530789.4952780401,4973653.182525998,EPSG:32612,NEON_S2__0261
20220716T180919_20220716T181258_T12TWQ,-110.59195395406793,44.91288959706689,2022-07-16,0.9019607843137255,2022-06-22,24,projects/neon-prod-earthengine/assets/HSI_REFL/002/2022_YELL_4,530789.4952780401,4973653.182525998,EPSG:32612,NEON_S2__0261
20220719T181919_20220719T182412_T12TWQ,-110.59195395406793,44.91288959706689,2022-07-19,0.9058823529411765,2022-06-22,27,projects/neon-prod-earthengine/assets/HSI_REFL/002/2022_YELL_4,530789.4952780401,4973653.182525998,EPSG:32612,NEON_S2__0261
20220721T180931_20220721T181341_T12TWQ,-110.59195395406793,44.91288959706689,2022-07-21,0.9058823529411765,2022-06-22,29,projects/neon-prod-earthengine/assets/HSI_REFL/002/2022_YELL_4,530789.4952780401,4973653.182525998,EPSG:32612,NEON_S2__0261
20220616T180919_20220616T182127_T12TWQ,-110.63794769661486,44.95888333961381,2022-06-16,0.9176470588235294,2022-06-22,-6,projects/neon-prod-earthengine/assets/HSI_REFL/002/2022_YELL_4,529908.2475609473,4978672.133515896,EPSG:32612,NEON_S2__0262
20220621T180931_20220621T181040_T12TWQ,-110.63794769661486,44.95888333961381,2022-06-21,0.9137254901960784,2022-06-22,-1,projects/neon-prod-earthengine/assets/HSI_REFL/002/2022_YELL_4,529908.2475609473,4978672.133515896,EPSG:32612,NEON_S2__0262
20220626T180919_20220626T181411_T12TWQ,-110.63794769661486,44.95888333961381,2022-06-26,0.9137254901960784,2022-06-22,4,projects/neon-prod-earthengine/assets/HSI_REFL/002/2022_YELL_4,529908.2475609473,4978672.133515896,EPSG:32612,NEON_S2__0262
20220629T181919_20220629T182524_T12TWQ,-110.63794769661486,44.95888333961381,2022-06-29,0.9137254901960784,2022-06-22,7,projects/neon-prod-earthengine/assets/HSI_REFL/002/2022_YELL_4,529908.2475609473,4978672.133515896,EPSG:32612,NEON_S2__0262
20220706T180919_20220706T181958_T12TWQ,-110.63794769661486,44.95888333961381,2022-07-06,0.9019607843137255,2022-06-22,14,projects/neon-prod-earthengine/assets/HSI_REFL/002/2022_YELL_4,529908.2475609473,4978672.133515896,EPSG:32612,NEON_S2__0262
20220709T181919_20220709T182528_T12TWQ,-110.63794769661486,44.95888333961381,2022-07-09,0.9058823529411765,2022-06-22,17,projects/neon-prod-earthengine/assets/HSI_REFL/002/2022_YELL_4,529908.2475609473,4978672.133515896,EPSG:32612,NEON_S2__0262
20220711T180931_20220711T181444_T12TWQ,-110.63794769661486,44.95888333961381,2022-07-11,0.9098039215686274,2022-06-22,19,projects/neon-prod-earthengine/assets/HSI_REFL/002/2022_YELL_4,529908.2475609473,4978672.133515896,EPSG:32612,NEON_S2__0262
20220714T181931_20220714T183119_T12TWQ,-110.63794769661486,44.95888333961381,2022-07-14,0.9058823529411765,2022-06-22,22,projects/neon-prod-earthengine/assets/HSI_REFL/002/2022_YELL_4,529908.2475609473,4978672.133515896,EPSG:32612,NEON_S2__0262
20220716T180919_20220716T181258_T12TWQ,-110.63794769661486,44.95888333961381,2022-07-16,0.9058823529411765,2022-06-22,24,projects/neon-prod-earthengine/assets/HSI_REFL/002/2022_YELL_4,529908.2475609473,4978672.133515896,EPSG:32612,NEON_S2__0262
20220719T181919_20220719T182412_T12TWQ,-110.63794769661486,44.95888333961381,2022-07-19,0.9098039215686274,2022-06-22,27,projects/neon-prod-earthengine/assets/HSI_REFL/002/2022_YELL_4,529908.2475609473,4978672.133515896,EPSG:32612,NEON_S2__0262
20220721T180931_20220721T181341_T12TWQ,-110.63794769661486,44.95888333961381,2022-07-21,0.9058823529411765,2022-06-22,29,projects/neon-prod-earthengine/assets/HSI_REFL/002/2022_YELL_4,529908.2475609473,4978672.133515896,EPSG:32612,NEON_S2__0262
20220616T180919_20220616T182127_T12TWQ,-110.54596021152102,44.866895854519974,2022-06-16,0.9215686274509803,2022-06-22,-6,projects/neon-prod-earthengine/assets/HSI_REFL/002/2022_YELL_4,536695.8706169685,4969546.544482939,EPSG:32612,NEON_S2__0263
20220626T180919_20220626T181411_T12TWQ,-110.54596021152102,44.866895854519974,2022-06-26,0.9137254901960784,2022-06-22,4,projects/neon-prod-earthengine/assets/HSI_REFL/002/2022_YELL_4,536695.8706169685,4969546.544482939,EPSG:32612,NEON_S2__0263
20220629T181919_20220629T182524_T12TWQ,-110.54596021152102,44.866895854519974,2022-06-29,0.9058823529411765,2022-06-22,7,projects/neon-prod-earthengine/assets/HSI_REFL/002/2022_YELL_4,536695.8706169685,4969546.544482939,EPSG:32612,NEON_S2__0263
20220709T181919_20220709T182528_T12TWQ,-110.54596021152102,44.866895854519974,2022-07-09,0.9019607843137255,2022-06-22,17,projects/neon-prod-earthengine/assets/HSI_REFL/002/2022_YELL_4,536695.8706169685,4969546.544482939,EPSG:32612,NEON_S2__0263
20220711T180931_20220711T181444_T12TWQ,-110.54596021152102,44.866895854519974,2022-07-11,0.9058823529411765,2022-06-22,19,projects/neon-prod-earthengine/assets/HSI_REFL/002/2022_YELL_4,536695.8706169685,4969546.544482939,EPSG:32612,NEON_S2__0263
20220716T180919_20220716T181258_T12TWQ,-110.54596021152102,44.866895854519974,2022-07-16,0.9058823529411765,2022-06-22,24,projects/neon-prod-earthengine/assets/HSI_REFL/002/2022_YELL_4,536695.8706169685,4969546.544482939,EPSG:32612,NEON_S2__0263
20220719T181919_20220719T182412_T12TWQ,-110.54596021152102,44.866895854519974,2022-07-19,0.9058823529411765,2022-06-22,27,projects/neon-prod-earthengine/assets/HSI_REFL/002/2022_YELL_4,536695.8706169685,4969546.544482939,EPSG:32612,NEON_S2__0263
20220721T180931_20220721T181341_T12TWQ,-110.54596021152102,44.866895854519974,2022-07-21,0.9058823529411765,2022-06-22,29,projects/neon-prod-earthengine/assets/HSI_REFL/002/2022_YELL_4,536695.8706169685,4969546.544482939,EPSG:32612,NEON_S2__0263
20220616T180919_20220616T182127_T12TWQ,-110.54596021152102,44.91288959706689,2022-06-16,0.9176470588235294,2022-06-22,-6,projects/neon-prod-earthengine/assets/HSI_REFL/002/2022_YELL_4,535815.1755843486,4974565.84138546,EPSG:32612,NEON_S2__0264
20220626T180919_20220626T181411_T12TWQ,-110.54596021152102,44.91288959706689,2022-06-26,0.9098039215686274,2022-06-22,4,projects/neon-prod-earthengine/assets/HSI_REFL/002/2022_YELL_4,535815.1755843486,4974565.84138546,EPSG:32612,NEON_S2__0264
20220709T181919_20220709T182528_T12TWQ,-110.54596021152102,44.91288959706689,2022-07-09,0.9019607843137255,2022-06-22,17,projects/neon-prod-earthengine/assets/HSI_REFL/002/2022_YELL_4,535815.1755843486,4974565.84138546,EPSG:32612,NEON_S2__0264
20220711T180931_20220711T181444_T12TWQ,-110.54596021152102,44.91288959706689,2022-07-11,0.9058823529411765,2022-06-22,19,projects/neon-prod-earthengine/assets/HSI_REFL/002/2022_YELL_4,535815.1755843486,4974565.84138546,EPSG:32612,NEON_S2__0264
20220716T180919_20220716T181258_T12TWQ,-110.54596021152102,44.91288959706689,2022-07-16,0.9058823529411765,2022-06-22,24,projects/neon-prod-earthengine/assets/HSI_REFL/002/2022_YELL_4,535815.1755843486,4974565.84138546,EPSG:32612,NEON_S2__0264
20220719T181919_20220719T182412_T12TWQ,-110.54596021152102,44.91288959706689,2022-07-19,0.9058823529411765,2022-06-22,27,projects/neon-prod-earthengine/assets/HSI_REFL/002/2022_YELL_4,535815.1755843486,4974565.84138546,EPSG:32612,NEON_S2__0264
20220721T180931_20220721T181341_T12TWQ,-110.54596021152102,44.91288959706689,2022-07-21,0.9058823529411765,2022-06-22,29,projects/neon-prod-earthengine/assets/HSI_REFL/002/2022_YELL_4,535815.1755843486,4974565.84138546,EPSG:32612,NEON_S2__0264
20220616T180919_20220616T182127_T12TWQ,-110.54596021152102,44.95888333961381,2022-06-16,0.9176470588235294,2022-06-22,-6,projects/neon-prod-earthengine/assets/HSI_REFL/002/2022_YELL_4,534934.0274192949,4979585.054336865,EPSG:32612,NEON_S2__0265
20220626T180919_20220626T181411_T12TWQ,-110.54596021152102,44.95888333961381,2022-06-26,0.9137254901960784,2022-06-22,4,projects/neon-prod-earthengine/assets/HSI_REFL/002/2022_YELL_4,534934.0274192949,4979585.054336865,EPSG:32612,NEON_S2__0265
20220629T181919_20220629T182524_T12TWQ,-110.54596021152102,44.95888333961381,2022-06-29,0.9019607843137255,2022-06-22,7,projects/neon-prod-earthengine/assets/HSI_REFL/002/2022_YELL_4,534934.0274192949,4979585.054336865,EPSG:32612,NEON_S2__0265
20220709T181919_20220709T182528_T12TWQ,-110.54596021152102,44.95888333961381,2022-07-09,0.9058823529411765,2022-06-22,17,projects/neon-prod-earthengine/assets/HSI_REFL/002/2022_YELL_4,534934.0274192949,4979585.054336865,EPSG:32612,NEON_S2__0265
20220711T180931_20220711T181444_T12TWQ,-110.54596021152102,44.95888333961381,2022-07-11,0.9137254901960784,2022-06-22,19,projects/neon-prod-earthengine/assets/HSI_REFL/002/2022_YELL_4,534934.0274192949,4979585.054336865,EPSG:32612,NEON_S2__0265
20220714T181931_20220714T183119_T12TWQ,-110.54596021152102,44.95888333961381,2022-07-14,0.9098039215686274,2022-06-22,22,projects/neon-prod-earthengine/assets/HSI_REFL/002/2022_YELL_4,534934.0274192949,4979585.054336865,EPSG:32612,NEON_S2__0265
20220716T180919_20220716T181258_T12TWQ,-110.54596021152102,44.95888333961381,2022-07-16,0.9098039215686274,2022-06-22,24,projects/neon-prod-earthengine/assets/HSI_REFL/002/2022_YELL_4,534934.0274192949,4979585.054336865,EPSG:32612,NEON_S2__0265
20220719T181919_20220719T182412_T12TWQ,-110.54596021152102,44.95888333961381,2022-07-19,0.9098039215686274,2022-06-22,27,projects/neon-prod-earthengine/assets/HSI_REFL/002/2022_YELL_4,534934.0274192949,4979585.054336865,EPSG:32612,NEON_S2__0265
20220721T180931_20220721T181341_T12TWQ,-110.54596021152102,44.95888333961381,2022-07-21,0.9137254901960784,2022-06-22,29,projects/neon-prod-earthengine/assets/HSI_REFL/002/2022_YELL_4,534934.0274192949,4979585.054336865,EPSG:32612,NEON_S2__0265
20220616T180919_20220616T182127_T12TWQ,-110.4999664689741,44.91288959706689,2022-06-16,0.9137254901960784,2022-06-22,-6,projects/neon-prod-earthengine/assets/HSI_REFL/002/2022_YELL_4,540840.9302695895,4975478.215286778,EPSG:32612,NEON_S2__0266
20220626T180919_20220626T181411_T12TWQ,-110.4999664689741,44.91288959706689,2022-06-26,0.9098039215686274,2022-06-22,4,projects/neon-prod-earthengine/assets/HSI_REFL/002/2022_YELL_4,540840.9302695895,4975478.215286778,EPSG:32612,NEON_S2__0266
20220709T181919_20220709T182528_T12TWQ,-110.4999664689741,44.91288959706689,2022-07-09,0.9019607843137255,2022-06-22,17,projects/neon-prod-earthengine/assets/HSI_REFL/002/2022_YELL_4,540840.9302695895,4975478.215286778,EPSG:32612,NEON_S2__0266
20220711T180931_20220711T181444_T12TWQ,-110.4999664689741,44.91288959706689,2022-07-11,0.9058823529411765,2022-06-22,19,projects/neon-prod-earthengine/assets/HSI_REFL/002/2022_YELL_4,540840.9302695895,4975478.215286778,EPSG:32612,NEON_S2__0266
20220716T180919_20220716T181258_T12TWQ,-110.4999664689741,44.91288959706689,2022-07-16,0.9019607843137255,2022-06-22,24,projects/neon-prod-earthengine/assets/HSI_REFL/002/2022_YELL_4,540840.9302695895,4975478.215286778,EPSG:32612,NEON_S2__0266
20220719T181919_20220719T182412_T12TWQ,-110.4999664689741,44.91288959706689,2022-07-19,0.9058823529411765,2022-06-22,27,projects/neon-prod-earthengine/assets/HSI_REFL/002/2022_YELL_4,540840.9302695895,4975478.215286778,EPSG:32612,NEON_S2__0266
20220721T180931_20220721T181341_T12TWQ,-110.4999664689741,44.91288959706689,2022-07-21,0.9058823529411765,2022-06-22,29,projects/neon-prod-earthengine/assets/HSI_REFL/002/2022_YELL_4,540840.9302695895,4975478.215286778,EPSG:32612,NEON_S2__0266
20220616T180919_20220616T182127_T12TWQ,-110.40797898388026,44.91288959706689,2022-06-16,0.9215686274509803,2022-06-22,-6,projects/neon-prod-earthengine/assets/HSI_REFL/002/2022_YELL_4,546747.2591733201,4971370.477266066,EPSG:32612,NEON_S2__0267
20220626T180919_20220626T181411_T12TWQ,-110.40797898388026,44.91288959706689,2022-06-26,0.9176470588235294,2022-06-22,4,projects/neon-prod-earthengine/assets/HSI_REFL/002/2022_YELL_4,546747.2591733201,4971370.477266066,EPSG:32612,NEON_S2__0267
20220629T181919_20220629T182524_T12TWQ,-110.40797898388026,44.91288959706689,2022-06-29,0.9137254901960784,2022-06-22,7,projects/neon-prod-earthengine/assets/HSI_REFL/002/2022_YELL_4,546747.2591733201,4971370.477266066,EPSG:32612,NEON_S2__0267
20220709T181919_20220709T182528_T12TWQ,-110.40797898388026,44.91288959706689,2022-07-09,0.9058823529411765,2022-06-22,17,projects/neon-prod-earthengine/assets/HSI_REFL/002/2022_YELL_4,546747.2591733201,4971370.477266066,EPSG:32612,NEON_S2__0267
20220711T180931_20220711T181444_T12TWQ,-110.40797898388026,44.91288959706689,2022-07-11,0.9215686274509803,2022-06-22,19,projects/neon-prod-earthengine/assets/HSI_REFL/002/2022_YELL_4,546747.2591733201,4971370.477266066,EPSG:32612,NEON_S2__0267
20220716T180919_20220716T181258_T12TWQ,-110.40797898388026,44.91288959706689,2022-07-16,0.9176470588235294,2022-06-22,24,projects/neon-prod-earthengine/assets/HSI_REFL/002/2022_YELL_4,546747.2591733201,4971370.477266066,EPSG:32612,NEON_S2__0267
20220719T181919_20220719T182412_T12TWQ,-110.40797898388026,44.91288959706689,2022-07-19,0.9176470588235294,2022-06-22,27,projects/neon-prod-earthengine/assets/HSI_REFL/002/2022_YELL_4,546747.2591733201,4971370.477266066,EPSG:32612,NEON_S2__0267
20220721T180931_20220721T181341_T12TWQ,-110.40797898388026,44.91288959706689,2022-07-21,0.9215686274509803,2022-06-22,29,projects/neon-prod-earthengine/assets/HSI_REFL/002/2022_YELL_4,546747.2591733201,4971370.477266066,EPSG:32612,NEON_S2__0267
20220616T180919_20220616T182127_T12TWQ,-110.40797898388026,44.95888333961381,2022-06-16,0.9137254901960784,2022-06-22,-6,projects/neon-prod-earthengine/assets/HSI_REFL/002/2022_YELL_4,545866.7623412407,4976390.305350148,EPSG:32612,NEON_S2__0268
20220626T180919_20220626T181411_T12TWQ,-110.40797898388026,44.95888333961381,2022-06-26,0.9098039215686274,2022-06-22,4,projects/neon-prod-earthengine/assets/HSI_REFL/002/2022_YELL_4,545866.7623412407,4976390.305350148,EPSG:32612,NEON_S2__0268
20220711T180931_20220711T181444_T12TWQ,-110.40797898388026,44.95888333961381,2022-07-11,0.9098039215686274,2022-06-22,19,projects/neon-prod-earthengine/assets/HSI_REFL/002/2022_YELL_4,545866.7623412407,4976390.305350148,EPSG:32612,NEON_S2__0268
20220716T180919_20220716T181258_T12TWQ,-110.40797898388026,44.95888333961381,2022-07-16,0.9058823529411765,2022-06-22,24,projects/neon-prod-earthengine/assets/HSI_REFL/002/2022_YELL_4,545866.7623412407,4976390.305350148,EPSG:32612,NEON_S2__0268
20220719T181919_20220719T182412_T12TWQ,-110.40797898388026,44.95888333961381,2022-07-19,0.9098039215686274,2022-06-22,27,projects/neon-prod-earthengine/assets/HSI_REFL/002/2022_YELL_4,545866.7623412407,4976390.305350148,EPSG:32612,NEON_S2__0268
20220721T180931_20220721T181341_T12TWQ,-110.40797898388026,44.95888333961381,2022-07-21,0.9098039215686274,2022-06-22,29,projects/neon-prod-earthengine/assets/HSI_REFL/002/2022_YELL_4,545866.7623412407,4976390.305350148,EPSG:32612,NEON_S2__0268
20230717T173911_20230717T174435_T13TGE,-102.54304900835703,39.71559668926499,2023-07-17,0.9058823529411765,2023-08-14,-28,projects/neon-prod-earthengine/assets/HSI_REFL/002/2023_ARIK_5,712488.0097628528,4397738.134227824,EPSG:32613,NEON_S2__0269
20230722T173909_20230722T174708_T13TGE,-102.54304900835703,39.71559668926499,2023-07-22,0.9058823529411765,2023-08-14,-23,projects/neon-prod-earthengine/assets/HSI_REFL/002/2023_ARIK_5,712488.0097628528,4397738.134227824,EPSG:32613,NEON_S2__0269
20230724T172901_20230724T173509_T13TGE,-102.54304900835703,39.71559668926499,2023-07-24,0.9098039215686274,2023-08-14,-21,projects/neon-prod-earthengine/assets/HSI_REFL/002/2023_ARIK_5,712488.0097628528,4397738.134227824,EPSG:32613,NEON_S2__0269
20230801T173909_20230801T174638_T13TGE,-102.54304900835703,39.71559668926499,2023-08-01,0.9058823529411765,2023-08-14,-13,projects/neon-prod-earthengine/assets/HSI_REFL/002/2023_ARIK_5,712488.0097628528,4397738.134227824,EPSG:32613,NEON_S2__0269
20230803T172901_20230803T173354_T13TGE,-102.54304900835703,39.71559668926499,2023-08-03,0.9019607843137255,2023-08-14,-11,projects/neon-prod-earthengine/assets/HSI_REFL/002/2023_ARIK_5,712488.0097628528,4397738.134227824,EPSG:32613,NEON_S2__0269
20230806T173911_20230806T174909_T13TGE,-102.54304900835703,39.71559668926499,2023-08-06,0.9019607843137255,2023-08-14,-8,projects/neon-prod-earthengine/assets/HSI_REFL/002/2023_ARIK_5,712488.0097628528,4397738.134227824,EPSG:32613,NEON_S2__0269
20230816T173911_20230816T175049_T13TGE,-102.54304900835703,39.71559668926499,2023-08-16,0.9098039215686274,2023-08-14,2,projects/neon-prod-earthengine/assets/HSI_REFL/002/2023_ARIK_5,712488.0097628528,4397738.134227824,EPSG:32613,NEON_S2__0269
20230818T172859_20230818T173304_T13TGE,-102.54304900835703,39.71559668926499,2023-08-18,0.9058823529411765,2023-08-14,4,projects/neon-prod-earthengine/assets/HSI_REFL/002/2023_ARIK_5,712488.0097628528,4397738.134227824,EPSG:32613,NEON_S2__0269
20230821T173909_20230821T175105_T13TGE,-102.54304900835703,39.71559668926499,2023-08-21,0.9058823529411765,2023-08-14,7,projects/neon-prod-earthengine/assets/HSI_REFL/002/2023_ARIK_5,712488.0097628528,4397738.134227824,EPSG:32613,NEON_S2__0269
20230823T172901_20230823T173924_T13TGE,-102.54304900835703,39.71559668926499,2023-08-23,0.9019607843137255,2023-08-14,9,projects/neon-prod-earthengine/assets/HSI_REFL/002/2023_ARIK_5,712488.0097628528,4397738.134227824,EPSG:32613,NEON_S2__0269
20230828T172859_20230828T173914_T13TGE,-102.54304900835703,39.71559668926499,2023-08-28,0.9058823529411765,2023-08-14,14,projects/neon-prod-earthengine/assets/HSI_REFL/002/2023_ARIK_5,712488.0097628528,4397738.134227824,EPSG:32613,NEON_S2__0269
20230831T173909_20230831T174801_T13TGE,-102.54304900835703,39.71559668926499,2023-08-31,0.9058823529411765,2023-08-14,17,projects/neon-prod-earthengine/assets/HSI_REFL/002/2023_ARIK_5,712488.0097628528,4397738.134227824,EPSG:32613,NEON_S2__0269
20230902T172901_20230902T173922_T13TGE,-102.54304900835703,39.71559668926499,2023-09-02,0.9058823529411765,2023-08-14,19,projects/neon-prod-earthengine/assets/HSI_REFL/002/2023_ARIK_5,712488.0097628528,4397738.134227824,EPSG:32613,NEON_S2__0269
20230905T173911_20230905T174900_T13TGE,-102.54304900835703,39.71559668926499,2023-09-05,0.9058823529411765,2023-08-14,22,projects/neon-prod-earthengine/assets/HSI_REFL/002/2023_ARIK_5,712488.0097628528,4397738.134227824,EPSG:32613,NEON_S2__0269
20230907T172859_20230907T173853_T13TGE,-102.54304900835703,39.71559668926499,2023-09-07,0.9058823529411765,2023-08-14,24,projects/neon-prod-earthengine/assets/HSI_REFL/002/2023_ARIK_5,712488.0097628528,4397738.134227824,EPSG:32613,NEON_S2__0269
20230831T173909_20230831T174801_T13TGE,-102.54304900835703,39.76159043181191,2023-08-31,0.9019607843137255,2023-08-14,17,projects/neon-prod-earthengine/assets/HSI_REFL/002/2023_ARIK_5,712035.5184533534,4402834.959278351,EPSG:32613,NEON_S2__0270
20230905T173911_20230905T174900_T13TGE,-102.54304900835703,39.76159043181191,2023-09-05,0.9019607843137255,2023-08-14,22,projects/neon-prod-earthengine/assets/HSI_REFL/002/2023_ARIK_5,712035.5184533534,4402834.959278351,EPSG:32613,NEON_S2__0270
20230907T172859_20230907T173853_T13TGE,-102.54304900835703,39.76159043181191,2023-09-07,0.9019607843137255,2023-08-14,24,projects/neon-prod-earthengine/assets/HSI_REFL/002/2023_ARIK_5,712035.5184533534,4402834.959278351,EPSG:32613,NEON_S2__0270
20230717T173911_20230717T174435_T13TGE,-102.45106152326319,39.76159043181191,2023-07-17,0.9019607843137255,2023-08-14,-28,projects/neon-prod-earthengine/assets/HSI_REFL/002/2023_ARIK_5,717096.2773125692,4403308.597808188,EPSG:32613,NEON_S2__0272
20230717T173911_20230717T174435_T14TKK,-102.45106152326319,39.76159043181191,2023-07-17,0.9019607843137255,2023-08-14,-28,projects/neon-prod-earthengine/assets/HSI_REFL/002/2023_ARIK_5,717096.2773125692,4403308.597808188,EPSG:32613,NEON_S2__0272
20230722T173909_20230722T174708_T13TGE,-102.45106152326319,39.76159043181191,2023-07-22,0.9019607843137255,2023-08-14,-23,projects/neon-prod-earthengine/assets/HSI_REFL/002/2023_ARIK_5,717096.2773125692,4403308.597808188,EPSG:32613,NEON_S2__0272
20230722T173909_20230722T174708_T14TKK,-102.45106152326319,39.76159043181191,2023-07-22,0.9019607843137255,2023-08-14,-23,projects/neon-prod-earthengine/assets/HSI_REFL/002/2023_ARIK_5,717096.2773125692,4403308.597808188,EPSG:32613,NEON_S2__0272
20230724T172901_20230724T173509_T13TGE,-102.45106152326319,39.76159043181191,2023-07-24,0.9019607843137255,2023-08-14,-21,projects/neon-prod-earthengine/assets/HSI_REFL/002/2023_ARIK_5,717096.2773125692,4403308.597808188,EPSG:32613,NEON_S2__0272
20230724T172901_20230724T173509_T14TKK,-102.45106152326319,39.76159043181191,2023-07-24,0.9019607843137255,2023-08-14,-21,projects/neon-prod-earthengine/assets/HSI_REFL/002/2023_ARIK_5,717096.2773125692,4403308.597808188,EPSG:32613,NEON_S2__0272
20230816T173911_20230816T175049_T13TGE,-102.45106152326319,39.76159043181191,2023-08-16,0.9019607843137255,2023-08-14,2,projects/neon-prod-earthengine/assets/HSI_REFL/002/2023_ARIK_5,717096.2773125692,4403308.597808188,EPSG:32613,NEON_S2__0272
20230816T173911_20230816T175049_T14TKK,-102.45106152326319,39.76159043181191,2023-08-16,0.9019607843137255,2023-08-14,2,projects/neon-prod-earthengine/assets/HSI_REFL/002/2023_ARIK_5,717096.2773125692,4403308.597808188,EPSG:32613,NEON_S2__0272
20230818T172859_20230818T173304_T14TKK,-102.45106152326319,39.76159043181191,2023-08-18,0.9019607843137255,2023-08-14,4,projects/neon-prod-earthengine/assets/HSI_REFL/002/2023_ARIK_5,717096.2773125692,4403308.597808188,EPSG:32613,NEON_S2__0272
20230831T173909_20230831T174801_T14TKK,-102.45106152326319,39.76159043181191,2023-08-31,0.9019607843137255,2023-08-14,17,projects/neon-prod-earthengine/assets/HSI_REFL/002/2023_ARIK_5,717096.2773125692,4403308.597808188,EPSG:32613,NEON_S2__0272
20230902T172901_20230902T173922_T14TKK,-102.45106152326319,39.76159043181191,2023-09-02,0.9019607843137255,2023-08-14,19,projects/neon-prod-earthengine/assets/HSI_REFL/002/2023_ARIK_5,717096.2773125692,4403308.597808188,EPSG:32613,NEON_S2__0272
20230905T173911_20230905T174900_T13TGE,-102.45106152326319,39.76159043181191,2023-09-05,0.9019607843137255,2023-08-14,22,projects/neon-prod-earthengine/assets/HSI_REFL/002/2023_ARIK_5,717096.2773125692,4403308.597808188,EPSG:32613,NEON_S2__0272
20230905T173911_20230905T174900_T14TKK,-102.45106152326319,39.76159043181191,2023-09-05,0.9019607843137255,2023-08-14,22,projects/neon-prod-earthengine/assets/HSI_REFL/002/2023_ARIK_5,717096.2773125692,4403308.597808188,EPSG:32613,NEON_S2__0272
20230907T172859_20230907T173853_T14TKK,-102.45106152326319,39.76159043181191,2023-09-07,0.9058823529411765,2023-08-14,24,projects/neon-prod-earthengine/assets/HSI_REFL/002/2023_ARIK_5,717096.2773125692,4403308.597808188,EPSG:32613,NEON_S2__0272
20230705T211519_20230705T211646_T06VWR,-145.68517951736752,63.816317783850806,2023-07-05,0.9176470588235294,2023-07-21,-16,projects/neon-prod-earthengine/assets/HSI_REFL/002/2023_DEJU_5,564284.4733590605,7078332.949474701,EPSG:32606,NEON_S2__0273
20230708T212529_20230708T212525_T06VWR,-145.68517951736752,63.816317783850806,2023-07-08,0.9098039215686274,2023-07-21,-13,projects/neon-prod-earthengine/assets/HSI_REFL/002/2023_DEJU_5,564284.4733590605,7078332.949474701,EPSG:32606,NEON_S2__0273
20230705T211519_20230705T211646_T06VWR,-145.68517951736752,63.908305268944645,2023-07-05,0.9176470588235294,2023-07-21,-16,projects/neon-prod-earthengine/assets/HSI_REFL/002/2023_DEJU_5,564543.9632419337,7085294.475709682,EPSG:32606,NEON_S2__0274
20230705T211519_20230705T211646_T06VWR,-145.77716700246137,63.908305268944645,2023-07-05,0.9176470588235294,2023-07-21,-16,projects/neon-prod-earthengine/assets/HSI_REFL/002/2023_DEJU_5,561056.0099223558,7088906.151682748,EPSG:32606,NEON_S2__0275
20230708T212529_20230708T212525_T06VWR,-145.77716700246137,63.908305268944645,2023-07-08,0.9176470588235294,2023-07-21,-13,projects/neon-prod-earthengine/assets/HSI_REFL/002/2023_DEJU_5,561056.0099223558,7088906.151682748,EPSG:32606,NEON_S2__0275
20230418T155821_20230418T160614_T17RMM,-81.43192117932098,28.079179824894354,2023-04-18,0.9019607843137255,2023-04-18,0,projects/neon-prod-earthengine/assets/HSI_REFL/002/2023_DSNY_7,455604.7785351576,3108183.125341052,EPSG:32617,NEON_S2__0276
20230418T155821_20230418T160614_T17RMM,-81.38592743677405,28.079179824894354,2023-04-18,0.9098039215686274,2023-04-18,0,projects/neon-prod-earthengine/assets/HSI_REFL/002/2023_DSNY_7,460489.37252418697,3107165.0156241707,EPSG:32617,NEON_S2__0278
20230503T155829_20230503T161122_T17RMM,-81.38592743677405,28.079179824894354,2023-05-03,0.9019607843137255,2023-04-18,15,projects/neon-prod-earthengine/assets/HSI_REFL/002/2023_DSNY_7,460489.37252418697,3107165.0156241707,EPSG:32617,NEON_S2__0278
20230508T155901_20230508T161106_T17RMM,-81.38592743677405,28.079179824894354,2023-05-08,0.9098039215686274,2023-04-18,20,projects/neon-prod-earthengine/assets/HSI_REFL/002/2023_DSNY_7,460489.37252418697,3107165.0156241707,EPSG:32617,NEON_S2__0278
20230418T155821_20230418T160614_T17RMM,-81.38592743677405,28.125173567441273,2023-04-18,0.9019607843137255,2023-04-18,0,projects/neon-prod-earthengine/assets/HSI_REFL/002/2023_DSNY_7,461357.5811396176,3112154.3243151903,EPSG:32617,NEON_S2__0279
20230721T213539_20230721T213533_T05VPL,-149.13471020838648,63.862311526397725,2023-07-21,0.9215686274509803,2023-08-13,-23,projects/neon-prod-earthengine/assets/HSI_REFL/002/2023_HEAL_5,394172.1868049224,7081057.040619653,EPSG:32606,NEON_S2__0280
20230721T213539_20230721T213533_T06VUR,-149.13471020838648,63.862311526397725,2023-07-21,0.9215686274509803,2023-08-13,-23,projects/neon-prod-earthengine/assets/HSI_REFL/002/2023_HEAL_5,394172.1868049224,7081057.040619653,EPSG:32606,NEON_S2__0280
20230723T212521_20230723T212524_T05VPL,-149.13471020838648,63.862311526397725,2023-07-23,0.9098039215686274,2023-08-13,-21,projects/neon-prod-earthengine/assets/HSI_REFL/002/2023_HEAL_5,394172.1868049224,7081057.040619653,EPSG:32606,NEON_S2__0280
20230723T212521_20230723T212524_T06VUR,-149.13471020838648,63.862311526397725,2023-07-23,0.9137254901960784,2023-08-13,-21,projects/neon-prod-earthengine/assets/HSI_REFL/002/2023_HEAL_5,394172.1868049224,7081057.040619653,EPSG:32606,NEON_S2__0280
20230724T214539_20230724T214533_T05VPL,-149.13471020838648,63.862311526397725,2023-07-24,0.9019607843137255,2023-08-13,-20,projects/neon-prod-earthengine/assets/HSI_REFL/002/2023_HEAL_5,394172.1868049224,7081057.040619653,EPSG:32606,NEON_S2__0280
20230724T214539_20230724T214533_T06VUR,-149.13471020838648,63.862311526397725,2023-07-24,0.9058823529411765,2023-08-13,-20,projects/neon-prod-earthengine/assets/HSI_REFL/002/2023_HEAL_5,394172.1868049224,7081057.040619653,EPSG:32606,NEON_S2__0280
20230813T214539_20230813T214533_T05VPL,-149.13471020838648,63.862311526397725,2023-08-13,0.9176470588235294,2023-08-13,0,projects/neon-prod-earthengine/assets/HSI_REFL/002/2023_HEAL_5,394172.1868049224,7081057.040619653,EPSG:32606,NEON_S2__0280
20230813T214539_20230813T214533_T06VUR,-149.13471020838648,63.862311526397725,2023-08-13,0.9176470588235294,2023-08-13,0,projects/neon-prod-earthengine/assets/HSI_REFL/002/2023_HEAL_5,394172.1868049224,7081057.040619653,EPSG:32606,NEON_S2__0280
20230902T214529_20230902T214532_T05VPL,-149.13471020838648,63.862311526397725,2023-09-02,0.9137254901960784,2023-08-13,20,projects/neon-prod-earthengine/assets/HSI_REFL/002/2023_HEAL_5,394172.1868049224,7081057.040619653,EPSG:32606,NEON_S2__0280
20230902T214529_20230902T214532_T06VUR,-149.13471020838648,63.862311526397725,2023-09-02,0.9098039215686274,2023-08-13,20,projects/neon-prod-earthengine/assets/HSI_REFL/002/2023_HEAL_5,394172.1868049224,7081057.040619653,EPSG:32606,NEON_S2__0280
20230721T213539_20230721T213533_T05VPL,-149.2266976934803,63.862311526397725,2023-07-21,0.9215686274509803,2023-08-13,-23,projects/neon-prod-earthengine/assets/HSI_REFL/002/2023_HEAL_5,390685.1177581016,7084654.227494199,EPSG:32606,NEON_S2__0281
20230721T213539_20230721T213533_T06VUR,-149.2266976934803,63.862311526397725,2023-07-21,0.9215686274509803,2023-08-13,-23,projects/neon-prod-earthengine/assets/HSI_REFL/002/2023_HEAL_5,390685.1177581016,7084654.227494199,EPSG:32606,NEON_S2__0281
20230723T212521_20230723T212524_T05VPL,-149.2266976934803,63.862311526397725,2023-07-23,0.9098039215686274,2023-08-13,-21,projects/neon-prod-earthengine/assets/HSI_REFL/002/2023_HEAL_5,390685.1177581016,7084654.227494199,EPSG:32606,NEON_S2__0281
20230723T212521_20230723T212524_T06VUR,-149.2266976934803,63.862311526397725,2023-07-23,0.9137254901960784,2023-08-13,-21,projects/neon-prod-earthengine/assets/HSI_REFL/002/2023_HEAL_5,390685.1177581016,7084654.227494199,EPSG:32606,NEON_S2__0281
20230724T214539_20230724T214533_T05VPL,-149.2266976934803,63.862311526397725,2023-07-24,0.9019607843137255,2023-08-13,-20,projects/neon-prod-earthengine/assets/HSI_REFL/002/2023_HEAL_5,390685.1177581016,7084654.227494199,EPSG:32606,NEON_S2__0281
20230724T214539_20230724T214533_T06VUR,-149.2266976934803,63.862311526397725,2023-07-24,0.9019607843137255,2023-08-13,-20,projects/neon-prod-earthengine/assets/HSI_REFL/002/2023_HEAL_5,390685.1177581016,7084654.227494199,EPSG:32606,NEON_S2__0281
20230805T213531_20230805T213615_T05VPL,-149.2266976934803,63.862311526397725,2023-08-05,0.9058823529411765,2023-08-13,-8,projects/neon-prod-earthengine/assets/HSI_REFL/002/2023_HEAL_5,390685.1177581016,7084654.227494199,EPSG:32606,NEON_S2__0281
20230805T213531_20230805T213615_T06VUR,-149.2266976934803,63.862311526397725,2023-08-05,0.9058823529411765,2023-08-13,-8,projects/neon-prod-earthengine/assets/HSI_REFL/002/2023_HEAL_5,390685.1177581016,7084654.227494199,EPSG:32606,NEON_S2__0281
20230902T214529_20230902T214532_T05VPL,-149.2266976934803,63.862311526397725,2023-09-02,0.9176470588235294,2023-08-13,20,projects/neon-prod-earthengine/assets/HSI_REFL/002/2023_HEAL_5,390685.1177581016,7084654.227494199,EPSG:32606,NEON_S2__0281
20230902T214529_20230902T214532_T06VUR,-149.2266976934803,63.862311526397725,2023-09-02,0.9058823529411765,2023-08-13,20,projects/neon-prod-earthengine/assets/HSI_REFL/002/2023_HEAL_5,390685.1177581016,7084654.227494199,EPSG:32606,NEON_S2__0281
20230721T213539_20230721T213533_T05VPL,-149.13471020838648,63.862311526397725,2023-07-21,0.9215686274509803,2023-08-13,-23,projects/neon-prod-earthengine/assets/HSI_REFL/002/2023_HEAL_5,394172.1868049224,7081057.040619653,EPSG:32606,NEON_S2__0282
20230721T213539_20230721T213533_T06VUR,-149.13471020838648,63.862311526397725,2023-07-21,0.9215686274509803,2023-08-13,-23,projects/neon-prod-earthengine/assets/HSI_REFL/002/2023_HEAL_5,394172.1868049224,7081057.040619653,EPSG:32606,NEON_S2__0282
20230723T212521_20230723T212524_T05VPL,-149.13471020838648,63.862311526397725,2023-07-23,0.9098039215686274,2023-08-13,-21,projects/neon-prod-earthengine/assets/HSI_REFL/002/2023_HEAL_5,394172.1868049224,7081057.040619653,EPSG:32606,NEON_S2__0282
20230723T212521_20230723T212524_T06VUR,-149.13471020838648,63.862311526397725,2023-07-23,0.9137254901960784,2023-08-13,-21,projects/neon-prod-earthengine/assets/HSI_REFL/002/2023_HEAL_5,394172.1868049224,7081057.040619653,EPSG:32606,NEON_S2__0282
20230724T214539_20230724T214533_T05VPL,-149.13471020838648,63.862311526397725,2023-07-24,0.9019607843137255,2023-08-13,-20,projects/neon-prod-earthengine/assets/HSI_REFL/002/2023_HEAL_5,394172.1868049224,7081057.040619653,EPSG:32606,NEON_S2__0282
20230724T214539_20230724T214533_T06VUR,-149.13471020838648,63.862311526397725,2023-07-24,0.9058823529411765,2023-08-13,-20,projects/neon-prod-earthengine/assets/HSI_REFL/002/2023_HEAL_5,394172.1868049224,7081057.040619653,EPSG:32606,NEON_S2__0282
20230813T214539_20230813T214533_T05VPL,-149.13471020838648,63.862311526397725,2023-08-13,0.9176470588235294,2023-08-13,0,projects/neon-prod-earthengine/assets/HSI_REFL/002/2023_HEAL_5,394172.1868049224,7081057.040619653,EPSG:32606,NEON_S2__0282
20230813T214539_20230813T214533_T06VUR,-149.13471020838648,63.862311526397725,2023-08-13,0.9176470588235294,2023-08-13,0,projects/neon-prod-earthengine/assets/HSI_REFL/002/2023_HEAL_5,394172.1868049224,7081057.040619653,EPSG:32606,NEON_S2__0282
20230902T214529_20230902T214532_T05VPL,-149.13471020838648,63.862311526397725,2023-09-02,0.9137254901960784,2023-08-13,20,projects/neon-prod-earthengine/assets/HSI_REFL/002/2023_HEAL_5,394172.1868049224,7081057.040619653,EPSG:32606,NEON_S2__0282
20230902T214529_20230902T214532_T06VUR,-149.13471020838648,63.862311526397725,2023-09-02,0.9098039215686274,2023-08-13,20,projects/neon-prod-earthengine/assets/HSI_REFL/002/2023_HEAL_5,394172.1868049224,7081057.040619653,EPSG:32606,NEON_S2__0282
20230721T213539_20230721T213533_T05VPL,-149.2266976934803,63.862311526397725,2023-07-21,0.9215686274509803,2023-08-13,-23,projects/neon-prod-earthengine/assets/HSI_REFL/002/2023_HEAL_5,390685.1177581016,7084654.227494199,EPSG:32606,NEON_S2__0283
20230721T213539_20230721T213533_T06VUR,-149.2266976934803,63.862311526397725,2023-07-21,0.9215686274509803,2023-08-13,-23,projects/neon-prod-earthengine/assets/HSI_REFL/002/2023_HEAL_5,390685.1177581016,7084654.227494199,EPSG:32606,NEON_S2__0283
20230723T212521_20230723T212524_T05VPL,-149.2266976934803,63.862311526397725,2023-07-23,0.9098039215686274,2023-08-13,-21,projects/neon-prod-earthengine/assets/HSI_REFL/002/2023_HEAL_5,390685.1177581016,7084654.227494199,EPSG:32606,NEON_S2__0283
20230723T212521_20230723T212524_T06VUR,-149.2266976934803,63.862311526397725,2023-07-23,0.9137254901960784,2023-08-13,-21,projects/neon-prod-earthengine/assets/HSI_REFL/002/2023_HEAL_5,390685.1177581016,7084654.227494199,EPSG:32606,NEON_S2__0283
20230724T214539_20230724T214533_T05VPL,-149.2266976934803,63.862311526397725,2023-07-24,0.9019607843137255,2023-08-13,-20,projects/neon-prod-earthengine/assets/HSI_REFL/002/2023_HEAL_5,390685.1177581016,7084654.227494199,EPSG:32606,NEON_S2__0283
20230724T214539_20230724T214533_T06VUR,-149.2266976934803,63.862311526397725,2023-07-24,0.9019607843137255,2023-08-13,-20,projects/neon-prod-earthengine/assets/HSI_REFL/002/2023_HEAL_5,390685.1177581016,7084654.227494199,EPSG:32606,NEON_S2__0283
20230805T213531_20230805T213615_T05VPL,-149.2266976934803,63.862311526397725,2023-08-05,0.9058823529411765,2023-08-13,-8,projects/neon-prod-earthengine/assets/HSI_REFL/002/2023_HEAL_5,390685.1177581016,7084654.227494199,EPSG:32606,NEON_S2__0283
20230805T213531_20230805T213615_T06VUR,-149.2266976934803,63.862311526397725,2023-08-05,0.9058823529411765,2023-08-13,-8,projects/neon-prod-earthengine/assets/HSI_REFL/002/2023_HEAL_5,390685.1177581016,7084654.227494199,EPSG:32606,NEON_S2__0283
20230902T214529_20230902T214532_T05VPL,-149.2266976934803,63.862311526397725,2023-09-02,0.9176470588235294,2023-08-13,20,projects/neon-prod-earthengine/assets/HSI_REFL/002/2023_HEAL_5,390685.1177581016,7084654.227494199,EPSG:32606,NEON_S2__0283
20230902T214529_20230902T214532_T06VUR,-149.2266976934803,63.862311526397725,2023-09-02,0.9058823529411765,2023-08-13,20,projects/neon-prod-earthengine/assets/HSI_REFL/002/2023_HEAL_5,390685.1177581016,7084654.227494199,EPSG:32606,NEON_S2__0283
20230721T213539_20230721T213533_T05VPL,-149.13471020838648,63.862311526397725,2023-07-21,0.9215686274509803,2023-08-13,-23,projects/neon-prod-earthengine/assets/HSI_REFL/002/2023_HEAL_5,394172.1868049224,7081057.040619653,EPSG:32606,NEON_S2__0284
20230721T213539_20230721T213533_T06VUR,-149.13471020838648,63.862311526397725,2023-07-21,0.9215686274509803,2023-08-13,-23,projects/neon-prod-earthengine/assets/HSI_REFL/002/2023_HEAL_5,394172.1868049224,7081057.040619653,EPSG:32606,NEON_S2__0284
20230723T212521_20230723T212524_T05VPL,-149.13471020838648,63.862311526397725,2023-07-23,0.9098039215686274,2023-08-13,-21,projects/neon-prod-earthengine/assets/HSI_REFL/002/2023_HEAL_5,394172.1868049224,7081057.040619653,EPSG:32606,NEON_S2__0284
20230723T212521_20230723T212524_T06VUR,-149.13471020838648,63.862311526397725,2023-07-23,0.9137254901960784,2023-08-13,-21,projects/neon-prod-earthengine/assets/HSI_REFL/002/2023_HEAL_5,394172.1868049224,7081057.040619653,EPSG:32606,NEON_S2__0284
20230724T214539_20230724T214533_T05VPL,-149.13471020838648,63.862311526397725,2023-07-24,0.9019607843137255,2023-08-13,-20,projects/neon-prod-earthengine/assets/HSI_REFL/002/2023_HEAL_5,394172.1868049224,7081057.040619653,EPSG:32606,NEON_S2__0284
20230724T214539_20230724T214533_T06VUR,-149.13471020838648,63.862311526397725,2023-07-24,0.9058823529411765,2023-08-13,-20,projects/neon-prod-earthengine/assets/HSI_REFL/002/2023_HEAL_5,394172.1868049224,7081057.040619653,EPSG:32606,NEON_S2__0284
20230813T214539_20230813T214533_T05VPL,-149.13471020838648,63.862311526397725,2023-08-13,0.9176470588235294,2023-08-13,0,projects/neon-prod-earthengine/assets/HSI_REFL/002/2023_HEAL_5,394172.1868049224,7081057.040619653,EPSG:32606,NEON_S2__0284
20230813T214539_20230813T214533_T06VUR,-149.13471020838648,63.862311526397725,2023-08-13,0.9176470588235294,2023-08-13,0,projects/neon-prod-earthengine/assets/HSI_REFL/002/2023_HEAL_5,394172.1868049224,7081057.040619653,EPSG:32606,NEON_S2__0284
20230902T214529_20230902T214532_T05VPL,-149.13471020838648,63.862311526397725,2023-09-02,0.9137254901960784,2023-08-13,20,projects/neon-prod-earthengine/assets/HSI_REFL/002/2023_HEAL_5,394172.1868049224,7081057.040619653,EPSG:32606,NEON_S2__0284
20230902T214529_20230902T214532_T06VUR,-149.13471020838648,63.862311526397725,2023-09-02,0.9098039215686274,2023-08-13,20,projects/neon-prod-earthengine/assets/HSI_REFL/002/2023_HEAL_5,394172.1868049224,7081057.040619653,EPSG:32606,NEON_S2__0284
20230721T213539_20230721T213533_T05VPL,-149.2266976934803,63.862311526397725,2023-07-21,0.9215686274509803,2023-08-13,-23,projects/neon-prod-earthengine/assets/HSI_REFL/002/2023_HEAL_5,390685.1177581016,7084654.227494199,EPSG:32606,NEON_S2__0285
20230721T213539_20230721T213533_T06VUR,-149.2266976934803,63.862311526397725,2023-07-21,0.9215686274509803,2023-08-13,-23,projects/neon-prod-earthengine/assets/HSI_REFL/002/2023_HEAL_5,390685.1177581016,7084654.227494199,EPSG:32606,NEON_S2__0285
20230723T212521_20230723T212524_T05VPL,-149.2266976934803,63.862311526397725,2023-07-23,0.9098039215686274,2023-08-13,-21,projects/neon-prod-earthengine/assets/HSI_REFL/002/2023_HEAL_5,390685.1177581016,7084654.227494199,EPSG:32606,NEON_S2__0285
20230723T212521_20230723T212524_T06VUR,-149.2266976934803,63.862311526397725,2023-07-23,0.9137254901960784,2023-08-13,-21,projects/neon-prod-earthengine/assets/HSI_REFL/002/2023_HEAL_5,390685.1177581016,7084654.227494199,EPSG:32606,NEON_S2__0285
20230724T214539_20230724T214533_T05VPL,-149.2266976934803,63.862311526397725,2023-07-24,0.9019607843137255,2023-08-13,-20,projects/neon-prod-earthengine/assets/HSI_REFL/002/2023_HEAL_5,390685.1177581016,7084654.227494199,EPSG:32606,NEON_S2__0285
20230724T214539_20230724T214533_T06VUR,-149.2266976934803,63.862311526397725,2023-07-24,0.9019607843137255,2023-08-13,-20,projects/neon-prod-earthengine/assets/HSI_REFL/002/2023_HEAL_5,390685.1177581016,7084654.227494199,EPSG:32606,NEON_S2__0285
20230805T213531_20230805T213615_T05VPL,-149.2266976934803,63.862311526397725,2023-08-05,0.9058823529411765,2023-08-13,-8,projects/neon-prod-earthengine/assets/HSI_REFL/002/2023_HEAL_5,390685.1177581016,7084654.227494199,EPSG:32606,NEON_S2__0285
20230805T213531_20230805T213615_T06VUR,-149.2266976934803,63.862311526397725,2023-08-05,0.9058823529411765,2023-08-13,-8,projects/neon-prod-earthengine/assets/HSI_REFL/002/2023_HEAL_5,390685.1177581016,7084654.227494199,EPSG:32606,NEON_S2__0285
20230902T214529_20230902T214532_T05VPL,-149.2266976934803,63.862311526397725,2023-09-02,0.9176470588235294,2023-08-13,20,projects/neon-prod-earthengine/assets/HSI_REFL/002/2023_HEAL_5,390685.1177581016,7084654.227494199,EPSG:32606,NEON_S2__0285
20230902T214529_20230902T214532_T06VUR,-149.2266976934803,63.862311526397725,2023-09-02,0.9058823529411765,2023-08-13,20,projects/neon-prod-earthengine/assets/HSI_REFL/002/2023_HEAL_5,390685.1177581016,7084654.227494199,EPSG:32606,NEON_S2__0285
20230721T213539_20230721T213533_T05VPL,-149.13471020838648,63.862311526397725,2023-07-21,0.9215686274509803,2023-08-13,-23,projects/neon-prod-earthengine/assets/HSI_REFL/002/2023_HEAL_5,394172.1868049224,7081057.040619653,EPSG:32606,NEON_S2__0286
20230721T213539_20230721T213533_T06VUR,-149.13471020838648,63.862311526397725,2023-07-21,0.9215686274509803,2023-08-13,-23,projects/neon-prod-earthengine/assets/HSI_REFL/002/2023_HEAL_5,394172.1868049224,7081057.040619653,EPSG:32606,NEON_S2__0286
20230723T212521_20230723T212524_T05VPL,-149.13471020838648,63.862311526397725,2023-07-23,0.9098039215686274,2023-08-13,-21,projects/neon-prod-earthengine/assets/HSI_REFL/002/2023_HEAL_5,394172.1868049224,7081057.040619653,EPSG:32606,NEON_S2__0286
20230723T212521_20230723T212524_T06VUR,-149.13471020838648,63.862311526397725,2023-07-23,0.9137254901960784,2023-08-13,-21,projects/neon-prod-earthengine/assets/HSI_REFL/002/2023_HEAL_5,394172.1868049224,7081057.040619653,EPSG:32606,NEON_S2__0286
20230724T214539_20230724T214533_T05VPL,-149.13471020838648,63.862311526397725,2023-07-24,0.9019607843137255,2023-08-13,-20,projects/neon-prod-earthengine/assets/HSI_REFL/002/2023_HEAL_5,394172.1868049224,7081057.040619653,EPSG:32606,NEON_S2__0286
20230724T214539_20230724T214533_T06VUR,-149.13471020838648,63.862311526397725,2023-07-24,0.9058823529411765,2023-08-13,-20,projects/neon-prod-earthengine/assets/HSI_REFL/002/2023_HEAL_5,394172.1868049224,7081057.040619653,EPSG:32606,NEON_S2__0286
20230813T214539_20230813T214533_T05VPL,-149.13471020838648,63.862311526397725,2023-08-13,0.9176470588235294,2023-08-13,0,projects/neon-prod-earthengine/assets/HSI_REFL/002/2023_HEAL_5,394172.1868049224,7081057.040619653,EPSG:32606,NEON_S2__0286
20230813T214539_20230813T214533_T06VUR,-149.13471020838648,63.862311526397725,2023-08-13,0.9176470588235294,2023-08-13,0,projects/neon-prod-earthengine/assets/HSI_REFL/002/2023_HEAL_5,394172.1868049224,7081057.040619653,EPSG:32606,NEON_S2__0286
20230902T214529_20230902T214532_T05VPL,-149.13471020838648,63.862311526397725,2023-09-02,0.9137254901960784,2023-08-13,20,projects/neon-prod-earthengine/assets/HSI_REFL/002/2023_HEAL_5,394172.1868049224,7081057.040619653,EPSG:32606,NEON_S2__0286
20230902T214529_20230902T214532_T06VUR,-149.13471020838648,63.862311526397725,2023-09-02,0.9098039215686274,2023-08-13,20,projects/neon-prod-earthengine/assets/HSI_REFL/002/2023_HEAL_5,394172.1868049224,7081057.040619653,EPSG:32606,NEON_S2__0286
20230721T213539_20230721T213533_T05VPL,-149.2266976934803,63.862311526397725,2023-07-21,0.9215686274509803,2023-08-13,-23,projects/neon-prod-earthengine/assets/HSI_REFL/002/2023_HEAL_5,390685.1177581016,7084654.227494199,EPSG:32606,NEON_S2__0287
20230721T213539_20230721T213533_T06VUR,-149.2266976934803,63.862311526397725,2023-07-21,0.9215686274509803,2023-08-13,-23,projects/neon-prod-earthengine/assets/HSI_REFL/002/2023_HEAL_5,390685.1177581016,7084654.227494199,EPSG:32606,NEON_S2__0287
20230723T212521_20230723T212524_T05VPL,-149.2266976934803,63.862311526397725,2023-07-23,0.9098039215686274,2023-08-13,-21,projects/neon-prod-earthengine/assets/HSI_REFL/002/2023_HEAL_5,390685.1177581016,7084654.227494199,EPSG:32606,NEON_S2__0287
20230723T212521_20230723T212524_T06VUR,-149.2266976934803,63.862311526397725,2023-07-23,0.9137254901960784,2023-08-13,-21,projects/neon-prod-earthengine/assets/HSI_REFL/002/2023_HEAL_5,390685.1177581016,7084654.227494199,EPSG:32606,NEON_S2__0287
20230724T214539_20230724T214533_T05VPL,-149.2266976934803,63.862311526397725,2023-07-24,0.9019607843137255,2023-08-13,-20,projects/neon-prod-earthengine/assets/HSI_REFL/002/2023_HEAL_5,390685.1177581016,7084654.227494199,EPSG:32606,NEON_S2__0287
20230724T214539_20230724T214533_T06VUR,-149.2266976934803,63.862311526397725,2023-07-24,0.9019607843137255,2023-08-13,-20,projects/neon-prod-earthengine/assets/HSI_REFL/002/2023_HEAL_5,390685.1177581016,7084654.227494199,EPSG:32606,NEON_S2__0287
20230805T213531_20230805T213615_T05VPL,-149.2266976934803,63.862311526397725,2023-08-05,0.9058823529411765,2023-08-13,-8,projects/neon-prod-earthengine/assets/HSI_REFL/002/2023_HEAL_5,390685.1177581016,7084654.227494199,EPSG:32606,NEON_S2__0287
20230805T213531_20230805T213615_T06VUR,-149.2266976934803,63.862311526397725,2023-08-05,0.9058823529411765,2023-08-13,-8,projects/neon-prod-earthengine/assets/HSI_REFL/002/2023_HEAL_5,390685.1177581016,7084654.227494199,EPSG:32606,NEON_S2__0287
20230902T214529_20230902T214532_T05VPL,-149.2266976934803,63.862311526397725,2023-09-02,0.9176470588235294,2023-08-13,20,projects/neon-prod-earthengine/assets/HSI_REFL/002/2023_HEAL_5,390685.1177581016,7084654.227494199,EPSG:32606,NEON_S2__0287
20230902T214529_20230902T214532_T06VUR,-149.2266976934803,63.862311526397725,2023-09-02,0.9058823529411765,2023-08-13,20,projects/neon-prod-earthengine/assets/HSI_REFL/002/2023_HEAL_5,390685.1177581016,7084654.227494199,EPSG:32606,NEON_S2__0287
20230421T160821_20230421T161648_T16RGV,-84.5594956725115,31.2527480606318,2023-04-21,0.9098039215686274,2023-05-02,-11,projects/neon-prod-earthengine/assets/HSI_REFL/002/2023_JERC_7,733387.1489204849,3460351.2311058845,EPSG:32616,NEON_S2__0288
20230419T161829_20230419T163148_T16RGV,-84.5594956725115,31.29874180317872,2023-04-19,0.9137254901960784,2023-05-02,-13,projects/neon-prod-earthengine/assets/HSI_REFL/002/2023_JERC_7,733993.9035933707,3465403.795823336,EPSG:32616,NEON_S2__0289
20230421T160821_20230421T161648_T16RGV,-84.5594956725115,31.29874180317872,2023-04-21,0.9098039215686274,2023-05-02,-11,projects/neon-prod-earthengine/assets/HSI_REFL/002/2023_JERC_7,733993.9035933707,3465403.795823336,EPSG:32616,NEON_S2__0289
20230419T161829_20230419T163148_T16RGV,-84.51350192996458,31.20675431808488,2023-04-19,0.9137254901960784,2023-05-02,-13,projects/neon-prod-earthengine/assets/HSI_REFL/002/2023_JERC_7,737750.243509446,3454586.3951119063,EPSG:32616,NEON_S2__0290
20230421T160821_20230421T161648_T16RGV,-84.51350192996458,31.20675431808488,2023-04-21,0.9098039215686274,2023-05-02,-11,projects/neon-prod-earthengine/assets/HSI_REFL/002/2023_JERC_7,737750.243509446,3454586.3951119063,EPSG:32616,NEON_S2__0290
20230419T161829_20230419T163148_T16RGV,-84.51350192996458,31.2527480606318,2023-04-19,0.9137254901960784,2023-05-02,-13,projects/neon-prod-earthengine/assets/HSI_REFL/002/2023_JERC_7,738357.0810065159,3459638.8151043216,EPSG:32616,NEON_S2__0291
20230421T160821_20230421T161648_T16RGV,-84.51350192996458,31.2527480606318,2023-04-21,0.9137254901960784,2023-05-02,-11,projects/neon-prod-earthengine/assets/HSI_REFL/002/2023_JERC_7,738357.0810065159,3459638.8151043216,EPSG:32616,NEON_S2__0291
20230419T161829_20230419T163148_T16RGV,-84.46750818741766,31.29874180317872,2023-04-19,0.9215686274509803,2023-05-02,-13,projects/neon-prod-earthengine/assets/HSI_REFL/002/2023_JERC_7,738964.2988275888,3464691.205381583,EPSG:32616,NEON_S2__0292
20230421T160821_20230421T161648_T16RGV,-84.46750818741766,31.29874180317872,2023-04-21,0.9176470588235294,2023-05-02,-11,projects/neon-prod-earthengine/assets/HSI_REFL/002/2023_JERC_7,738964.2988275888,3464691.205381583,EPSG:32616,NEON_S2__0292
20230504T161831_20230504T162707_T16RGV,-84.46750818741766,31.29874180317872,2023-05-04,0.9098039215686274,2023-05-02,2,projects/neon-prod-earthengine/assets/HSI_REFL/002/2023_JERC_7,738964.2988275888,3464691.205381583,EPSG:32616,NEON_S2__0292
20230419T161829_20230419T163148_T16RGV,-84.46750818741766,31.20675431808488,2023-04-19,0.9215686274509803,2023-05-02,-13,projects/neon-prod-earthengine/assets/HSI_REFL/002/2023_JERC_7,742719.7264175967,3453873.1973528373,EPSG:32616,NEON_S2__0293
20230421T160821_20230421T161648_T16RGV,-84.46750818741766,31.20675431808488,2023-04-21,0.9176470588235294,2023-05-02,-11,projects/neon-prod-earthengine/assets/HSI_REFL/002/2023_JERC_7,742719.7264175967,3453873.1973528373,EPSG:32616,NEON_S2__0293
20230419T161829_20230419T163148_T16RGV,-84.46750818741766,31.2527480606318,2023-04-19,0.9176470588235294,2023-05-02,-13,projects/neon-prod-earthengine/assets/HSI_REFL/002/2023_JERC_7,743327.0286486651,3458925.4443611503,EPSG:32616,NEON_S2__0294
20230421T160821_20230421T161648_T16RGV,-84.46750818741766,31.2527480606318,2023-04-21,0.9176470588235294,2023-05-02,-11,projects/neon-prod-earthengine/assets/HSI_REFL/002/2023_JERC_7,743327.0286486651,3458925.4443611503,EPSG:32616,NEON_S2__0294
20230504T161831_20230504T162707_T16RGV,-84.46750818741766,31.2527480606318,2023-05-04,0.9019607843137255,2023-05-02,2,projects/neon-prod-earthengine/assets/HSI_REFL/002/2023_JERC_7,743327.0286486651,3458925.4443611503,EPSG:32616,NEON_S2__0294
20230419T161829_20230419T163148_T16RGV,-84.42151444487074,31.29874180317872,2023-04-19,0.9019607843137255,2023-05-02,-13,projects/neon-prod-earthengine/assets/HSI_REFL/002/2023_JERC_7,743934.7102556005,3463977.6621068376,EPSG:32616,NEON_S2__0295
20230421T160821_20230421T161648_T16RGV,-84.42151444487074,31.20675431808488,2023-04-21,0.9137254901960784,2023-05-02,-11,projects/neon-prod-earthengine/assets/HSI_REFL/002/2023_JERC_7,747689.2270452842,3453159.0420432617,EPSG:32616,NEON_S2__0296
20230421T160821_20230421T161648_T16RGV,-84.37552070232383,31.2527480606318,2023-04-21,0.9098039215686274,2023-05-02,-11,projects/neon-prod-earthengine/assets/HSI_REFL/002/2023_JERC_7,748296.9946489134,3458211.1179749803,EPSG:32616,NEON_S2__0297
20230521T160831_20230521T161938_T17SNB,-80.55804007092951,37.369915819372096,2023-05-21,0.9098039215686274,2023-06-02,-12,projects/neon-prod-earthengine/assets/HSI_REFL/002/2023_MLBS_6,540139.0632271835,4136492.085378991,EPSG:32617,NEON_S2__0298
20230602T155819_20230602T160940_T17SNB,-80.55804007092951,37.369915819372096,2023-06-02,0.9058823529411765,2023-06-02,0,projects/neon-prod-earthengine/assets/HSI_REFL/002/2023_MLBS_6,540139.0632271835,4136492.085378991,EPSG:32617,NEON_S2__0298
20230610T160901_20230610T161903_T17SNB,-80.55804007092951,37.369915819372096,2023-06-10,0.9098039215686274,2023-06-02,8,projects/neon-prod-earthengine/assets/HSI_REFL/002/2023_MLBS_6,540139.0632271835,4136492.085378991,EPSG:32617,NEON_S2__0298
20230630T160901_20230630T161617_T17SNB,-80.55804007092951,37.369915819372096,2023-06-30,0.9058823529411765,2023-06-02,28,projects/neon-prod-earthengine/assets/HSI_REFL/002/2023_MLBS_6,540139.0632271835,4136492.085378991,EPSG:32617,NEON_S2__0298
20230521T160831_20230521T161938_T17SNB,-80.55804007092951,37.415909561919015,2023-05-21,0.9098039215686274,2023-06-02,-12,projects/neon-prod-earthengine/assets/HSI_REFL/002/2023_MLBS_6,541130.4166826316,4141465.1483827857,EPSG:32617,NEON_S2__0299
20230602T155819_20230602T160940_T17SNB,-80.55804007092951,37.415909561919015,2023-06-02,0.9098039215686274,2023-06-02,0,projects/neon-prod-earthengine/assets/HSI_REFL/002/2023_MLBS_6,541130.4166826316,4141465.1483827857,EPSG:32617,NEON_S2__0299
20230610T160901_20230610T161903_T17SNB,-80.55804007092951,37.415909561919015,2023-06-10,0.9098039215686274,2023-06-02,8,projects/neon-prod-earthengine/assets/HSI_REFL/002/2023_MLBS_6,541130.4166826316,4141465.1483827857,EPSG:32617,NEON_S2__0299
20230630T160901_20230630T161617_T17SNB,-80.55804007092951,37.415909561919015,2023-06-30,0.9098039215686274,2023-06-02,28,projects/neon-prod-earthengine/assets/HSI_REFL/002/2023_MLBS_6,541130.4166826316,4141465.1483827857,EPSG:32617,NEON_S2__0299
20230521T160831_20230521T161938_T17SNB,-80.51204632838258,37.369915819372096,2023-05-21,0.9098039215686274,2023-06-02,-12,projects/neon-prod-earthengine/assets/HSI_REFL/002/2023_MLBS_6,545096.2074551338,4135410.2987861945,EPSG:32617,NEON_S2__0300
20230602T155819_20230602T160940_T17SNB,-80.51204632838258,37.369915819372096,2023-06-02,0.9058823529411765,2023-06-02,0,projects/neon-prod-earthengine/assets/HSI_REFL/002/2023_MLBS_6,545096.2074551338,4135410.2987861945,EPSG:32617,NEON_S2__0300
20230610T160901_20230610T161903_T17SNB,-80.51204632838258,37.369915819372096,2023-06-10,0.9098039215686274,2023-06-02,8,projects/neon-prod-earthengine/assets/HSI_REFL/002/2023_MLBS_6,545096.2074551338,4135410.2987861945,EPSG:32617,NEON_S2__0300
20230412T171901_20230412T172308_T14SME,-99.13951205988498,35.346191147307636,2023-04-12,0.9176470588235294,2023-05-08,-26,projects/neon-prod-earthengine/assets/HSI_REFL/002/2023_OAES_7,486400.39076451847,3910916.434408161,EPSG:32614,NEON_S2__0301
20230417T171859_20230417T172937_T14SME,-99.13951205988498,35.346191147307636,2023-04-17,0.9098039215686274,2023-05-08,-21,projects/neon-prod-earthengine/assets/HSI_REFL/002/2023_OAES_7,486400.39076451847,3910916.434408161,EPSG:32614,NEON_S2__0301
20230502T171901_20230502T172456_T14SME,-99.13951205988498,35.346191147307636,2023-05-02,0.9019607843137255,2023-05-08,-6,projects/neon-prod-earthengine/assets/HSI_REFL/002/2023_OAES_7,486400.39076451847,3910916.434408161,EPSG:32614,NEON_S2__0301
20230507T171859_20230507T172536_T14SME,-99.13951205988498,35.346191147307636,2023-05-07,0.9137254901960784,2023-05-08,-1,projects/neon-prod-earthengine/assets/HSI_REFL/002/2023_OAES_7,486400.39076451847,3910916.434408161,EPSG:32614,NEON_S2__0301
20230512T173041_20230512T173041_T14SME,-99.13951205988498,35.346191147307636,2023-05-12,0.9137254901960784,2023-05-08,4,projects/neon-prod-earthengine/assets/HSI_REFL/002/2023_OAES_7,486400.39076451847,3910916.434408161,EPSG:32614,NEON_S2__0301
20230517T171859_20230517T172554_T14SME,-99.13951205988498,35.346191147307636,2023-05-17,0.9098039215686274,2023-05-08,9,projects/neon-prod-earthengine/assets/HSI_REFL/002/2023_OAES_7,486400.39076451847,3910916.434408161,EPSG:32614,NEON_S2__0301
20230412T171901_20230412T172308_T14SME,-99.13951205988498,35.392184889854555,2023-04-12,0.9137254901960784,2023-05-08,-26,projects/neon-prod-earthengine/assets/HSI_REFL/002/2023_OAES_7,486311.14088590926,3916033.140110683,EPSG:32614,NEON_S2__0302
20230417T171859_20230417T172937_T14SME,-99.13951205988498,35.392184889854555,2023-04-17,0.9058823529411765,2023-05-08,-21,projects/neon-prod-earthengine/assets/HSI_REFL/002/2023_OAES_7,486311.14088590926,3916033.140110683,EPSG:32614,NEON_S2__0302
20230507T171859_20230507T172536_T14SME,-99.13951205988498,35.392184889854555,2023-05-07,0.9098039215686274,2023-05-08,-1,projects/neon-prod-earthengine/assets/HSI_REFL/002/2023_OAES_7,486311.14088590926,3916033.140110683,EPSG:32614,NEON_S2__0302
20230512T173041_20230512T173041_T14SME,-99.13951205988498,35.392184889854555,2023-05-12,0.9098039215686274,2023-05-08,4,projects/neon-prod-earthengine/assets/HSI_REFL/002/2023_OAES_7,486311.14088590926,3916033.140110683,EPSG:32614,NEON_S2__0302
20230412T171901_20230412T172308_T14SME,-99.09351831733807,35.346191147307636,2023-04-12,0.9098039215686274,2023-05-08,-26,projects/neon-prod-earthengine/assets/HSI_REFL/002/2023_OAES_7,491445.950642996,3911015.693259932,EPSG:32614,NEON_S2__0303
20230417T171859_20230417T172937_T14SME,-99.09351831733807,35.346191147307636,2023-04-17,0.9019607843137255,2023-05-08,-21,projects/neon-prod-earthengine/assets/HSI_REFL/002/2023_OAES_7,491445.950642996,3911015.693259932,EPSG:32614,NEON_S2__0303
20230507T171859_20230507T172536_T14SME,-99.09351831733807,35.346191147307636,2023-05-07,0.9098039215686274,2023-05-08,-1,projects/neon-prod-earthengine/assets/HSI_REFL/002/2023_OAES_7,491445.950642996,3911015.693259932,EPSG:32614,NEON_S2__0303
20230512T173041_20230512T173041_T14SME,-99.09351831733807,35.346191147307636,2023-05-12,0.9137254901960784,2023-05-08,4,projects/neon-prod-earthengine/assets/HSI_REFL/002/2023_OAES_7,491445.950642996,3911015.693259932,EPSG:32614,NEON_S2__0303
20230517T171859_20230517T172554_T14SME,-99.09351831733807,35.346191147307636,2023-05-17,0.9098039215686274,2023-05-08,9,projects/neon-prod-earthengine/assets/HSI_REFL/002/2023_OAES_7,491445.950642996,3911015.693259932,EPSG:32614,NEON_S2__0303
20230412T171901_20230412T172308_T14SME,-99.09351831733807,35.392184889854555,2023-04-12,0.9176470588235294,2023-05-08,-26,projects/neon-prod-earthengine/assets/HSI_REFL/002/2023_OAES_7,491357.0940160986,3916132.4304857138,EPSG:32614,NEON_S2__0304
20230417T171859_20230417T172937_T14SME,-99.09351831733807,35.392184889854555,2023-04-17,0.9098039215686274,2023-05-08,-21,projects/neon-prod-earthengine/assets/HSI_REFL/002/2023_OAES_7,491357.0940160986,3916132.4304857138,EPSG:32614,NEON_S2__0304
20230507T171859_20230507T172536_T14SME,-99.09351831733807,35.392184889854555,2023-05-07,0.9098039215686274,2023-05-08,-1,projects/neon-prod-earthengine/assets/HSI_REFL/002/2023_OAES_7,491357.0940160986,3916132.4304857138,EPSG:32614,NEON_S2__0304
20230512T173041_20230512T173041_T14SME,-99.09351831733807,35.392184889854555,2023-05-12,0.9137254901960784,2023-05-08,4,projects/neon-prod-earthengine/assets/HSI_REFL/002/2023_OAES_7,491357.0940160986,3916132.4304857138,EPSG:32614,NEON_S2__0304
20230517T171859_20230517T172554_T14SME,-99.09351831733807,35.392184889854555,2023-05-17,0.9058823529411765,2023-05-08,9,projects/neon-prod-earthengine/assets/HSI_REFL/002/2023_OAES_7,491357.0940160986,3916132.4304857138,EPSG:32614,NEON_S2__0304
20230328T180941_20230328T181622_T12TUK,-112.56968488358548,40.175534114734184,2023-03-28,0.9176470588235294,2023-04-26,-29,projects/neon-prod-earthengine/assets/HSI_REFL/002/2023_ONAQ_5,367754.0932949473,4447492.858887847,EPSG:32612,NEON_S2__0305
20230405T181919_20230405T183051_T12TUK,-112.56968488358548,40.175534114734184,2023-04-05,0.9176470588235294,2023-04-26,-21,projects/neon-prod-earthengine/assets/HSI_REFL/002/2023_ONAQ_5,367754.0932949473,4447492.858887847,EPSG:32612,NEON_S2__0305
20230407T180911_20230407T181117_T12TUK,-112.56968488358548,40.175534114734184,2023-04-07,0.9098039215686274,2023-04-26,-19,projects/neon-prod-earthengine/assets/HSI_REFL/002/2023_ONAQ_5,367754.0932949473,4447492.858887847,EPSG:32612,NEON_S2__0305
20230410T181921_20230410T183237_T12TUK,-112.56968488358548,40.175534114734184,2023-04-10,0.9294117647058824,2023-04-26,-16,projects/neon-prod-earthengine/assets/HSI_REFL/002/2023_ONAQ_5,367754.0932949473,4447492.858887847,EPSG:32612,NEON_S2__0305
20230415T181919_20230415T182242_T12TUK,-112.56968488358548,40.175534114734184,2023-04-15,0.9215686274509803,2023-04-26,-11,projects/neon-prod-earthengine/assets/HSI_REFL/002/2023_ONAQ_5,367754.0932949473,4447492.858887847,EPSG:32612,NEON_S2__0305
20230427T180911_20230427T181732_T12TUK,-112.56968488358548,40.175534114734184,2023-04-27,0.9019607843137255,2023-04-26,1,projects/neon-prod-earthengine/assets/HSI_REFL/002/2023_ONAQ_5,367754.0932949473,4447492.858887847,EPSG:32612,NEON_S2__0305
20230430T181921_20230430T182900_T12TUK,-112.56968488358548,40.175534114734184,2023-04-30,0.9098039215686274,2023-04-26,4,projects/neon-prod-earthengine/assets/HSI_REFL/002/2023_ONAQ_5,367754.0932949473,4447492.858887847,EPSG:32612,NEON_S2__0305
20230502T180919_20230502T182230_T12TUK,-112.56968488358548,40.175534114734184,2023-05-02,0.9058823529411765,2023-04-26,6,projects/neon-prod-earthengine/assets/HSI_REFL/002/2023_ONAQ_5,367754.0932949473,4447492.858887847,EPSG:32612,NEON_S2__0305
20230328T180941_20230328T181622_T12TUK,-112.47769739849164,40.175534114734184,2023-03-28,0.9019607843137255,2023-04-26,-29,projects/neon-prod-earthengine/assets/HSI_REFL/002/2023_ONAQ_5,372761.8953783614,4448401.6358216,EPSG:32612,NEON_S2__0306
20230410T181921_20230410T183237_T12TUK,-112.47769739849164,40.175534114734184,2023-04-10,0.9098039215686274,2023-04-26,-16,projects/neon-prod-earthengine/assets/HSI_REFL/002/2023_ONAQ_5,372761.8953783614,4448401.6358216,EPSG:32612,NEON_S2__0306
20230415T181919_20230415T182242_T12TUK,-112.47769739849164,40.175534114734184,2023-04-15,0.9098039215686274,2023-04-26,-11,projects/neon-prod-earthengine/assets/HSI_REFL/002/2023_ONAQ_5,372761.8953783614,4448401.6358216,EPSG:32612,NEON_S2__0306
20230427T180911_20230427T181732_T12TUK,-112.47769739849164,40.175534114734184,2023-04-27,0.9019607843137255,2023-04-26,1,projects/neon-prod-earthengine/assets/HSI_REFL/002/2023_ONAQ_5,372761.8953783614,4448401.6358216,EPSG:32612,NEON_S2__0306
20230430T181921_20230430T182900_T12TUK,-112.47769739849164,40.175534114734184,2023-04-30,0.9058823529411765,2023-04-26,4,projects/neon-prod-earthengine/assets/HSI_REFL/002/2023_ONAQ_5,372761.8953783614,4448401.6358216,EPSG:32612,NEON_S2__0306
20230502T180919_20230502T182230_T12TUK,-112.47769739849164,40.175534114734184,2023-05-02,0.9019607843137255,2023-04-26,6,projects/neon-prod-earthengine/assets/HSI_REFL/002/2023_ONAQ_5,372761.8953783614,4448401.6358216,EPSG:32612,NEON_S2__0306
20230328T180941_20230328T181622_T12TUK,-112.52369114103855,40.2215278572811,2023-03-28,0.9176470588235294,2023-04-26,-29,projects/neon-prod-earthengine/assets/HSI_REFL/002/2023_ONAQ_5,371916.4914044456,4453415.802635495,EPSG:32612,NEON_S2__0307
20230405T181919_20230405T183051_T12TUK,-112.52369114103855,40.2215278572811,2023-04-05,0.9098039215686274,2023-04-26,-21,projects/neon-prod-earthengine/assets/HSI_REFL/002/2023_ONAQ_5,371916.4914044456,4453415.802635495,EPSG:32612,NEON_S2__0307
20230407T180911_20230407T181117_T12TUK,-112.52369114103855,40.2215278572811,2023-04-07,0.9176470588235294,2023-04-26,-19,projects/neon-prod-earthengine/assets/HSI_REFL/002/2023_ONAQ_5,371916.4914044456,4453415.802635495,EPSG:32612,NEON_S2__0307
20230410T181921_20230410T183237_T12TUK,-112.52369114103855,40.2215278572811,2023-04-10,0.9333333333333333,2023-04-26,-16,projects/neon-prod-earthengine/assets/HSI_REFL/002/2023_ONAQ_5,371916.4914044456,4453415.802635495,EPSG:32612,NEON_S2__0307
20230415T181919_20230415T182242_T12TUK,-112.52369114103855,40.2215278572811,2023-04-15,0.9294117647058824,2023-04-26,-11,projects/neon-prod-earthengine/assets/HSI_REFL/002/2023_ONAQ_5,371916.4914044456,4453415.802635495,EPSG:32612,NEON_S2__0307
20230417T180911_20230417T182205_T12TUK,-112.52369114103855,40.2215278572811,2023-04-17,0.9176470588235294,2023-04-26,-9,projects/neon-prod-earthengine/assets/HSI_REFL/002/2023_ONAQ_5,371916.4914044456,4453415.802635495,EPSG:32612,NEON_S2__0307
20230427T180911_20230427T181732_T12TUK,-112.52369114103855,40.2215278572811,2023-04-27,0.9137254901960784,2023-04-26,1,projects/neon-prod-earthengine/assets/HSI_REFL/002/2023_ONAQ_5,371916.4914044456,4453415.802635495,EPSG:32612,NEON_S2__0307
20230430T181921_20230430T182900_T12TUK,-112.52369114103855,40.2215278572811,2023-04-30,0.9215686274509803,2023-04-26,4,projects/neon-prod-earthengine/assets/HSI_REFL/002/2023_ONAQ_5,371916.4914044456,4453415.802635495,EPSG:32612,NEON_S2__0307
20230502T180919_20230502T182230_T12TUK,-112.52369114103855,40.2215278572811,2023-05-02,0.9176470588235294,2023-04-26,6,projects/neon-prod-earthengine/assets/HSI_REFL/002/2023_ONAQ_5,371916.4914044456,4453415.802635495,EPSG:32612,NEON_S2__0307
20230407T180911_20230407T181117_T12TUK,-112.43170365594472,40.175534114734184,2023-04-07,0.9019607843137255,2023-04-26,-19,projects/neon-prod-earthengine/assets/HSI_REFL/002/2023_ONAQ_5,377769.7104017173,4449309.887054116,EPSG:32612,NEON_S2__0308
20230410T181921_20230410T183237_T12TUK,-112.43170365594472,40.175534114734184,2023-04-10,0.9058823529411765,2023-04-26,-16,projects/neon-prod-earthengine/assets/HSI_REFL/002/2023_ONAQ_5,377769.7104017173,4449309.887054116,EPSG:32612,NEON_S2__0308
20230415T181919_20230415T182242_T12TUK,-112.43170365594472,40.175534114734184,2023-04-15,0.9058823529411765,2023-04-26,-11,projects/neon-prod-earthengine/assets/HSI_REFL/002/2023_ONAQ_5,377769.7104017173,4449309.887054116,EPSG:32612,NEON_S2__0308
20230328T180941_20230328T181622_T12TUK,-112.43170365594472,40.2215278572811,2023-03-28,0.9098039215686274,2023-04-26,-29,projects/neon-prod-earthengine/assets/HSI_REFL/002/2023_ONAQ_5,376924.5341254066,4454324.288083426,EPSG:32612,NEON_S2__0309
20230410T181921_20230410T183237_T12TUK,-112.43170365594472,40.2215278572811,2023-04-10,0.9058823529411765,2023-04-26,-16,projects/neon-prod-earthengine/assets/HSI_REFL/002/2023_ONAQ_5,376924.5341254066,4454324.288083426,EPSG:32612,NEON_S2__0309
20230415T181919_20230415T182242_T12TUK,-112.43170365594472,40.2215278572811,2023-04-15,0.9019607843137255,2023-04-26,-11,projects/neon-prod-earthengine/assets/HSI_REFL/002/2023_ONAQ_5,376924.5341254066,4454324.288083426,EPSG:32612,NEON_S2__0309
20230324T155919_20230324T160523_T17RLN,-82.02983983243092,29.64296707148962,2023-03-24,0.9215686274509803,2023-04-23,-30,projects/neon-prod-earthengine/assets/HSI_REFL/002/2023_OSBS_7,399529.6633595402,3280199.4680116526,EPSG:32617,NEON_S2__0310
20230418T155821_20230418T160614_T17RLN,-82.02983983243092,29.64296707148962,2023-04-18,0.9137254901960784,2023-04-23,-5,projects/neon-prod-earthengine/assets/HSI_REFL/002/2023_OSBS_7,399529.6633595402,3280199.4680116526,EPSG:32617,NEON_S2__0310
20230423T155819_20230423T160343_T17RLN,-82.02983983243092,29.64296707148962,2023-04-23,0.9098039215686274,2023-04-23,0,projects/neon-prod-earthengine/assets/HSI_REFL/002/2023_OSBS_7,399529.6633595402,3280199.4680116526,EPSG:32617,NEON_S2__0310
20230503T155829_20230503T161122_T17RLN,-82.02983983243092,29.64296707148962,2023-05-03,0.9098039215686274,2023-04-23,10,projects/neon-prod-earthengine/assets/HSI_REFL/002/2023_OSBS_7,399529.6633595402,3280199.4680116526,EPSG:32617,NEON_S2__0310
20230324T155919_20230324T160523_T17RLN,-82.02983983243092,29.688960814036538,2023-03-24,0.9176470588235294,2023-04-23,-30,projects/neon-prod-earthengine/assets/HSI_REFL/002/2023_OSBS_7,400411.7693653469,3285192.7822099244,EPSG:32617,NEON_S2__0311
20230418T155821_20230418T160614_T17RLN,-82.02983983243092,29.688960814036538,2023-04-18,0.9137254901960784,2023-04-23,-5,projects/neon-prod-earthengine/assets/HSI_REFL/002/2023_OSBS_7,400411.7693653469,3285192.7822099244,EPSG:32617,NEON_S2__0311
20230423T155819_20230423T160343_T17RLN,-82.02983983243092,29.688960814036538,2023-04-23,0.9019607843137255,2023-04-23,0,projects/neon-prod-earthengine/assets/HSI_REFL/002/2023_OSBS_7,400411.7693653469,3285192.7822099244,EPSG:32617,NEON_S2__0311
20230503T155829_20230503T161122_T17RLN,-82.02983983243092,29.688960814036538,2023-05-03,0.9058823529411765,2023-04-23,10,projects/neon-prod-earthengine/assets/HSI_REFL/002/2023_OSBS_7,400411.7693653469,3285192.7822099244,EPSG:32617,NEON_S2__0311
20230324T155919_20230324T160523_T17RLN,-81.98384608988401,29.64296707148962,2023-03-24,0.9176470588235294,2023-04-23,-30,projects/neon-prod-earthengine/assets/HSI_REFL/002/2023_OSBS_7,404431.2340163172,3279183.7949529234,EPSG:32617,NEON_S2__0312
20230324T155919_20230324T160523_T17RMN,-81.98384608988401,29.64296707148962,2023-03-24,0.9176470588235294,2023-04-23,-30,projects/neon-prod-earthengine/assets/HSI_REFL/002/2023_OSBS_7,404431.2340163172,3279183.7949529234,EPSG:32617,NEON_S2__0312
20230418T155821_20230418T160614_T17RLN,-81.98384608988401,29.64296707148962,2023-04-18,0.9137254901960784,2023-04-23,-5,projects/neon-prod-earthengine/assets/HSI_REFL/002/2023_OSBS_7,404431.2340163172,3279183.7949529234,EPSG:32617,NEON_S2__0312
20230418T155821_20230418T160614_T17RMN,-81.98384608988401,29.64296707148962,2023-04-18,0.9137254901960784,2023-04-23,-5,projects/neon-prod-earthengine/assets/HSI_REFL/002/2023_OSBS_7,404431.2340163172,3279183.7949529234,EPSG:32617,NEON_S2__0312
20230423T155819_20230423T160343_T17RLN,-81.98384608988401,29.64296707148962,2023-04-23,0.9098039215686274,2023-04-23,0,projects/neon-prod-earthengine/assets/HSI_REFL/002/2023_OSBS_7,404431.2340163172,3279183.7949529234,EPSG:32617,NEON_S2__0312
20230423T155819_20230423T160343_T17RMN,-81.98384608988401,29.64296707148962,2023-04-23,0.9098039215686274,2023-04-23,0,projects/neon-prod-earthengine/assets/HSI_REFL/002/2023_OSBS_7,404431.2340163172,3279183.7949529234,EPSG:32617,NEON_S2__0312
20230503T155829_20230503T161122_T17RLN,-81.98384608988401,29.64296707148962,2023-05-03,0.9058823529411765,2023-04-23,10,projects/neon-prod-earthengine/assets/HSI_REFL/002/2023_OSBS_7,404431.2340163172,3279183.7949529234,EPSG:32617,NEON_S2__0312
20230503T155829_20230503T161122_T17RMN,-81.98384608988401,29.64296707148962,2023-05-03,0.9058823529411765,2023-04-23,10,projects/neon-prod-earthengine/assets/HSI_REFL/002/2023_OSBS_7,404431.2340163172,3279183.7949529234,EPSG:32617,NEON_S2__0312
20230324T155919_20230324T160523_T17RLN,-81.98384608988401,29.688960814036538,2023-03-24,0.9137254901960784,2023-04-23,-30,projects/neon-prod-earthengine/assets/HSI_REFL/002/2023_OSBS_7,405313.7363951855,3284176.6522160387,EPSG:32617,NEON_S2__0313
20230324T155919_20230324T160523_T17RMN,-81.98384608988401,29.688960814036538,2023-03-24,0.9137254901960784,2023-04-23,-30,projects/neon-prod-earthengine/assets/HSI_REFL/002/2023_OSBS_7,405313.7363951855,3284176.6522160387,EPSG:32617,NEON_S2__0313
20230418T155821_20230418T160614_T17RLN,-81.98384608988401,29.688960814036538,2023-04-18,0.9098039215686274,2023-04-23,-5,projects/neon-prod-earthengine/assets/HSI_REFL/002/2023_OSBS_7,405313.7363951855,3284176.6522160387,EPSG:32617,NEON_S2__0313
20230418T155821_20230418T160614_T17RMN,-81.98384608988401,29.688960814036538,2023-04-18,0.9098039215686274,2023-04-23,-5,projects/neon-prod-earthengine/assets/HSI_REFL/002/2023_OSBS_7,405313.7363951855,3284176.6522160387,EPSG:32617,NEON_S2__0313
20230423T155819_20230423T160343_T17RLN,-81.98384608988401,29.688960814036538,2023-04-23,0.9019607843137255,2023-04-23,0,projects/neon-prod-earthengine/assets/HSI_REFL/002/2023_OSBS_7,405313.7363951855,3284176.6522160387,EPSG:32617,NEON_S2__0313
20230423T155819_20230423T160343_T17RMN,-81.98384608988401,29.688960814036538,2023-04-23,0.9019607843137255,2023-04-23,0,projects/neon-prod-earthengine/assets/HSI_REFL/002/2023_OSBS_7,405313.7363951855,3284176.6522160387,EPSG:32617,NEON_S2__0313
20230503T155829_20230503T161122_T17RLN,-81.98384608988401,29.688960814036538,2023-05-03,0.9019607843137255,2023-04-23,10,projects/neon-prod-earthengine/assets/HSI_REFL/002/2023_OSBS_7,405313.7363951855,3284176.6522160387,EPSG:32617,NEON_S2__0313
20230503T155829_20230503T161122_T17RMN,-81.98384608988401,29.688960814036538,2023-05-03,0.9019607843137255,2023-04-23,10,projects/neon-prod-earthengine/assets/HSI_REFL/002/2023_OSBS_7,405313.7363951855,3284176.6522160387,EPSG:32617,NEON_S2__0313
20230324T155919_20230324T160523_T17RLN,-81.98384608988401,29.734954556583457,2023-03-24,0.9098039215686274,2023-04-23,-30,projects/neon-prod-earthengine/assets/HSI_REFL/002/2023_OSBS_7,406196.9280829108,3289169.3733612294,EPSG:32617,NEON_S2__0314
20230324T155919_20230324T160523_T17RMN,-81.98384608988401,29.734954556583457,2023-03-24,0.9098039215686274,2023-04-23,-30,projects/neon-prod-earthengine/assets/HSI_REFL/002/2023_OSBS_7,406196.9280829108,3289169.3733612294,EPSG:32617,NEON_S2__0314
20230418T155821_20230418T160614_T17RLN,-81.98384608988401,29.734954556583457,2023-04-18,0.9058823529411765,2023-04-23,-5,projects/neon-prod-earthengine/assets/HSI_REFL/002/2023_OSBS_7,406196.9280829108,3289169.3733612294,EPSG:32617,NEON_S2__0314
20230418T155821_20230418T160614_T17RMN,-81.98384608988401,29.734954556583457,2023-04-18,0.9058823529411765,2023-04-23,-5,projects/neon-prod-earthengine/assets/HSI_REFL/002/2023_OSBS_7,406196.9280829108,3289169.3733612294,EPSG:32617,NEON_S2__0314
20230503T155829_20230503T161122_T17RLN,-81.98384608988401,29.734954556583457,2023-05-03,0.9019607843137255,2023-04-23,10,projects/neon-prod-earthengine/assets/HSI_REFL/002/2023_OSBS_7,406196.9280829108,3289169.3733612294,EPSG:32617,NEON_S2__0314
20230324T155919_20230324T160523_T17RLN,-81.98384608988401,29.64296707148962,2023-03-24,0.9176470588235294,2023-04-23,-30,projects/neon-prod-earthengine/assets/HSI_REFL/002/2023_OSBS_7,404431.2340163172,3279183.7949529234,EPSG:32617,NEON_S2__0315
20230324T155919_20230324T160523_T17RMN,-81.98384608988401,29.64296707148962,2023-03-24,0.9176470588235294,2023-04-23,-30,projects/neon-prod-earthengine/assets/HSI_REFL/002/2023_OSBS_7,404431.2340163172,3279183.7949529234,EPSG:32617,NEON_S2__0315
20230418T155821_20230418T160614_T17RLN,-81.98384608988401,29.64296707148962,2023-04-18,0.9137254901960784,2023-04-23,-5,projects/neon-prod-earthengine/assets/HSI_REFL/002/2023_OSBS_7,404431.2340163172,3279183.7949529234,EPSG:32617,NEON_S2__0315
20230418T155821_20230418T160614_T17RMN,-81.98384608988401,29.64296707148962,2023-04-18,0.9137254901960784,2023-04-23,-5,projects/neon-prod-earthengine/assets/HSI_REFL/002/2023_OSBS_7,404431.2340163172,3279183.7949529234,EPSG:32617,NEON_S2__0315
20230423T155819_20230423T160343_T17RLN,-81.98384608988401,29.64296707148962,2023-04-23,0.9098039215686274,2023-04-23,0,projects/neon-prod-earthengine/assets/HSI_REFL/002/2023_OSBS_7,404431.2340163172,3279183.7949529234,EPSG:32617,NEON_S2__0315
20230423T155819_20230423T160343_T17RMN,-81.98384608988401,29.64296707148962,2023-04-23,0.9098039215686274,2023-04-23,0,projects/neon-prod-earthengine/assets/HSI_REFL/002/2023_OSBS_7,404431.2340163172,3279183.7949529234,EPSG:32617,NEON_S2__0315
20230503T155829_20230503T161122_T17RLN,-81.98384608988401,29.64296707148962,2023-05-03,0.9058823529411765,2023-04-23,10,projects/neon-prod-earthengine/assets/HSI_REFL/002/2023_OSBS_7,404431.2340163172,3279183.7949529234,EPSG:32617,NEON_S2__0315
20230503T155829_20230503T161122_T17RMN,-81.98384608988401,29.64296707148962,2023-05-03,0.9058823529411765,2023-04-23,10,projects/neon-prod-earthengine/assets/HSI_REFL/002/2023_OSBS_7,404431.2340163172,3279183.7949529234,EPSG:32617,NEON_S2__0315
20230324T155919_20230324T160523_T17RLN,-81.98384608988401,29.688960814036538,2023-03-24,0.9137254901960784,2023-04-23,-30,projects/neon-prod-earthengine/assets/HSI_REFL/002/2023_OSBS_7,405313.7363951855,3284176.6522160387,EPSG:32617,NEON_S2__0316
20230324T155919_20230324T160523_T17RMN,-81.98384608988401,29.688960814036538,2023-03-24,0.9137254901960784,2023-04-23,-30,projects/neon-prod-earthengine/assets/HSI_REFL/002/2023_OSBS_7,405313.7363951855,3284176.6522160387,EPSG:32617,NEON_S2__0316
20230418T155821_20230418T160614_T17RLN,-81.98384608988401,29.688960814036538,2023-04-18,0.9098039215686274,2023-04-23,-5,projects/neon-prod-earthengine/assets/HSI_REFL/002/2023_OSBS_7,405313.7363951855,3284176.6522160387,EPSG:32617,NEON_S2__0316
20230418T155821_20230418T160614_T17RMN,-81.98384608988401,29.688960814036538,2023-04-18,0.9098039215686274,2023-04-23,-5,projects/neon-prod-earthengine/assets/HSI_REFL/002/2023_OSBS_7,405313.7363951855,3284176.6522160387,EPSG:32617,NEON_S2__0316
20230423T155819_20230423T160343_T17RLN,-81.98384608988401,29.688960814036538,2023-04-23,0.9019607843137255,2023-04-23,0,projects/neon-prod-earthengine/assets/HSI_REFL/002/2023_OSBS_7,405313.7363951855,3284176.6522160387,EPSG:32617,NEON_S2__0316
20230423T155819_20230423T160343_T17RMN,-81.98384608988401,29.688960814036538,2023-04-23,0.9019607843137255,2023-04-23,0,projects/neon-prod-earthengine/assets/HSI_REFL/002/2023_OSBS_7,405313.7363951855,3284176.6522160387,EPSG:32617,NEON_S2__0316
20230503T155829_20230503T161122_T17RLN,-81.98384608988401,29.688960814036538,2023-05-03,0.9019607843137255,2023-04-23,10,projects/neon-prod-earthengine/assets/HSI_REFL/002/2023_OSBS_7,405313.7363951855,3284176.6522160387,EPSG:32617,NEON_S2__0316
20230503T155829_20230503T161122_T17RMN,-81.98384608988401,29.688960814036538,2023-05-03,0.9019607843137255,2023-04-23,10,projects/neon-prod-earthengine/assets/HSI_REFL/002/2023_OSBS_7,405313.7363951855,3284176.6522160387,EPSG:32617,NEON_S2__0316
20230324T155919_20230324T160523_T17RLN,-81.98384608988401,29.734954556583457,2023-03-24,0.9098039215686274,2023-04-23,-30,projects/neon-prod-earthengine/assets/HSI_REFL/002/2023_OSBS_7,406196.9280829108,3289169.3733612294,EPSG:32617,NEON_S2__0317
20230324T155919_20230324T160523_T17RMN,-81.98384608988401,29.734954556583457,2023-03-24,0.9098039215686274,2023-04-23,-30,projects/neon-prod-earthengine/assets/HSI_REFL/002/2023_OSBS_7,406196.9280829108,3289169.3733612294,EPSG:32617,NEON_S2__0317
20230418T155821_20230418T160614_T17RLN,-81.98384608988401,29.734954556583457,2023-04-18,0.9058823529411765,2023-04-23,-5,projects/neon-prod-earthengine/assets/HSI_REFL/002/2023_OSBS_7,406196.9280829108,3289169.3733612294,EPSG:32617,NEON_S2__0317
20230418T155821_20230418T160614_T17RMN,-81.98384608988401,29.734954556583457,2023-04-18,0.9058823529411765,2023-04-23,-5,projects/neon-prod-earthengine/assets/HSI_REFL/002/2023_OSBS_7,406196.9280829108,3289169.3733612294,EPSG:32617,NEON_S2__0317
20230503T155829_20230503T161122_T17RLN,-81.98384608988401,29.734954556583457,2023-05-03,0.9019607843137255,2023-04-23,10,projects/neon-prod-earthengine/assets/HSI_REFL/002/2023_OSBS_7,406196.9280829108,3289169.3733612294,EPSG:32617,NEON_S2__0317
20230602T155819_20230602T160940_T17SQD,-78.1663654584897,38.84171558087352,2023-06-02,0.9215686274509803,2023-06-18,-16,projects/neon-prod-earthengine/assets/HSI_REFL/002/2023_SCBI_6,745149.2524405371,4303851.282629781,EPSG:32617,NEON_S2__0318
20230602T155819_20230602T160940_T18STJ,-78.1663654584897,38.84171558087352,2023-06-02,0.9176470588235294,2023-06-18,-16,projects/neon-prod-earthengine/assets/HSI_REFL/002/2023_SCBI_6,745149.2524405371,4303851.282629781,EPSG:32617,NEON_S2__0318
20230712T155829_20230712T160941_T17SQD,-78.1663654584897,38.84171558087352,2023-07-12,0.9137254901960784,2023-06-18,24,projects/neon-prod-earthengine/assets/HSI_REFL/002/2023_SCBI_6,745149.2524405371,4303851.282629781,EPSG:32617,NEON_S2__0318
20230712T155829_20230712T160941_T18STJ,-78.1663654584897,38.84171558087352,2023-07-12,0.9098039215686274,2023-06-18,24,projects/neon-prod-earthengine/assets/HSI_REFL/002/2023_SCBI_6,745149.2524405371,4303851.282629781,EPSG:32617,NEON_S2__0318
20230602T155819_20230602T160940_T17SQD,-78.1663654584897,38.88770932342044,2023-06-02,0.9137254901960784,2023-06-18,-16,projects/neon-prod-earthengine/assets/HSI_REFL/002/2023_SCBI_6,746172.2917367897,4308810.198947337,EPSG:32617,NEON_S2__0319
20230602T155819_20230602T160940_T18STJ,-78.1663654584897,38.88770932342044,2023-06-02,0.9137254901960784,2023-06-18,-16,projects/neon-prod-earthengine/assets/HSI_REFL/002/2023_SCBI_6,746172.2917367897,4308810.198947337,EPSG:32617,NEON_S2__0319
20230712T155829_20230712T160941_T17SQD,-78.1663654584897,38.88770932342044,2023-07-12,0.9058823529411765,2023-06-18,24,projects/neon-prod-earthengine/assets/HSI_REFL/002/2023_SCBI_6,746172.2917367897,4308810.198947337,EPSG:32617,NEON_S2__0319
20230712T155829_20230712T160941_T18STJ,-78.1663654584897,38.88770932342044,2023-07-12,0.9058823529411765,2023-06-18,24,projects/neon-prod-earthengine/assets/HSI_REFL/002/2023_SCBI_6,746172.2917367897,4308810.198947337,EPSG:32617,NEON_S2__0319
20230602T155819_20230602T160940_T17SQD,-78.12037171594277,38.84171558087352,2023-06-02,0.9215686274509803,2023-06-18,-16,projects/neon-prod-earthengine/assets/HSI_REFL/002/2023_SCBI_6,750115.2235377964,4302737.277247835,EPSG:32617,NEON_S2__0320
20230602T155819_20230602T160940_T18STJ,-78.12037171594277,38.84171558087352,2023-06-02,0.9137254901960784,2023-06-18,-16,projects/neon-prod-earthengine/assets/HSI_REFL/002/2023_SCBI_6,750115.2235377964,4302737.277247835,EPSG:32617,NEON_S2__0320
20230712T155829_20230712T160941_T17SQD,-78.12037171594277,38.84171558087352,2023-07-12,0.9058823529411765,2023-06-18,24,projects/neon-prod-earthengine/assets/HSI_REFL/002/2023_SCBI_6,750115.2235377964,4302737.277247835,EPSG:32617,NEON_S2__0320
20230712T155829_20230712T160941_T18STJ,-78.12037171594277,38.84171558087352,2023-07-12,0.9019607843137255,2023-06-18,24,projects/neon-prod-earthengine/assets/HSI_REFL/002/2023_SCBI_6,750115.2235377964,4302737.277247835,EPSG:32617,NEON_S2__0320
20230602T155819_20230602T160940_T17SQD,-78.1663654584897,38.84171558087352,2023-06-02,0.9215686274509803,2023-06-18,-16,projects/neon-prod-earthengine/assets/HSI_REFL/002/2023_SCBI_6,745149.2524405371,4303851.282629781,EPSG:32617,NEON_S2__0321
20230602T155819_20230602T160940_T18STJ,-78.1663654584897,38.84171558087352,2023-06-02,0.9176470588235294,2023-06-18,-16,projects/neon-prod-earthengine/assets/HSI_REFL/002/2023_SCBI_6,745149.2524405371,4303851.282629781,EPSG:32617,NEON_S2__0321
20230712T155829_20230712T160941_T17SQD,-78.1663654584897,38.84171558087352,2023-07-12,0.9137254901960784,2023-06-18,24,projects/neon-prod-earthengine/assets/HSI_REFL/002/2023_SCBI_6,745149.2524405371,4303851.282629781,EPSG:32617,NEON_S2__0321
20230712T155829_20230712T160941_T18STJ,-78.1663654584897,38.84171558087352,2023-07-12,0.9098039215686274,2023-06-18,24,projects/neon-prod-earthengine/assets/HSI_REFL/002/2023_SCBI_6,745149.2524405371,4303851.282629781,EPSG:32617,NEON_S2__0321
20230602T155819_20230602T160940_T17SQD,-78.1663654584897,38.88770932342044,2023-06-02,0.9137254901960784,2023-06-18,-16,projects/neon-prod-earthengine/assets/HSI_REFL/002/2023_SCBI_6,746172.2917367897,4308810.198947337,EPSG:32617,NEON_S2__0322
20230602T155819_20230602T160940_T18STJ,-78.1663654584897,38.88770932342044,2023-06-02,0.9137254901960784,2023-06-18,-16,projects/neon-prod-earthengine/assets/HSI_REFL/002/2023_SCBI_6,746172.2917367897,4308810.198947337,EPSG:32617,NEON_S2__0322
20230712T155829_20230712T160941_T17SQD,-78.1663654584897,38.88770932342044,2023-07-12,0.9058823529411765,2023-06-18,24,projects/neon-prod-earthengine/assets/HSI_REFL/002/2023_SCBI_6,746172.2917367897,4308810.198947337,EPSG:32617,NEON_S2__0322
20230712T155829_20230712T160941_T18STJ,-78.1663654584897,38.88770932342044,2023-07-12,0.9058823529411765,2023-06-18,24,projects/neon-prod-earthengine/assets/HSI_REFL/002/2023_SCBI_6,746172.2917367897,4308810.198947337,EPSG:32617,NEON_S2__0322
20230602T155819_20230602T160940_T17SQD,-78.12037171594277,38.84171558087352,2023-06-02,0.9215686274509803,2023-06-18,-16,projects/neon-prod-earthengine/assets/HSI_REFL/002/2023_SCBI_6,750115.2235377964,4302737.277247835,EPSG:32617,NEON_S2__0323
20230602T155819_20230602T160940_T18STJ,-78.12037171594277,38.84171558087352,2023-06-02,0.9137254901960784,2023-06-18,-16,projects/neon-prod-earthengine/assets/HSI_REFL/002/2023_SCBI_6,750115.2235377964,4302737.277247835,EPSG:32617,NEON_S2__0323
20230712T155829_20230712T160941_T17SQD,-78.12037171594277,38.84171558087352,2023-07-12,0.9058823529411765,2023-06-18,24,projects/neon-prod-earthengine/assets/HSI_REFL/002/2023_SCBI_6,750115.2235377964,4302737.277247835,EPSG:32617,NEON_S2__0323
20230712T155829_20230712T160941_T18STJ,-78.12037171594277,38.84171558087352,2023-07-12,0.9019607843137255,2023-06-18,24,projects/neon-prod-earthengine/assets/HSI_REFL/002/2023_SCBI_6,750115.2235377964,4302737.277247835,EPSG:32617,NEON_S2__0323
20230302T184309_20230302T185240_T10SGG,-119.74470872090492,37.093953364090574,2023-03-02,0.9294117647058824,2023-04-01,-30,projects/neon-prod-earthengine/assets/HSI_REFL/002/2023_SJER_6,256313.93843769428,4107087.735670382,EPSG:32611,NEON_S2__0324
20230302T184309_20230302T185240_T11SKB,-119.74470872090492,37.093953364090574,2023-03-02,0.9294117647058824,2023-04-01,-30,projects/neon-prod-earthengine/assets/HSI_REFL/002/2023_SJER_6,256313.93843769428,4107087.735670382,EPSG:32611,NEON_S2__0324
20230307T184221_20230307T184739_T10SGG,-119.74470872090492,37.093953364090574,2023-03-07,0.9254901960784314,2023-04-01,-25,projects/neon-prod-earthengine/assets/HSI_REFL/002/2023_SJER_6,256313.93843769428,4107087.735670382,EPSG:32611,NEON_S2__0324
20230307T184221_20230307T184739_T11SKB,-119.74470872090492,37.093953364090574,2023-03-07,0.9176470588235294,2023-04-01,-25,projects/neon-prod-earthengine/assets/HSI_REFL/002/2023_SJER_6,256313.93843769428,4107087.735670382,EPSG:32611,NEON_S2__0324
20230317T184111_20230317T184948_T10SGG,-119.74470872090492,37.093953364090574,2023-03-17,0.9294117647058824,2023-04-01,-15,projects/neon-prod-earthengine/assets/HSI_REFL/002/2023_SJER_6,256313.93843769428,4107087.735670382,EPSG:32611,NEON_S2__0324
20230317T184111_20230317T184948_T11SKB,-119.74470872090492,37.093953364090574,2023-03-17,0.9294117647058824,2023-04-01,-15,projects/neon-prod-earthengine/assets/HSI_REFL/002/2023_SJER_6,256313.93843769428,4107087.735670382,EPSG:32611,NEON_S2__0324
20230327T184001_20230327T185030_T10SGG,-119.74470872090492,37.093953364090574,2023-03-27,0.9254901960784314,2023-04-01,-5,projects/neon-prod-earthengine/assets/HSI_REFL/002/2023_SJER_6,256313.93843769428,4107087.735670382,EPSG:32611,NEON_S2__0324
20230327T184001_20230327T185030_T11SKB,-119.74470872090492,37.093953364090574,2023-03-27,0.9254901960784314,2023-04-01,-5,projects/neon-prod-earthengine/assets/HSI_REFL/002/2023_SJER_6,256313.93843769428,4107087.735670382,EPSG:32611,NEON_S2__0324
20230401T183929_20230401T184336_T10SGG,-119.74470872090492,37.093953364090574,2023-04-01,0.9215686274509803,2023-04-01,0,projects/neon-prod-earthengine/assets/HSI_REFL/002/2023_SJER_6,256313.93843769428,4107087.735670382,EPSG:32611,NEON_S2__0324
20230401T183929_20230401T184336_T11SKB,-119.74470872090492,37.093953364090574,2023-04-01,0.9215686274509803,2023-04-01,0,projects/neon-prod-earthengine/assets/HSI_REFL/002/2023_SJER_6,256313.93843769428,4107087.735670382,EPSG:32611,NEON_S2__0324
20230406T183921_20230406T185239_T10SGG,-119.74470872090492,37.093953364090574,2023-04-06,0.9254901960784314,2023-04-01,5,projects/neon-prod-earthengine/assets/HSI_REFL/002/2023_SJER_6,256313.93843769428,4107087.735670382,EPSG:32611,NEON_S2__0324
20230406T183921_20230406T185239_T11SKB,-119.74470872090492,37.093953364090574,2023-04-06,0.9254901960784314,2023-04-01,5,projects/neon-prod-earthengine/assets/HSI_REFL/002/2023_SJER_6,256313.93843769428,4107087.735670382,EPSG:32611,NEON_S2__0324
20230421T183919_20230421T185006_T10SGG,-119.74470872090492,37.093953364090574,2023-04-21,0.9058823529411765,2023-04-01,20,projects/neon-prod-earthengine/assets/HSI_REFL/002/2023_SJER_6,256313.93843769428,4107087.735670382,EPSG:32611,NEON_S2__0324
20230421T183919_20230421T185006_T11SKB,-119.74470872090492,37.093953364090574,2023-04-21,0.9058823529411765,2023-04-01,20,projects/neon-prod-earthengine/assets/HSI_REFL/002/2023_SJER_6,256313.93843769428,4107087.735670382,EPSG:32611,NEON_S2__0324
20230426T183921_20230426T184841_T10SGG,-119.74470872090492,37.093953364090574,2023-04-26,0.9058823529411765,2023-04-01,25,projects/neon-prod-earthengine/assets/HSI_REFL/002/2023_SJER_6,256313.93843769428,4107087.735670382,EPSG:32611,NEON_S2__0324
20230426T183921_20230426T184841_T11SKB,-119.74470872090492,37.093953364090574,2023-04-26,0.9058823529411765,2023-04-01,25,projects/neon-prod-earthengine/assets/HSI_REFL/002/2023_SJER_6,256313.93843769428,4107087.735670382,EPSG:32611,NEON_S2__0324
20230302T184309_20230302T185240_T10SGG,-119.74470872090492,37.13994710663749,2023-03-02,0.9254901960784314,2023-04-01,-30,projects/neon-prod-earthengine/assets/HSI_REFL/002/2023_SJER_6,255133.685255449,4111988.392538028,EPSG:32611,NEON_S2__0325
20230302T184309_20230302T185240_T11SKB,-119.74470872090492,37.13994710663749,2023-03-02,0.9254901960784314,2023-04-01,-30,projects/neon-prod-earthengine/assets/HSI_REFL/002/2023_SJER_6,255133.685255449,4111988.392538028,EPSG:32611,NEON_S2__0325
20230307T184221_20230307T184739_T10SGG,-119.74470872090492,37.13994710663749,2023-03-07,0.9058823529411765,2023-04-01,-25,projects/neon-prod-earthengine/assets/HSI_REFL/002/2023_SJER_6,255133.685255449,4111988.392538028,EPSG:32611,NEON_S2__0325
20230307T184221_20230307T184739_T11SKB,-119.74470872090492,37.13994710663749,2023-03-07,0.9058823529411765,2023-04-01,-25,projects/neon-prod-earthengine/assets/HSI_REFL/002/2023_SJER_6,255133.685255449,4111988.392538028,EPSG:32611,NEON_S2__0325
20230317T184111_20230317T184948_T10SGG,-119.74470872090492,37.13994710663749,2023-03-17,0.9294117647058824,2023-04-01,-15,projects/neon-prod-earthengine/assets/HSI_REFL/002/2023_SJER_6,255133.685255449,4111988.392538028,EPSG:32611,NEON_S2__0325
20230317T184111_20230317T184948_T11SKB,-119.74470872090492,37.13994710663749,2023-03-17,0.9254901960784314,2023-04-01,-15,projects/neon-prod-earthengine/assets/HSI_REFL/002/2023_SJER_6,255133.685255449,4111988.392538028,EPSG:32611,NEON_S2__0325
20230327T184001_20230327T185030_T10SGG,-119.74470872090492,37.13994710663749,2023-03-27,0.9215686274509803,2023-04-01,-5,projects/neon-prod-earthengine/assets/HSI_REFL/002/2023_SJER_6,255133.685255449,4111988.392538028,EPSG:32611,NEON_S2__0325
20230327T184001_20230327T185030_T11SKB,-119.74470872090492,37.13994710663749,2023-03-27,0.9215686274509803,2023-04-01,-5,projects/neon-prod-earthengine/assets/HSI_REFL/002/2023_SJER_6,255133.685255449,4111988.392538028,EPSG:32611,NEON_S2__0325
20230401T183929_20230401T184336_T10SGG,-119.74470872090492,37.13994710663749,2023-04-01,0.9215686274509803,2023-04-01,0,projects/neon-prod-earthengine/assets/HSI_REFL/002/2023_SJER_6,255133.685255449,4111988.392538028,EPSG:32611,NEON_S2__0325
20230401T183929_20230401T184336_T11SKB,-119.74470872090492,37.13994710663749,2023-04-01,0.9176470588235294,2023-04-01,0,projects/neon-prod-earthengine/assets/HSI_REFL/002/2023_SJER_6,255133.685255449,4111988.392538028,EPSG:32611,NEON_S2__0325
20230406T183921_20230406T185239_T10SGG,-119.74470872090492,37.13994710663749,2023-04-06,0.9176470588235294,2023-04-01,5,projects/neon-prod-earthengine/assets/HSI_REFL/002/2023_SJER_6,255133.685255449,4111988.392538028,EPSG:32611,NEON_S2__0325
20230406T183921_20230406T185239_T11SKB,-119.74470872090492,37.13994710663749,2023-04-06,0.9176470588235294,2023-04-01,5,projects/neon-prod-earthengine/assets/HSI_REFL/002/2023_SJER_6,255133.685255449,4111988.392538028,EPSG:32611,NEON_S2__0325
20230421T183919_20230421T185006_T10SGG,-119.74470872090492,37.13994710663749,2023-04-21,0.9058823529411765,2023-04-01,20,projects/neon-prod-earthengine/assets/HSI_REFL/002/2023_SJER_6,255133.685255449,4111988.392538028,EPSG:32611,NEON_S2__0325
20230421T183919_20230421T185006_T11SKB,-119.74470872090492,37.13994710663749,2023-04-21,0.9058823529411765,2023-04-01,20,projects/neon-prod-earthengine/assets/HSI_REFL/002/2023_SJER_6,255133.685255449,4111988.392538028,EPSG:32611,NEON_S2__0325
20230426T183921_20230426T184841_T10SGG,-119.74470872090492,37.13994710663749,2023-04-26,0.9058823529411765,2023-04-01,25,projects/neon-prod-earthengine/assets/HSI_REFL/002/2023_SJER_6,255133.685255449,4111988.392538028,EPSG:32611,NEON_S2__0325
20230426T183921_20230426T184841_T11SKB,-119.74470872090492,37.13994710663749,2023-04-26,0.9058823529411765,2023-04-01,25,projects/neon-prod-earthengine/assets/HSI_REFL/002/2023_SJER_6,255133.685255449,4111988.392538028,EPSG:32611,NEON_S2__0325
20230302T184309_20230302T185240_T10SGG,-119.74470872090492,37.093953364090574,2023-03-02,0.9294117647058824,2023-04-01,-30,projects/neon-prod-earthengine/assets/HSI_REFL/002/2023_SJER_6,256313.93843769428,4107087.735670382,EPSG:32611,NEON_S2__0326
20230302T184309_20230302T185240_T11SKB,-119.74470872090492,37.093953364090574,2023-03-02,0.9294117647058824,2023-04-01,-30,projects/neon-prod-earthengine/assets/HSI_REFL/002/2023_SJER_6,256313.93843769428,4107087.735670382,EPSG:32611,NEON_S2__0326
20230307T184221_20230307T184739_T10SGG,-119.74470872090492,37.093953364090574,2023-03-07,0.9254901960784314,2023-04-01,-25,projects/neon-prod-earthengine/assets/HSI_REFL/002/2023_SJER_6,256313.93843769428,4107087.735670382,EPSG:32611,NEON_S2__0326
20230307T184221_20230307T184739_T11SKB,-119.74470872090492,37.093953364090574,2023-03-07,0.9176470588235294,2023-04-01,-25,projects/neon-prod-earthengine/assets/HSI_REFL/002/2023_SJER_6,256313.93843769428,4107087.735670382,EPSG:32611,NEON_S2__0326
20230317T184111_20230317T184948_T10SGG,-119.74470872090492,37.093953364090574,2023-03-17,0.9294117647058824,2023-04-01,-15,projects/neon-prod-earthengine/assets/HSI_REFL/002/2023_SJER_6,256313.93843769428,4107087.735670382,EPSG:32611,NEON_S2__0326
20230317T184111_20230317T184948_T11SKB,-119.74470872090492,37.093953364090574,2023-03-17,0.9294117647058824,2023-04-01,-15,projects/neon-prod-earthengine/assets/HSI_REFL/002/2023_SJER_6,256313.93843769428,4107087.735670382,EPSG:32611,NEON_S2__0326
20230327T184001_20230327T185030_T10SGG,-119.74470872090492,37.093953364090574,2023-03-27,0.9254901960784314,2023-04-01,-5,projects/neon-prod-earthengine/assets/HSI_REFL/002/2023_SJER_6,256313.93843769428,4107087.735670382,EPSG:32611,NEON_S2__0326
20230327T184001_20230327T185030_T11SKB,-119.74470872090492,37.093953364090574,2023-03-27,0.9254901960784314,2023-04-01,-5,projects/neon-prod-earthengine/assets/HSI_REFL/002/2023_SJER_6,256313.93843769428,4107087.735670382,EPSG:32611,NEON_S2__0326
20230401T183929_20230401T184336_T10SGG,-119.74470872090492,37.093953364090574,2023-04-01,0.9215686274509803,2023-04-01,0,projects/neon-prod-earthengine/assets/HSI_REFL/002/2023_SJER_6,256313.93843769428,4107087.735670382,EPSG:32611,NEON_S2__0326
20230401T183929_20230401T184336_T11SKB,-119.74470872090492,37.093953364090574,2023-04-01,0.9215686274509803,2023-04-01,0,projects/neon-prod-earthengine/assets/HSI_REFL/002/2023_SJER_6,256313.93843769428,4107087.735670382,EPSG:32611,NEON_S2__0326
20230406T183921_20230406T185239_T10SGG,-119.74470872090492,37.093953364090574,2023-04-06,0.9254901960784314,2023-04-01,5,projects/neon-prod-earthengine/assets/HSI_REFL/002/2023_SJER_6,256313.93843769428,4107087.735670382,EPSG:32611,NEON_S2__0326
20230406T183921_20230406T185239_T11SKB,-119.74470872090492,37.093953364090574,2023-04-06,0.9254901960784314,2023-04-01,5,projects/neon-prod-earthengine/assets/HSI_REFL/002/2023_SJER_6,256313.93843769428,4107087.735670382,EPSG:32611,NEON_S2__0326
20230421T183919_20230421T185006_T10SGG,-119.74470872090492,37.093953364090574,2023-04-21,0.9058823529411765,2023-04-01,20,projects/neon-prod-earthengine/assets/HSI_REFL/002/2023_SJER_6,256313.93843769428,4107087.735670382,EPSG:32611,NEON_S2__0326
20230421T183919_20230421T185006_T11SKB,-119.74470872090492,37.093953364090574,2023-04-21,0.9058823529411765,2023-04-01,20,projects/neon-prod-earthengine/assets/HSI_REFL/002/2023_SJER_6,256313.93843769428,4107087.735670382,EPSG:32611,NEON_S2__0326
20230426T183921_20230426T184841_T10SGG,-119.74470872090492,37.093953364090574,2023-04-26,0.9058823529411765,2023-04-01,25,projects/neon-prod-earthengine/assets/HSI_REFL/002/2023_SJER_6,256313.93843769428,4107087.735670382,EPSG:32611,NEON_S2__0326
20230426T183921_20230426T184841_T11SKB,-119.74470872090492,37.093953364090574,2023-04-26,0.9058823529411765,2023-04-01,25,projects/neon-prod-earthengine/assets/HSI_REFL/002/2023_SJER_6,256313.93843769428,4107087.735670382,EPSG:32611,NEON_S2__0326
20230302T184309_20230302T185240_T10SGG,-119.74470872090492,37.13994710663749,2023-03-02,0.9254901960784314,2023-04-01,-30,projects/neon-prod-earthengine/assets/HSI_REFL/002/2023_SJER_6,255133.685255449,4111988.392538028,EPSG:32611,NEON_S2__0327
20230302T184309_20230302T185240_T11SKB,-119.74470872090492,37.13994710663749,2023-03-02,0.9254901960784314,2023-04-01,-30,projects/neon-prod-earthengine/assets/HSI_REFL/002/2023_SJER_6,255133.685255449,4111988.392538028,EPSG:32611,NEON_S2__0327
20230307T184221_20230307T184739_T10SGG,-119.74470872090492,37.13994710663749,2023-03-07,0.9058823529411765,2023-04-01,-25,projects/neon-prod-earthengine/assets/HSI_REFL/002/2023_SJER_6,255133.685255449,4111988.392538028,EPSG:32611,NEON_S2__0327
20230307T184221_20230307T184739_T11SKB,-119.74470872090492,37.13994710663749,2023-03-07,0.9058823529411765,2023-04-01,-25,projects/neon-prod-earthengine/assets/HSI_REFL/002/2023_SJER_6,255133.685255449,4111988.392538028,EPSG:32611,NEON_S2__0327
20230317T184111_20230317T184948_T10SGG,-119.74470872090492,37.13994710663749,2023-03-17,0.9294117647058824,2023-04-01,-15,projects/neon-prod-earthengine/assets/HSI_REFL/002/2023_SJER_6,255133.685255449,4111988.392538028,EPSG:32611,NEON_S2__0327
20230317T184111_20230317T184948_T11SKB,-119.74470872090492,37.13994710663749,2023-03-17,0.9254901960784314,2023-04-01,-15,projects/neon-prod-earthengine/assets/HSI_REFL/002/2023_SJER_6,255133.685255449,4111988.392538028,EPSG:32611,NEON_S2__0327
20230327T184001_20230327T185030_T10SGG,-119.74470872090492,37.13994710663749,2023-03-27,0.9215686274509803,2023-04-01,-5,projects/neon-prod-earthengine/assets/HSI_REFL/002/2023_SJER_6,255133.685255449,4111988.392538028,EPSG:32611,NEON_S2__0327
20230327T184001_20230327T185030_T11SKB,-119.74470872090492,37.13994710663749,2023-03-27,0.9215686274509803,2023-04-01,-5,projects/neon-prod-earthengine/assets/HSI_REFL/002/2023_SJER_6,255133.685255449,4111988.392538028,EPSG:32611,NEON_S2__0327
20230401T183929_20230401T184336_T10SGG,-119.74470872090492,37.13994710663749,2023-04-01,0.9215686274509803,2023-04-01,0,projects/neon-prod-earthengine/assets/HSI_REFL/002/2023_SJER_6,255133.685255449,4111988.392538028,EPSG:32611,NEON_S2__0327
20230401T183929_20230401T184336_T11SKB,-119.74470872090492,37.13994710663749,2023-04-01,0.9176470588235294,2023-04-01,0,projects/neon-prod-earthengine/assets/HSI_REFL/002/2023_SJER_6,255133.685255449,4111988.392538028,EPSG:32611,NEON_S2__0327
20230406T183921_20230406T185239_T10SGG,-119.74470872090492,37.13994710663749,2023-04-06,0.9176470588235294,2023-04-01,5,projects/neon-prod-earthengine/assets/HSI_REFL/002/2023_SJER_6,255133.685255449,4111988.392538028,EPSG:32611,NEON_S2__0327
20230406T183921_20230406T185239_T11SKB,-119.74470872090492,37.13994710663749,2023-04-06,0.9176470588235294,2023-04-01,5,projects/neon-prod-earthengine/assets/HSI_REFL/002/2023_SJER_6,255133.685255449,4111988.392538028,EPSG:32611,NEON_S2__0327
20230421T183919_20230421T185006_T10SGG,-119.74470872090492,37.13994710663749,2023-04-21,0.9058823529411765,2023-04-01,20,projects/neon-prod-earthengine/assets/HSI_REFL/002/2023_SJER_6,255133.685255449,4111988.392538028,EPSG:32611,NEON_S2__0327
20230421T183919_20230421T185006_T11SKB,-119.74470872090492,37.13994710663749,2023-04-21,0.9058823529411765,2023-04-01,20,projects/neon-prod-earthengine/assets/HSI_REFL/002/2023_SJER_6,255133.685255449,4111988.392538028,EPSG:32611,NEON_S2__0327
20230426T183921_20230426T184841_T10SGG,-119.74470872090492,37.13994710663749,2023-04-26,0.9058823529411765,2023-04-01,25,projects/neon-prod-earthengine/assets/HSI_REFL/002/2023_SJER_6,255133.685255449,4111988.392538028,EPSG:32611,NEON_S2__0327
20230426T183921_20230426T184841_T11SKB,-119.74470872090492,37.13994710663749,2023-04-26,0.9058823529411765,2023-04-01,25,projects/neon-prod-earthengine/assets/HSI_REFL/002/2023_SJER_6,255133.685255449,4111988.392538028,EPSG:32611,NEON_S2__0327
20230620T183919_20230620T184248_T11SKB,-119.19278381034188,37.001965878996735,2023-06-20,0.9098039215686274,2023-06-05,15,projects/neon-prod-earthengine/assets/HSI_REFL/002/2023_SOAP_6,305243.8069778315,4099143.5095124585,EPSG:32611,NEON_S2__0328
20230620T183919_20230620T184248_T11SLB,-119.19278381034188,37.001965878996735,2023-06-20,0.9058823529411765,2023-06-05,15,projects/neon-prod-earthengine/assets/HSI_REFL/002/2023_SOAP_6,305243.8069778315,4099143.5095124585,EPSG:32611,NEON_S2__0328
20230630T183929_20230630T184647_T11SKB,-119.19278381034188,37.001965878996735,2023-06-30,0.9098039215686274,2023-06-05,25,projects/neon-prod-earthengine/assets/HSI_REFL/002/2023_SOAP_6,305243.8069778315,4099143.5095124585,EPSG:32611,NEON_S2__0328
20230630T183929_20230630T184647_T11SLB,-119.19278381034188,37.001965878996735,2023-06-30,0.9058823529411765,2023-06-05,25,projects/neon-prod-earthengine/assets/HSI_REFL/002/2023_SOAP_6,305243.8069778315,4099143.5095124585,EPSG:32611,NEON_S2__0328
20230511T183919_20230511T185017_T11SKB,-119.19278381034188,37.047959621543654,2023-05-11,0.9019607843137255,2023-06-05,-25,projects/neon-prod-earthengine/assets/HSI_REFL/002/2023_SOAP_6,304068.4465129827,4104047.802848522,EPSG:32611,NEON_S2__0329
20230620T183919_20230620T184248_T11SKB,-119.19278381034188,37.047959621543654,2023-06-20,0.9137254901960784,2023-06-05,15,projects/neon-prod-earthengine/assets/HSI_REFL/002/2023_SOAP_6,304068.4465129827,4104047.802848522,EPSG:32611,NEON_S2__0329
20230620T183919_20230620T184248_T11SLB,-119.19278381034188,37.047959621543654,2023-06-20,0.9098039215686274,2023-06-05,15,projects/neon-prod-earthengine/assets/HSI_REFL/002/2023_SOAP_6,304068.4465129827,4104047.802848522,EPSG:32611,NEON_S2__0329
20230630T183929_20230630T184647_T11SKB,-119.19278381034188,37.047959621543654,2023-06-30,0.9098039215686274,2023-06-05,25,projects/neon-prod-earthengine/assets/HSI_REFL/002/2023_SOAP_6,304068.4465129827,4104047.802848522,EPSG:32611,NEON_S2__0329
20230630T183929_20230630T184647_T11SLB,-119.19278381034188,37.047959621543654,2023-06-30,0.9098039215686274,2023-06-05,25,projects/neon-prod-earthengine/assets/HSI_REFL/002/2023_SOAP_6,304068.4465129827,4104047.802848522,EPSG:32611,NEON_S2__0329
20230620T183919_20230620T184248_T11SKB,-119.19278381034188,37.001965878996735,2023-06-20,0.9098039215686274,2023-06-05,15,projects/neon-prod-earthengine/assets/HSI_REFL/002/2023_SOAP_6,305243.8069778315,4099143.5095124585,EPSG:32611,NEON_S2__0330
20230620T183919_20230620T184248_T11SLB,-119.19278381034188,37.001965878996735,2023-06-20,0.9058823529411765,2023-06-05,15,projects/neon-prod-earthengine/assets/HSI_REFL/002/2023_SOAP_6,305243.8069778315,4099143.5095124585,EPSG:32611,NEON_S2__0330
20230630T183929_20230630T184647_T11SKB,-119.19278381034188,37.001965878996735,2023-06-30,0.9098039215686274,2023-06-05,25,projects/neon-prod-earthengine/assets/HSI_REFL/002/2023_SOAP_6,305243.8069778315,4099143.5095124585,EPSG:32611,NEON_S2__0330
20230630T183929_20230630T184647_T11SLB,-119.19278381034188,37.001965878996735,2023-06-30,0.9058823529411765,2023-06-05,25,projects/neon-prod-earthengine/assets/HSI_REFL/002/2023_SOAP_6,305243.8069778315,4099143.5095124585,EPSG:32611,NEON_S2__0330
20230511T183919_20230511T185017_T11SKB,-119.19278381034188,37.047959621543654,2023-05-11,0.9019607843137255,2023-06-05,-25,projects/neon-prod-earthengine/assets/HSI_REFL/002/2023_SOAP_6,304068.4465129827,4104047.802848522,EPSG:32611,NEON_S2__0331
20230620T183919_20230620T184248_T11SKB,-119.19278381034188,37.047959621543654,2023-06-20,0.9137254901960784,2023-06-05,15,projects/neon-prod-earthengine/assets/HSI_REFL/002/2023_SOAP_6,304068.4465129827,4104047.802848522,EPSG:32611,NEON_S2__0331
20230620T183919_20230620T184248_T11SLB,-119.19278381034188,37.047959621543654,2023-06-20,0.9098039215686274,2023-06-05,15,projects/neon-prod-earthengine/assets/HSI_REFL/002/2023_SOAP_6,304068.4465129827,4104047.802848522,EPSG:32611,NEON_S2__0331
20230630T183929_20230630T184647_T11SKB,-119.19278381034188,37.047959621543654,2023-06-30,0.9098039215686274,2023-06-05,25,projects/neon-prod-earthengine/assets/HSI_REFL/002/2023_SOAP_6,304068.4465129827,4104047.802848522,EPSG:32611,NEON_S2__0331
20230630T183929_20230630T184647_T11SLB,-119.19278381034188,37.047959621543654,2023-06-30,0.9098039215686274,2023-06-05,25,projects/neon-prod-earthengine/assets/HSI_REFL/002/2023_SOAP_6,304068.4465129827,4104047.802848522,EPSG:32611,NEON_S2__0331
20230620T183919_20230620T184248_T11SKB,-119.2387775528888,37.001965878996735,2023-06-20,0.9058823529411765,2023-07-06,-16,projects/neon-prod-earthengine/assets/HSI_REFL/002/2023_SOAP_7,300330.8451279858,4097850.5304439072,EPSG:32611,NEON_S2__0332
20230630T183929_20230630T184647_T11SKB,-119.2387775528888,37.001965878996735,2023-06-30,0.9058823529411765,2023-07-06,-6,projects/neon-prod-earthengine/assets/HSI_REFL/002/2023_SOAP_7,300330.8451279858,4097850.5304439072,EPSG:32611,NEON_S2__0332
20230730T183929_20230730T184136_T11SKB,-119.2387775528888,37.001965878996735,2023-07-30,0.9019607843137255,2023-07-06,24,projects/neon-prod-earthengine/assets/HSI_REFL/002/2023_SOAP_7,300330.8451279858,4097850.5304439072,EPSG:32611,NEON_S2__0332
20230804T183921_20230804T184929_T11SKB,-119.2387775528888,37.001965878996735,2023-08-04,0.9019607843137255,2023-07-06,29,projects/neon-prod-earthengine/assets/HSI_REFL/002/2023_SOAP_7,300330.8451279858,4097850.5304439072,EPSG:32611,NEON_S2__0332
20230620T183919_20230620T184248_T11SKB,-119.2387775528888,37.047959621543654,2023-06-20,0.9098039215686274,2023-07-06,-16,projects/neon-prod-earthengine/assets/HSI_REFL/002/2023_SOAP_7,299155.24369540846,4102754.4700977015,EPSG:32611,NEON_S2__0333
20230630T183929_20230630T184647_T11SKB,-119.2387775528888,37.047959621543654,2023-06-30,0.9058823529411765,2023-07-06,-6,projects/neon-prod-earthengine/assets/HSI_REFL/002/2023_SOAP_7,299155.24369540846,4102754.4700977015,EPSG:32611,NEON_S2__0333
20230705T183921_20230705T184701_T11SKB,-119.2387775528888,37.047959621543654,2023-07-05,0.9019607843137255,2023-07-06,-1,projects/neon-prod-earthengine/assets/HSI_REFL/002/2023_SOAP_7,299155.24369540846,4102754.4700977015,EPSG:32611,NEON_S2__0333
20230710T183929_20230710T184227_T11SKB,-119.2387775528888,37.047959621543654,2023-07-10,0.9058823529411765,2023-07-06,4,projects/neon-prod-earthengine/assets/HSI_REFL/002/2023_SOAP_7,299155.24369540846,4102754.4700977015,EPSG:32611,NEON_S2__0333
20230715T183921_20230715T184650_T11SKB,-119.2387775528888,37.047959621543654,2023-07-15,0.9058823529411765,2023-07-06,9,projects/neon-prod-earthengine/assets/HSI_REFL/002/2023_SOAP_7,299155.24369540846,4102754.4700977015,EPSG:32611,NEON_S2__0333
20230720T183929_20230720T185408_T11SKB,-119.2387775528888,37.047959621543654,2023-07-20,0.9058823529411765,2023-07-06,14,projects/neon-prod-earthengine/assets/HSI_REFL/002/2023_SOAP_7,299155.24369540846,4102754.4700977015,EPSG:32611,NEON_S2__0333
20230725T183921_20230725T185135_T11SKB,-119.2387775528888,37.047959621543654,2023-07-25,0.9058823529411765,2023-07-06,19,projects/neon-prod-earthengine/assets/HSI_REFL/002/2023_SOAP_7,299155.24369540846,4102754.4700977015,EPSG:32611,NEON_S2__0333
20230730T183929_20230730T184136_T11SKB,-119.2387775528888,37.047959621543654,2023-07-30,0.9098039215686274,2023-07-06,24,projects/neon-prod-earthengine/assets/HSI_REFL/002/2023_SOAP_7,299155.24369540846,4102754.4700977015,EPSG:32611,NEON_S2__0333
20230804T183921_20230804T184929_T11SKB,-119.2387775528888,37.047959621543654,2023-08-04,0.9098039215686274,2023-07-06,29,projects/neon-prod-earthengine/assets/HSI_REFL/002/2023_SOAP_7,299155.24369540846,4102754.4700977015,EPSG:32611,NEON_S2__0333
20230620T183919_20230620T184248_T11SKB,-119.28477129543572,37.093953364090574,2023-06-20,0.9098039215686274,2023-07-06,-16,projects/neon-prod-earthengine/assets/HSI_REFL/002/2023_SOAP_7,297978.9650420021,4107658.274178384,EPSG:32611,NEON_S2__0334
20230630T183929_20230630T184647_T11SKB,-119.28477129543572,37.093953364090574,2023-06-30,0.9098039215686274,2023-07-06,-6,projects/neon-prod-earthengine/assets/HSI_REFL/002/2023_SOAP_7,297978.9650420021,4107658.274178384,EPSG:32611,NEON_S2__0334
20230705T183921_20230705T184701_T11SKB,-119.28477129543572,37.093953364090574,2023-07-05,0.9058823529411765,2023-07-06,-1,projects/neon-prod-earthengine/assets/HSI_REFL/002/2023_SOAP_7,297978.9650420021,4107658.274178384,EPSG:32611,NEON_S2__0334
20230710T183929_20230710T184227_T11SKB,-119.28477129543572,37.093953364090574,2023-07-10,0.9098039215686274,2023-07-06,4,projects/neon-prod-earthengine/assets/HSI_REFL/002/2023_SOAP_7,297978.9650420021,4107658.274178384,EPSG:32611,NEON_S2__0334
20230715T183921_20230715T184650_T11SKB,-119.28477129543572,37.093953364090574,2023-07-15,0.9098039215686274,2023-07-06,9,projects/neon-prod-earthengine/assets/HSI_REFL/002/2023_SOAP_7,297978.9650420021,4107658.274178384,EPSG:32611,NEON_S2__0334
20230720T183929_20230720T185408_T11SKB,-119.28477129543572,37.093953364090574,2023-07-20,0.9098039215686274,2023-07-06,14,projects/neon-prod-earthengine/assets/HSI_REFL/002/2023_SOAP_7,297978.9650420021,4107658.274178384,EPSG:32611,NEON_S2__0334
20230725T183921_20230725T185135_T11SKB,-119.28477129543572,37.093953364090574,2023-07-25,0.9098039215686274,2023-07-06,19,projects/neon-prod-earthengine/assets/HSI_REFL/002/2023_SOAP_7,297978.9650420021,4107658.274178384,EPSG:32611,NEON_S2__0334
20230730T183929_20230730T184136_T11SKB,-119.28477129543572,37.093953364090574,2023-07-30,0.9098039215686274,2023-07-06,24,projects/neon-prod-earthengine/assets/HSI_REFL/002/2023_SOAP_7,297978.9650420021,4107658.274178384,EPSG:32611,NEON_S2__0334
20230804T183921_20230804T184929_T11SKB,-119.28477129543572,37.093953364090574,2023-08-04,0.9098039215686274,2023-07-06,29,projects/neon-prod-earthengine/assets/HSI_REFL/002/2023_SOAP_7,297978.9650420021,4107658.274178384,EPSG:32611,NEON_S2__0334
20230429T170851_20230429T171334_T15SUD,-95.18405020084991,39.025690551061196,2023-04-29,0.9137254901960784,2023-05-24,-25,projects/neon-prod-earthengine/assets/HSI_REFL/002/2023_UKFS_7,309868.89090271934,4321232.505179466,EPSG:32615,NEON_S2__0335
20230501T165849_20230501T171227_T15SUD,-95.18405020084991,39.025690551061196,2023-05-01,0.9176470588235294,2023-05-24,-23,projects/neon-prod-earthengine/assets/HSI_REFL/002/2023_UKFS_7,309868.89090271934,4321232.505179466,EPSG:32615,NEON_S2__0335
20230521T165849_20230521T170353_T15SUD,-95.18405020084991,39.025690551061196,2023-05-21,0.9058823529411765,2023-05-24,-3,projects/neon-prod-earthengine/assets/HSI_REFL/002/2023_UKFS_7,309868.89090271934,4321232.505179466,EPSG:32615,NEON_S2__0335
20230526T165901_20230526T170604_T15SUD,-95.18405020084991,39.025690551061196,2023-05-26,0.9058823529411765,2023-05-24,2,projects/neon-prod-earthengine/assets/HSI_REFL/002/2023_UKFS_7,309868.89090271934,4321232.505179466,EPSG:32615,NEON_S2__0335
20230529T170851_20230529T171949_T15SUD,-95.18405020084991,39.025690551061196,2023-05-29,0.9058823529411765,2023-05-24,5,projects/neon-prod-earthengine/assets/HSI_REFL/002/2023_UKFS_7,309868.89090271934,4321232.505179466,EPSG:32615,NEON_S2__0335
20230603T170859_20230603T171403_T15SUD,-95.18405020084991,39.025690551061196,2023-06-03,0.9098039215686274,2023-05-24,10,projects/neon-prod-earthengine/assets/HSI_REFL/002/2023_UKFS_7,309868.89090271934,4321232.505179466,EPSG:32615,NEON_S2__0335
20230620T165849_20230620T170446_T15SUD,-95.18405020084991,39.025690551061196,2023-06-20,0.9058823529411765,2023-05-24,27,projects/neon-prod-earthengine/assets/HSI_REFL/002/2023_UKFS_7,309868.89090271934,4321232.505179466,EPSG:32615,NEON_S2__0335
20230429T170851_20230429T171334_T15SUD,-95.18405020084991,39.071684293608115,2023-04-29,0.9176470588235294,2023-05-24,-25,projects/neon-prod-earthengine/assets/HSI_REFL/002/2023_UKFS_7,310134.1994481756,4326345.010487788,EPSG:32615,NEON_S2__0336
20230501T165849_20230501T171227_T15SUD,-95.18405020084991,39.071684293608115,2023-05-01,0.9137254901960784,2023-05-24,-23,projects/neon-prod-earthengine/assets/HSI_REFL/002/2023_UKFS_7,310134.1994481756,4326345.010487788,EPSG:32615,NEON_S2__0336
20230521T165849_20230521T170353_T15SUD,-95.18405020084991,39.071684293608115,2023-05-21,0.9137254901960784,2023-05-24,-3,projects/neon-prod-earthengine/assets/HSI_REFL/002/2023_UKFS_7,310134.1994481756,4326345.010487788,EPSG:32615,NEON_S2__0336
20230526T165901_20230526T170604_T15SUD,-95.18405020084991,39.071684293608115,2023-05-26,0.9098039215686274,2023-05-24,2,projects/neon-prod-earthengine/assets/HSI_REFL/002/2023_UKFS_7,310134.1994481756,4326345.010487788,EPSG:32615,NEON_S2__0336
20230529T170851_20230529T171949_T15SUD,-95.18405020084991,39.071684293608115,2023-05-29,0.9058823529411765,2023-05-24,5,projects/neon-prod-earthengine/assets/HSI_REFL/002/2023_UKFS_7,310134.1994481756,4326345.010487788,EPSG:32615,NEON_S2__0336
20230603T170859_20230603T171403_T15SUD,-95.18405020084991,39.071684293608115,2023-06-03,0.9137254901960784,2023-05-24,10,projects/neon-prod-earthengine/assets/HSI_REFL/002/2023_UKFS_7,310134.1994481756,4326345.010487788,EPSG:32615,NEON_S2__0336
20230605T165851_20230605T170609_T15SUD,-95.18405020084991,39.071684293608115,2023-06-05,0.9019607843137255,2023-05-24,12,projects/neon-prod-earthengine/assets/HSI_REFL/002/2023_UKFS_7,310134.1994481756,4326345.010487788,EPSG:32615,NEON_S2__0336
20230620T165849_20230620T170446_T15SUD,-95.18405020084991,39.071684293608115,2023-06-20,0.9137254901960784,2023-05-24,27,projects/neon-prod-earthengine/assets/HSI_REFL/002/2023_UKFS_7,310134.1994481756,4326345.010487788,EPSG:32615,NEON_S2__0336
20230525T172901_20230525T173254_T14TMT,-99.23149954497882,47.12058923931903,2023-05-25,0.9019607843137255,2023-06-20,-26,projects/neon-prod-earthengine/assets/HSI_REFL/002/2023_WOOD_6,482428.6917473901,5216071.735212255,EPSG:32614,NEON_S2__0337
20230530T172859_20230530T173732_T14TMT,-99.23149954497882,47.12058923931903,2023-05-30,0.9058823529411765,2023-06-20,-21,projects/neon-prod-earthengine/assets/HSI_REFL/002/2023_WOOD_6,482428.6917473901,5216071.735212255,EPSG:32614,NEON_S2__0337
20230629T172859_20230629T173046_T14TMT,-99.23149954497882,47.12058923931903,2023-06-29,0.9019607843137255,2023-06-20,9,projects/neon-prod-earthengine/assets/HSI_REFL/002/2023_WOOD_6,482428.6917473901,5216071.735212255,EPSG:32614,NEON_S2__0337
20230702T173909_20230702T174715_T14TMT,-99.23149954497882,47.12058923931903,2023-07-02,0.9058823529411765,2023-06-20,12,projects/neon-prod-earthengine/assets/HSI_REFL/002/2023_WOOD_6,482428.6917473901,5216071.735212255,EPSG:32614,NEON_S2__0337
20230530T172859_20230530T173732_T14TMT,-99.23149954497882,47.16658298186595,2023-05-30,0.9058823529411765,2023-06-20,-21,projects/neon-prod-earthengine/assets/HSI_REFL/002/2023_WOOD_6,482327.52143544273,5221188.344223438,EPSG:32614,NEON_S2__0338
20230702T173909_20230702T174715_T14TMT,-99.23149954497882,47.16658298186595,2023-07-02,0.9058823529411765,2023-06-20,12,projects/neon-prod-earthengine/assets/HSI_REFL/002/2023_WOOD_6,482327.52143544273,5221188.344223438,EPSG:32614,NEON_S2__0338
20230530T172859_20230530T173732_T14TMT,-99.23149954497882,47.21257672441287,2023-05-30,0.9019607843137255,2023-06-20,-21,projects/neon-prod-earthengine/assets/HSI_REFL/002/2023_WOOD_6,482226.3060819593,5226304.952564085,EPSG:32614,NEON_S2__0339
20230525T172901_20230525T173254_T14TMT,-99.1855058024319,47.16658298186595,2023-05-25,0.9019607843137255,2023-06-20,-26,projects/neon-prod-earthengine/assets/HSI_REFL/002/2023_WOOD_6,487438.3585676402,5221292.274342931,EPSG:32614,NEON_S2__0340
20230530T172859_20230530T173732_T14TMT,-99.1855058024319,47.16658298186595,2023-05-30,0.9098039215686274,2023-06-20,-21,projects/neon-prod-earthengine/assets/HSI_REFL/002/2023_WOOD_6,487438.3585676402,5221292.274342931,EPSG:32614,NEON_S2__0340
20230607T173911_20230607T174416_T14TMT,-99.1855058024319,47.16658298186595,2023-06-07,0.9058823529411765,2023-06-20,-13,projects/neon-prod-earthengine/assets/HSI_REFL/002/2023_WOOD_6,487438.3585676402,5221292.274342931,EPSG:32614,NEON_S2__0340
20230702T173909_20230702T174715_T14TMT,-99.1855058024319,47.16658298186595,2023-07-02,0.9098039215686274,2023-06-20,12,projects/neon-prod-earthengine/assets/HSI_REFL/002/2023_WOOD_6,487438.3585676402,5221292.274342931,EPSG:32614,NEON_S2__0340
20230709T172859_20230709T173904_T14TMT,-99.1855058024319,47.16658298186595,2023-07-09,0.9019607843137255,2023-06-20,19,projects/neon-prod-earthengine/assets/HSI_REFL/002/2023_WOOD_6,487438.3585676402,5221292.274342931,EPSG:32614,NEON_S2__0340
20230530T172859_20230530T173732_T14TMT,-99.1855058024319,47.21257672441287,2023-05-30,0.9058823529411765,2023-06-20,-21,projects/neon-prod-earthengine/assets/HSI_REFL/002/2023_WOOD_6,487337.2579293316,5226408.9028506605,EPSG:32614,NEON_S2__0341
20230607T173911_20230607T174416_T14TMT,-99.1855058024319,47.21257672441287,2023-06-07,0.9019607843137255,2023-06-20,-13,projects/neon-prod-earthengine/assets/HSI_REFL/002/2023_WOOD_6,487337.2579293316,5226408.9028506605,EPSG:32614,NEON_S2__0341
20230530T172859_20230530T173732_T14TMT,-99.09351831733807,47.16658298186595,2023-05-30,0.9058823529411765,2023-06-20,-21,projects/neon-prod-earthengine/assets/HSI_REFL/002/2023_WOOD_6,492549.1922952613,5221395.973460462,EPSG:32614,NEON_S2__0342
20230607T173911_20230607T174416_T14TMT,-99.09351831733807,47.16658298186595,2023-06-07,0.9019607843137255,2023-06-20,-13,projects/neon-prod-earthengine/assets/HSI_REFL/002/2023_WOOD_6,492549.1922952613,5221395.973460462,EPSG:32614,NEON_S2__0342
20230702T173909_20230702T174715_T14TMT,-99.09351831733807,47.16658298186595,2023-07-02,0.9058823529411765,2023-06-20,12,projects/neon-prod-earthengine/assets/HSI_REFL/002/2023_WOOD_6,492549.1922952613,5221395.973460462,EPSG:32614,NEON_S2__0342
20230530T172859_20230530T173732_T14TMT,-99.09351831733807,47.21257672441287,2023-05-30,0.9058823529411765,2023-06-20,-21,projects/neon-prod-earthengine/assets/HSI_REFL/002/2023_WOOD_6,492448.2062638181,5226512.624320938,EPSG:32614,NEON_S2__0343
20230607T173911_20230607T174416_T14TMT,-99.09351831733807,47.21257672441287,2023-06-07,0.9058823529411765,2023-06-20,-13,projects/neon-prod-earthengine/assets/HSI_REFL/002/2023_WOOD_6,492448.2062638181,5226512.624320938,EPSG:32614,NEON_S2__0343
20230702T173909_20230702T174715_T14TMT,-99.09351831733807,47.21257672441287,2023-07-02,0.9098039215686274,2023-06-20,12,projects/neon-prod-earthengine/assets/HSI_REFL/002/2023_WOOD_6,492448.2062638181,5226512.624320938,EPSG:32614,NEON_S2__0343
20240903T153941_20240903T154200_T18TYP,-71.31329781899869,44.03900848867542,2024-09-03,0.9058823529411765,2024-08-30,4,projects/neon-prod-earthengine/assets/HSI_REFL/002/2024_BART_7,315717.7153769953,4880965.478363737,EPSG:32619,NEON_S2__0344
20240903T153941_20240903T154200_T19TCJ,-71.31329781899869,44.03900848867542,2024-09-03,0.9137254901960784,2024-08-30,4,projects/neon-prod-earthengine/assets/HSI_REFL/002/2024_BART_7,315717.7153769953,4880965.478363737,EPSG:32619,NEON_S2__0344
20240829T153819_20240829T154422_T18TYP,-71.26730407645177,43.9930147461285,2024-08-29,0.9137254901960784,2024-08-30,-1,projects/neon-prod-earthengine/assets/HSI_REFL/002/2024_BART_7,318670.90667276,4874392.60278611,EPSG:32619,NEON_S2__0345
20240829T153819_20240829T154422_T19TCJ,-71.26730407645177,43.9930147461285,2024-08-29,0.9137254901960784,2024-08-30,-1,projects/neon-prod-earthengine/assets/HSI_REFL/002/2024_BART_7,318670.90667276,4874392.60278611,EPSG:32619,NEON_S2__0345
20240903T153941_20240903T154200_T18TYP,-71.26730407645177,43.9930147461285,2024-09-03,0.9137254901960784,2024-08-30,4,projects/neon-prod-earthengine/assets/HSI_REFL/002/2024_BART_7,318670.90667276,4874392.60278611,EPSG:32619,NEON_S2__0345
20240903T153941_20240903T154200_T19TCJ,-71.26730407645177,43.9930147461285,2024-09-03,0.9176470588235294,2024-08-30,4,projects/neon-prod-earthengine/assets/HSI_REFL/002/2024_BART_7,318670.90667276,4874392.60278611,EPSG:32619,NEON_S2__0345
20240903T153941_20240903T154200_T18TYP,-71.22131033390484,44.03900848867542,2024-09-03,0.9098039215686274,2024-08-30,4,projects/neon-prod-earthengine/assets/HSI_REFL/002/2024_BART_7,320475.37313091767,4879088.591556116,EPSG:32619,NEON_S2__0346
20240903T153941_20240903T154200_T19TCJ,-71.22131033390484,44.03900848867542,2024-09-03,0.9098039215686274,2024-08-30,4,projects/neon-prod-earthengine/assets/HSI_REFL/002/2024_BART_7,320475.37313091767,4879088.591556116,EPSG:32619,NEON_S2__0346
20240903T153941_20240903T154200_T18TYP,-71.31329781899869,44.03900848867542,2024-09-03,0.9058823529411765,2024-08-30,4,projects/neon-prod-earthengine/assets/HSI_REFL/002/2024_BART_7,315717.7153769953,4880965.478363737,EPSG:32619,NEON_S2__0347
20240903T153941_20240903T154200_T19TCJ,-71.31329781899869,44.03900848867542,2024-09-03,0.9137254901960784,2024-08-30,4,projects/neon-prod-earthengine/assets/HSI_REFL/002/2024_BART_7,315717.7153769953,4880965.478363737,EPSG:32619,NEON_S2__0347
20240829T153819_20240829T154422_T18TYP,-71.26730407645177,43.9930147461285,2024-08-29,0.9137254901960784,2024-08-30,-1,projects/neon-prod-earthengine/assets/HSI_REFL/002/2024_BART_7,318670.90667276,4874392.60278611,EPSG:32619,NEON_S2__0348
20240829T153819_20240829T154422_T19TCJ,-71.26730407645177,43.9930147461285,2024-08-29,0.9137254901960784,2024-08-30,-1,projects/neon-prod-earthengine/assets/HSI_REFL/002/2024_BART_7,318670.90667276,4874392.60278611,EPSG:32619,NEON_S2__0348
20240903T153941_20240903T154200_T18TYP,-71.26730407645177,43.9930147461285,2024-09-03,0.9137254901960784,2024-08-30,4,projects/neon-prod-earthengine/assets/HSI_REFL/002/2024_BART_7,318670.90667276,4874392.60278611,EPSG:32619,NEON_S2__0348
20240903T153941_20240903T154200_T19TCJ,-71.26730407645177,43.9930147461285,2024-09-03,0.9176470588235294,2024-08-30,4,projects/neon-prod-earthengine/assets/HSI_REFL/002/2024_BART_7,318670.90667276,4874392.60278611,EPSG:32619,NEON_S2__0348
20240903T153941_20240903T154200_T18TYP,-71.22131033390484,44.03900848867542,2024-09-03,0.9098039215686274,2024-08-30,4,projects/neon-prod-earthengine/assets/HSI_REFL/002/2024_BART_7,320475.37313091767,4879088.591556116,EPSG:32619,NEON_S2__0349
20240903T153941_20240903T154200_T19TCJ,-71.22131033390484,44.03900848867542,2024-09-03,0.9098039215686274,2024-08-30,4,projects/neon-prod-earthengine/assets/HSI_REFL/002/2024_BART_7,320475.37313091767,4879088.591556116,EPSG:32619,NEON_S2__0349
20240617T212531_20240617T212526_T06WVT,-147.61691670433814,65.15013631771147,2024-06-17,0.9058823529411765,2024-07-10,-23,projects/neon-prod-earthengine/assets/HSI_REFL/002/2024_BONA_6,471434.1995414693,7224256.53787991,EPSG:32606,NEON_S2__0350
20240622T212519_20240622T212522_T06WVT,-147.61691670433814,65.15013631771147,2024-06-22,0.9098039215686274,2024-07-10,-18,projects/neon-prod-earthengine/assets/HSI_REFL/002/2024_BONA_6,471434.1995414693,7224256.53787991,EPSG:32606,NEON_S2__0350
20240722T212529_20240722T212650_T06WVT,-147.61691670433814,65.15013631771147,2024-07-22,0.9058823529411765,2024-07-10,12,projects/neon-prod-earthengine/assets/HSI_REFL/002/2024_BONA_6,471434.1995414693,7224256.53787991,EPSG:32606,NEON_S2__0350
20240723T214531_20240723T214530_T06WVT,-147.61691670433814,65.15013631771147,2024-07-23,0.9019607843137255,2024-07-10,13,projects/neon-prod-earthengine/assets/HSI_REFL/002/2024_BONA_6,471434.1995414693,7224256.53787991,EPSG:32606,NEON_S2__0350
20240806T212521_20240806T212521_T06WVT,-147.61691670433814,65.15013631771147,2024-08-06,0.9019607843137255,2024-07-10,27,projects/neon-prod-earthengine/assets/HSI_REFL/002/2024_BONA_6,471434.1995414693,7224256.53787991,EPSG:32606,NEON_S2__0350
20240617T212531_20240617T212526_T06WVT,-147.43294173415046,65.15013631771147,2024-06-17,0.9137254901960784,2024-07-10,-23,projects/neon-prod-earthengine/assets/HSI_REFL/002/2024_BONA_6,478667.90678962873,7224019.414693162,EPSG:32606,NEON_S2__0351
20240622T212519_20240622T212522_T06WVT,-147.43294173415046,65.15013631771147,2024-06-22,0.9215686274509803,2024-07-10,-18,projects/neon-prod-earthengine/assets/HSI_REFL/002/2024_BONA_6,478667.90678962873,7224019.414693162,EPSG:32606,NEON_S2__0351
20240625T213529_20240625T213530_T06WVT,-147.43294173415046,65.15013631771147,2024-06-25,0.9098039215686274,2024-07-10,-15,projects/neon-prod-earthengine/assets/HSI_REFL/002/2024_BONA_6,478667.90678962873,7224019.414693162,EPSG:32606,NEON_S2__0351
20240720T213531_20240720T213528_T06WVT,-147.43294173415046,65.15013631771147,2024-07-20,0.9215686274509803,2024-07-10,10,projects/neon-prod-earthengine/assets/HSI_REFL/002/2024_BONA_6,478667.90678962873,7224019.414693162,EPSG:32606,NEON_S2__0351
20240720T213531_20240720T213709_T06WVT,-147.43294173415046,65.15013631771147,2024-07-20,0.9215686274509803,2024-07-10,10,projects/neon-prod-earthengine/assets/HSI_REFL/002/2024_BONA_6,478667.90678962873,7224019.414693162,EPSG:32606,NEON_S2__0351
20240722T212529_20240722T212650_T06WVT,-147.43294173415046,65.15013631771147,2024-07-22,0.9176470588235294,2024-07-10,12,projects/neon-prod-earthengine/assets/HSI_REFL/002/2024_BONA_6,478667.90678962873,7224019.414693162,EPSG:32606,NEON_S2__0351
20240723T214531_20240723T214530_T06WVT,-147.43294173415046,65.15013631771147,2024-07-23,0.9137254901960784,2024-07-10,13,projects/neon-prod-earthengine/assets/HSI_REFL/002/2024_BONA_6,478667.90678962873,7224019.414693162,EPSG:32606,NEON_S2__0351
20240725T213529_20240725T213529_T06WVT,-147.43294173415046,65.15013631771147,2024-07-25,0.9058823529411765,2024-07-10,15,projects/neon-prod-earthengine/assets/HSI_REFL/002/2024_BONA_6,478667.90678962873,7224019.414693162,EPSG:32606,NEON_S2__0351
20240617T212531_20240617T212526_T06WVT,-147.52492921924429,65.15013631771147,2024-06-17,0.9176470588235294,2024-07-10,-23,projects/neon-prod-earthengine/assets/HSI_REFL/002/2024_BONA_6,475154.775890875,7227611.056272239,EPSG:32606,NEON_S2__0352
20240622T212519_20240622T212522_T06WVT,-147.52492921924429,65.15013631771147,2024-06-22,0.9176470588235294,2024-07-10,-18,projects/neon-prod-earthengine/assets/HSI_REFL/002/2024_BONA_6,475154.775890875,7227611.056272239,EPSG:32606,NEON_S2__0352
20240623T214531_20240623T214532_T06WVT,-147.52492921924429,65.15013631771147,2024-06-23,0.9019607843137255,2024-07-10,-17,projects/neon-prod-earthengine/assets/HSI_REFL/002/2024_BONA_6,475154.775890875,7227611.056272239,EPSG:32606,NEON_S2__0352
20240625T213529_20240625T213530_T06WVT,-147.52492921924429,65.15013631771147,2024-06-25,0.9058823529411765,2024-07-10,-15,projects/neon-prod-earthengine/assets/HSI_REFL/002/2024_BONA_6,475154.775890875,7227611.056272239,EPSG:32606,NEON_S2__0352
20240712T212519_20240712T212554_T06WVT,-147.52492921924429,65.15013631771147,2024-07-12,0.9058823529411765,2024-07-10,2,projects/neon-prod-earthengine/assets/HSI_REFL/002/2024_BONA_6,475154.775890875,7227611.056272239,EPSG:32606,NEON_S2__0352
20240720T213531_20240720T213528_T06WVT,-147.52492921924429,65.15013631771147,2024-07-20,0.9137254901960784,2024-07-10,10,projects/neon-prod-earthengine/assets/HSI_REFL/002/2024_BONA_6,475154.775890875,7227611.056272239,EPSG:32606,NEON_S2__0352
20240720T213531_20240720T213709_T06WVT,-147.52492921924429,65.15013631771147,2024-07-20,0.9137254901960784,2024-07-10,10,projects/neon-prod-earthengine/assets/HSI_REFL/002/2024_BONA_6,475154.775890875,7227611.056272239,EPSG:32606,NEON_S2__0352
20240722T212529_20240722T212650_T06WVT,-147.52492921924429,65.15013631771147,2024-07-22,0.9176470588235294,2024-07-10,12,projects/neon-prod-earthengine/assets/HSI_REFL/002/2024_BONA_6,475154.775890875,7227611.056272239,EPSG:32606,NEON_S2__0352
20240723T214531_20240723T214530_T06WVT,-147.52492921924429,65.15013631771147,2024-07-23,0.9137254901960784,2024-07-10,13,projects/neon-prod-earthengine/assets/HSI_REFL/002/2024_BONA_6,475154.775890875,7227611.056272239,EPSG:32606,NEON_S2__0352
20240725T213529_20240725T213529_T06WVT,-147.52492921924429,65.15013631771147,2024-07-25,0.9019607843137255,2024-07-10,15,projects/neon-prod-earthengine/assets/HSI_REFL/002/2024_BONA_6,475154.775890875,7227611.056272239,EPSG:32606,NEON_S2__0352
20240617T212531_20240617T212526_T06WVT,-147.61691670433814,65.1961300602584,2024-06-17,0.9176470588235294,2024-07-10,-23,projects/neon-prod-earthengine/assets/HSI_REFL/002/2024_BONA_6,471641.0075098013,7231202.09992658,EPSG:32606,NEON_S2__0353
20240622T212519_20240622T212522_T06WVT,-147.61691670433814,65.1961300602584,2024-06-22,0.9215686274509803,2024-07-10,-18,projects/neon-prod-earthengine/assets/HSI_REFL/002/2024_BONA_6,471641.0075098013,7231202.09992658,EPSG:32606,NEON_S2__0353
20240712T212519_20240712T212554_T06WVT,-147.61691670433814,65.1961300602584,2024-07-12,0.9137254901960784,2024-07-10,2,projects/neon-prod-earthengine/assets/HSI_REFL/002/2024_BONA_6,471641.0075098013,7231202.09992658,EPSG:32606,NEON_S2__0353
20240722T212529_20240722T212650_T06WVT,-147.61691670433814,65.1961300602584,2024-07-22,0.9176470588235294,2024-07-10,12,projects/neon-prod-earthengine/assets/HSI_REFL/002/2024_BONA_6,471641.0075098013,7231202.09992658,EPSG:32606,NEON_S2__0353
20240725T213529_20240725T213529_T06WVT,-147.61691670433814,65.1961300602584,2024-07-25,0.9019607843137255,2024-07-10,15,projects/neon-prod-earthengine/assets/HSI_REFL/002/2024_BONA_6,471641.0075098013,7231202.09992658,EPSG:32606,NEON_S2__0353
20240806T212521_20240806T212521_T06WVT,-147.61691670433814,65.1961300602584,2024-08-06,0.9176470588235294,2024-07-10,27,projects/neon-prod-earthengine/assets/HSI_REFL/002/2024_BONA_6,471641.0075098013,7231202.09992658,EPSG:32606,NEON_S2__0353
20240617T212531_20240617T212526_T06WVT,-147.38694799160353,65.15013631771147,2024-06-17,0.9137254901960784,2024-07-10,-23,projects/neon-prod-earthengine/assets/HSI_REFL/002/2024_BONA_6,482388.4674655619,7227374.62236559,EPSG:32606,NEON_S2__0354
20240622T212519_20240622T212522_T06WVT,-147.38694799160353,65.15013631771147,2024-06-22,0.9215686274509803,2024-07-10,-18,projects/neon-prod-earthengine/assets/HSI_REFL/002/2024_BONA_6,482388.4674655619,7227374.62236559,EPSG:32606,NEON_S2__0354
20240625T213529_20240625T213530_T06WVT,-147.38694799160353,65.15013631771147,2024-06-25,0.9098039215686274,2024-07-10,-15,projects/neon-prod-earthengine/assets/HSI_REFL/002/2024_BONA_6,482388.4674655619,7227374.62236559,EPSG:32606,NEON_S2__0354
20240720T213531_20240720T213528_T06WVT,-147.38694799160353,65.15013631771147,2024-07-20,0.9215686274509803,2024-07-10,10,projects/neon-prod-earthengine/assets/HSI_REFL/002/2024_BONA_6,482388.4674655619,7227374.62236559,EPSG:32606,NEON_S2__0354
20240720T213531_20240720T213709_T06WVT,-147.38694799160353,65.15013631771147,2024-07-20,0.9215686274509803,2024-07-10,10,projects/neon-prod-earthengine/assets/HSI_REFL/002/2024_BONA_6,482388.4674655619,7227374.62236559,EPSG:32606,NEON_S2__0354
20240722T212529_20240722T212650_T06WVT,-147.38694799160353,65.15013631771147,2024-07-22,0.9176470588235294,2024-07-10,12,projects/neon-prod-earthengine/assets/HSI_REFL/002/2024_BONA_6,482388.4674655619,7227374.62236559,EPSG:32606,NEON_S2__0354
20240723T214531_20240723T214530_T06WVT,-147.38694799160353,65.15013631771147,2024-07-23,0.9137254901960784,2024-07-10,13,projects/neon-prod-earthengine/assets/HSI_REFL/002/2024_BONA_6,482388.4674655619,7227374.62236559,EPSG:32606,NEON_S2__0354
20240725T213529_20240725T213529_T06WVT,-147.38694799160353,65.15013631771147,2024-07-25,0.9019607843137255,2024-07-10,15,projects/neon-prod-earthengine/assets/HSI_REFL/002/2024_BONA_6,482388.4674655619,7227374.62236559,EPSG:32606,NEON_S2__0354
20240617T212531_20240617T212526_T06WVT,-147.43294173415046,65.1961300602584,2024-06-17,0.9137254901960784,2024-07-10,-23,projects/neon-prod-earthengine/assets/HSI_REFL/002/2024_BONA_6,478874.709089022,7230966.259468111,EPSG:32606,NEON_S2__0355
20240622T212519_20240622T212522_T06WVT,-147.43294173415046,65.1961300602584,2024-06-22,0.9137254901960784,2024-07-10,-18,projects/neon-prod-earthengine/assets/HSI_REFL/002/2024_BONA_6,478874.709089022,7230966.259468111,EPSG:32606,NEON_S2__0355
20240625T213529_20240625T213530_T06WVT,-147.43294173415046,65.1961300602584,2024-06-25,0.9019607843137255,2024-07-10,-15,projects/neon-prod-earthengine/assets/HSI_REFL/002/2024_BONA_6,478874.709089022,7230966.259468111,EPSG:32606,NEON_S2__0355
20240720T213531_20240720T213528_T06WVT,-147.43294173415046,65.1961300602584,2024-07-20,0.9058823529411765,2024-07-10,10,projects/neon-prod-earthengine/assets/HSI_REFL/002/2024_BONA_6,478874.709089022,7230966.259468111,EPSG:32606,NEON_S2__0355
20240720T213531_20240720T213709_T06WVT,-147.43294173415046,65.1961300602584,2024-07-20,0.9058823529411765,2024-07-10,10,projects/neon-prod-earthengine/assets/HSI_REFL/002/2024_BONA_6,478874.709089022,7230966.259468111,EPSG:32606,NEON_S2__0355
20240722T212529_20240722T212650_T06WVT,-147.43294173415046,65.1961300602584,2024-07-22,0.9098039215686274,2024-07-10,12,projects/neon-prod-earthengine/assets/HSI_REFL/002/2024_BONA_6,478874.709089022,7230966.259468111,EPSG:32606,NEON_S2__0355
20240723T214531_20240723T214530_T06WVT,-147.43294173415046,65.1961300602584,2024-07-23,0.9019607843137255,2024-07-10,13,projects/neon-prod-earthengine/assets/HSI_REFL/002/2024_BONA_6,478874.709089022,7230966.259468111,EPSG:32606,NEON_S2__0355
20240508T170849_20240508T171504_T14SPB,-97.66771229838356,33.322466475243175,2024-05-08,0.9019607843137255,2024-05-14,-6,projects/neon-prod-earthengine/assets/HSI_REFL/002/2024_CLBJ_8,626018.9207577497,3688115.077732719,EPSG:32614,NEON_S2__0356
20240518T170849_20240518T171459_T14SPB,-97.66771229838356,33.322466475243175,2024-05-18,0.9098039215686274,2024-05-14,4,projects/neon-prod-earthengine/assets/HSI_REFL/002/2024_CLBJ_8,626018.9207577497,3688115.077732719,EPSG:32614,NEON_S2__0356
20240607T170849_20240607T172053_T14SPB,-97.66771229838356,33.322466475243175,2024-06-07,0.9019607843137255,2024-05-14,24,projects/neon-prod-earthengine/assets/HSI_REFL/002/2024_CLBJ_8,626018.9207577497,3688115.077732719,EPSG:32614,NEON_S2__0356
20240508T170849_20240508T171504_T14SPB,-97.66771229838356,33.368460217790094,2024-05-08,0.9019607843137255,2024-05-14,-6,projects/neon-prod-earthengine/assets/HSI_REFL/002/2024_CLBJ_8,625944.0521368855,3693233.480103688,EPSG:32614,NEON_S2__0357
20240508T170849_20240508T171504_T14SPC,-97.66771229838356,33.368460217790094,2024-05-08,0.9019607843137255,2024-05-14,-6,projects/neon-prod-earthengine/assets/HSI_REFL/002/2024_CLBJ_8,625944.0521368855,3693233.480103688,EPSG:32614,NEON_S2__0357
20240518T170849_20240518T171459_T14SPB,-97.66771229838356,33.368460217790094,2024-05-18,0.9058823529411765,2024-05-14,4,projects/neon-prod-earthengine/assets/HSI_REFL/002/2024_CLBJ_8,625944.0521368855,3693233.480103688,EPSG:32614,NEON_S2__0357
20240518T170849_20240518T171459_T14SPC,-97.66771229838356,33.368460217790094,2024-05-18,0.9058823529411765,2024-05-14,4,projects/neon-prod-earthengine/assets/HSI_REFL/002/2024_CLBJ_8,625944.0521368855,3693233.480103688,EPSG:32614,NEON_S2__0357
20240607T170849_20240607T172053_T14SPB,-97.66771229838356,33.368460217790094,2024-06-07,0.9019607843137255,2024-05-14,24,projects/neon-prod-earthengine/assets/HSI_REFL/002/2024_CLBJ_8,625944.0521368855,3693233.480103688,EPSG:32614,NEON_S2__0357
20240607T170849_20240607T172053_T14SPC,-97.66771229838356,33.368460217790094,2024-06-07,0.9019607843137255,2024-05-14,24,projects/neon-prod-earthengine/assets/HSI_REFL/002/2024_CLBJ_8,625944.0521368855,3693233.480103688,EPSG:32614,NEON_S2__0357
20240508T170849_20240508T171504_T14SPB,-97.57572481328972,33.322466475243175,2024-05-08,0.9058823529411765,2024-05-14,-6,projects/neon-prod-earthengine/assets/HSI_REFL/002/2024_CLBJ_8,631047.5340420781,3688189.3423776766,EPSG:32614,NEON_S2__0358
20240518T170849_20240518T171459_T14SPB,-97.57572481328972,33.322466475243175,2024-05-18,0.9137254901960784,2024-05-14,4,projects/neon-prod-earthengine/assets/HSI_REFL/002/2024_CLBJ_8,631047.5340420781,3688189.3423776766,EPSG:32614,NEON_S2__0358
20240607T170849_20240607T172053_T14SPB,-97.57572481328972,33.322466475243175,2024-06-07,0.9098039215686274,2024-05-14,24,projects/neon-prod-earthengine/assets/HSI_REFL/002/2024_CLBJ_8,631047.5340420781,3688189.3423776766,EPSG:32614,NEON_S2__0358
20240508T170849_20240508T171504_T14SPB,-97.57572481328972,33.368460217790094,2024-05-08,0.9058823529411765,2024-05-14,-6,projects/neon-prod-earthengine/assets/HSI_REFL/002/2024_CLBJ_8,630973.1039415916,3693307.8351263576,EPSG:32614,NEON_S2__0359
20240508T170849_20240508T171504_T14SPC,-97.57572481328972,33.368460217790094,2024-05-08,0.9058823529411765,2024-05-14,-6,projects/neon-prod-earthengine/assets/HSI_REFL/002/2024_CLBJ_8,630973.1039415916,3693307.8351263576,EPSG:32614,NEON_S2__0359
20240518T170849_20240518T171459_T14SPB,-97.57572481328972,33.368460217790094,2024-05-18,0.9098039215686274,2024-05-14,4,projects/neon-prod-earthengine/assets/HSI_REFL/002/2024_CLBJ_8,630973.1039415916,3693307.8351263576,EPSG:32614,NEON_S2__0359
20240518T170849_20240518T171459_T14SPC,-97.57572481328972,33.368460217790094,2024-05-18,0.9137254901960784,2024-05-14,4,projects/neon-prod-earthengine/assets/HSI_REFL/002/2024_CLBJ_8,630973.1039415916,3693307.8351263576,EPSG:32614,NEON_S2__0359
20240607T170849_20240607T172053_T14SPB,-97.57572481328972,33.368460217790094,2024-06-07,0.9058823529411765,2024-05-14,24,projects/neon-prod-earthengine/assets/HSI_REFL/002/2024_CLBJ_8,630973.1039415916,3693307.8351263576,EPSG:32614,NEON_S2__0359
20240607T170849_20240607T172053_T14SPC,-97.57572481328972,33.368460217790094,2024-06-07,0.9058823529411765,2024-05-14,24,projects/neon-prod-earthengine/assets/HSI_REFL/002/2024_CLBJ_8,630973.1039415916,3693307.8351263576,EPSG:32614,NEON_S2__0359
20240508T170849_20240508T171504_T14SPB,-97.66771229838356,33.368460217790094,2024-05-08,0.9019607843137255,2024-05-14,-6,projects/neon-prod-earthengine/assets/HSI_REFL/002/2024_CLBJ_8,625944.0521368855,3693233.480103688,EPSG:32614,NEON_S2__0360
20240508T170849_20240508T171504_T14SPC,-97.66771229838356,33.368460217790094,2024-05-08,0.9019607843137255,2024-05-14,-6,projects/neon-prod-earthengine/assets/HSI_REFL/002/2024_CLBJ_8,625944.0521368855,3693233.480103688,EPSG:32614,NEON_S2__0360
20240518T170849_20240518T171459_T14SPB,-97.66771229838356,33.368460217790094,2024-05-18,0.9058823529411765,2024-05-14,4,projects/neon-prod-earthengine/assets/HSI_REFL/002/2024_CLBJ_8,625944.0521368855,3693233.480103688,EPSG:32614,NEON_S2__0360
20240518T170849_20240518T171459_T14SPC,-97.66771229838356,33.368460217790094,2024-05-18,0.9058823529411765,2024-05-14,4,projects/neon-prod-earthengine/assets/HSI_REFL/002/2024_CLBJ_8,625944.0521368855,3693233.480103688,EPSG:32614,NEON_S2__0360
20240607T170849_20240607T172053_T14SPB,-97.66771229838356,33.368460217790094,2024-06-07,0.9019607843137255,2024-05-14,24,projects/neon-prod-earthengine/assets/HSI_REFL/002/2024_CLBJ_8,625944.0521368855,3693233.480103688,EPSG:32614,NEON_S2__0360
20240607T170849_20240607T172053_T14SPC,-97.66771229838356,33.368460217790094,2024-06-07,0.9019607843137255,2024-05-14,24,projects/neon-prod-earthengine/assets/HSI_REFL/002/2024_CLBJ_8,625944.0521368855,3693233.480103688,EPSG:32614,NEON_S2__0360
20240508T170849_20240508T171504_T14SPC,-97.66771229838356,33.41445396033701,2024-05-08,0.9019607843137255,2024-05-14,-6,projects/neon-prod-earthengine/assets/HSI_REFL/002/2024_CLBJ_8,625869.0962642301,3698351.87999616,EPSG:32614,NEON_S2__0361
20240518T170849_20240518T171459_T14SPC,-97.66771229838356,33.41445396033701,2024-05-18,0.9058823529411765,2024-05-14,4,projects/neon-prod-earthengine/assets/HSI_REFL/002/2024_CLBJ_8,625869.0962642301,3698351.87999616,EPSG:32614,NEON_S2__0361
20240607T170849_20240607T172053_T14SPC,-97.66771229838356,33.41445396033701,2024-06-07,0.9058823529411765,2024-05-14,24,projects/neon-prod-earthengine/assets/HSI_REFL/002/2024_CLBJ_8,625869.0962642301,3698351.87999616,EPSG:32614,NEON_S2__0361
20240508T170849_20240508T171504_T14SPB,-97.57572481328972,33.368460217790094,2024-05-08,0.9058823529411765,2024-05-14,-6,projects/neon-prod-earthengine/assets/HSI_REFL/002/2024_CLBJ_8,630973.1039415916,3693307.8351263576,EPSG:32614,NEON_S2__0362
20240508T170849_20240508T171504_T14SPC,-97.57572481328972,33.368460217790094,2024-05-08,0.9058823529411765,2024-05-14,-6,projects/neon-prod-earthengine/assets/HSI_REFL/002/2024_CLBJ_8,630973.1039415916,3693307.8351263576,EPSG:32614,NEON_S2__0362
20240518T170849_20240518T171459_T14SPB,-97.57572481328972,33.368460217790094,2024-05-18,0.9098039215686274,2024-05-14,4,projects/neon-prod-earthengine/assets/HSI_REFL/002/2024_CLBJ_8,630973.1039415916,3693307.8351263576,EPSG:32614,NEON_S2__0362
20240518T170849_20240518T171459_T14SPC,-97.57572481328972,33.368460217790094,2024-05-18,0.9137254901960784,2024-05-14,4,projects/neon-prod-earthengine/assets/HSI_REFL/002/2024_CLBJ_8,630973.1039415916,3693307.8351263576,EPSG:32614,NEON_S2__0362
20240607T170849_20240607T172053_T14SPB,-97.57572481328972,33.368460217790094,2024-06-07,0.9058823529411765,2024-05-14,24,projects/neon-prod-earthengine/assets/HSI_REFL/002/2024_CLBJ_8,630973.1039415916,3693307.8351263576,EPSG:32614,NEON_S2__0362
20240607T170849_20240607T172053_T14SPC,-97.57572481328972,33.368460217790094,2024-06-07,0.9058823529411765,2024-05-14,24,projects/neon-prod-earthengine/assets/HSI_REFL/002/2024_CLBJ_8,630973.1039415916,3693307.8351263576,EPSG:32614,NEON_S2__0362
20240903T153941_20240903T154200_T18TYN,-72.27916641248399,42.42922749953324,2024-09-03,0.9058823529411765,2024-08-14,20,projects/neon-prod-earthengine/assets/HSI_REFL/002/2024_HARV_8,725260.1085451264,4701550.387121961,EPSG:32618,NEON_S2__0363
20240903T153941_20240903T154200_T18TYN,-72.23317266993708,42.47522124208016,2024-09-03,0.9137254901960784,2024-08-14,20,projects/neon-prod-earthengine/assets/HSI_REFL/002/2024_HARV_8,726692.5434356346,4706375.965894271,EPSG:32618,NEON_S2__0364
20240814T153941_20240814T154651_T18TYN,-72.23317266993708,42.52121498462708,2024-08-14,0.9019607843137255,2024-08-14,0,projects/neon-prod-earthengine/assets/HSI_REFL/002/2024_HARV_8,728125.6852333196,4711201.374977781,EPSG:32618,NEON_S2__0365
20240903T153941_20240903T154200_T18TYN,-72.23317266993708,42.52121498462708,2024-09-03,0.9176470588235294,2024-08-14,20,projects/neon-prod-earthengine/assets/HSI_REFL/002/2024_HARV_8,728125.6852333196,4711201.374977781,EPSG:32618,NEON_S2__0365
20240903T153941_20240903T154200_T18TYN,-72.18717892739015,42.567208727174,2024-09-03,0.9176470588235294,2024-08-14,20,projects/neon-prod-earthengine/assets/HSI_REFL/002/2024_HARV_8,729559.5331952453,4716026.614785149,EPSG:32618,NEON_S2__0366
20240814T153941_20240814T154651_T18TYN,-72.18717892739015,42.42922749953324,2024-08-14,0.9058823529411765,2024-08-14,0,projects/neon-prod-earthengine/assets/HSI_REFL/002/2024_HARV_8,730141.4982606214,4700037.122272774,EPSG:32618,NEON_S2__0367
20240824T153931_20240824T154813_T18TYN,-72.18717892739015,42.42922749953324,2024-08-24,0.9019607843137255,2024-08-14,10,projects/neon-prod-earthengine/assets/HSI_REFL/002/2024_HARV_8,730141.4982606214,4700037.122272774,EPSG:32618,NEON_S2__0367
20240903T153941_20240903T154200_T18TYN,-72.18717892739015,42.42922749953324,2024-09-03,0.9176470588235294,2024-08-14,20,projects/neon-prod-earthengine/assets/HSI_REFL/002/2024_HARV_8,730141.4982606214,4700037.122272774,EPSG:32618,NEON_S2__0367
20240903T153941_20240903T154200_T18TYN,-72.18717892739015,42.47522124208016,2024-09-03,0.9176470588235294,2024-08-14,20,projects/neon-prod-earthengine/assets/HSI_REFL/002/2024_HARV_8,731574.0295891216,4704862.362274187,EPSG:32618,NEON_S2__0368
20240903T153941_20240903T154200_T18TYN,-72.14118518484324,42.52121498462708,2024-09-03,0.9176470588235294,2024-08-14,20,projects/neon-prod-earthengine/assets/HSI_REFL/002/2024_HARV_8,733007.2672856918,4709687.433611651,EPSG:32618,NEON_S2__0369
20240903T153941_20240903T154200_T18TYN,-72.14118518484324,42.567208727174,2024-09-03,0.9176470588235294,2024-08-14,20,projects/neon-prod-earthengine/assets/HSI_REFL/002/2024_HARV_8,734441.210608064,4714512.3366984045,EPSG:32618,NEON_S2__0370
20240622T212519_20240622T212522_T06VUR,-149.2266976934803,63.862311526397725,2024-06-22,0.9098039215686274,2024-07-19,-27,projects/neon-prod-earthengine/assets/HSI_REFL/002/2024_HEAL_6,390685.1177581016,7084654.227494199,EPSG:32606,NEON_S2__0371
20240720T213531_20240720T213709_T05VPL,-149.2266976934803,63.862311526397725,2024-07-20,0.9176470588235294,2024-07-19,1,projects/neon-prod-earthengine/assets/HSI_REFL/002/2024_HEAL_6,390685.1177581016,7084654.227494199,EPSG:32606,NEON_S2__0371
20240720T213531_20240720T213709_T06VUR,-149.2266976934803,63.862311526397725,2024-07-20,0.9137254901960784,2024-07-19,1,projects/neon-prod-earthengine/assets/HSI_REFL/002/2024_HEAL_6,390685.1177581016,7084654.227494199,EPSG:32606,NEON_S2__0371
20240722T212529_20240722T212650_T05VPL,-149.2266976934803,63.862311526397725,2024-07-22,0.9137254901960784,2024-07-19,3,projects/neon-prod-earthengine/assets/HSI_REFL/002/2024_HEAL_6,390685.1177581016,7084654.227494199,EPSG:32606,NEON_S2__0371
20240722T212529_20240722T212650_T06VUR,-149.2266976934803,63.862311526397725,2024-07-22,0.9137254901960784,2024-07-19,3,projects/neon-prod-earthengine/assets/HSI_REFL/002/2024_HEAL_6,390685.1177581016,7084654.227494199,EPSG:32606,NEON_S2__0371
20240413T161829_20240413T162830_T16RGV,-84.5594956725115,31.29874180317872,2024-04-13,0.9058823529411765,2024-05-08,-26,projects/neon-prod-earthengine/assets/HSI_REFL/002/2024_JERC_8,733993.9035933707,3465403.795823336,EPSG:32616,NEON_S2__0372
20240415T160831_20240415T161424_T16RGV,-84.5594956725115,31.29874180317872,2024-04-15,0.9058823529411765,2024-05-08,-24,projects/neon-prod-earthengine/assets/HSI_REFL/002/2024_JERC_8,733993.9035933707,3465403.795823336,EPSG:32616,NEON_S2__0372
20240423T161829_20240423T162829_T16RGV,-84.5594956725115,31.29874180317872,2024-04-23,0.9098039215686274,2024-05-08,-16,projects/neon-prod-earthengine/assets/HSI_REFL/002/2024_JERC_8,733993.9035933707,3465403.795823336,EPSG:32616,NEON_S2__0372
20240413T161829_20240413T162830_T16RGV,-84.51350192996458,31.20675431808488,2024-04-13,0.9058823529411765,2024-05-08,-26,projects/neon-prod-earthengine/assets/HSI_REFL/002/2024_JERC_8,737750.243509446,3454586.3951119063,EPSG:32616,NEON_S2__0373
20240415T160831_20240415T161424_T16RGV,-84.51350192996458,31.20675431808488,2024-04-15,0.9058823529411765,2024-05-08,-24,projects/neon-prod-earthengine/assets/HSI_REFL/002/2024_JERC_8,737750.243509446,3454586.3951119063,EPSG:32616,NEON_S2__0373
20240423T161829_20240423T162829_T16RGV,-84.51350192996458,31.20675431808488,2024-04-23,0.9058823529411765,2024-05-08,-16,projects/neon-prod-earthengine/assets/HSI_REFL/002/2024_JERC_8,737750.243509446,3454586.3951119063,EPSG:32616,NEON_S2__0373
20240413T161829_20240413T162830_T16RGV,-84.51350192996458,31.2527480606318,2024-04-13,0.9019607843137255,2024-05-08,-26,projects/neon-prod-earthengine/assets/HSI_REFL/002/2024_JERC_8,738357.0810065159,3459638.8151043216,EPSG:32616,NEON_S2__0374
20240415T160831_20240415T161424_T16RGV,-84.51350192996458,31.2527480606318,2024-04-15,0.9058823529411765,2024-05-08,-24,projects/neon-prod-earthengine/assets/HSI_REFL/002/2024_JERC_8,738357.0810065159,3459638.8151043216,EPSG:32616,NEON_S2__0374
20240423T161829_20240423T162829_T16RGV,-84.51350192996458,31.2527480606318,2024-04-23,0.9137254901960784,2024-05-08,-16,projects/neon-prod-earthengine/assets/HSI_REFL/002/2024_JERC_8,738357.0810065159,3459638.8151043216,EPSG:32616,NEON_S2__0374
20240511T162901_20240511T163657_T16SCA,-88.19300133371814,31.804672971194833,2024-05-11,0.9098039215686274,2024-05-26,-16,projects/neon-prod-earthengine/assets/HSI_REFL/002/2024_LENO_8,386514.9935816821,3518037.707323871,EPSG:32616,NEON_S2__0375
20240511T162901_20240511T163657_T16SCA,-88.19300133371814,31.89666045628867,2024-05-11,0.9058823529411765,2024-05-26,-16,projects/neon-prod-earthengine/assets/HSI_REFL/002/2024_LENO_8,387668.905596868,3528176.51797157,EPSG:32616,NEON_S2__0376
20240518T170849_20240518T171459_T14SQJ,-96.47187499216365,38.93370306596736,2024-05-18,0.9176470588235294,2024-06-12,-25,projects/neon-prod-earthengine/assets/HSI_REFL/002/2024_MCDI_4,717759.3250565998,4314122.804297642,EPSG:32614,NEON_S2__0377
20240523T170851_20240523T172147_T14SQJ,-96.47187499216365,38.93370306596736,2024-05-23,0.9137254901960784,2024-06-12,-20,projects/neon-prod-earthengine/assets/HSI_REFL/002/2024_MCDI_4,717759.3250565998,4314122.804297642,EPSG:32614,NEON_S2__0377
20240612T170901_20240612T171745_T14SQJ,-96.47187499216365,38.93370306596736,2024-06-12,0.9098039215686274,2024-06-12,0,projects/neon-prod-earthengine/assets/HSI_REFL/002/2024_MCDI_4,717759.3250565998,4314122.804297642,EPSG:32614,NEON_S2__0377
20240622T170851_20240622T172030_T14SQJ,-96.47187499216365,38.93370306596736,2024-06-22,0.9019607843137255,2024-06-12,10,projects/neon-prod-earthengine/assets/HSI_REFL/002/2024_MCDI_4,717759.3250565998,4314122.804297642,EPSG:32614,NEON_S2__0377
20240702T170851_20240702T171910_T14SQJ,-96.47187499216365,38.93370306596736,2024-07-02,0.9019607843137255,2024-06-12,20,projects/neon-prod-earthengine/assets/HSI_REFL/002/2024_MCDI_4,717759.3250565998,4314122.804297642,EPSG:32614,NEON_S2__0377
20240426T171901_20240426T172400_T14SME,-99.13951205988498,35.346191147307636,2024-04-26,0.9137254901960784,2024-05-21,-26,projects/neon-prod-earthengine/assets/HSI_REFL/002/2024_OAES_8,486400.39076451847,3910916.434408161,EPSG:32614,NEON_S2__0378
20240521T171859_20240521T172520_T14SME,-99.13951205988498,35.346191147307636,2024-05-21,0.9058823529411765,2024-05-21,-1,projects/neon-prod-earthengine/assets/HSI_REFL/002/2024_OAES_8,486400.39076451847,3910916.434408161,EPSG:32614,NEON_S2__0378
20240526T171901_20240526T173322_T14SME,-99.13951205988498,35.346191147307636,2024-05-26,0.9137254901960784,2024-05-21,4,projects/neon-prod-earthengine/assets/HSI_REFL/002/2024_OAES_8,486400.39076451847,3910916.434408161,EPSG:32614,NEON_S2__0378
20240605T171901_20240605T172341_T14SME,-99.13951205988498,35.346191147307636,2024-06-05,0.9058823529411765,2024-05-21,14,projects/neon-prod-earthengine/assets/HSI_REFL/002/2024_OAES_8,486400.39076451847,3910916.434408161,EPSG:32614,NEON_S2__0378
20240426T171901_20240426T172400_T14SME,-99.13951205988498,35.392184889854555,2024-04-26,0.9098039215686274,2024-05-21,-26,projects/neon-prod-earthengine/assets/HSI_REFL/002/2024_OAES_8,486311.14088590926,3916033.140110683,EPSG:32614,NEON_S2__0379
20240521T171859_20240521T172520_T14SME,-99.13951205988498,35.392184889854555,2024-05-21,0.9058823529411765,2024-05-21,-1,projects/neon-prod-earthengine/assets/HSI_REFL/002/2024_OAES_8,486311.14088590926,3916033.140110683,EPSG:32614,NEON_S2__0379
20240526T171901_20240526T173322_T14SME,-99.13951205988498,35.392184889854555,2024-05-26,0.9137254901960784,2024-05-21,4,projects/neon-prod-earthengine/assets/HSI_REFL/002/2024_OAES_8,486311.14088590926,3916033.140110683,EPSG:32614,NEON_S2__0379
20240605T171901_20240605T172341_T14SME,-99.13951205988498,35.392184889854555,2024-06-05,0.9058823529411765,2024-05-21,14,projects/neon-prod-earthengine/assets/HSI_REFL/002/2024_OAES_8,486311.14088590926,3916033.140110683,EPSG:32614,NEON_S2__0379
20240426T171901_20240426T172400_T14SME,-99.09351831733807,35.346191147307636,2024-04-26,0.9137254901960784,2024-05-21,-26,projects/neon-prod-earthengine/assets/HSI_REFL/002/2024_OAES_8,491445.950642996,3911015.693259932,EPSG:32614,NEON_S2__0380
20240521T171859_20240521T172520_T14SME,-99.09351831733807,35.346191147307636,2024-05-21,0.9058823529411765,2024-05-21,-1,projects/neon-prod-earthengine/assets/HSI_REFL/002/2024_OAES_8,491445.950642996,3911015.693259932,EPSG:32614,NEON_S2__0380
20240526T171901_20240526T173322_T14SME,-99.09351831733807,35.346191147307636,2024-05-26,0.9137254901960784,2024-05-21,4,projects/neon-prod-earthengine/assets/HSI_REFL/002/2024_OAES_8,491445.950642996,3911015.693259932,EPSG:32614,NEON_S2__0380
20240605T171901_20240605T172341_T14SME,-99.09351831733807,35.346191147307636,2024-06-05,0.9098039215686274,2024-05-21,14,projects/neon-prod-earthengine/assets/HSI_REFL/002/2024_OAES_8,491445.950642996,3911015.693259932,EPSG:32614,NEON_S2__0380
20240426T171901_20240426T172400_T14SME,-99.09351831733807,35.392184889854555,2024-04-26,0.9137254901960784,2024-05-21,-26,projects/neon-prod-earthengine/assets/HSI_REFL/002/2024_OAES_8,491357.0940160986,3916132.4304857138,EPSG:32614,NEON_S2__0381
20240521T171859_20240521T172520_T14SME,-99.09351831733807,35.392184889854555,2024-05-21,0.9098039215686274,2024-05-21,-1,projects/neon-prod-earthengine/assets/HSI_REFL/002/2024_OAES_8,491357.0940160986,3916132.4304857138,EPSG:32614,NEON_S2__0381
20240526T171901_20240526T173322_T14SME,-99.09351831733807,35.392184889854555,2024-05-26,0.9137254901960784,2024-05-21,4,projects/neon-prod-earthengine/assets/HSI_REFL/002/2024_OAES_8,491357.0940160986,3916132.4304857138,EPSG:32614,NEON_S2__0381
20240605T171901_20240605T172341_T14SME,-99.09351831733807,35.392184889854555,2024-06-05,0.9058823529411765,2024-05-21,14,projects/neon-prod-earthengine/assets/HSI_REFL/002/2024_OAES_8,491357.0940160986,3916132.4304857138,EPSG:32614,NEON_S2__0381
20240508T170849_20240508T171504_T14SNB,-97.85168726857124,33.368460217790094,2024-05-08,0.9019607843137255,2024-05-19,-11,projects/neon-prod-earthengine/assets/HSI_REFL/002/2024_PRIN_7,605828.7294502498,3692927.37146402,EPSG:32614,NEON_S2__0382
20240508T170849_20240508T171504_T14SNC,-97.85168726857124,33.368460217790094,2024-05-08,0.9058823529411765,2024-05-19,-11,projects/neon-prod-earthengine/assets/HSI_REFL/002/2024_PRIN_7,605828.7294502498,3692927.37146402,EPSG:32614,NEON_S2__0382
20240508T170849_20240508T171504_T14SPB,-97.85168726857124,33.368460217790094,2024-05-08,0.9058823529411765,2024-05-19,-11,projects/neon-prod-earthengine/assets/HSI_REFL/002/2024_PRIN_7,605828.7294502498,3692927.37146402,EPSG:32614,NEON_S2__0382
20240508T170849_20240508T171504_T14SPC,-97.85168726857124,33.368460217790094,2024-05-08,0.9058823529411765,2024-05-19,-11,projects/neon-prod-earthengine/assets/HSI_REFL/002/2024_PRIN_7,605828.7294502498,3692927.37146402,EPSG:32614,NEON_S2__0382
20240518T170849_20240518T171459_T14SNB,-97.85168726857124,33.368460217790094,2024-05-18,0.9098039215686274,2024-05-19,-1,projects/neon-prod-earthengine/assets/HSI_REFL/002/2024_PRIN_7,605828.7294502498,3692927.37146402,EPSG:32614,NEON_S2__0382
20240518T170849_20240518T171459_T14SNC,-97.85168726857124,33.368460217790094,2024-05-18,0.9137254901960784,2024-05-19,-1,projects/neon-prod-earthengine/assets/HSI_REFL/002/2024_PRIN_7,605828.7294502498,3692927.37146402,EPSG:32614,NEON_S2__0382
20240518T170849_20240518T171459_T14SPB,-97.85168726857124,33.368460217790094,2024-05-18,0.9098039215686274,2024-05-19,-1,projects/neon-prod-earthengine/assets/HSI_REFL/002/2024_PRIN_7,605828.7294502498,3692927.37146402,EPSG:32614,NEON_S2__0382
20240518T170849_20240518T171459_T14SPC,-97.85168726857124,33.368460217790094,2024-05-18,0.9098039215686274,2024-05-19,-1,projects/neon-prod-earthengine/assets/HSI_REFL/002/2024_PRIN_7,605828.7294502498,3692927.37146402,EPSG:32614,NEON_S2__0382
20240607T170849_20240607T172053_T14SNB,-97.85168726857124,33.368460217790094,2024-06-07,0.9019607843137255,2024-05-19,19,projects/neon-prod-earthengine/assets/HSI_REFL/002/2024_PRIN_7,605828.7294502498,3692927.37146402,EPSG:32614,NEON_S2__0382
20240607T170849_20240607T172053_T14SNC,-97.85168726857124,33.368460217790094,2024-06-07,0.9058823529411765,2024-05-19,19,projects/neon-prod-earthengine/assets/HSI_REFL/002/2024_PRIN_7,605828.7294502498,3692927.37146402,EPSG:32614,NEON_S2__0382
20240607T170849_20240607T172053_T14SPB,-97.85168726857124,33.368460217790094,2024-06-07,0.9019607843137255,2024-05-19,19,projects/neon-prod-earthengine/assets/HSI_REFL/002/2024_PRIN_7,605828.7294502498,3692927.37146402,EPSG:32614,NEON_S2__0382
20240607T170849_20240607T172053_T14SPC,-97.85168726857124,33.368460217790094,2024-06-07,0.9019607843137255,2024-05-19,19,projects/neon-prod-earthengine/assets/HSI_REFL/002/2024_PRIN_7,605828.7294502498,3692927.37146402,EPSG:32614,NEON_S2__0382
20240508T170849_20240508T171504_T14SNB,-97.85168726857124,33.368460217790094,2024-05-08,0.9019607843137255,2024-05-19,-11,projects/neon-prod-earthengine/assets/HSI_REFL/002/2024_PRIN_7,605828.7294502498,3692927.37146402,EPSG:32614,NEON_S2__0383
20240508T170849_20240508T171504_T14SNC,-97.85168726857124,33.368460217790094,2024-05-08,0.9058823529411765,2024-05-19,-11,projects/neon-prod-earthengine/assets/HSI_REFL/002/2024_PRIN_7,605828.7294502498,3692927.37146402,EPSG:32614,NEON_S2__0383
20240508T170849_20240508T171504_T14SPB,-97.85168726857124,33.368460217790094,2024-05-08,0.9058823529411765,2024-05-19,-11,projects/neon-prod-earthengine/assets/HSI_REFL/002/2024_PRIN_7,605828.7294502498,3692927.37146402,EPSG:32614,NEON_S2__0383
20240508T170849_20240508T171504_T14SPC,-97.85168726857124,33.368460217790094,2024-05-08,0.9058823529411765,2024-05-19,-11,projects/neon-prod-earthengine/assets/HSI_REFL/002/2024_PRIN_7,605828.7294502498,3692927.37146402,EPSG:32614,NEON_S2__0383
20240518T170849_20240518T171459_T14SNB,-97.85168726857124,33.368460217790094,2024-05-18,0.9098039215686274,2024-05-19,-1,projects/neon-prod-earthengine/assets/HSI_REFL/002/2024_PRIN_7,605828.7294502498,3692927.37146402,EPSG:32614,NEON_S2__0383
20240518T170849_20240518T171459_T14SNC,-97.85168726857124,33.368460217790094,2024-05-18,0.9137254901960784,2024-05-19,-1,projects/neon-prod-earthengine/assets/HSI_REFL/002/2024_PRIN_7,605828.7294502498,3692927.37146402,EPSG:32614,NEON_S2__0383
20240518T170849_20240518T171459_T14SPB,-97.85168726857124,33.368460217790094,2024-05-18,0.9098039215686274,2024-05-19,-1,projects/neon-prod-earthengine/assets/HSI_REFL/002/2024_PRIN_7,605828.7294502498,3692927.37146402,EPSG:32614,NEON_S2__0383
20240518T170849_20240518T171459_T14SPC,-97.85168726857124,33.368460217790094,2024-05-18,0.9098039215686274,2024-05-19,-1,projects/neon-prod-earthengine/assets/HSI_REFL/002/2024_PRIN_7,605828.7294502498,3692927.37146402,EPSG:32614,NEON_S2__0383
20240607T170849_20240607T172053_T14SNB,-97.85168726857124,33.368460217790094,2024-06-07,0.9019607843137255,2024-05-19,19,projects/neon-prod-earthengine/assets/HSI_REFL/002/2024_PRIN_7,605828.7294502498,3692927.37146402,EPSG:32614,NEON_S2__0383
20240607T170849_20240607T172053_T14SNC,-97.85168726857124,33.368460217790094,2024-06-07,0.9058823529411765,2024-05-19,19,projects/neon-prod-earthengine/assets/HSI_REFL/002/2024_PRIN_7,605828.7294502498,3692927.37146402,EPSG:32614,NEON_S2__0383
20240607T170849_20240607T172053_T14SPB,-97.85168726857124,33.368460217790094,2024-06-07,0.9019607843137255,2024-05-19,19,projects/neon-prod-earthengine/assets/HSI_REFL/002/2024_PRIN_7,605828.7294502498,3692927.37146402,EPSG:32614,NEON_S2__0383
20240607T170849_20240607T172053_T14SPC,-97.85168726857124,33.368460217790094,2024-06-07,0.9019607843137255,2024-05-19,19,projects/neon-prod-earthengine/assets/HSI_REFL/002/2024_PRIN_7,605828.7294502498,3692927.37146402,EPSG:32614,NEON_S2__0383
20240508T170849_20240508T171504_T14SNB,-97.85168726857124,33.368460217790094,2024-05-08,0.9019607843137255,2024-05-19,-11,projects/neon-prod-earthengine/assets/HSI_REFL/002/2024_PRIN_7,605828.7294502498,3692927.37146402,EPSG:32614,NEON_S2__0384
20240508T170849_20240508T171504_T14SNC,-97.85168726857124,33.368460217790094,2024-05-08,0.9058823529411765,2024-05-19,-11,projects/neon-prod-earthengine/assets/HSI_REFL/002/2024_PRIN_7,605828.7294502498,3692927.37146402,EPSG:32614,NEON_S2__0384
20240508T170849_20240508T171504_T14SPB,-97.85168726857124,33.368460217790094,2024-05-08,0.9058823529411765,2024-05-19,-11,projects/neon-prod-earthengine/assets/HSI_REFL/002/2024_PRIN_7,605828.7294502498,3692927.37146402,EPSG:32614,NEON_S2__0384
20240508T170849_20240508T171504_T14SPC,-97.85168726857124,33.368460217790094,2024-05-08,0.9058823529411765,2024-05-19,-11,projects/neon-prod-earthengine/assets/HSI_REFL/002/2024_PRIN_7,605828.7294502498,3692927.37146402,EPSG:32614,NEON_S2__0384
20240518T170849_20240518T171459_T14SNB,-97.85168726857124,33.368460217790094,2024-05-18,0.9098039215686274,2024-05-19,-1,projects/neon-prod-earthengine/assets/HSI_REFL/002/2024_PRIN_7,605828.7294502498,3692927.37146402,EPSG:32614,NEON_S2__0384
20240518T170849_20240518T171459_T14SNC,-97.85168726857124,33.368460217790094,2024-05-18,0.9137254901960784,2024-05-19,-1,projects/neon-prod-earthengine/assets/HSI_REFL/002/2024_PRIN_7,605828.7294502498,3692927.37146402,EPSG:32614,NEON_S2__0384
20240518T170849_20240518T171459_T14SPB,-97.85168726857124,33.368460217790094,2024-05-18,0.9098039215686274,2024-05-19,-1,projects/neon-prod-earthengine/assets/HSI_REFL/002/2024_PRIN_7,605828.7294502498,3692927.37146402,EPSG:32614,NEON_S2__0384
20240518T170849_20240518T171459_T14SPC,-97.85168726857124,33.368460217790094,2024-05-18,0.9098039215686274,2024-05-19,-1,projects/neon-prod-earthengine/assets/HSI_REFL/002/2024_PRIN_7,605828.7294502498,3692927.37146402,EPSG:32614,NEON_S2__0384
20240607T170849_20240607T172053_T14SNB,-97.85168726857124,33.368460217790094,2024-06-07,0.9019607843137255,2024-05-19,19,projects/neon-prod-earthengine/assets/HSI_REFL/002/2024_PRIN_7,605828.7294502498,3692927.37146402,EPSG:32614,NEON_S2__0384
20240607T170849_20240607T172053_T14SNC,-97.85168726857124,33.368460217790094,2024-06-07,0.9058823529411765,2024-05-19,19,projects/neon-prod-earthengine/assets/HSI_REFL/002/2024_PRIN_7,605828.7294502498,3692927.37146402,EPSG:32614,NEON_S2__0384
20240607T170849_20240607T172053_T14SPB,-97.85168726857124,33.368460217790094,2024-06-07,0.9019607843137255,2024-05-19,19,projects/neon-prod-earthengine/assets/HSI_REFL/002/2024_PRIN_7,605828.7294502498,3692927.37146402,EPSG:32614,NEON_S2__0384
20240607T170849_20240607T172053_T14SPC,-97.85168726857124,33.368460217790094,2024-06-07,0.9019607843137255,2024-05-19,19,projects/neon-prod-earthengine/assets/HSI_REFL/002/2024_PRIN_7,605828.7294502498,3692927.37146402,EPSG:32614,NEON_S2__0384
20240508T170849_20240508T171504_T14SPB,-97.80569352602431,33.368460217790094,2024-05-08,0.9058823529411765,2024-05-19,-11,projects/neon-prod-earthengine/assets/HSI_REFL/002/2024_PRIN_7,610857.4334480397,3693005.202016,EPSG:32614,NEON_S2__0385
20240508T170849_20240508T171504_T14SPC,-97.80569352602431,33.368460217790094,2024-05-08,0.9098039215686274,2024-05-19,-11,projects/neon-prod-earthengine/assets/HSI_REFL/002/2024_PRIN_7,610857.4334480397,3693005.202016,EPSG:32614,NEON_S2__0385
20240518T170849_20240518T171459_T14SPB,-97.80569352602431,33.368460217790094,2024-05-18,0.9137254901960784,2024-05-19,-1,projects/neon-prod-earthengine/assets/HSI_REFL/002/2024_PRIN_7,610857.4334480397,3693005.202016,EPSG:32614,NEON_S2__0385
20240518T170849_20240518T171459_T14SPC,-97.80569352602431,33.368460217790094,2024-05-18,0.9137254901960784,2024-05-19,-1,projects/neon-prod-earthengine/assets/HSI_REFL/002/2024_PRIN_7,610857.4334480397,3693005.202016,EPSG:32614,NEON_S2__0385
20240607T170849_20240607T172053_T14SPB,-97.80569352602431,33.368460217790094,2024-06-07,0.9019607843137255,2024-05-19,19,projects/neon-prod-earthengine/assets/HSI_REFL/002/2024_PRIN_7,610857.4334480397,3693005.202016,EPSG:32614,NEON_S2__0385
20240607T170849_20240607T172053_T14SPC,-97.80569352602431,33.368460217790094,2024-06-07,0.9019607843137255,2024-05-19,19,projects/neon-prod-earthengine/assets/HSI_REFL/002/2024_PRIN_7,610857.4334480397,3693005.202016,EPSG:32614,NEON_S2__0385
20240508T170849_20240508T171504_T14SNB,-97.85168726857124,33.368460217790094,2024-05-08,0.9019607843137255,2024-05-19,-11,projects/neon-prod-earthengine/assets/HSI_REFL/002/2024_PRIN_7,605828.7294502498,3692927.37146402,EPSG:32614,NEON_S2__0386
20240508T170849_20240508T171504_T14SNC,-97.85168726857124,33.368460217790094,2024-05-08,0.9058823529411765,2024-05-19,-11,projects/neon-prod-earthengine/assets/HSI_REFL/002/2024_PRIN_7,605828.7294502498,3692927.37146402,EPSG:32614,NEON_S2__0386
20240508T170849_20240508T171504_T14SPB,-97.85168726857124,33.368460217790094,2024-05-08,0.9058823529411765,2024-05-19,-11,projects/neon-prod-earthengine/assets/HSI_REFL/002/2024_PRIN_7,605828.7294502498,3692927.37146402,EPSG:32614,NEON_S2__0386
20240508T170849_20240508T171504_T14SPC,-97.85168726857124,33.368460217790094,2024-05-08,0.9058823529411765,2024-05-19,-11,projects/neon-prod-earthengine/assets/HSI_REFL/002/2024_PRIN_7,605828.7294502498,3692927.37146402,EPSG:32614,NEON_S2__0386
20240518T170849_20240518T171459_T14SNB,-97.85168726857124,33.368460217790094,2024-05-18,0.9098039215686274,2024-05-19,-1,projects/neon-prod-earthengine/assets/HSI_REFL/002/2024_PRIN_7,605828.7294502498,3692927.37146402,EPSG:32614,NEON_S2__0386
20240518T170849_20240518T171459_T14SNC,-97.85168726857124,33.368460217790094,2024-05-18,0.9137254901960784,2024-05-19,-1,projects/neon-prod-earthengine/assets/HSI_REFL/002/2024_PRIN_7,605828.7294502498,3692927.37146402,EPSG:32614,NEON_S2__0386
20240518T170849_20240518T171459_T14SPB,-97.85168726857124,33.368460217790094,2024-05-18,0.9098039215686274,2024-05-19,-1,projects/neon-prod-earthengine/assets/HSI_REFL/002/2024_PRIN_7,605828.7294502498,3692927.37146402,EPSG:32614,NEON_S2__0386
20240518T170849_20240518T171459_T14SPC,-97.85168726857124,33.368460217790094,2024-05-18,0.9098039215686274,2024-05-19,-1,projects/neon-prod-earthengine/assets/HSI_REFL/002/2024_PRIN_7,605828.7294502498,3692927.37146402,EPSG:32614,NEON_S2__0386
20240607T170849_20240607T172053_T14SNB,-97.85168726857124,33.368460217790094,2024-06-07,0.9019607843137255,2024-05-19,19,projects/neon-prod-earthengine/assets/HSI_REFL/002/2024_PRIN_7,605828.7294502498,3692927.37146402,EPSG:32614,NEON_S2__0386
20240607T170849_20240607T172053_T14SNC,-97.85168726857124,33.368460217790094,2024-06-07,0.9058823529411765,2024-05-19,19,projects/neon-prod-earthengine/assets/HSI_REFL/002/2024_PRIN_7,605828.7294502498,3692927.37146402,EPSG:32614,NEON_S2__0386
20240607T170849_20240607T172053_T14SPB,-97.85168726857124,33.368460217790094,2024-06-07,0.9019607843137255,2024-05-19,19,projects/neon-prod-earthengine/assets/HSI_REFL/002/2024_PRIN_7,605828.7294502498,3692927.37146402,EPSG:32614,NEON_S2__0386
20240607T170849_20240607T172053_T14SPC,-97.85168726857124,33.368460217790094,2024-06-07,0.9019607843137255,2024-05-19,19,projects/neon-prod-earthengine/assets/HSI_REFL/002/2024_PRIN_7,605828.7294502498,3692927.37146402,EPSG:32614,NEON_S2__0386
20240508T170849_20240508T171504_T14SPB,-97.80569352602431,33.368460217790094,2024-05-08,0.9058823529411765,2024-05-19,-11,projects/neon-prod-earthengine/assets/HSI_REFL/002/2024_PRIN_7,610857.4334480397,3693005.202016,EPSG:32614,NEON_S2__0387
20240508T170849_20240508T171504_T14SPC,-97.80569352602431,33.368460217790094,2024-05-08,0.9098039215686274,2024-05-19,-11,projects/neon-prod-earthengine/assets/HSI_REFL/002/2024_PRIN_7,610857.4334480397,3693005.202016,EPSG:32614,NEON_S2__0387
20240518T170849_20240518T171459_T14SPB,-97.80569352602431,33.368460217790094,2024-05-18,0.9137254901960784,2024-05-19,-1,projects/neon-prod-earthengine/assets/HSI_REFL/002/2024_PRIN_7,610857.4334480397,3693005.202016,EPSG:32614,NEON_S2__0387
20240518T170849_20240518T171459_T14SPC,-97.80569352602431,33.368460217790094,2024-05-18,0.9137254901960784,2024-05-19,-1,projects/neon-prod-earthengine/assets/HSI_REFL/002/2024_PRIN_7,610857.4334480397,3693005.202016,EPSG:32614,NEON_S2__0387
20240607T170849_20240607T172053_T14SPB,-97.80569352602431,33.368460217790094,2024-06-07,0.9019607843137255,2024-05-19,19,projects/neon-prod-earthengine/assets/HSI_REFL/002/2024_PRIN_7,610857.4334480397,3693005.202016,EPSG:32614,NEON_S2__0387
20240607T170849_20240607T172053_T14SPC,-97.80569352602431,33.368460217790094,2024-06-07,0.9019607843137255,2024-05-19,19,projects/neon-prod-earthengine/assets/HSI_REFL/002/2024_PRIN_7,610857.4334480397,3693005.202016,EPSG:32614,NEON_S2__0387
20240515T183919_20240515T185313_T11SKB,-119.2387775528888,37.001965878996735,2024-05-15,0.9058823529411765,2024-06-10,-26,projects/neon-prod-earthengine/assets/HSI_REFL/002/2024_SOAP_8,300330.8451279858,4097850.5304439072,EPSG:32611,NEON_S2__0388
20240520T183921_20240520T185106_T11SKB,-119.2387775528888,37.001965878996735,2024-05-20,0.9019607843137255,2024-06-10,-21,projects/neon-prod-earthengine/assets/HSI_REFL/002/2024_SOAP_8,300330.8451279858,4097850.5304439072,EPSG:32611,NEON_S2__0388
20240604T183919_20240604T185042_T11SKB,-119.2387775528888,37.001965878996735,2024-06-04,0.9058823529411765,2024-06-10,-6,projects/neon-prod-earthengine/assets/HSI_REFL/002/2024_SOAP_8,300330.8451279858,4097850.5304439072,EPSG:32611,NEON_S2__0388
20240609T183921_20240609T185104_T11SKB,-119.2387775528888,37.001965878996735,2024-06-09,0.9058823529411765,2024-06-10,-1,projects/neon-prod-earthengine/assets/HSI_REFL/002/2024_SOAP_8,300330.8451279858,4097850.5304439072,EPSG:32611,NEON_S2__0388
20240614T183919_20240614T185209_T11SKB,-119.2387775528888,37.001965878996735,2024-06-14,0.9058823529411765,2024-06-10,4,projects/neon-prod-earthengine/assets/HSI_REFL/002/2024_SOAP_8,300330.8451279858,4097850.5304439072,EPSG:32611,NEON_S2__0388
20240515T183919_20240515T185313_T11SKB,-119.2387775528888,37.047959621543654,2024-05-15,0.9098039215686274,2024-06-10,-26,projects/neon-prod-earthengine/assets/HSI_REFL/002/2024_SOAP_8,299155.24369540846,4102754.4700977015,EPSG:32611,NEON_S2__0389
20240530T183921_20240530T184840_T11SKB,-119.2387775528888,37.047959621543654,2024-05-30,0.9019607843137255,2024-06-10,-11,projects/neon-prod-earthengine/assets/HSI_REFL/002/2024_SOAP_8,299155.24369540846,4102754.4700977015,EPSG:32611,NEON_S2__0389
20240604T183919_20240604T185042_T11SKB,-119.2387775528888,37.047959621543654,2024-06-04,0.9098039215686274,2024-06-10,-6,projects/neon-prod-earthengine/assets/HSI_REFL/002/2024_SOAP_8,299155.24369540846,4102754.4700977015,EPSG:32611,NEON_S2__0389
20240609T183921_20240609T185104_T11SKB,-119.2387775528888,37.047959621543654,2024-06-09,0.9098039215686274,2024-06-10,-1,projects/neon-prod-earthengine/assets/HSI_REFL/002/2024_SOAP_8,299155.24369540846,4102754.4700977015,EPSG:32611,NEON_S2__0389
20240614T183919_20240614T185209_T11SKB,-119.2387775528888,37.047959621543654,2024-06-14,0.9098039215686274,2024-06-10,4,projects/neon-prod-earthengine/assets/HSI_REFL/002/2024_SOAP_8,299155.24369540846,4102754.4700977015,EPSG:32611,NEON_S2__0389
20240619T183921_20240619T185321_T11SKB,-119.2387775528888,37.047959621543654,2024-06-19,0.9058823529411765,2024-06-10,9,projects/neon-prod-earthengine/assets/HSI_REFL/002/2024_SOAP_8,299155.24369540846,4102754.4700977015,EPSG:32611,NEON_S2__0389
20240624T183919_20240624T185245_T11SKB,-119.2387775528888,37.047959621543654,2024-06-24,0.9058823529411765,2024-06-10,14,projects/neon-prod-earthengine/assets/HSI_REFL/002/2024_SOAP_8,299155.24369540846,4102754.4700977015,EPSG:32611,NEON_S2__0389
20240704T183919_20240704T184534_T11SKB,-119.2387775528888,37.047959621543654,2024-07-04,0.9058823529411765,2024-06-10,24,projects/neon-prod-earthengine/assets/HSI_REFL/002/2024_SOAP_8,299155.24369540846,4102754.4700977015,EPSG:32611,NEON_S2__0389
20240709T183921_20240709T185326_T11SKB,-119.2387775528888,37.047959621543654,2024-07-09,0.9058823529411765,2024-06-10,29,projects/neon-prod-earthengine/assets/HSI_REFL/002/2024_SOAP_8,299155.24369540846,4102754.4700977015,EPSG:32611,NEON_S2__0389
20240515T183919_20240515T185313_T11SKB,-119.19278381034188,37.047959621543654,2024-05-15,0.9215686274509803,2024-06-10,-26,projects/neon-prod-earthengine/assets/HSI_REFL/002/2024_SOAP_8,304068.4465129827,4104047.802848522,EPSG:32611,NEON_S2__0390
20240515T183919_20240515T185313_T11SLB,-119.19278381034188,37.047959621543654,2024-05-15,0.9176470588235294,2024-06-10,-26,projects/neon-prod-earthengine/assets/HSI_REFL/002/2024_SOAP_8,304068.4465129827,4104047.802848522,EPSG:32611,NEON_S2__0390
20240530T183921_20240530T184840_T11SKB,-119.19278381034188,37.047959621543654,2024-05-30,0.9098039215686274,2024-06-10,-11,projects/neon-prod-earthengine/assets/HSI_REFL/002/2024_SOAP_8,304068.4465129827,4104047.802848522,EPSG:32611,NEON_S2__0390
20240530T183921_20240530T184840_T11SLB,-119.19278381034188,37.047959621543654,2024-05-30,0.9098039215686274,2024-06-10,-11,projects/neon-prod-earthengine/assets/HSI_REFL/002/2024_SOAP_8,304068.4465129827,4104047.802848522,EPSG:32611,NEON_S2__0390
20240604T183919_20240604T185042_T11SKB,-119.19278381034188,37.047959621543654,2024-06-04,0.9137254901960784,2024-06-10,-6,projects/neon-prod-earthengine/assets/HSI_REFL/002/2024_SOAP_8,304068.4465129827,4104047.802848522,EPSG:32611,NEON_S2__0390
20240604T183919_20240604T185042_T11SLB,-119.19278381034188,37.047959621543654,2024-06-04,0.9137254901960784,2024-06-10,-6,projects/neon-prod-earthengine/assets/HSI_REFL/002/2024_SOAP_8,304068.4465129827,4104047.802848522,EPSG:32611,NEON_S2__0390
20240609T183921_20240609T185104_T11SKB,-119.19278381034188,37.047959621543654,2024-06-09,0.9137254901960784,2024-06-10,-1,projects/neon-prod-earthengine/assets/HSI_REFL/002/2024_SOAP_8,304068.4465129827,4104047.802848522,EPSG:32611,NEON_S2__0390
20240609T183921_20240609T185104_T11SLB,-119.19278381034188,37.047959621543654,2024-06-09,0.9098039215686274,2024-06-10,-1,projects/neon-prod-earthengine/assets/HSI_REFL/002/2024_SOAP_8,304068.4465129827,4104047.802848522,EPSG:32611,NEON_S2__0390
20240614T183919_20240614T185209_T11SKB,-119.19278381034188,37.047959621543654,2024-06-14,0.9137254901960784,2024-06-10,4,projects/neon-prod-earthengine/assets/HSI_REFL/002/2024_SOAP_8,304068.4465129827,4104047.802848522,EPSG:32611,NEON_S2__0390
20240614T183919_20240614T185209_T11SLB,-119.19278381034188,37.047959621543654,2024-06-14,0.9098039215686274,2024-06-10,4,projects/neon-prod-earthengine/assets/HSI_REFL/002/2024_SOAP_8,304068.4465129827,4104047.802848522,EPSG:32611,NEON_S2__0390
20240619T183921_20240619T185321_T11SKB,-119.19278381034188,37.047959621543654,2024-06-19,0.9058823529411765,2024-06-10,9,projects/neon-prod-earthengine/assets/HSI_REFL/002/2024_SOAP_8,304068.4465129827,4104047.802848522,EPSG:32611,NEON_S2__0390
20240619T183921_20240619T185321_T11SLB,-119.19278381034188,37.047959621543654,2024-06-19,0.9019607843137255,2024-06-10,9,projects/neon-prod-earthengine/assets/HSI_REFL/002/2024_SOAP_8,304068.4465129827,4104047.802848522,EPSG:32611,NEON_S2__0390
20240624T183919_20240624T185245_T11SKB,-119.19278381034188,37.047959621543654,2024-06-24,0.9019607843137255,2024-06-10,14,projects/neon-prod-earthengine/assets/HSI_REFL/002/2024_SOAP_8,304068.4465129827,4104047.802848522,EPSG:32611,NEON_S2__0390
20240624T183919_20240624T185245_T11SLB,-119.19278381034188,37.047959621543654,2024-06-24,0.9019607843137255,2024-06-10,14,projects/neon-prod-earthengine/assets/HSI_REFL/002/2024_SOAP_8,304068.4465129827,4104047.802848522,EPSG:32611,NEON_S2__0390
20240704T183919_20240704T184534_T11SKB,-119.19278381034188,37.047959621543654,2024-07-04,0.9058823529411765,2024-06-10,24,projects/neon-prod-earthengine/assets/HSI_REFL/002/2024_SOAP_8,304068.4465129827,4104047.802848522,EPSG:32611,NEON_S2__0390
20240704T183919_20240704T184534_T11SLB,-119.19278381034188,37.047959621543654,2024-07-04,0.9058823529411765,2024-06-10,24,projects/neon-prod-earthengine/assets/HSI_REFL/002/2024_SOAP_8,304068.4465129827,4104047.802848522,EPSG:32611,NEON_S2__0390
20240709T183921_20240709T185326_T11SKB,-119.19278381034188,37.047959621543654,2024-07-09,0.9058823529411765,2024-06-10,29,projects/neon-prod-earthengine/assets/HSI_REFL/002/2024_SOAP_8,304068.4465129827,4104047.802848522,EPSG:32611,NEON_S2__0390
20240709T183921_20240709T185326_T11SLB,-119.19278381034188,37.047959621543654,2024-07-09,0.9058823529411765,2024-06-10,29,projects/neon-prod-earthengine/assets/HSI_REFL/002/2024_SOAP_8,304068.4465129827,4104047.802848522,EPSG:32611,NEON_S2__0390
20240515T183919_20240515T185313_T11SKB,-119.19278381034188,37.047959621543654,2024-05-15,0.9215686274509803,2024-06-10,-26,projects/neon-prod-earthengine/assets/HSI_REFL/002/2024_SOAP_8,304068.4465129827,4104047.802848522,EPSG:32611,NEON_S2__0391
20240515T183919_20240515T185313_T11SLB,-119.19278381034188,37.047959621543654,2024-05-15,0.9176470588235294,2024-06-10,-26,projects/neon-prod-earthengine/assets/HSI_REFL/002/2024_SOAP_8,304068.4465129827,4104047.802848522,EPSG:32611,NEON_S2__0391
20240530T183921_20240530T184840_T11SKB,-119.19278381034188,37.047959621543654,2024-05-30,0.9098039215686274,2024-06-10,-11,projects/neon-prod-earthengine/assets/HSI_REFL/002/2024_SOAP_8,304068.4465129827,4104047.802848522,EPSG:32611,NEON_S2__0391
20240530T183921_20240530T184840_T11SLB,-119.19278381034188,37.047959621543654,2024-05-30,0.9098039215686274,2024-06-10,-11,projects/neon-prod-earthengine/assets/HSI_REFL/002/2024_SOAP_8,304068.4465129827,4104047.802848522,EPSG:32611,NEON_S2__0391
20240604T183919_20240604T185042_T11SKB,-119.19278381034188,37.047959621543654,2024-06-04,0.9137254901960784,2024-06-10,-6,projects/neon-prod-earthengine/assets/HSI_REFL/002/2024_SOAP_8,304068.4465129827,4104047.802848522,EPSG:32611,NEON_S2__0391
20240604T183919_20240604T185042_T11SLB,-119.19278381034188,37.047959621543654,2024-06-04,0.9137254901960784,2024-06-10,-6,projects/neon-prod-earthengine/assets/HSI_REFL/002/2024_SOAP_8,304068.4465129827,4104047.802848522,EPSG:32611,NEON_S2__0391
20240609T183921_20240609T185104_T11SKB,-119.19278381034188,37.047959621543654,2024-06-09,0.9137254901960784,2024-06-10,-1,projects/neon-prod-earthengine/assets/HSI_REFL/002/2024_SOAP_8,304068.4465129827,4104047.802848522,EPSG:32611,NEON_S2__0391
20240609T183921_20240609T185104_T11SLB,-119.19278381034188,37.047959621543654,2024-06-09,0.9098039215686274,2024-06-10,-1,projects/neon-prod-earthengine/assets/HSI_REFL/002/2024_SOAP_8,304068.4465129827,4104047.802848522,EPSG:32611,NEON_S2__0391
20240614T183919_20240614T185209_T11SKB,-119.19278381034188,37.047959621543654,2024-06-14,0.9137254901960784,2024-06-10,4,projects/neon-prod-earthengine/assets/HSI_REFL/002/2024_SOAP_8,304068.4465129827,4104047.802848522,EPSG:32611,NEON_S2__0391
20240614T183919_20240614T185209_T11SLB,-119.19278381034188,37.047959621543654,2024-06-14,0.9098039215686274,2024-06-10,4,projects/neon-prod-earthengine/assets/HSI_REFL/002/2024_SOAP_8,304068.4465129827,4104047.802848522,EPSG:32611,NEON_S2__0391
20240619T183921_20240619T185321_T11SKB,-119.19278381034188,37.047959621543654,2024-06-19,0.9058823529411765,2024-06-10,9,projects/neon-prod-earthengine/assets/HSI_REFL/002/2024_SOAP_8,304068.4465129827,4104047.802848522,EPSG:32611,NEON_S2__0391
20240619T183921_20240619T185321_T11SLB,-119.19278381034188,37.047959621543654,2024-06-19,0.9019607843137255,2024-06-10,9,projects/neon-prod-earthengine/assets/HSI_REFL/002/2024_SOAP_8,304068.4465129827,4104047.802848522,EPSG:32611,NEON_S2__0391
20240624T183919_20240624T185245_T11SKB,-119.19278381034188,37.047959621543654,2024-06-24,0.9019607843137255,2024-06-10,14,projects/neon-prod-earthengine/assets/HSI_REFL/002/2024_SOAP_8,304068.4465129827,4104047.802848522,EPSG:32611,NEON_S2__0391
20240624T183919_20240624T185245_T11SLB,-119.19278381034188,37.047959621543654,2024-06-24,0.9019607843137255,2024-06-10,14,projects/neon-prod-earthengine/assets/HSI_REFL/002/2024_SOAP_8,304068.4465129827,4104047.802848522,EPSG:32611,NEON_S2__0391
20240704T183919_20240704T184534_T11SKB,-119.19278381034188,37.047959621543654,2024-07-04,0.9058823529411765,2024-06-10,24,projects/neon-prod-earthengine/assets/HSI_REFL/002/2024_SOAP_8,304068.4465129827,4104047.802848522,EPSG:32611,NEON_S2__0391
20240704T183919_20240704T184534_T11SLB,-119.19278381034188,37.047959621543654,2024-07-04,0.9058823529411765,2024-06-10,24,projects/neon-prod-earthengine/assets/HSI_REFL/002/2024_SOAP_8,304068.4465129827,4104047.802848522,EPSG:32611,NEON_S2__0391
20240709T183921_20240709T185326_T11SKB,-119.19278381034188,37.047959621543654,2024-07-09,0.9058823529411765,2024-06-10,29,projects/neon-prod-earthengine/assets/HSI_REFL/002/2024_SOAP_8,304068.4465129827,4104047.802848522,EPSG:32611,NEON_S2__0391
20240709T183921_20240709T185326_T11SLB,-119.19278381034188,37.047959621543654,2024-07-09,0.9058823529411765,2024-06-10,29,projects/neon-prod-earthengine/assets/HSI_REFL/002/2024_SOAP_8,304068.4465129827,4104047.802848522,EPSG:32611,NEON_S2__0391
