tile_id,utm,lon,lat,utm_x,utm_y,e7g_x,e7g_y,mgrs_tiles,ntiles,neon_id,neon_date
NA5120_E1907N0666,EPSG:32617,-80.5911456449312,37.42903395429104,536172.9211485102,4142546.6707079466,9766400.0,3412480.0,17SNB,1,projects/neon-prod-earthengine/assets/HSI_REFL/001/2015_MLBS_1,2015-08-21
NA5120_E1908N0664,EPSG:32617,-80.55809997991307,37.329513187682664,539148.3106695645,4131518.905582826,9771520.0,3402240.0,17SNB,1,projects/neon-prod-earthengine/assets/HSI_REFL/001/2015_MLBS_1,2015-08-21
NA5120_E1908N0665,EPSG:32617,-80.54664734986183,37.37429719715191,540139.0632271835,4136492.085378991,9771520.0,3407360.0,17SNB,1,projects/neon-prod-earthengine/assets/HSI_REFL/001/2015_MLBS_1,2015-08-21
NA5120_E1908N0666,EPSG:32617,-80.53517404524938,37.419078588048684,541130.4166826316,4141465.1483827857,9771520.0,3412480.0,17SNB,1,projects/neon-prod-earthengine/assets/HSI_REFL/001/2015_MLBS_1,2015-08-21
NA5120_E1909N0664,EPSG:32617,-80.50221342066143,37.31954335169403,544105.2080663452,4130437.4679048224,9776640.0,3402240.0,17SNB,1,projects/neon-prod-earthengine/assets/HSI_REFL/001/2015_MLBS_1,2015-08-21
NA5120_E1909N0665,EPSG:32617,-80.49072646356413,37.36431864044983,545096.2074551338,4135410.2987861945,9776640.0,3407360.0,17SNB,1,projects/neon-prod-earthengine/assets/HSI_REFL/001/2015_MLBS_1,2015-08-21
NA5120_E1909N0666,EPSG:32617,-80.47921877717346,37.40909129660811,546087.8069134478,4140383.013614577,9776640.0,3412480.0,17SNB,1,projects/neon-prod-earthengine/assets/HSI_REFL/001/2015_MLBS_1,2015-08-21
NA5120_E1800N0547,EPSG:32616,-87.4712661152494,32.87469607436114,455913.95376263093,3637494.2938445252,9218560.0,2803200.0,16SDB,1,projects/neon-prod-earthengine/assets/HSI_REFL/001/2015_TALL_1,2015-07-16
NA5120_E1800N0548,EPSG:32616,-87.46517450058819,32.920405101528175,456506.1633864122,3642559.0589172374,9218560.0,2808320.0,16SDB,1,projects/neon-prod-earthengine/assets/HSI_REFL/001/2015_TALL_1,2015-07-16
NA5120_E1800N0549,EPSG:32616,-87.45907232301093,32.96611307815068,457098.80149958446,3647623.7693931716,9218560.0,2813440.0,16SDB,1,projects/neon-prod-earthengine/assets/HSI_REFL/001/2015_TALL_1,2015-07-16
NA5120_E1800N0550,EPSG:32616,-87.45295955843724,33.01182000227563,457691.8677447097,3652688.4253227506,9218560.0,2818560.0,16SDB,1,projects/neon-prod-earthengine/assets/HSI_REFL/001/2015_TALL_1,2015-07-16
NA5120_E1801N0547,EPSG:32616,-87.41794899791302,32.86888502757564,460899.1567650628,3636829.0775220236,9223680.0,2803200.0,16SDB,1,projects/neon-prod-earthengine/assets/HSI_REFL/001/2015_TALL_1,2015-07-16
NA5120_E1801N0548,EPSG:32616,-87.41182602268786,32.91458924156657,461491.7677588154,3641893.5660184575,9223680.0,2808320.0,16SDB,1,projects/neon-prod-earthengine/assets/HSI_REFL/001/2015_TALL_1,2015-07-16
NA5120_E1801N0549,EPSG:32616,-87.40569243208498,32.96029239763426,462084.80625560496,3646958.000356317,9223680.0,2813440.0,16SDB,1,projects/neon-prod-earthengine/assets/HSI_REFL/001/2015_TALL_1,2015-07-16
NA5120_E1801N0550,EPSG:32616,-87.39954820191168,33.005994493808046,462678.27189806453,3652022.38058658,9223680.0,2818560.0,16SDB,1,projects/neon-prod-earthengine/assets/HSI_REFL/001/2015_TALL_1,2015-07-16
NA5120_E1802N0547,EPSG:32616,-87.3646400137217,32.863043494619205,465884.2242693227,3636163.0077179186,9228800.0,2803200.0,16SDB,1,projects/neon-prod-earthengine/assets/HSI_REFL/001/2015_TALL_1,2015-07-16
NA5120_E1802N0548,EPSG:32616,-87.35848569886893,32.908742871127835,466477.2372086142,3641227.221599446,9228800.0,2808320.0,16SDB,1,projects/neon-prod-earthengine/assets/HSI_REFL/001/2015_TALL_1,2015-07-16
NA5120_E1611N0544,EPSG:32614,-97.64596726128138,33.278652079799315,626093.702077807,3682996.6728846957,8250880.0,2787840.0,14SPB,1,projects/neon-prod-earthengine/assets/HSI_REFL/001/2016_CLBJ_1,2016-04-22
NA5120_E1611N0545,EPSG:32614,-97.646057016779,33.32481560589625,626018.9207577497,3688115.077732719,8250880.0,2792960.0,14SPB,1,projects/neon-prod-earthengine/assets/HSI_REFL/001/2016_CLBJ_1,2016-04-22
NA5120_E1611N0546,EPSG:32614,-97.64614693030559,33.37097878824861,625944.0521368855,3693233.4801036874,8250880.0,2798080.0,14SPB,1,projects/neon-prod-earthengine/assets/HSI_REFL/001/2016_CLBJ_1,2016-04-22
NA5120_E1611N0547,EPSG:32614,-97.64623700223066,33.41714162662081,625869.0962642301,3698351.87999616,8250880.0,2803200.0,14SPC,1,projects/neon-prod-earthengine/assets/HSI_REFL/001/2016_CLBJ_1,2016-04-22
NA5120_E1612N0544,EPSG:32614,-97.59197636033426,33.27872114570061,631121.8757700714,3683070.8471029666,8256000.0,2787840.0,14SPB,1,projects/neon-prod-earthengine/assets/HSI_REFL/001/2016_CLBJ_1,2016-04-22
NA5120_E1612N0545,EPSG:32614,-97.59203291685546,33.32488472993673,631047.5340420781,3688189.3423776766,8256000.0,2792960.0,14SPB,1,projects/neon-prod-earthengine/assets/HSI_REFL/001/2016_CLBJ_1,2016-04-22
NA5120_E1612N0546,EPSG:32614,-97.59208957295374,33.37104797051992,630973.1039415916,3693307.8351263576,8256000.0,2798080.0,14SPB,1,projects/neon-prod-earthengine/assets/HSI_REFL/001/2016_CLBJ_1,2016-04-22
NA5120_E1612N0547,EPSG:32614,-97.59214632886192,33.41721086721488,630898.5855174839,3698426.325347452,8256000.0,2803200.0,14SPC,1,projects/neon-prod-earthengine/assets/HSI_REFL/001/2016_CLBJ_1,2016-04-22
NA5120_E1613N0547,EPSG:32614,-97.5380555783662,33.41724868555554,635928.1691819441,3698499.9040197395,8261120.0,2803200.0,14SPC,1,projects/neon-prod-earthengine/assets/HSI_REFL/001/2016_CLBJ_1,2016-04-22
NA5120_E1861N0615,EPSG:32617,-83.6610655511229,35.54636916689449,258770.15489625384,3936894.159155327,9530880.0,3151360.0,16SGE,1,projects/neon-prod-earthengine/assets/HSI_REFL/001/2016_GRSM_2,2016-06-08
NA5120_E1861N0616,EPSG:32617,-83.65210113880836,35.59162715173838,259718.274787565,3941893.3972219024,9530880.0,3156480.0,16SGE,1,projects/neon-prod-earthengine/assets/HSI_REFL/001/2016_GRSM_2,2016-06-08
NA5120_E1861N0617,EPSG:32617,-83.64312078686532,35.63688333974424,260667.06419068237,3946892.4773719665,9530880.0,3161600.0,16SGE,1,projects/neon-prod-earthengine/assets/HSI_REFL/001/2016_GRSM_2,2016-06-08
NA5120_E1861N0618,EPSG:32617,-83.6341244574703,35.68213772711043,261616.52252766228,3951891.399721644,9530880.0,3166720.0,16SGE,1,projects/neon-prod-earthengine/assets/HSI_REFL/001/2016_GRSM_2,2016-06-08
NA5120_E1861N0619,EPSG:32617,-83.6251121126759,35.72739031002431,262566.6492202455,3956890.1643876117,9530880.0,3171840.0,16SGE,1,projects/neon-prod-earthengine/assets/HSI_REFL/001/2016_GRSM_2,2016-06-08
NA5120_E1862N0616,EPSG:32617,-83.59716902765618,35.58352153657688,264672.5337241844,3940861.316464352,9536000.0,3156480.0,17SKV,1,projects/neon-prod-earthengine/assets/HSI_REFL/001/2016_GRSM_2,2016-06-08
NA5120_E1862N0617,EPSG:32617,-83.58815521373354,35.62877077307547,265621.5671535979,3945859.926418435,9536000.0,3161600.0,17SKV,1,projects/neon-prod-earthengine/assets/HSI_REFL/001/2016_GRSM_2,2016-06-08
NA5120_E1862N0618,EPSG:32617,-83.5791253671715,35.67401819790959,266571.2686234509,3950858.379278738,9536000.0,3166720.0,17SKV,1,projects/neon-prod-earthengine/assets/HSI_REFL/001/2016_GRSM_2,2016-06-08
NA5120_E1862N0619,EPSG:32617,-83.57007944990818,35.71926380723982,267521.6375559522,3955856.6751626916,9536000.0,3171840.0,17SKV,1,projects/neon-prod-earthengine/assets/HSI_REFL/001/2016_GRSM_2,2016-06-08
NA5120_E1863N0616,EPSG:32617,-83.54224939926206,35.57538447226941,269626.5116538632,3939828.5872878516,9541120.0,3156480.0,17SKV,1,projects/neon-prod-earthengine/assets/HSI_REFL/001/2016_GRSM_2,2016-06-08
NA5120_E1863N0617,EPSG:32617,-83.53320215617227,35.62062673229746,270575.790008912,3944826.7289147885,9541120.0,3161600.0,17SKV,1,projects/neon-prod-earthengine/assets/HSI_REFL/001/2016_GRSM_2,2016-06-08
NA5120_E1863N0618,EPSG:32617,-83.52413882536106,35.66586716960197,271525.7355120389,3949824.7141544865,9541120.0,3166720.0,17SKV,1,projects/neon-prod-earthengine/assets/HSI_REFL/001/2016_GRSM_2,2016-06-08
NA5120_E1863N0619,EPSG:32617,-83.51505936865259,35.71110578031671,272476.3475859064,3954822.5431251368,9541120.0,3171840.0,17SKV,1,projects/neon-prod-earthengine/assets/HSI_REFL/001/2016_GRSM_2,2016-06-08
NA5120_E1863N0620,EPSG:32617,-83.50596374774584,35.7563425605643,273427.62565286283,3959820.215945484,9541120.0,3176960.0,17SKV,1,projects/neon-prod-earthengine/assets/HSI_REFL/001/2016_GRSM_2,2016-06-08
NA5120_E1864N0616,EPSG:32617,-83.48734229588058,35.56721597349785,274580.2113847089,3938795.2085362687,9546240.0,3156480.0,17SKV,1,projects/neon-prod-earthengine/assets/HSI_REFL/001/2016_GRSM_2,2016-06-08
NA5120_E1864N0617,EPSG:32617,-83.47826165653521,35.612451232127064,275529.73556536925,3943792.8837036784,9546240.0,3161600.0,17SKV,1,projects/neon-prod-earthengine/assets/HSI_REFL/001/2016_GRSM_2,2016-06-08
NA5120_E1864N0618,EPSG:32617,-83.4691648744921,35.65768465693955,276479.926002797,3948790.40319033,9546240.0,3166720.0,17SKV,1,projects/neon-prod-earthengine/assets/HSI_REFL/001/2016_GRSM_2,2016-06-08
NA5120_E1864N0619,EPSG:32617,-83.46005191146189,35.70291624404218,277430.7821201011,3953787.7671151687,9546240.0,3171840.0,17SKV,1,projects/neon-prod-earthengine/assets/HSI_REFL/001/2016_GRSM_2,2016-06-08
NA5120_E1864N0620,EPSG:32617,-83.45092272902964,35.74814598953059,278382.3033401064,3958784.975597694,9546240.0,3176960.0,17SKV,1,projects/neon-prod-earthengine/assets/HSI_REFL/001/2016_GRSM_2,2016-06-08
NA5120_E1865N0616,EPSG:32617,-83.43244775967685,35.559016054992306,279533.6357235757,3937761.179051849,9551360.0,3156480.0,17SKV,1,projects/neon-prod-earthengine/assets/HSI_REFL/001/2016_GRSM_2,2016-06-08
NA5120_E1865N0617,EPSG:32617,-83.42333375708625,35.604244287329465,280483.4066304511,3942758.389626135,9551360.0,3161600.0,17SKV,1,projects/neon-prod-earthengine/assets/HSI_REFL/001/2016_GRSM_2,2016-06-08
NA5120_E1865N0618,EPSG:32617,-83.4142035569276,35.64947067472268,281433.84290383186,3947755.4452260872,9551360.0,3166720.0,17SKV,1,projects/neon-prod-earthengine/assets/HSI_REFL/001/2016_GRSM_2,2016-06-08
NA5120_E1865N0619,EPSG:32617,-83.40505712079832,35.69469521325186,282384.94396728894,3952752.345971402,9551360.0,3171840.0,17SKV,1,projects/neon-prod-earthengine/assets/HSI_REFL/001/2016_GRSM_2,2016-06-08
NA5120_E1865N0620,EPSG:32617,-83.39589441017011,35.739917898985574,283336.70924408,3957749.0919823237,9551360.0,3176960.0,17SKV,1,projects/neon-prod-earthengine/assets/HSI_REFL/001/2016_GRSM_2,2016-06-08
NA5120_E1866N0616,EPSG:32617,-83.37756583272636,35.55078473153082,284486.7874760521,3936726.497675195,9556480.0,3156480.0,17SKV,1,projects/neon-prod-earthengine/assets/HSI_REFL/001/2016_GRSM_2,2016-06-08
NA5120_E1866N0617,EPSG:32617,-83.36841849999935,35.59600591271789,285436.80601038836,3941723.2455215557,9556480.0,3161600.0,17SKV,1,projects/neon-prod-earthengine/assets/HSI_REFL/001/2016_GRSM_2,2016-06-08
NA5120_E1866N0618,EPSG:32617,-83.35925491494011,35.641225237799866,286387.4890220162,3946719.8390999464,9556480.0,3166720.0,17SKV,1,projects/neon-prod-earthengine/assets/HSI_REFL/001/2016_GRSM_2,2016-06-08
NA5120_E1866N0619,EPSG:32617,-83.35007503903341,35.68644270282966,287338.8359349554,3951716.2785308156,9556480.0,3171840.0,17SKV,1,projects/neon-prod-earthengine/assets/HSI_REFL/001/2016_GRSM_2,2016-06-08
NA5120_E1866N0620,EPSG:32617,-83.34087883363799,35.731658303848725,288290.84617291915,3956712.563935164,9556480.0,3176960.0,17SKV,1,projects/neon-prod-earthengine/assets/HSI_REFL/001/2016_GRSM_2,2016-06-08
NA5120_E2013N0810,EPSG:32618,-72.3201715203079,42.44858022681709,720378.7487929547,4703063.279150254,10309120.0,4149760.0,18TYN,1,projects/neon-prod-earthengine/assets/HSI_REFL/001/2016_HARV_3,2016-08-16
NA5120_E2013N0811,EPSG:32618,-72.30090686736065,42.491585443613374,721811.0886155572,4707889.198225751,10309120.0,4154880.0,18TYN,1,projects/neon-prod-earthengine/assets/HSI_REFL/001/2016_HARV_3,2016-08-16
NA5120_E2013N0812,EPSG:32618,-72.28160588311017,42.534584642079665,723244.1358851868,4712714.946587281,10309120.0,4160000.0,18TYN,1,projects/neon-prod-earthengine/assets/HSI_REFL/001/2016_HARV_3,2016-08-16
NA5120_E2013N0813,EPSG:32618,-72.26226847575742,42.577577806801486,724677.8898582503,4717540.524646917,10309120.0,4165120.0,18TYN,1,projects/neon-prod-earthengine/assets/HSI_REFL/001/2016_HARV_3,2016-08-16
NA5120_E2014N0809,EPSG:32618,-72.28073598724785,42.390570832789145,723828.3813045719,4696724.638248988,10314240.0,4144640.0,18TYM,1,projects/neon-prod-earthengine/assets/HSI_REFL/001/2016_HARV_3,2016-08-16
NA5120_E2014N0810,EPSG:32618,-72.26147202832067,42.43356818610988,725260.1085451264,4701550.387121961,10314240.0,4149760.0,18TYN,1,projects/neon-prod-earthengine/assets/HSI_REFL/001/2016_HARV_3,2016-08-16
NA5120_E2014N0811,EPSG:32618,-72.24217178432893,42.47655951365485,726692.5434356346,4706375.965894271,10314240.0,4154880.0,18TYN,1,projects/neon-prod-earthengine/assets/HSI_REFL/001/2016_HARV_3,2016-08-16
NA5120_E2014N0812,EPSG:32618,-72.2228351637432,42.51954480000945,728125.6852333196,4711201.374977781,10314240.0,4160000.0,18TYN,1,projects/neon-prod-earthengine/assets/HSI_REFL/001/2016_HARV_3,2016-08-16
NA5120_E2014N0813,EPSG:32618,-72.20346207473575,42.56252402970656,729559.5331952453,4716026.614785149,10314240.0,4165120.0,18TYN,1,projects/neon-prod-earthengine/assets/HSI_REFL/001/2016_HARV_3,2016-08-16
NA5120_E2015N0809,EPSG:32618,-72.2221012037295,42.375540005885824,728709.6740423213,4695211.713194958,10319360.0,4144640.0,18TYM,1,projects/neon-prod-earthengine/assets/HSI_REFL/001/2016_HARV_3,2016-08-16
NA5120_E2015N0810,EPSG:32618,-72.20280177762291,42.41852347113441,730141.4982606214,4700037.122272774,10319360.0,4149760.0,18TYN,1,projects/neon-prod-earthengine/assets/HSI_REFL/001/2016_HARV_3,2016-08-16
NA5120_E2015N0811,EPSG:32618,-72.18346602144412,42.46150088778802,731574.0295891216,4704862.362274187,10319360.0,4154880.0,18TYN,1,projects/neon-prod-earthengine/assets/HSI_REFL/001/2016_HARV_3,2016-08-16
NA5120_E2015N0812,EPSG:32618,-72.16409384363574,42.50447224037963,733007.2672856918,4709687.433611651,10319360.0,4160000.0,18TYN,1,projects/neon-prod-earthengine/assets/HSI_REFL/001/2016_HARV_3,2016-08-16
NA5120_E2015N0813,EPSG:32618,-72.14468515234222,42.547437513389426,734441.210608064,4714512.3366984045,10319360.0,4165120.0,18TYN,1,projects/neon-prod-earthengine/assets/HSI_REFL/001/2016_HARV_3,2016-08-16
NA5120_E2016N0810,EPSG:32618,-72.14416080254163,42.40344611382162,735022.9205047544,4698523.48282171,10324480.0,4149760.0,18TYN,1,projects/neon-prod-earthengine/assets/HSI_REFL/001/2016_HARV_3,2016-08-16
NA5120_E2016N0811,EPSG:32618,-72.12478961306003,42.44640959802109,736455.5496415723,4703348.385583875,10324480.0,4154880.0,18TYN,1,projects/neon-prod-earthengine/assets/HSI_REFL/001/2016_HARV_3,2016-08-16
NA5120_E2016N0812,EPSG:32618,-72.10538195716808,42.489366995275816,737888.8846081116,4708173.120706622,10324480.0,4160000.0,18TYN,1,projects/neon-prod-earthengine/assets/HSI_REFL/001/2016_HARV_3,2016-08-16
NA5120_E1860N0518,EPSG:32616,-84.51224758072561,31.155805696698273,737143.7866837252,3449533.94532818,9525760.0,2654720.0,16RGV,1,projects/neon-prod-earthengine/assets/HSI_REFL/001/2016_JERC_2,2016-09-20
NA5120_E1860N0519,EPSG:32616,-84.50469582267925,31.201227422216203,737750.243509446,3454586.3951119063,9525760.0,2659840.0,16RGV,1,projects/neon-prod-earthengine/assets/HSI_REFL/001/2016_JERC_2,2016-09-20
NA5120_E1860N0520,EPSG:32616,-84.49713131854219,31.246647682934473,738357.0810065159,3459638.8151043216,9525760.0,2664960.0,16RGV,1,projects/neon-prod-earthengine/assets/HSI_REFL/001/2016_JERC_2,2016-09-20
NA5120_E1860N0521,EPSG:32616,-84.48955404059728,31.292066475939787,738964.2988275888,3464691.205381583,9525760.0,2670080.0,16RGV,1,projects/neon-prod-earthengine/assets/HSI_REFL/001/2016_JERC_2,2016-09-20
NA5120_E1860N0522,EPSG:32616,-84.48196396104193,31.33748379831168,739571.8966250423,3469743.56602004,9525760.0,2675200.0,16RGV,1,projects/neon-prod-earthengine/assets/HSI_REFL/001/2016_JERC_2,2016-09-20
NA5120_E1861N0518,EPSG:32616,-84.46033464285645,31.14836103043222,742112.8039097404,3448820.9210052374,9530880.0,2654720.0,16RGV,1,projects/neon-prod-earthengine/assets/HSI_REFL/001/2016_JERC_2,2016-09-20
NA5120_E1861N0519,EPSG:32616,-84.4527542989953,31.19377678925561,742719.7264175967,3453873.1973528373,9530880.0,2659840.0,16RGV,1,projects/neon-prod-earthengine/assets/HSI_REFL/001/2016_JERC_2,2016-09-20
NA5120_E1861N0520,EPSG:32616,-84.44516116361943,31.239191074548014,743327.0286486651,3458925.4443611503,9530880.0,2664960.0,16RGV,1,projects/neon-prod-earthengine/assets/HSI_REFL/001/2016_JERC_2,2016-09-20
NA5120_E1861N0521,EPSG:32616,-84.43755520892354,31.28460388337626,743934.7102556005,3463977.6621068376,9530880.0,2670080.0,16RGV,1,projects/neon-prod-earthengine/assets/HSI_REFL/001/2016_JERC_2,2016-09-20
NA5120_E1861N0522,EPSG:32616,-84.42993640701664,31.33001521279992,744542.770890791,3469029.8506667456,9530880.0,2675200.0,16RGV,1,projects/neon-prod-earthengine/assets/HSI_REFL/001/2016_JERC_2,2016-09-20
NA5120_E1862N0518,EPSG:32616,-84.40843138884186,31.140887193759276,747081.8382173231,3448106.9372248375,9536000.0,2654720.0,16RGV,1,projects/neon-prod-earthengine/assets/HSI_REFL/001/2016_JERC_2,2016-09-20
NA5120_E1862N0519,EPSG:32616,-84.4008224833355,31.186296963955183,747689.2270452842,3453159.0420432617,9536000.0,2659840.0,16RGV,1,projects/neon-prod-earthengine/assets/HSI_REFL/001/2016_JERC_2,2016-09-20
NA5120_E1862N0520,EPSG:32616,-84.39320074096231,31.23170525186033,748296.9946489134,3458211.1179749803,9536000.0,2664960.0,16RGV,1,projects/neon-prod-earthengine/assets/HSI_REFL/001/2016_JERC_2,2016-09-20
NA5120_E1862N0521,EPSG:32616,-84.38556613382916,31.277112054521602,748905.1406808643,3463263.165097153,9536000.0,2670080.0,16RGV,1,projects/neon-prod-earthengine/assets/HSI_REFL/001/2016_JERC_2,2016-09-20
NA5120_E1966N0715,EPSG:32618,-76.63169573475372,38.95077809493019,358606.7126957359,4312580.2752973335,10068480.0,3663360.0,18SUJ,1,projects/neon-prod-earthengine/assets/HSI_REFL/001/2016_SERC_1,2016-07-24
NA5120_E1967N0713,EPSG:32618,-76.604427354505,38.85036714283653,360773.7575502021,4301394.857520564,10073600.0,3653120.0,18SUJ,1,projects/neon-prod-earthengine/assets/HSI_REFL/001/2016_SERC_1,2016-07-24
NA5120_E1967N0714,EPSG:32618,-76.58979840081254,38.89441484549036,362128.4205379884,4306260.971004153,10073600.0,3658240.0,18SUJ,1,projects/neon-prod-earthengine/assets/HSI_REFL/001/2016_SERC_1,2016-07-24
NA5120_E1967N0715,EPSG:32618,-76.57514286137894,38.9384586310417,363483.8913353175,4311126.832876539,10073600.0,3663360.0,18SUJ,1,projects/neon-prod-earthengine/assets/HSI_REFL/001/2016_SERC_1,2016-07-24
NA5120_E1968N0713,EPSG:32618,-76.54796366200641,38.83803766420568,365650.5366652569,4299941.992729073,10078720.0,3653120.0,18SUJ,1,projects/neon-prod-earthengine/assets/HSI_REFL/001/2016_SERC_1,2016-07-24
NA5120_E1968N0714,EPSG:32618,-76.53330071961338,38.88207446266876,367005.29138756974,4304807.5963218,10078720.0,3658240.0,18SUJ,1,projects/neon-prod-earthengine/assets/HSI_REFL/001/2016_SERC_1,2016-07-24
NA5120_E1968N0715,EPSG:32618,-76.51861114167377,38.926107326548376,368360.8532672991,4309672.94928626,10078720.0,3663360.0,18SUJ,1,projects/neon-prod-earthengine/assets/HSI_REFL/001/2016_SERC_1,2016-07-24
NA5120_E1968N0716,EPSG:32618,-76.50389486345175,38.97013624647432,369717.22154170787,4314538.051924681,10078720.0,3668480.0,18SUJ,1,projects/neon-prod-earthengine/assets/HSI_REFL/001/2016_SERC_1,2016-07-24
NA5120_E1800N0547,EPSG:32616,-87.4712661152494,32.87469607436114,455913.95376263093,3637494.2938445252,9218560.0,2803200.0,16SDB,1,projects/neon-prod-earthengine/assets/HSI_REFL/001/2016_TALL_2,2016-05-06
NA5120_E1800N0548,EPSG:32616,-87.46517450058819,32.920405101528175,456506.1633864122,3642559.0589172374,9218560.0,2808320.0,16SDB,1,projects/neon-prod-earthengine/assets/HSI_REFL/001/2016_TALL_2,2016-05-06
NA5120_E1800N0549,EPSG:32616,-87.45907232301093,32.96611307815068,457098.80149958446,3647623.7693931716,9218560.0,2813440.0,16SDB,1,projects/neon-prod-earthengine/assets/HSI_REFL/001/2016_TALL_2,2016-05-06
NA5120_E1801N0547,EPSG:32616,-87.41794899791302,32.86888502757564,460899.1567650628,3636829.0775220236,9223680.0,2803200.0,16SDB,1,projects/neon-prod-earthengine/assets/HSI_REFL/001/2016_TALL_2,2016-05-06
NA5120_E1801N0548,EPSG:32616,-87.41182602268786,32.91458924156657,461491.7677588154,3641893.5660184575,9223680.0,2808320.0,16SDB,1,projects/neon-prod-earthengine/assets/HSI_REFL/001/2016_TALL_2,2016-05-06
NA5120_E1801N0549,EPSG:32616,-87.40569243208498,32.96029239763426,462084.80625560496,3646958.000356317,9223680.0,2813440.0,16SDB,1,projects/neon-prod-earthengine/assets/HSI_REFL/001/2016_TALL_2,2016-05-06
NA5120_E1802N0547,EPSG:32616,-87.3646400137217,32.863043494619205,465884.2242693227,3636163.0077179186,9228800.0,2803200.0,16SDB,1,projects/neon-prod-earthengine/assets/HSI_REFL/001/2016_TALL_2,2016-05-06
NA5120_E1802N0548,EPSG:32616,-87.35848569886893,32.908742871127835,466477.2372086142,3641227.221599446,9228800.0,2808320.0,16SDB,1,projects/neon-prod-earthengine/assets/HSI_REFL/001/2016_TALL_2,2016-05-06
NA5120_E1802N0549,EPSG:32616,-87.3523207162421,32.95444118229966,467070.67666531936,3646291.381761016,9228800.0,2813440.0,16SDB,1,projects/neon-prod-earthengine/assets/HSI_REFL/001/2016_TALL_2,2016-05-06
NA5120_E1802N0550,EPSG:32616,-87.3461450415366,33.000138426146336,467664.5422821342,3651355.4882541653,9228800.0,2818560.0,16SDB,1,projects/neon-prod-earthengine/assets/HSI_REFL/001/2016_TALL_2,2016-05-06
NA5120_E1611N0545,EPSG:32614,-97.646057016779,33.32481560589625,626018.9207577497,3688115.077732719,8250880.0,2792960.0,14SPB,1,projects/neon-prod-earthengine/assets/HSI_REFL/001/2017_CLBJ_2,2017-05-01
NA5120_E1611N0546,EPSG:32614,-97.64614693030559,33.37097878824861,625944.0521368855,3693233.4801036874,8250880.0,2798080.0,14SPB,1,projects/neon-prod-earthengine/assets/HSI_REFL/001/2017_CLBJ_2,2017-05-01
NA5120_E1611N0547,EPSG:32614,-97.64623700223066,33.41714162662081,625869.0962642301,3698351.87999616,8250880.0,2803200.0,14SPC,1,projects/neon-prod-earthengine/assets/HSI_REFL/001/2017_CLBJ_2,2017-05-01
NA5120_E1612N0545,EPSG:32614,-97.59203291685546,33.32488472993673,631047.5340420781,3688189.3423776766,8256000.0,2792960.0,14SPB,1,projects/neon-prod-earthengine/assets/HSI_REFL/001/2017_CLBJ_2,2017-05-01
NA5120_E1612N0546,EPSG:32614,-97.59208957295374,33.37104797051992,630973.1039415916,3693307.8351263576,8256000.0,2798080.0,14SPB,1,projects/neon-prod-earthengine/assets/HSI_REFL/001/2017_CLBJ_2,2017-05-01
NA5120_E1612N0547,EPSG:32614,-97.59214632886192,33.41721086721488,630898.5855174839,3698426.325347452,8256000.0,2803200.0,14SPC,1,projects/neon-prod-earthengine/assets/HSI_REFL/001/2017_CLBJ_2,2017-05-01
NA5120_E1613N0547,EPSG:32614,-97.5380555783662,33.41724868555554,635928.1691819441,3698499.9040197395,8261120.0,2803200.0,14SPC,1,projects/neon-prod-earthengine/assets/HSI_REFL/001/2017_CLBJ_2,2017-05-01
NA5120_E1493N0712,EPSG:32613,-104.78307830161378,40.76448036261918,518308.23817373853,4512635.313431192,7646720.0,3648000.0,13TEF,1,projects/neon-prod-earthengine/assets/HSI_REFL/001/2017_CPER_3,2017-05-24
NA5120_E1493N0713,EPSG:32613,-104.78849175274233,40.810329814649414,517839.067942579,4517723.73908467,7646720.0,3653120.0,13TEF,1,projects/neon-prod-earthengine/assets/HSI_REFL/001/2017_CPER_3,2017-05-24
NA5120_E1493N0714,EPSG:32613,-104.79391578098532,40.85617843142088,517369.6235606626,4522812.13811165,7646720.0,3658240.0,13TEF,1,projects/neon-prod-earthengine/assets/HSI_REFL/001/2017_CPER_3,2017-05-24
NA5120_E1494N0712,EPSG:32613,-104.72307856987528,40.76883794517117,523370.7071397633,4513133.277586621,7651840.0,3648000.0,13TEF,1,projects/neon-prod-earthengine/assets/HSI_REFL/001/2017_CPER_3,2017-05-24
NA5120_E1494N0713,EPSG:32613,-104.7284481647661,40.814691553231434,522901.7805693787,4518221.870780458,7651840.0,3653120.0,13TEF,1,projects/neon-prod-earthengine/assets/HSI_REFL/001/2017_CPER_3,2017-05-24
NA5120_E1494N0714,EPSG:32613,-104.73382825283086,40.86054433358505,522432.57881444955,4523310.436971391,7651840.0,3658240.0,13TEF,1,projects/neon-prod-earthengine/assets/HSI_REFL/001/2017_CPER_3,2017-05-24
NA5120_E1495N0713,EPSG:32613,-104.66839616988777,40.81901739830962,527964.557512946,4518719.490484142,7656960.0,3653120.0,13TEF,1,projects/neon-prod-earthengine/assets/HSI_REFL/001/2017_CPER_3,2017-05-24
NA5120_E1495N0714,EPSG:32613,-104.67373229324859,40.86487430869376,527495.5979018629,4523808.2259263415,7656960.0,3658240.0,13TEF,1,projects/neon-prod-earthengine/assets/HSI_REFL/001/2017_CPER_3,2017-05-24
NA5120_E1861N0616,EPSG:32617,-83.65210113880836,35.59162715173838,259718.274787565,3941893.3972219024,9530880.0,3156480.0,16SGE,1,projects/neon-prod-earthengine/assets/HSI_REFL/001/2017_GRSM_3,2017-10-05
NA5120_E1861N0617,EPSG:32617,-83.64312078686532,35.63688333974424,260667.06419068237,3946892.4773719665,9530880.0,3161600.0,16SGE,1,projects/neon-prod-earthengine/assets/HSI_REFL/001/2017_GRSM_3,2017-10-05
NA5120_E1861N0618,EPSG:32617,-83.6341244574703,35.68213772711043,261616.52252766228,3951891.399721644,9530880.0,3166720.0,16SGE,1,projects/neon-prod-earthengine/assets/HSI_REFL/001/2017_GRSM_3,2017-10-05
NA5120_E1861N0619,EPSG:32617,-83.6251121126759,35.72739031002431,262566.6492202455,3956890.1643876117,9530880.0,3171840.0,16SGE,1,projects/neon-prod-earthengine/assets/HSI_REFL/001/2017_GRSM_3,2017-10-05
NA5120_E1862N0616,EPSG:32617,-83.59716902765618,35.58352153657688,264672.5337241844,3940861.316464352,9536000.0,3156480.0,17SKV,1,projects/neon-prod-earthengine/assets/HSI_REFL/001/2017_GRSM_3,2017-10-05
NA5120_E1862N0617,EPSG:32617,-83.58815521373354,35.62877077307547,265621.5671535979,3945859.926418435,9536000.0,3161600.0,17SKV,1,projects/neon-prod-earthengine/assets/HSI_REFL/001/2017_GRSM_3,2017-10-05
NA5120_E1862N0618,EPSG:32617,-83.5791253671715,35.67401819790959,266571.2686234509,3950858.379278738,9536000.0,3166720.0,17SKV,1,projects/neon-prod-earthengine/assets/HSI_REFL/001/2017_GRSM_3,2017-10-05
NA5120_E1862N0619,EPSG:32617,-83.57007944990818,35.71926380723982,267521.6375559522,3955856.6751626916,9536000.0,3171840.0,17SKV,1,projects/neon-prod-earthengine/assets/HSI_REFL/001/2017_GRSM_3,2017-10-05
NA5120_E1862N0620,EPSG:32617,-83.56101742375687,35.76450759721568,268472.67337299197,3960854.8141882936,9536000.0,3176960.0,17SKV,1,projects/neon-prod-earthengine/assets/HSI_REFL/001/2017_GRSM_3,2017-10-05
NA5120_E1863N0616,EPSG:32617,-83.54224939926206,35.57538447226941,269626.5116538632,3939828.5872878516,9541120.0,3156480.0,17SKV,1,projects/neon-prod-earthengine/assets/HSI_REFL/001/2017_GRSM_3,2017-10-05
NA5120_E1863N0617,EPSG:32617,-83.53320215617227,35.62062673229746,270575.790008912,3944826.7289147885,9541120.0,3161600.0,17SKV,1,projects/neon-prod-earthengine/assets/HSI_REFL/001/2017_GRSM_3,2017-10-05
NA5120_E1863N0618,EPSG:32617,-83.52413882536106,35.66586716960197,271525.7355120389,3949824.7141544865,9541120.0,3166720.0,17SKV,1,projects/neon-prod-earthengine/assets/HSI_REFL/001/2017_GRSM_3,2017-10-05
NA5120_E1863N0619,EPSG:32617,-83.51505936865259,35.71110578031671,272476.3475859064,3954822.5431251368,9541120.0,3171840.0,17SKV,1,projects/neon-prod-earthengine/assets/HSI_REFL/001/2017_GRSM_3,2017-10-05
NA5120_E1863N0620,EPSG:32617,-83.50596374774584,35.7563425605643,273427.62565286283,3959820.215945484,9541120.0,3176960.0,17SKV,1,projects/neon-prod-earthengine/assets/HSI_REFL/001/2017_GRSM_3,2017-10-05
NA5120_E1864N0616,EPSG:32617,-83.48734229588058,35.56721597349785,274580.2113847089,3938795.2085362687,9546240.0,3156480.0,17SKV,1,projects/neon-prod-earthengine/assets/HSI_REFL/001/2017_GRSM_3,2017-10-05
NA5120_E1864N0617,EPSG:32617,-83.47826165653521,35.612451232127064,275529.73556536925,3943792.8837036784,9546240.0,3161600.0,17SKV,1,projects/neon-prod-earthengine/assets/HSI_REFL/001/2017_GRSM_3,2017-10-05
NA5120_E1864N0618,EPSG:32617,-83.4691648744921,35.65768465693955,276479.926002797,3948790.40319033,9546240.0,3166720.0,17SKV,1,projects/neon-prod-earthengine/assets/HSI_REFL/001/2017_GRSM_3,2017-10-05
NA5120_E1864N0619,EPSG:32617,-83.46005191146189,35.70291624404218,277430.7821201011,3953787.7671151687,9546240.0,3171840.0,17SKV,1,projects/neon-prod-earthengine/assets/HSI_REFL/001/2017_GRSM_3,2017-10-05
NA5120_E1864N0620,EPSG:32617,-83.45092272902964,35.74814598953059,278382.3033401064,3958784.975597694,9546240.0,3176960.0,17SKV,1,projects/neon-prod-earthengine/assets/HSI_REFL/001/2017_GRSM_3,2017-10-05
NA5120_E1865N0616,EPSG:32617,-83.43244775967685,35.559016054992306,279533.6357235757,3937761.179051849,9551360.0,3156480.0,17SKV,1,projects/neon-prod-earthengine/assets/HSI_REFL/001/2017_GRSM_3,2017-10-05
NA5120_E1865N0617,EPSG:32617,-83.42333375708625,35.604244287329465,280483.4066304511,3942758.389626135,9551360.0,3161600.0,17SKV,1,projects/neon-prod-earthengine/assets/HSI_REFL/001/2017_GRSM_3,2017-10-05
NA5120_E1865N0618,EPSG:32617,-83.4142035569276,35.64947067472268,281433.84290383186,3947755.4452260872,9551360.0,3166720.0,17SKV,1,projects/neon-prod-earthengine/assets/HSI_REFL/001/2017_GRSM_3,2017-10-05
NA5120_E1865N0619,EPSG:32617,-83.40505712079832,35.69469521325186,282384.94396728894,3952752.345971402,9551360.0,3171840.0,17SKV,1,projects/neon-prod-earthengine/assets/HSI_REFL/001/2017_GRSM_3,2017-10-05
NA5120_E1865N0620,EPSG:32617,-83.39589441017011,35.739917898985574,283336.70924408,3957749.0919823237,9551360.0,3176960.0,17SKV,1,projects/neon-prod-earthengine/assets/HSI_REFL/001/2017_GRSM_3,2017-10-05
NA5120_E1866N0617,EPSG:32617,-83.36841849999935,35.59600591271789,285436.80601038836,3941723.2455215557,9556480.0,3161600.0,17SKV,1,projects/neon-prod-earthengine/assets/HSI_REFL/001/2017_GRSM_3,2017-10-05
NA5120_E1866N0618,EPSG:32617,-83.35925491494011,35.641225237799866,286387.4890220162,3946719.8390999464,9556480.0,3166720.0,17SKV,1,projects/neon-prod-earthengine/assets/HSI_REFL/001/2017_GRSM_3,2017-10-05
NA5120_E1866N0619,EPSG:32617,-83.35007503903341,35.68644270282966,287338.8359349554,3951716.2785308156,9556480.0,3171840.0,17SKV,1,projects/neon-prod-earthengine/assets/HSI_REFL/001/2017_GRSM_3,2017-10-05
NA5120_E1866N0620,EPSG:32617,-83.34087883363799,35.731658303848725,288290.84617291915,3956712.563935164,9556480.0,3176960.0,17SKV,1,projects/neon-prod-earthengine/assets/HSI_REFL/001/2017_GRSM_3,2017-10-05
NA5120_E1867N0617,EPSG:32617,-83.31351592735813,35.587736123153626,290389.93651016464,3940687.4502277044,9561600.0,3161600.0,17SKV,1,projects/neon-prod-earthengine/assets/HSI_REFL/001/2017_GRSM_3,2017-10-05
NA5120_E1867N0618,EPSG:32617,-83.30431899071164,35.6329483610678,291340.8671629704,3945683.5836484735,9561600.0,3166720.0,17SKV,1,projects/neon-prod-earthengine/assets/HSI_REFL/001/2017_GRSM_3,2017-10-05
NA5120_E1867N0619,EPSG:32617,-83.29510570844779,35.67815872770775,292292.46082936187,3950679.5636287825,9561600.0,3171840.0,17SKV,1,projects/neon-prod-earthengine/assets/HSI_REFL/001/2017_GRSM_3,2017-10-05
NA5120_E1867N0620,EPSG:32617,-83.28587604181267,35.72336721908779,293244.7169335147,3955675.3902903805,9561600.0,3176960.0,17SKV,1,projects/neon-prod-earthengine/assets/HSI_REFL/001/2017_GRSM_3,2017-10-05
NA5120_E1867N0621,EPSG:32617,-83.2766299519255,35.768573831210624,294197.6348992834,3960671.063755568,9561600.0,3182080.0,17SKV,1,projects/neon-prod-earthengine/assets/HSI_REFL/001/2017_GRSM_3,2017-10-05
NA5120_E1868N0617,EPSG:32617,-83.2586260811558,35.579434933545855,295342.8009335359,3939651.0025807093,9566720.0,3161600.0,17SKV,1,projects/neon-prod-earthengine/assets/HSI_REFL/001/2017_GRSM_3,2017-10-05
NA5120_E1868N0618,EPSG:32617,-83.24939582633336,35.62464005947109,296293.98013108573,3944646.6777065955,9566720.0,3166720.0,17SKV,1,projects/neon-prod-earthengine/assets/HSI_REFL/001/2017_GRSM_3,2017-10-05
NA5120_E2013N0812,EPSG:32618,-72.28160588311017,42.534584642079665,723244.1358851868,4712714.946587281,10309120.0,4160000.0,18TYN,1,projects/neon-prod-earthengine/assets/HSI_REFL/001/2017_HARV_4,2017-08-13
NA5120_E2013N0813,EPSG:32618,-72.26226847575742,42.577577806801486,724677.8898582503,4717540.524646917,10309120.0,4165120.0,18TYN,1,projects/neon-prod-earthengine/assets/HSI_REFL/001/2017_HARV_4,2017-08-13
NA5120_E2014N0809,EPSG:32618,-72.28073598724785,42.390570832789145,723828.3813045719,4696724.638248988,10314240.0,4144640.0,18TYM,1,projects/neon-prod-earthengine/assets/HSI_REFL/001/2017_HARV_4,2017-08-13
NA5120_E2014N0810,EPSG:32618,-72.26147202832067,42.43356818610988,725260.1085451264,4701550.387121961,10314240.0,4149760.0,18TYN,1,projects/neon-prod-earthengine/assets/HSI_REFL/001/2017_HARV_4,2017-08-13
NA5120_E2014N0811,EPSG:32618,-72.24217178432893,42.47655951365485,726692.5434356346,4706375.965894271,10314240.0,4154880.0,18TYN,1,projects/neon-prod-earthengine/assets/HSI_REFL/001/2017_HARV_4,2017-08-13
NA5120_E2014N0812,EPSG:32618,-72.2228351637432,42.51954480000945,728125.6852333196,4711201.374977781,10314240.0,4160000.0,18TYN,1,projects/neon-prod-earthengine/assets/HSI_REFL/001/2017_HARV_4,2017-08-13
NA5120_E2014N0813,EPSG:32618,-72.20346207473575,42.56252402970656,729559.5331952453,4716026.614785149,10314240.0,4165120.0,18TYN,1,projects/neon-prod-earthengine/assets/HSI_REFL/001/2017_HARV_4,2017-08-13
NA5120_E2015N0809,EPSG:32618,-72.2221012037295,42.375540005885824,728709.6740423213,4695211.713194958,10319360.0,4144640.0,18TYM,1,projects/neon-prod-earthengine/assets/HSI_REFL/001/2017_HARV_4,2017-08-13
NA5120_E2015N0810,EPSG:32618,-72.20280177762291,42.41852347113441,730141.4982606214,4700037.122272774,10319360.0,4149760.0,18TYN,1,projects/neon-prod-earthengine/assets/HSI_REFL/001/2017_HARV_4,2017-08-13
NA5120_E2015N0811,EPSG:32618,-72.18346602144412,42.46150088778802,731574.0295891216,4704862.362274187,10319360.0,4154880.0,18TYN,1,projects/neon-prod-earthengine/assets/HSI_REFL/001/2017_HARV_4,2017-08-13
NA5120_E2015N0812,EPSG:32618,-72.16409384363574,42.50447224037963,733007.2672856918,4709687.433611651,10319360.0,4160000.0,18TYN,1,projects/neon-prod-earthengine/assets/HSI_REFL/001/2017_HARV_4,2017-08-13
NA5120_E2015N0813,EPSG:32618,-72.14468515234222,42.547437513389426,734441.210608064,4714512.3366984045,10319360.0,4165120.0,18TYN,1,projects/neon-prod-earthengine/assets/HSI_REFL/001/2017_HARV_4,2017-08-13
NA5120_E2016N0810,EPSG:32618,-72.14416080254163,42.40344611382162,735022.9205047544,4698523.48282171,10324480.0,4149760.0,18TYN,1,projects/neon-prod-earthengine/assets/HSI_REFL/001/2017_HARV_4,2017-08-13
NA5120_E2016N0811,EPSG:32618,-72.12478961306003,42.44640959802109,736455.5496415723,4703348.385583875,10324480.0,4154880.0,18TYN,1,projects/neon-prod-earthengine/assets/HSI_REFL/001/2017_HARV_4,2017-08-13
NA5120_E2016N0812,EPSG:32618,-72.10538195716808,42.489366995275816,737888.8846081116,4708173.120706622,10324480.0,4160000.0,18TYN,1,projects/neon-prod-earthengine/assets/HSI_REFL/001/2017_HARV_4,2017-08-13
NA5120_E1860N0518,EPSG:32616,-84.51224758072561,31.155805696698273,737143.7866837252,3449533.94532818,9525760.0,2654720.0,16RGV,1,projects/neon-prod-earthengine/assets/HSI_REFL/001/2017_JERC_3,2017-09-17
NA5120_E1860N0519,EPSG:32616,-84.50469582267925,31.201227422216203,737750.243509446,3454586.3951119063,9525760.0,2659840.0,16RGV,1,projects/neon-prod-earthengine/assets/HSI_REFL/001/2017_JERC_3,2017-09-17
NA5120_E1860N0520,EPSG:32616,-84.49713131854219,31.246647682934473,738357.0810065159,3459638.8151043216,9525760.0,2664960.0,16RGV,1,projects/neon-prod-earthengine/assets/HSI_REFL/001/2017_JERC_3,2017-09-17
NA5120_E1860N0521,EPSG:32616,-84.48955404059728,31.292066475939787,738964.2988275888,3464691.205381583,9525760.0,2670080.0,16RGV,1,projects/neon-prod-earthengine/assets/HSI_REFL/001/2017_JERC_3,2017-09-17
NA5120_E1860N0522,EPSG:32616,-84.48196396104193,31.33748379831168,739571.8966250423,3469743.56602004,9525760.0,2675200.0,16RGV,1,projects/neon-prod-earthengine/assets/HSI_REFL/001/2017_JERC_3,2017-09-17
NA5120_E1861N0519,EPSG:32616,-84.4527542989953,31.19377678925561,742719.7264175967,3453873.1973528373,9530880.0,2659840.0,16RGV,1,projects/neon-prod-earthengine/assets/HSI_REFL/001/2017_JERC_3,2017-09-17
NA5120_E1861N0520,EPSG:32616,-84.44516116361943,31.239191074548014,743327.0286486651,3458925.4443611503,9530880.0,2664960.0,16RGV,1,projects/neon-prod-earthengine/assets/HSI_REFL/001/2017_JERC_3,2017-09-17
NA5120_E1861N0521,EPSG:32616,-84.43755520892354,31.28460388337626,743934.7102556005,3463977.6621068376,9530880.0,2670080.0,16RGV,1,projects/neon-prod-earthengine/assets/HSI_REFL/001/2017_JERC_3,2017-09-17
NA5120_E1861N0522,EPSG:32616,-84.42993640701664,31.33001521279992,744542.770890791,3469029.8506667456,9530880.0,2675200.0,16RGV,1,projects/neon-prod-earthengine/assets/HSI_REFL/001/2017_JERC_3,2017-09-17
NA5120_E1862N0519,EPSG:32616,-84.4008224833355,31.186296963955183,747689.2270452842,3453159.0420432617,9536000.0,2659840.0,16RGV,1,projects/neon-prod-earthengine/assets/HSI_REFL/001/2017_JERC_3,2017-09-17
NA5120_E1862N0520,EPSG:32616,-84.39320074096231,31.23170525186033,748296.9946489134,3458211.1179749803,9536000.0,2664960.0,16RGV,1,projects/neon-prod-earthengine/assets/HSI_REFL/001/2017_JERC_3,2017-09-17
NA5120_E1862N0521,EPSG:32616,-84.38556613382916,31.277112054521602,748905.1406808643,3463263.165097153,9536000.0,2670080.0,16RGV,1,projects/neon-prod-earthengine/assets/HSI_REFL/001/2017_JERC_3,2017-09-17
NA5120_E1862N0522,EPSG:32616,-84.377918633957,31.32251736897855,749513.664793526,3468315.183487121,9536000.0,2675200.0,16RGV,1,projects/neon-prod-earthengine/assets/HSI_REFL/001/2017_JERC_3,2017-09-17
NA5120_E1908N0664,EPSG:32617,-80.55809997991307,37.329513187682664,539148.3106695645,4131518.905582826,9771520.0,3402240.0,17SNB,1,projects/neon-prod-earthengine/assets/HSI_REFL/001/2017_MLBS_2,2017-08-05
NA5120_E1908N0665,EPSG:32617,-80.54664734986183,37.37429719715191,540139.0632271835,4136492.085378991,9771520.0,3407360.0,17SNB,1,projects/neon-prod-earthengine/assets/HSI_REFL/001/2017_MLBS_2,2017-08-05
NA5120_E1908N0666,EPSG:32617,-80.53517404524938,37.419078588048684,541130.4166826316,4141465.1483827857,9771520.0,3412480.0,17SNB,1,projects/neon-prod-earthengine/assets/HSI_REFL/001/2017_MLBS_2,2017-08-05
NA5120_E1909N0664,EPSG:32617,-80.50221342066143,37.31954335169403,544105.2080663452,4130437.4679048224,9776640.0,3402240.0,17SNB,1,projects/neon-prod-earthengine/assets/HSI_REFL/001/2017_MLBS_2,2017-08-05
NA5120_E1909N0665,EPSG:32617,-80.49072646356413,37.36431864044983,545096.2074551338,4135410.2987861945,9776640.0,3407360.0,17SNB,1,projects/neon-prod-earthengine/assets/HSI_REFL/001/2017_MLBS_2,2017-08-05
NA5120_E1909N0666,EPSG:32617,-80.47921877717346,37.40909129660811,546087.8069134478,4140383.013614577,9776640.0,3412480.0,17SNB,1,projects/neon-prod-earthengine/assets/HSI_REFL/001/2017_MLBS_2,2017-08-05
NA5120_E1583N0588,EPSG:32614,-99.20407831145147,35.294300128255664,481444.42566980864,3905699.7168519264,8107520.0,3013120.0,14SME,1,projects/neon-prod-earthengine/assets/HSI_REFL/001/2017_OAES_2,2017-05-01
NA5120_E1583N0589,EPSG:32614,-99.20518011807864,35.34043508046751,481354.8374222427,3910816.3939059675,8107520.0,3018240.0,14SME,1,projects/neon-prod-earthengine/assets/HSI_REFL/001/2017_OAES_2,2017-05-01
NA5120_E1583N0590,EPSG:32614,-99.20628391577094,35.38656965771435,481265.1941987997,3915933.0701786815,8107520.0,3023360.0,14SME,1,projects/neon-prod-earthengine/assets/HSI_REFL/001/2017_OAES_2,2017-05-01
NA5120_E1583N0591,EPSG:32614,-99.20738970938325,35.432703859745125,481175.4960546024,3921049.745671672,8107520.0,3028480.0,14SME,1,projects/neon-prod-earthengine/assets/HSI_REFL/001/2017_OAES_2,2017-05-01
NA5120_E1584N0588,EPSG:32614,-99.14859238303961,35.295282817705726,486489.5845933607,3905799.727854054,8112640.0,3013120.0,14SME,1,projects/neon-prod-earthengine/assets/HSI_REFL/001/2017_OAES_2,2017-05-01
NA5120_E1584N0589,EPSG:32614,-99.14965834509333,35.34141862450361,486400.39076451847,3910916.434408161,8112640.0,3018240.0,14SME,1,projects/neon-prod-earthengine/assets/HSI_REFL/001/2017_OAES_2,2017-05-01
NA5120_E1584N0590,EPSG:32614,-99.15072623350052,35.38755405773771,486311.14088590926,3916033.140110683,8112640.0,3023360.0,14SME,1,projects/neon-prod-earthengine/assets/HSI_REFL/001/2017_OAES_2,2017-05-01
NA5120_E1584N0591,EPSG:32614,-99.15179605295856,35.43368911716061,486221.8350125241,3921149.844963151,8112640.0,3028480.0,14SME,1,projects/neon-prod-earthengine/assets/HSI_REFL/001/2017_OAES_2,2017-05-01
NA5120_E1585N0588,EPSG:32614,-99.09310495641027,35.29623298904202,491534.7501461447,3905898.9551128834,8117760.0,3013120.0,14SME,1,projects/neon-prod-earthengine/assets/HSI_REFL/001/2017_OAES_2,2017-05-01
NA5120_E1585N0589,EPSG:32614,-99.09413506984633,35.342369622175006,491445.95064299594,3911015.693259932,8117760.0,3018240.0,14SME,1,projects/neon-prod-earthengine/assets/HSI_REFL/001/2017_OAES_2,2017-05-01
NA5120_E1585N0590,EPSG:32614,-99.09516704491071,35.38850588309924,491357.0940160986,3916132.4304857138,8117760.0,3023360.0,14SME,1,projects/neon-prod-earthengine/assets/HSI_REFL/001/2017_OAES_2,2017-05-01
NA5120_E1585N0591,EPSG:32614,-99.09620088614314,35.43464177157071,491268.18032031157,3921249.1667916733,8117760.0,3028480.0,14SME,1,projects/neon-prod-earthengine/assets/HSI_REFL/001/2017_OAES_2,2017-05-01
NA5120_E1586N0588,EPSG:32614,-99.03761608189483,35.29715064050322,496579.925383827,3905997.3987511843,8122880.0,3013120.0,14SME,1,projects/neon-prod-earthengine/assets/HSI_REFL/001/2017_OAES_2,2017-05-01
NA5120_E1586N0589,EPSG:32614,-99.03861034280473,35.34328807171604,496491.5201146442,3911114.1705841483,8122880.0,3018240.0,14SME,1,projects/neon-prod-earthengine/assets/HSI_REFL/001/2017_OAES_2,2017-05-01
NA5120_E1586N0590,EPSG:32614,-99.03960640060473,35.38942513202884,496403.05664763093,3916230.941426726,8122880.0,3023360.0,14SME,1,projects/neon-prod-earthengine/assets/HSI_REFL/001/2017_OAES_2,2017-05-01
NA5120_E1586N0591,EPSG:32614,-99.04060425967685,35.43556182120101,496314.5350375184,3921347.711280292,8122880.0,3028480.0,14SME,1,projects/neon-prod-earthengine/assets/HSI_REFL/001/2017_OAES_2,2017-05-01
NA5120_E1967N0713,EPSG:32618,-76.604427354505,38.85036714283653,360773.7575502021,4301394.857520564,10073600.0,3653120.0,18SUJ,1,projects/neon-prod-earthengine/assets/HSI_REFL/001/2017_SERC_3,2017-08-04
NA5120_E1967N0714,EPSG:32618,-76.58979840081254,38.89441484549036,362128.4205379884,4306260.971004153,10073600.0,3658240.0,18SUJ,1,projects/neon-prod-earthengine/assets/HSI_REFL/001/2017_SERC_3,2017-08-04
NA5120_E1967N0715,EPSG:32618,-76.57514286137894,38.9384586310417,363483.8913353175,4311126.832876539,10073600.0,3663360.0,18SUJ,1,projects/neon-prod-earthengine/assets/HSI_REFL/001/2017_SERC_3,2017-08-04
NA5120_E1968N0714,EPSG:32618,-76.53330071961338,38.88207446266876,367005.29138756974,4304807.5963218,10078720.0,3658240.0,18SUJ,1,projects/neon-prod-earthengine/assets/HSI_REFL/001/2017_SERC_3,2017-08-04
NA5120_E1968N0715,EPSG:32618,-76.51861114167377,38.926107326548376,368360.8532672991,4309672.94928626,10078720.0,3663360.0,18SUJ,1,projects/neon-prod-earthengine/assets/HSI_REFL/001/2017_SERC_3,2017-08-04
NA5120_E1360N0532,EPSG:32612,-110.98192716730446,31.73510840195861,501711.96518590656,3511075.2131336257,6965760.0,2726400.0,12SVA,1,projects/neon-prod-earthengine/assets/HSI_REFL/001/2017_SRER_1,2017-08-24
NA5120_E1361N0532,EPSG:32612,-110.92967472019126,31.74282607563307,506661.07319567853,3511932.632537056,6970880.0,2726400.0,12SVA,1,projects/neon-prod-earthengine/assets/HSI_REFL/001/2017_SRER_1,2017-08-24
NA5120_E1361N0533,EPSG:32612,-110.93759431725105,31.788187615835874,505908.06136762694,3516959.975530469,6970880.0,2731520.0,12SVA,1,projects/neon-prod-earthengine/assets/HSI_REFL/001/2017_SRER_1,2017-08-24
NA5120_E1361N0534,EPSG:32612,-110.94552735409772,31.833547591521924,505154.50640777504,3521987.2342470107,6970880.0,2736640.0,12SVA,1,projects/neon-prod-earthengine/assets/HSI_REFL/001/2017_SRER_1,2017-08-24
NA5120_E1361N0535,EPSG:32612,-110.9534738602556,31.87890599954066,504400.4087589402,3527014.4087705817,6970880.0,2741760.0,12SVA,1,projects/neon-prod-earthengine/assets/HSI_REFL/001/2017_SRER_1,2017-08-24
NA5120_E1361N0536,EPSG:32612,-110.96143386534057,31.924262836733515,503645.76886425953,3532041.499185429,6970880.0,2746880.0,12SVA,1,projects/neon-prod-earthengine/assets/HSI_REFL/001/2017_SRER_1,2017-08-24
NA5120_E1362N0532,EPSG:32612,-110.87741205652863,31.75051433493746,511610.3340084088,3512789.1693388447,6976000.0,2726400.0,12SWA,1,projects/neon-prod-earthengine/assets/HSI_REFL/001/2017_SRER_1,2017-08-24
NA5120_E1362N0533,EPSG:32612,-110.88530256095152,31.795882086357963,510857.7214534506,3517816.85284724,6976000.0,2731520.0,12SWA,1,projects/neon-prod-earthengine/assets/HSI_REFL/001/2017_SRER_1,2017-08-24
NA5120_E1362N0534,EPSG:32612,-110.89320645889448,31.84124828243387,510104.56483958464,3522844.4515345558,6976000.0,2736640.0,12SWA,1,projects/neon-prod-earthengine/assets/HSI_REFL/001/2017_SRER_1,2017-08-24
NA5120_E1362N0535,EPSG:32612,-110.90112377979189,31.886612920035653,509350.864609819,3527871.965484011,6976000.0,2741760.0,12SWA,1,projects/neon-prod-earthengine/assets/HSI_REFL/001/2017_SRER_1,2017-08-24
NA5120_E1362N0536,EPSG:32612,-110.9090545531695,31.931975996025816,508596.62120749324,3532899.3947791783,6976000.0,2746880.0,12SWA,1,projects/neon-prod-earthengine/assets/HSI_REFL/001/2017_SRER_1,2017-08-24
NA5120_E1363N0531,EPSG:32612,-110.81729114257173,31.71279768410844,517311.4189657469,3508616.7131716507,6981120.0,2721280.0,12SWA,1,projects/neon-prod-earthengine/assets/HSI_REFL/001/2017_SRER_1,2017-08-24
NA5120_E1363N0532,EPSG:32612,-110.82513921088189,31.7581731676299,516559.7503898245,3513644.8245201884,6981120.0,2726400.0,12SWA,1,projects/neon-prod-earthengine/assets/HSI_REFL/001/2017_SRER_1,2017-08-24
NA5120_E1363N0533,EPSG:32612,-110.8330005971151,31.803547108050758,515807.5363841208,3518672.8504215693,6981120.0,2731520.0,12SWA,1,projects/neon-prod-earthengine/assets/HSI_REFL/001/2017_SRER_1,2017-08-24
NA5120_E1363N0534,EPSG:32612,-110.8408753305248,31.84891950227035,515054.7773915216,3523700.790957985,6981120.0,2736640.0,12SWA,1,projects/neon-prod-earthengine/assets/HSI_REFL/001/2017_SRER_1,2017-08-24
NA5120_E1363N0535,EPSG:32612,-110.84876344045517,31.89429034718008,514301.4738552236,3528728.646211973,6981120.0,2741760.0,12SWA,1,projects/neon-prod-earthengine/assets/HSI_REFL/001/2017_SRER_1,2017-08-24
NA5120_E1364N0531,EPSG:32612,-110.76503724690475,31.72042092032527,522260.59492684423,3509471.1428964864,6986240.0,2721280.0,12SWA,1,projects/neon-prod-earthengine/assets/HSI_REFL/001/2017_SRER_1,2017-08-24
NA5120_E1364N0532,EPSG:32612,-110.77285621788145,31.765802561509144,521509.3251066077,3514499.599059884,6986240.0,2726400.0,12SWA,1,projects/neon-prod-earthengine/assets/HSI_REFL/001/2017_SRER_1,2017-08-24
NA5120_E1364N0533,EPSG:32612,-110.78068846045136,31.811182668685944,520757.5089275147,3519527.9692332386,6986240.0,2731520.0,12SWA,1,projects/neon-prod-earthengine/assets/HSI_REFL/001/2017_SRER_1,2017-08-24
NA5120_E1364N0534,EPSG:32612,-110.78853400377761,31.85656123877582,520005.14683264075,3524556.253498054,6986240.0,2736640.0,12SWA,1,projects/neon-prod-earthengine/assets/HSI_REFL/001/2017_SRER_1,2017-08-24
NA5120_E1364N0535,EPSG:32612,-110.7963928771139,31.90193826869109,519252.2392653765,3529584.451936191,6986240.0,2741760.0,12SWA,1,projects/neon-prod-earthengine/assets/HSI_REFL/001/2017_SRER_1,2017-08-24
NA5120_E1365N0533,EPSG:32612,-110.72836618573514,31.818788756075985,525707.641852458,3520382.210259628,6991360.0,2731520.0,12SWA,1,projects/neon-prod-earthengine/assets/HSI_REFL/001/2017_SRER_1,2017-08-24
NA5120_E1365N0534,EPSG:32612,-110.73618251350733,31.86417347973561,524955.6759329466,3525410.840133125,6991360.0,2736640.0,12SWA,1,projects/neon-prod-earthengine/assets/HSI_REFL/001/2017_SRER_1,2017-08-24
NA5120_E1365N0535,EPSG:32612,-110.74401212470225,31.909556672326804,524203.1636114653,3530439.3836360094,6991360.0,2741760.0,12SWA,1,projects/neon-prod-earthengine/assets/HSI_REFL/001/2017_SRER_1,2017-08-24
NA5120_E1800N0547,EPSG:32616,-87.4712661152494,32.87469607436114,455913.95376263093,3637494.2938445252,9218560.0,2803200.0,16SDB,1,projects/neon-prod-earthengine/assets/HSI_REFL/001/2017_TALL_3,2017-05-10
NA5120_E1800N0548,EPSG:32616,-87.46517450058819,32.920405101528175,456506.1633864122,3642559.0589172374,9218560.0,2808320.0,16SDB,1,projects/neon-prod-earthengine/assets/HSI_REFL/001/2017_TALL_3,2017-05-10
NA5120_E1800N0549,EPSG:32616,-87.45907232301093,32.96611307815068,457098.80149958446,3647623.7693931716,9218560.0,2813440.0,16SDB,1,projects/neon-prod-earthengine/assets/HSI_REFL/001/2017_TALL_3,2017-05-10
NA5120_E1801N0547,EPSG:32616,-87.41794899791302,32.86888502757564,460899.1567650628,3636829.0775220236,9223680.0,2803200.0,16SDB,1,projects/neon-prod-earthengine/assets/HSI_REFL/001/2017_TALL_3,2017-05-10
NA5120_E1801N0548,EPSG:32616,-87.41182602268786,32.91458924156657,461491.7677588154,3641893.5660184575,9223680.0,2808320.0,16SDB,1,projects/neon-prod-earthengine/assets/HSI_REFL/001/2017_TALL_3,2017-05-10
NA5120_E1801N0549,EPSG:32616,-87.40569243208498,32.96029239763426,462084.80625560496,3646958.000356317,9223680.0,2813440.0,16SDB,1,projects/neon-prod-earthengine/assets/HSI_REFL/001/2017_TALL_3,2017-05-10
NA5120_E1802N0547,EPSG:32616,-87.3646400137217,32.863043494619205,465884.2242693227,3636163.0077179186,9228800.0,2803200.0,16SDB,1,projects/neon-prod-earthengine/assets/HSI_REFL/001/2017_TALL_3,2017-05-10
NA5120_E1802N0548,EPSG:32616,-87.35848569886893,32.908742871127835,466477.2372086142,3641227.221599446,9228800.0,2808320.0,16SDB,1,projects/neon-prod-earthengine/assets/HSI_REFL/001/2017_TALL_3,2017-05-10
NA5120_E2273N0334,EPSG:32619,-66.90160728912619,18.048808764136453,722120.5543121351,1996846.1769669144,11640320.0,1712640.0,19QGA,1,projects/neon-prod-earthengine/assets/HSI_REFL/001/2018_GUAN_1,2018-05-10
NA5120_E2274N0332,EPSG:32619,-66.88387758961535,17.947813932208884,724125.6261524901,1985687.6961078092,11645440.0,1702400.0,19QGV,1,projects/neon-prod-earthengine/assets/HSI_REFL/001/2018_GUAN_1,2018-05-10
NA5120_E2274N0333,EPSG:32619,-66.87108568644905,17.990274067794655,725427.0628418749,1990403.4290000403,11645440.0,1707520.0,19QGV,1,projects/neon-prod-earthengine/assets/HSI_REFL/001/2018_GUAN_1,2018-05-10
NA5120_E2274N0334,EPSG:32619,-66.85827552316174,18.032729598024638,726729.6751854377,1995118.8494052247,11645440.0,1712640.0,19QGA,1,projects/neon-prod-earthengine/assets/HSI_REFL/001/2018_GUAN_1,2018-05-10
NA5120_E2275N0332,EPSG:32619,-66.84058312782412,17.931734729710787,728733.5146252031,1983960.5016966169,11650560.0,1702400.0,19QGV,1,projects/neon-prod-earthengine/assets/HSI_REFL/001/2018_GUAN_1,2018-05-10
NA5120_E2275N0333,EPSG:32619,-66.82777856666634,17.97418468541221,730035.4086171989,1988675.5295450343,11650560.0,1707520.0,19QGV,1,projects/neon-prod-earthengine/assets/HSI_REFL/001/2018_GUAN_1,2018-05-10
NA5120_E2275N0334,EPSG:32619,-66.8149557328599,18.016630025707386,731338.477678282,1993390.2455901573,11650560.0,1712640.0,19QGA,1,projects/neon-prod-earthengine/assets/HSI_REFL/001/2018_GUAN_1,2018-05-10
NA5120_E2276N0333,EPSG:32619,-66.78448340263994,17.958074921118225,734643.4367362588,1986946.3508967687,11655680.0,1707520.0,19QGV,1,projects/neon-prod-earthengine/assets/HSI_REFL/001/2018_GUAN_1,2018-05-10
NA5120_E2013N0812,EPSG:32618,-72.28160588311017,42.534584642079665,723244.1358851868,4712714.946587281,10309120.0,4160000.0,18TYN,1,projects/neon-prod-earthengine/assets/HSI_REFL/001/2018_HARV_5,2018-08-28
NA5120_E2013N0813,EPSG:32618,-72.26226847575742,42.577577806801486,724677.8898582503,4717540.524646917,10309120.0,4165120.0,18TYN,1,projects/neon-prod-earthengine/assets/HSI_REFL/001/2018_HARV_5,2018-08-28
NA5120_E2014N0809,EPSG:32618,-72.28073598724785,42.390570832789145,723828.3813045719,4696724.638248988,10314240.0,4144640.0,18TYM,1,projects/neon-prod-earthengine/assets/HSI_REFL/001/2018_HARV_5,2018-08-28
NA5120_E2014N0810,EPSG:32618,-72.26147202832067,42.43356818610988,725260.1085451264,4701550.387121961,10314240.0,4149760.0,18TYN,1,projects/neon-prod-earthengine/assets/HSI_REFL/001/2018_HARV_5,2018-08-28
NA5120_E2014N0811,EPSG:32618,-72.24217178432893,42.47655951365485,726692.5434356346,4706375.965894271,10314240.0,4154880.0,18TYN,1,projects/neon-prod-earthengine/assets/HSI_REFL/001/2018_HARV_5,2018-08-28
NA5120_E2014N0812,EPSG:32618,-72.2228351637432,42.51954480000945,728125.6852333196,4711201.374977781,10314240.0,4160000.0,18TYN,1,projects/neon-prod-earthengine/assets/HSI_REFL/001/2018_HARV_5,2018-08-28
NA5120_E2014N0813,EPSG:32618,-72.20346207473575,42.56252402970656,729559.5331952453,4716026.614785149,10314240.0,4165120.0,18TYN,1,projects/neon-prod-earthengine/assets/HSI_REFL/001/2018_HARV_5,2018-08-28
NA5120_E2015N0809,EPSG:32618,-72.2221012037295,42.375540005885824,728709.6740423213,4695211.713194958,10319360.0,4144640.0,18TYM,1,projects/neon-prod-earthengine/assets/HSI_REFL/001/2018_HARV_5,2018-08-28
NA5120_E2015N0810,EPSG:32618,-72.20280177762291,42.41852347113441,730141.4982606214,4700037.122272774,10319360.0,4149760.0,18TYN,1,projects/neon-prod-earthengine/assets/HSI_REFL/001/2018_HARV_5,2018-08-28
NA5120_E2015N0811,EPSG:32618,-72.18346602144412,42.46150088778802,731574.0295891216,4704862.362274187,10319360.0,4154880.0,18TYN,1,projects/neon-prod-earthengine/assets/HSI_REFL/001/2018_HARV_5,2018-08-28
NA5120_E2015N0812,EPSG:32618,-72.16409384363574,42.50447224037963,733007.2672856918,4709687.433611651,10319360.0,4160000.0,18TYN,1,projects/neon-prod-earthengine/assets/HSI_REFL/001/2018_HARV_5,2018-08-28
NA5120_E2015N0813,EPSG:32618,-72.14468515234222,42.547437513389426,734441.210608064,4714512.3366984045,10319360.0,4165120.0,18TYN,1,projects/neon-prod-earthengine/assets/HSI_REFL/001/2018_HARV_5,2018-08-28
NA5120_E2016N0810,EPSG:32618,-72.14416080254163,42.40344611382162,735022.9205047544,4698523.48282171,10324480.0,4149760.0,18TYN,1,projects/neon-prod-earthengine/assets/HSI_REFL/001/2018_HARV_5,2018-08-28
NA5120_E2016N0811,EPSG:32618,-72.12478961306003,42.44640959802109,736455.5496415723,4703348.385583875,10324480.0,4154880.0,18TYN,1,projects/neon-prod-earthengine/assets/HSI_REFL/001/2018_HARV_5,2018-08-28
NA5120_E2016N0812,EPSG:32618,-72.10538195716808,42.489366995275816,737888.8846081116,4708173.120706622,10324480.0,4160000.0,18TYN,1,projects/neon-prod-earthengine/assets/HSI_REFL/001/2018_HARV_5,2018-08-28
NA5120_E1859N0518,EPSG:32616,-84.56417016863521,31.163221180903186,732174.7837402285,3450246.011093938,9520640.0,2654720.0,16RGV,1,projects/neon-prod-earthengine/assets/HSI_REFL/001/2018_JERC_4,2018-09-16
NA5120_E1859N0519,EPSG:32616,-84.55664702049577,31.208648851157026,732780.7755203196,3455298.6362213045,9520640.0,2659840.0,16RGV,1,projects/neon-prod-earthengine/assets/HSI_REFL/001/2018_JERC_4,2018-09-16
NA5120_E1859N0520,EPSG:32616,-84.54911117176145,31.25407506531401,733387.1489204849,3460351.2311058845,9520640.0,2664960.0,16RGV,1,projects/neon-prod-earthengine/assets/HSI_REFL/001/2018_JERC_4,2018-09-16
NA5120_E1859N0521,EPSG:32616,-84.54156259480355,31.299499820480666,733993.9035933707,3465403.7958233356,9520640.0,2670080.0,16RGV,1,projects/neon-prod-earthengine/assets/HSI_REFL/001/2018_JERC_4,2018-09-16
NA5120_E1859N0522,EPSG:32616,-84.53400126190802,31.34492311375641,734601.0391913549,3470456.3304495052,9520640.0,2675200.0,16RGV,1,projects/neon-prod-earthengine/assets/HSI_REFL/001/2018_JERC_4,2018-09-16
NA5120_E1860N0518,EPSG:32616,-84.51224758072561,31.155805696698273,737143.7866837252,3449533.94532818,9525760.0,2654720.0,16RGV,1,projects/neon-prod-earthengine/assets/HSI_REFL/001/2018_JERC_4,2018-09-16
NA5120_E1860N0519,EPSG:32616,-84.50469582267925,31.201227422216203,737750.243509446,3454586.3951119063,9525760.0,2659840.0,16RGV,1,projects/neon-prod-earthengine/assets/HSI_REFL/001/2018_JERC_4,2018-09-16
NA5120_E1860N0520,EPSG:32616,-84.49713131854219,31.246647682934473,738357.0810065159,3459638.8151043216,9525760.0,2664960.0,16RGV,1,projects/neon-prod-earthengine/assets/HSI_REFL/001/2018_JERC_4,2018-09-16
NA5120_E1860N0521,EPSG:32616,-84.48955404059728,31.292066475939787,738964.2988275888,3464691.205381583,9525760.0,2670080.0,16RGV,1,projects/neon-prod-earthengine/assets/HSI_REFL/001/2018_JERC_4,2018-09-16
NA5120_E1860N0522,EPSG:32616,-84.48196396104193,31.33748379831168,739571.8966250423,3469743.56602004,9525760.0,2675200.0,16RGV,1,projects/neon-prod-earthengine/assets/HSI_REFL/001/2018_JERC_4,2018-09-16
NA5120_E1861N0518,EPSG:32616,-84.46033464285645,31.14836103043222,742112.8039097404,3448820.9210052374,9530880.0,2654720.0,16RGV,1,projects/neon-prod-earthengine/assets/HSI_REFL/001/2018_JERC_4,2018-09-16
NA5120_E1861N0519,EPSG:32616,-84.4527542989953,31.19377678925561,742719.7264175967,3453873.1973528373,9530880.0,2659840.0,16RGV,1,projects/neon-prod-earthengine/assets/HSI_REFL/001/2018_JERC_4,2018-09-16
NA5120_E1861N0520,EPSG:32616,-84.44516116361943,31.239191074548014,743327.0286486651,3458925.4443611503,9530880.0,2664960.0,16RGV,1,projects/neon-prod-earthengine/assets/HSI_REFL/001/2018_JERC_4,2018-09-16
NA5120_E1861N0521,EPSG:32616,-84.43755520892354,31.28460388337626,743934.7102556005,3463977.6621068376,9530880.0,2670080.0,16RGV,1,projects/neon-prod-earthengine/assets/HSI_REFL/001/2018_JERC_4,2018-09-16
NA5120_E1861N0522,EPSG:32616,-84.42993640701664,31.33001521279992,744542.770890791,3469029.8506667456,9530880.0,2675200.0,16RGV,1,projects/neon-prod-earthengine/assets/HSI_REFL/001/2018_JERC_4,2018-09-16
NA5120_E1862N0518,EPSG:32616,-84.40843138884186,31.140887193759276,747081.8382173231,3448106.9372248375,9536000.0,2654720.0,16RGV,1,projects/neon-prod-earthengine/assets/HSI_REFL/001/2018_JERC_4,2018-09-16
NA5120_E1862N0519,EPSG:32616,-84.4008224833355,31.186296963955183,747689.2270452842,3453159.0420432617,9536000.0,2659840.0,16RGV,1,projects/neon-prod-earthengine/assets/HSI_REFL/001/2018_JERC_4,2018-09-16
NA5120_E1862N0520,EPSG:32616,-84.39320074096231,31.23170525186033,748296.9946489134,3458211.1179749803,9536000.0,2664960.0,16RGV,1,projects/neon-prod-earthengine/assets/HSI_REFL/001/2018_JERC_4,2018-09-16
NA5120_E1862N0521,EPSG:32616,-84.38556613382916,31.277112054521602,748905.1406808643,3463263.165097153,9536000.0,2670080.0,16RGV,1,projects/neon-prod-earthengine/assets/HSI_REFL/001/2018_JERC_4,2018-09-16
NA5120_E1862N0522,EPSG:32616,-84.377918633957,31.32251736897855,749513.664793526,3468315.183487121,9536000.0,2675200.0,16RGV,1,projects/neon-prod-earthengine/assets/HSI_REFL/001/2018_JERC_4,2018-09-16
NA5120_E1235N0845,EPSG:32610,-122.13423299517589,44.26202548406616,569105.9636116428,4901340.521952516,6325760.0,4328960.0,10TEQ,1,projects/neon-prod-earthengine/assets/HSI_REFL/001/2018_MCRA_1,2018-07-16
NA5120_E1907N0664,EPSG:32617,-80.61400278444268,37.33945114790691,534191.3060175967,4132599.727179688,9766400.0,3402240.0,17SNB,1,projects/neon-prod-earthengine/assets/HSI_REFL/001/2018_MLBS_3,2018-06-15
NA5120_E1907N0665,EPSG:32617,-80.60258452453157,37.384243853388234,535181.8127195596,4137573.257709682,9766400.0,3407360.0,17SNB,1,projects/neon-prod-earthengine/assets/HSI_REFL/001/2018_MLBS_3,2018-06-15
NA5120_E1907N0666,EPSG:32617,-80.5911456449312,37.42903395429104,536172.9211485102,4142546.6707079466,9766400.0,3412480.0,17SNB,1,projects/neon-prod-earthengine/assets/HSI_REFL/001/2018_MLBS_3,2018-06-15
NA5120_E1908N0664,EPSG:32617,-80.55809997991307,37.329513187682664,539148.3106695645,4131518.905582826,9771520.0,3402240.0,17SNB,1,projects/neon-prod-earthengine/assets/HSI_REFL/001/2018_MLBS_3,2018-06-15
NA5120_E1908N0665,EPSG:32617,-80.54664734986183,37.37429719715191,540139.0632271835,4136492.085378991,9771520.0,3407360.0,17SNB,1,projects/neon-prod-earthengine/assets/HSI_REFL/001/2018_MLBS_3,2018-06-15
NA5120_E1908N0666,EPSG:32617,-80.53517404524938,37.419078588048684,541130.4166826316,4141465.1483827857,9771520.0,3412480.0,17SNB,1,projects/neon-prod-earthengine/assets/HSI_REFL/001/2018_MLBS_3,2018-06-15
NA5120_E1909N0664,EPSG:32617,-80.50221342066143,37.31954335169403,544105.2080663452,4130437.4679048224,9776640.0,3402240.0,17SNB,1,projects/neon-prod-earthengine/assets/HSI_REFL/001/2018_MLBS_3,2018-06-15
NA5120_E1909N0665,EPSG:32617,-80.49072646356413,37.36431864044983,545096.2074551338,4135410.2987861945,9776640.0,3407360.0,17SNB,1,projects/neon-prod-earthengine/assets/HSI_REFL/001/2018_MLBS_3,2018-06-15
NA5120_E1909N0666,EPSG:32617,-80.47921877717346,37.40909129660811,546087.8069134478,4140383.013614577,9776640.0,3412480.0,17SNB,1,projects/neon-prod-earthengine/assets/HSI_REFL/001/2018_MLBS_3,2018-06-15
NA5120_E1909N0667,EPSG:32617,-80.46769031131599,37.45386131420099,547080.0058690065,4145355.6125659845,9776640.0,3417600.0,17SNB,1,projects/neon-prod-earthengine/assets/HSI_REFL/001/2018_MLBS_3,2018-06-15
NA5120_E1584N0588,EPSG:32614,-99.14859238303961,35.295282817705726,486489.5845933607,3905799.727854054,8112640.0,3013120.0,14SME,1,projects/neon-prod-earthengine/assets/HSI_REFL/001/2018_OAES_3,2018-04-18
NA5120_E1584N0589,EPSG:32614,-99.14965834509333,35.34141862450361,486400.39076451847,3910916.434408161,8112640.0,3018240.0,14SME,1,projects/neon-prod-earthengine/assets/HSI_REFL/001/2018_OAES_3,2018-04-18
NA5120_E1584N0590,EPSG:32614,-99.15072623350052,35.38755405773771,486311.14088590926,3916033.140110683,8112640.0,3023360.0,14SME,1,projects/neon-prod-earthengine/assets/HSI_REFL/001/2018_OAES_3,2018-04-18
NA5120_E1584N0591,EPSG:32614,-99.15179605295856,35.43368911716061,486221.8350125241,3921149.844963151,8112640.0,3028480.0,14SME,1,projects/neon-prod-earthengine/assets/HSI_REFL/001/2018_OAES_3,2018-04-18
NA5120_E1585N0588,EPSG:32614,-99.09310495641027,35.29623298904202,491534.7501461447,3905898.9551128834,8117760.0,3013120.0,14SME,1,projects/neon-prod-earthengine/assets/HSI_REFL/001/2018_OAES_3,2018-04-18
NA5120_E1585N0589,EPSG:32614,-99.09413506984633,35.342369622175006,491445.95064299594,3911015.693259932,8117760.0,3018240.0,14SME,1,projects/neon-prod-earthengine/assets/HSI_REFL/001/2018_OAES_3,2018-04-18
NA5120_E1585N0590,EPSG:32614,-99.09516704491071,35.38850588309924,491357.0940160986,3916132.4304857138,8117760.0,3023360.0,14SME,1,projects/neon-prod-earthengine/assets/HSI_REFL/001/2018_OAES_3,2018-04-18
NA5120_E1585N0591,EPSG:32614,-99.09620088614314,35.43464177157071,491268.18032031157,3921249.1667916733,8117760.0,3028480.0,14SME,1,projects/neon-prod-earthengine/assets/HSI_REFL/001/2018_OAES_3,2018-04-18
NA5120_E1586N0588,EPSG:32614,-99.03761608189483,35.29715064050322,496579.925383827,3905997.3987511843,8122880.0,3013120.0,14SME,1,projects/neon-prod-earthengine/assets/HSI_REFL/001/2018_OAES_3,2018-04-18
NA5120_E1586N0589,EPSG:32614,-99.03861034280473,35.34328807171604,496491.5201146442,3911114.1705841483,8122880.0,3018240.0,14SME,1,projects/neon-prod-earthengine/assets/HSI_REFL/001/2018_OAES_3,2018-04-18
NA5120_E1586N0590,EPSG:32614,-99.03960640060473,35.38942513202884,496403.05664763093,3916230.941426726,8122880.0,3023360.0,14SME,1,projects/neon-prod-earthengine/assets/HSI_REFL/001/2018_OAES_3,2018-04-18
NA5120_E1586N0591,EPSG:32614,-99.04060425967685,35.43556182120101,496314.5350375184,3921347.711280292,8122880.0,3028480.0,14SME,1,projects/neon-prod-earthengine/assets/HSI_REFL/001/2018_OAES_3,2018-04-18
NA5120_E1360N0532,EPSG:32612,-110.98192716730446,31.73510840195861,501711.96518590656,3511075.2131336257,6965760.0,2726400.0,12SVA,1,projects/neon-prod-earthengine/assets/HSI_REFL/001/2018_SRER_2,2018-08-24
NA5120_E1360N0533,EPSG:32612,-110.98987583136949,31.780463708753622,500958.5533597454,3516102.2174890875,6965760.0,2731520.0,12SVA,1,projects/neon-prod-earthengine/assets/HSI_REFL/001/2018_SRER_2,2018-08-24
NA5120_E1360N0534,EPSG:32612,-110.9978379814113,31.825817441830925,500204.59932800214,3521129.1381122144,6965760.0,2736640.0,12SVA,1,projects/neon-prod-earthengine/assets/HSI_REFL/001/2018_SRER_2,2018-08-24
NA5120_E1360N0535,EPSG:32612,-111.00581364704378,31.871169598018884,499450.10353330325,3526155.975087577,6965760.0,2741760.0,12SVA,1,projects/neon-prod-earthengine/assets/HSI_REFL/001/2018_SRER_2,2018-08-24
NA5120_E1361N0532,EPSG:32612,-110.92967472019126,31.74282607563307,506661.07319567853,3511932.632537056,6970880.0,2726400.0,12SVA,1,projects/neon-prod-earthengine/assets/HSI_REFL/001/2018_SRER_2,2018-08-24
NA5120_E1361N0533,EPSG:32612,-110.93759431725105,31.788187615835874,505908.06136762694,3516959.975530469,6970880.0,2731520.0,12SVA,1,projects/neon-prod-earthengine/assets/HSI_REFL/001/2018_SRER_2,2018-08-24
NA5120_E1361N0534,EPSG:32612,-110.94552735409772,31.833547591521924,505154.50640777504,3521987.2342470107,6970880.0,2736640.0,12SVA,1,projects/neon-prod-earthengine/assets/HSI_REFL/001/2018_SRER_2,2018-08-24
NA5120_E1361N0535,EPSG:32612,-110.9534738602556,31.87890599954066,504400.4087589402,3527014.4087705817,6970880.0,2741760.0,12SVA,1,projects/neon-prod-earthengine/assets/HSI_REFL/001/2018_SRER_2,2018-08-24
NA5120_E1361N0536,EPSG:32612,-110.96143386534057,31.924262836733515,503645.76886425953,3532041.499185429,6970880.0,2746880.0,12SVA,1,projects/neon-prod-earthengine/assets/HSI_REFL/001/2018_SRER_2,2018-08-24
NA5120_E1362N0532,EPSG:32612,-110.87741205652863,31.75051433493746,511610.3340084088,3512789.1693388447,6976000.0,2726400.0,12SWA,1,projects/neon-prod-earthengine/assets/HSI_REFL/001/2018_SRER_2,2018-08-24
NA5120_E1362N0533,EPSG:32612,-110.88530256095152,31.795882086357963,510857.7214534506,3517816.85284724,6976000.0,2731520.0,12SWA,1,projects/neon-prod-earthengine/assets/HSI_REFL/001/2018_SRER_2,2018-08-24
NA5120_E1362N0534,EPSG:32612,-110.89320645889448,31.84124828243387,510104.56483958464,3522844.4515345558,6976000.0,2736640.0,12SWA,1,projects/neon-prod-earthengine/assets/HSI_REFL/001/2018_SRER_2,2018-08-24
NA5120_E1362N0535,EPSG:32612,-110.90112377979189,31.886612920035653,509350.864609819,3527871.965484011,6976000.0,2741760.0,12SWA,1,projects/neon-prod-earthengine/assets/HSI_REFL/001/2018_SRER_2,2018-08-24
NA5120_E1362N0536,EPSG:32612,-110.9090545531695,31.931975996025816,508596.62120749324,3532899.3947791783,6976000.0,2746880.0,12SWA,1,projects/neon-prod-earthengine/assets/HSI_REFL/001/2018_SRER_2,2018-08-24
NA5120_E1363N0531,EPSG:32612,-110.81729114257173,31.71279768410844,517311.4189657469,3508616.7131716507,6981120.0,2721280.0,12SWA,1,projects/neon-prod-earthengine/assets/HSI_REFL/001/2018_SRER_2,2018-08-24
NA5120_E1363N0532,EPSG:32612,-110.82513921088189,31.7581731676299,516559.7503898245,3513644.8245201884,6981120.0,2726400.0,12SWA,1,projects/neon-prod-earthengine/assets/HSI_REFL/001/2018_SRER_2,2018-08-24
NA5120_E1363N0533,EPSG:32612,-110.8330005971151,31.803547108050758,515807.5363841208,3518672.8504215693,6981120.0,2731520.0,12SWA,1,projects/neon-prod-earthengine/assets/HSI_REFL/001/2018_SRER_2,2018-08-24
NA5120_E1363N0534,EPSG:32612,-110.8408753305248,31.84891950227035,515054.7773915216,3523700.790957985,6981120.0,2736640.0,12SWA,1,projects/neon-prod-earthengine/assets/HSI_REFL/001/2018_SRER_2,2018-08-24
NA5120_E1363N0535,EPSG:32612,-110.84876344045517,31.89429034718008,514301.4738552236,3528728.646211973,6981120.0,2741760.0,12SWA,1,projects/neon-prod-earthengine/assets/HSI_REFL/001/2018_SRER_2,2018-08-24
NA5120_E1363N0536,EPSG:32612,-110.85666495634149,31.939659639663486,513547.6262187519,3533756.416266426,6981120.0,2746880.0,12SWA,1,projects/neon-prod-earthengine/assets/HSI_REFL/001/2018_SRER_2,2018-08-24
NA5120_E1364N0531,EPSG:32612,-110.76503724690475,31.72042092032527,522260.59492684423,3509471.1428964864,6986240.0,2721280.0,12SWA,1,projects/neon-prod-earthengine/assets/HSI_REFL/001/2018_SRER_2,2018-08-24
NA5120_E1364N0532,EPSG:32612,-110.77285621788145,31.765802561509144,521509.3251066077,3514499.599059884,6986240.0,2726400.0,12SWA,1,projects/neon-prod-earthengine/assets/HSI_REFL/001/2018_SRER_2,2018-08-24
NA5120_E1364N0533,EPSG:32612,-110.78068846045136,31.811182668685944,520757.5089275147,3519527.9692332386,6986240.0,2731520.0,12SWA,1,projects/neon-prod-earthengine/assets/HSI_REFL/001/2018_SRER_2,2018-08-24
NA5120_E1364N0534,EPSG:32612,-110.78853400377761,31.85656123877582,520005.14683264075,3524556.253498054,6986240.0,2736640.0,12SWA,1,projects/neon-prod-earthengine/assets/HSI_REFL/001/2018_SRER_2,2018-08-24
NA5120_E1364N0535,EPSG:32612,-110.7963928771139,31.90193826869109,519252.2392653765,3529584.451936191,6986240.0,2741760.0,12SWA,1,projects/neon-prod-earthengine/assets/HSI_REFL/001/2018_SRER_2,2018-08-24
NA5120_E1365N0533,EPSG:32612,-110.72836618573514,31.818788756075985,525707.641852458,3520382.210259628,6991360.0,2731520.0,12SWA,1,projects/neon-prod-earthengine/assets/HSI_REFL/001/2018_SRER_2,2018-08-24
NA5120_E1365N0534,EPSG:32612,-110.73618251350733,31.86417347973561,524955.6759329466,3525410.840133125,6991360.0,2736640.0,12SWA,1,projects/neon-prod-earthengine/assets/HSI_REFL/001/2018_SRER_2,2018-08-24
NA5120_E1365N0535,EPSG:32612,-110.74401212470225,31.909556672326804,524203.1636114653,3530439.3836360094,6991360.0,2741760.0,12SWA,1,projects/neon-prod-earthengine/assets/HSI_REFL/001/2018_SRER_2,2018-08-24
NA5120_E1800N0547,EPSG:32616,-87.4712661152494,32.87469607436114,455913.95376263093,3637494.2938445252,9218560.0,2803200.0,16SDB,1,projects/neon-prod-earthengine/assets/HSI_REFL/001/2018_TALL_4,2018-04-27
NA5120_E1800N0548,EPSG:32616,-87.46517450058819,32.920405101528175,456506.1633864122,3642559.0589172374,9218560.0,2808320.0,16SDB,1,projects/neon-prod-earthengine/assets/HSI_REFL/001/2018_TALL_4,2018-04-27
NA5120_E1800N0549,EPSG:32616,-87.45907232301093,32.96611307815068,457098.80149958446,3647623.7693931716,9218560.0,2813440.0,16SDB,1,projects/neon-prod-earthengine/assets/HSI_REFL/001/2018_TALL_4,2018-04-27
NA5120_E1801N0547,EPSG:32616,-87.41794899791302,32.86888502757564,460899.1567650628,3636829.0775220236,9223680.0,2803200.0,16SDB,1,projects/neon-prod-earthengine/assets/HSI_REFL/001/2018_TALL_4,2018-04-27
NA5120_E1801N0548,EPSG:32616,-87.41182602268786,32.91458924156657,461491.7677588154,3641893.5660184575,9223680.0,2808320.0,16SDB,1,projects/neon-prod-earthengine/assets/HSI_REFL/001/2018_TALL_4,2018-04-27
NA5120_E1801N0549,EPSG:32616,-87.40569243208498,32.96029239763426,462084.80625560496,3646958.000356317,9223680.0,2813440.0,16SDB,1,projects/neon-prod-earthengine/assets/HSI_REFL/001/2018_TALL_4,2018-04-27
NA5120_E1802N0547,EPSG:32616,-87.3646400137217,32.863043494619205,465884.2242693227,3636163.0077179186,9228800.0,2803200.0,16SDB,1,projects/neon-prod-earthengine/assets/HSI_REFL/001/2018_TALL_4,2018-04-27
NA5120_E1802N0548,EPSG:32616,-87.35848569886893,32.908742871127835,466477.2372086142,3641227.221599446,9228800.0,2808320.0,16SDB,1,projects/neon-prod-earthengine/assets/HSI_REFL/001/2018_TALL_4,2018-04-27
NA5120_E1611N0545,EPSG:32614,-97.646057016779,33.32481560589625,626018.9207577497,3688115.077732719,8250880.0,2792960.0,14SPB,1,projects/neon-prod-earthengine/assets/HSI_REFL/001/2019_CLBJ_4,2019-04-19
NA5120_E1611N0546,EPSG:32614,-97.64614693030559,33.37097878824861,625944.0521368855,3693233.4801036874,8250880.0,2798080.0,14SPB,1,projects/neon-prod-earthengine/assets/HSI_REFL/001/2019_CLBJ_4,2019-04-19
NA5120_E1611N0547,EPSG:32614,-97.64623700223066,33.41714162662081,625869.0962642301,3698351.87999616,8250880.0,2803200.0,14SPC,1,projects/neon-prod-earthengine/assets/HSI_REFL/001/2019_CLBJ_4,2019-04-19
NA5120_E1612N0545,EPSG:32614,-97.59203291685546,33.32488472993673,631047.5340420781,3688189.3423776766,8256000.0,2792960.0,14SPB,1,projects/neon-prod-earthengine/assets/HSI_REFL/001/2019_CLBJ_4,2019-04-19
NA5120_E1612N0546,EPSG:32614,-97.59208957295374,33.37104797051992,630973.1039415916,3693307.8351263576,8256000.0,2798080.0,14SPB,1,projects/neon-prod-earthengine/assets/HSI_REFL/001/2019_CLBJ_4,2019-04-19
NA5120_E1612N0547,EPSG:32614,-97.59214632886192,33.41721086721488,630898.5855174839,3698426.325347452,8256000.0,2803200.0,14SPC,1,projects/neon-prod-earthengine/assets/HSI_REFL/001/2019_CLBJ_4,2019-04-19
NA5120_E1613N0545,EPSG:32614,-97.53800874020915,33.32492248461716,636076.2418349041,3688262.736199169,8261120.0,2792960.0,14SPB,1,projects/neon-prod-earthengine/assets/HSI_REFL/001/2019_CLBJ_4,2019-04-19
NA5120_E1613N0546,EPSG:32614,-97.53803213867734,33.37108575700538,636002.2502062479,3693381.3213974806,8261120.0,2798080.0,14SPB,1,projects/neon-prod-earthengine/assets/HSI_REFL/001/2019_CLBJ_4,2019-04-19
NA5120_E1613N0547,EPSG:32614,-97.5380555783662,33.41724868555554,635928.1691819441,3698499.9040197395,8261120.0,2803200.0,14SPC,1,projects/neon-prod-earthengine/assets/HSI_REFL/001/2019_CLBJ_4,2019-04-19
NA5120_E2013N0812,EPSG:32618,-72.28160588311017,42.534584642079665,723244.1358851868,4712714.946587281,10309120.0,4160000.0,18TYN,1,projects/neon-prod-earthengine/assets/HSI_REFL/001/2019_HARV_6,2019-08-11
NA5120_E2013N0813,EPSG:32618,-72.26226847575742,42.577577806801486,724677.8898582503,4717540.524646917,10309120.0,4165120.0,18TYN,1,projects/neon-prod-earthengine/assets/HSI_REFL/001/2019_HARV_6,2019-08-11
NA5120_E2014N0809,EPSG:32618,-72.28073598724785,42.390570832789145,723828.3813045719,4696724.638248988,10314240.0,4144640.0,18TYM,1,projects/neon-prod-earthengine/assets/HSI_REFL/001/2019_HARV_6,2019-08-11
NA5120_E2014N0810,EPSG:32618,-72.26147202832067,42.43356818610988,725260.1085451264,4701550.387121961,10314240.0,4149760.0,18TYN,1,projects/neon-prod-earthengine/assets/HSI_REFL/001/2019_HARV_6,2019-08-11
NA5120_E2014N0811,EPSG:32618,-72.24217178432893,42.47655951365485,726692.5434356346,4706375.965894271,10314240.0,4154880.0,18TYN,1,projects/neon-prod-earthengine/assets/HSI_REFL/001/2019_HARV_6,2019-08-11
NA5120_E2014N0812,EPSG:32618,-72.2228351637432,42.51954480000945,728125.6852333196,4711201.374977781,10314240.0,4160000.0,18TYN,1,projects/neon-prod-earthengine/assets/HSI_REFL/001/2019_HARV_6,2019-08-11
NA5120_E2014N0813,EPSG:32618,-72.20346207473575,42.56252402970656,729559.5331952453,4716026.614785149,10314240.0,4165120.0,18TYN,1,projects/neon-prod-earthengine/assets/HSI_REFL/001/2019_HARV_6,2019-08-11
NA5120_E2015N0809,EPSG:32618,-72.2221012037295,42.375540005885824,728709.6740423213,4695211.713194958,10319360.0,4144640.0,18TYM,1,projects/neon-prod-earthengine/assets/HSI_REFL/001/2019_HARV_6,2019-08-11
NA5120_E2015N0810,EPSG:32618,-72.20280177762291,42.41852347113441,730141.4982606214,4700037.122272774,10319360.0,4149760.0,18TYN,1,projects/neon-prod-earthengine/assets/HSI_REFL/001/2019_HARV_6,2019-08-11
NA5120_E2015N0811,EPSG:32618,-72.18346602144412,42.46150088778802,731574.0295891216,4704862.362274187,10319360.0,4154880.0,18TYN,1,projects/neon-prod-earthengine/assets/HSI_REFL/001/2019_HARV_6,2019-08-11
NA5120_E2015N0812,EPSG:32618,-72.16409384363574,42.50447224037963,733007.2672856918,4709687.433611651,10319360.0,4160000.0,18TYN,1,projects/neon-prod-earthengine/assets/HSI_REFL/001/2019_HARV_6,2019-08-11
NA5120_E2015N0813,EPSG:32618,-72.14468515234222,42.547437513389426,734441.210608064,4714512.3366984045,10319360.0,4165120.0,18TYN,1,projects/neon-prod-earthengine/assets/HSI_REFL/001/2019_HARV_6,2019-08-11
NA5120_E2016N0810,EPSG:32618,-72.14416080254163,42.40344611382162,735022.9205047544,4698523.48282171,10324480.0,4149760.0,18TYN,1,projects/neon-prod-earthengine/assets/HSI_REFL/001/2019_HARV_6,2019-08-11
NA5120_E2016N0811,EPSG:32618,-72.12478961306003,42.44640959802109,736455.5496415723,4703348.385583875,10324480.0,4154880.0,18TYN,1,projects/neon-prod-earthengine/assets/HSI_REFL/001/2019_HARV_6,2019-08-11
NA5120_E2016N0812,EPSG:32618,-72.10538195716808,42.489366995275816,737888.8846081116,4708173.120706622,10324480.0,4160000.0,18TYN,1,projects/neon-prod-earthengine/assets/HSI_REFL/001/2019_HARV_6,2019-08-11
NA5120_E1162N1390,EPSG:32606,-149.29884528579254,63.84089163542019,386938.10313377663,7081320.694579154,5952000.0,7119360.0,05VPL,1,projects/neon-prod-earthengine/assets/HSI_REFL/001/2019_HEAL_3,2019-06-26
NA5120_E1163N1389,EPSG:32606,-149.1517058577438,63.84078990188783,394172.1868049224,7081057.040619653,5957120.0,7114240.0,05VPL,1,projects/neon-prod-earthengine/assets/HSI_REFL/001/2019_HEAL_3,2019-06-26
NA5120_E1163N1390,EPSG:32606,-149.2250908889932,63.87197552606756,390685.11775810155,7084654.227494199,5957120.0,7119360.0,05VPL,1,projects/neon-prod-earthengine/assets/HSI_REFL/001/2019_HEAL_3,2019-06-26
NA5120_E1163N1391,EPSG:32606,-149.29865218107125,63.90311762628541,387197.3628169739,7088250.826622903,5957120.0,7124480.0,05VPL,1,projects/neon-prod-earthengine/assets/HSI_REFL/001/2019_HEAL_3,2019-06-26
NA5120_E1164N1389,EPSG:32606,-149.0777892905076,63.871804527057776,397919.16001855955,7084391.166532832,5962240.0,7114240.0,05VPL,1,projects/neon-prod-earthengine/assets/HSI_REFL/001/2019_HEAL_3,2019-06-26
NA5120_E1164N1390,EPSG:32606,-149.15118662590893,63.903027594880264,394431.5017316815,7087988.381597155,5962240.0,7119360.0,05VPL,1,projects/neon-prod-earthengine/assets/HSI_REFL/001/2019_HEAL_3,2019-06-26
NA5120_E1164N1391,EPSG:32606,-149.22476067050223,63.9342071763335,390943.1589911946,7091585.007940593,5962240.0,7124480.0,05VPL,1,projects/neon-prod-earthengine/assets/HSI_REFL/001/2019_HEAL_3,2019-06-26
NA5120_E1859N0518,EPSG:32616,-84.56417016863521,31.163221180903186,732174.7837402285,3450246.011093938,9520640.0,2654720.0,16RGV,1,projects/neon-prod-earthengine/assets/HSI_REFL/001/2019_JERC_5,2019-08-30
NA5120_E1859N0519,EPSG:32616,-84.55664702049577,31.208648851157026,732780.7755203196,3455298.6362213045,9520640.0,2659840.0,16RGV,1,projects/neon-prod-earthengine/assets/HSI_REFL/001/2019_JERC_5,2019-08-30
NA5120_E1859N0520,EPSG:32616,-84.54911117176145,31.25407506531401,733387.1489204849,3460351.2311058845,9520640.0,2664960.0,16RGV,1,projects/neon-prod-earthengine/assets/HSI_REFL/001/2019_JERC_5,2019-08-30
NA5120_E1859N0521,EPSG:32616,-84.54156259480355,31.299499820480666,733993.9035933707,3465403.7958233356,9520640.0,2670080.0,16RGV,1,projects/neon-prod-earthengine/assets/HSI_REFL/001/2019_JERC_5,2019-08-30
NA5120_E1859N0522,EPSG:32616,-84.53400126190802,31.34492311375641,734601.0391913549,3470456.3304495052,9520640.0,2675200.0,16RGV,1,projects/neon-prod-earthengine/assets/HSI_REFL/001/2019_JERC_5,2019-08-30
NA5120_E1860N0518,EPSG:32616,-84.51224758072561,31.155805696698273,737143.7866837252,3449533.94532818,9525760.0,2654720.0,16RGV,1,projects/neon-prod-earthengine/assets/HSI_REFL/001/2019_JERC_5,2019-08-30
NA5120_E1860N0519,EPSG:32616,-84.50469582267925,31.201227422216203,737750.243509446,3454586.3951119063,9525760.0,2659840.0,16RGV,1,projects/neon-prod-earthengine/assets/HSI_REFL/001/2019_JERC_5,2019-08-30
NA5120_E1860N0520,EPSG:32616,-84.49713131854219,31.246647682934473,738357.0810065159,3459638.8151043216,9525760.0,2664960.0,16RGV,1,projects/neon-prod-earthengine/assets/HSI_REFL/001/2019_JERC_5,2019-08-30
NA5120_E1860N0521,EPSG:32616,-84.48955404059728,31.292066475939787,738964.2988275888,3464691.205381583,9525760.0,2670080.0,16RGV,1,projects/neon-prod-earthengine/assets/HSI_REFL/001/2019_JERC_5,2019-08-30
NA5120_E1860N0522,EPSG:32616,-84.48196396104193,31.33748379831168,739571.8966250423,3469743.56602004,9525760.0,2675200.0,16RGV,1,projects/neon-prod-earthengine/assets/HSI_REFL/001/2019_JERC_5,2019-08-30
NA5120_E1861N0518,EPSG:32616,-84.46033464285645,31.14836103043222,742112.8039097404,3448820.9210052374,9530880.0,2654720.0,16RGV,1,projects/neon-prod-earthengine/assets/HSI_REFL/001/2019_JERC_5,2019-08-30
NA5120_E1861N0519,EPSG:32616,-84.4527542989953,31.19377678925561,742719.7264175967,3453873.1973528373,9530880.0,2659840.0,16RGV,1,projects/neon-prod-earthengine/assets/HSI_REFL/001/2019_JERC_5,2019-08-30
NA5120_E1861N0520,EPSG:32616,-84.44516116361943,31.239191074548014,743327.0286486651,3458925.4443611503,9530880.0,2664960.0,16RGV,1,projects/neon-prod-earthengine/assets/HSI_REFL/001/2019_JERC_5,2019-08-30
NA5120_E1861N0521,EPSG:32616,-84.43755520892354,31.28460388337626,743934.7102556005,3463977.6621068376,9530880.0,2670080.0,16RGV,1,projects/neon-prod-earthengine/assets/HSI_REFL/001/2019_JERC_5,2019-08-30
NA5120_E1861N0522,EPSG:32616,-84.42993640701664,31.33001521279992,744542.770890791,3469029.8506667456,9530880.0,2675200.0,16RGV,1,projects/neon-prod-earthengine/assets/HSI_REFL/001/2019_JERC_5,2019-08-30
NA5120_E1862N0518,EPSG:32616,-84.40843138884186,31.140887193759276,747081.8382173231,3448106.9372248375,9536000.0,2654720.0,16RGV,1,projects/neon-prod-earthengine/assets/HSI_REFL/001/2019_JERC_5,2019-08-30
NA5120_E1862N0519,EPSG:32616,-84.4008224833355,31.186296963955183,747689.2270452842,3453159.0420432617,9536000.0,2659840.0,16RGV,1,projects/neon-prod-earthengine/assets/HSI_REFL/001/2019_JERC_5,2019-08-30
NA5120_E1862N0520,EPSG:32616,-84.39320074096231,31.23170525186033,748296.9946489134,3458211.1179749803,9536000.0,2664960.0,16RGV,1,projects/neon-prod-earthengine/assets/HSI_REFL/001/2019_JERC_5,2019-08-30
NA5120_E1862N0521,EPSG:32616,-84.38556613382916,31.277112054521602,748905.1406808643,3463263.165097153,9536000.0,2670080.0,16RGV,1,projects/neon-prod-earthengine/assets/HSI_REFL/001/2019_JERC_5,2019-08-30
NA5120_E1862N0522,EPSG:32616,-84.377918633957,31.32251736897855,749513.664793526,3468315.183487121,9536000.0,2675200.0,16RGV,1,projects/neon-prod-earthengine/assets/HSI_REFL/001/2019_JERC_5,2019-08-30
NA5120_E1863N0519,EPSG:32616,-84.3489004095299,31.17878795803489,752658.7481926186,3452443.928279595,9541120.0,2659840.0,16RGV,1,projects/neon-prod-earthengine/assets/HSI_REFL/001/2019_JERC_5,2019-08-30
NA5120_E1437N0538,EPSG:32613,-106.96520394227089,32.5170605023252,315409.8383105557,3599452.402034796,7360000.0,2757120.0,13SCS,1,projects/neon-prod-earthengine/assets/HSI_REFL/001/2019_JORN_3,2019-08-25
NA5120_E1437N0539,EPSG:32613,-106.97090418868498,32.56282321657088,314968.25157471723,3604536.4541087477,7360000.0,2762240.0,13SCS,1,projects/neon-prod-earthengine/assets/HSI_REFL/001/2019_JORN_3,2019-08-25
NA5120_E1437N0540,EPSG:32613,-106.97661428786306,32.60858496518419,314526.39987373917,3609620.4923536936,7360000.0,2767360.0,13SCS,1,projects/neon-prod-earthengine/assets/HSI_REFL/001/2019_JORN_3,2019-08-25
NA5120_E1437N0541,EPSG:32613,-106.98233426214115,32.654345746412766,314084.2834675836,3614704.5168119213,7360000.0,2772480.0,13SCS,1,projects/neon-prod-earthengine/assets/HSI_REFL/001/2019_JORN_3,2019-08-25
NA5120_E1438N0538,EPSG:32613,-106.91208494364994,32.52250734694141,320410.90454514476,3599965.537034456,7365120.0,2757120.0,13SCS,1,projects/neon-prod-earthengine/assets/HSI_REFL/001/2019_JORN_3,2019-08-25
NA5120_E1438N0539,EPSG:32613,-106.91775408687705,32.56827455322377,319969.7657398542,3605049.7042309605,7365120.0,2762240.0,13SCS,1,projects/neon-prod-earthengine/assets/HSI_REFL/001/2019_JORN_3,2019-08-25
NA5120_E1438N0540,EPSG:32613,-106.92343303075026,32.614040800730415,319528.36096329964,3610133.8572596153,7365120.0,2767360.0,13SCS,1,projects/neon-prod-earthengine/assets/HSI_REFL/001/2019_JORN_3,2019-08-25
NA5120_E1438N0541,EPSG:32613,-106.92912179749374,32.65980608772537,319086.6904753739,3615217.996162359,7365120.0,2772480.0,13SCS,1,projects/neon-prod-earthengine/assets/HSI_REFL/001/2019_JORN_3,2019-08-25
NA5120_E1438N0542,EPSG:32613,-106.934820409403,32.70557041246887,318644.75453615247,3620302.1209812304,7365120.0,2777600.0,13SCS,1,projects/neon-prod-earthengine/assets/HSI_REFL/001/2019_JORN_3,2019-08-25
NA5120_E1438N0543,EPSG:32613,-106.94052888884505,32.75133377321726,318202.55340592074,3625386.231758357,7365120.0,2782720.0,13SCS,1,projects/neon-prod-earthengine/assets/HSI_REFL/001/2019_JORN_3,2019-08-25
NA5120_E1439N0538,EPSG:32613,-106.8589584526404,32.527923814862426,325411.94876679697,3600477.7674043993,7370240.0,2757120.0,13SCS,1,projects/neon-prod-earthengine/assets/HSI_REFL/001/2019_JORN_3,2019-08-25
NA5120_E1439N0539,EPSG:32613,-106.86459647343686,32.57369548893741,324971.25742027094,3605562.0517127593,7370240.0,2762240.0,13SCS,1,projects/neon-prod-earthengine/assets/HSI_REFL/001/2019_JORN_3,2019-08-25
NA5120_E1439N0540,EPSG:32613,-106.87024424270157,32.61946621105844,324530.2990959557,3610646.3215150214,7370240.0,2767360.0,13SCS,1,projects/neon-prod-earthengine/assets/HSI_REFL/001/2019_JORN_3,2019-08-25
NA5120_E1439N0541,EPSG:32613,-106.87590178254669,32.665235979505766,324089.0740536583,3615730.576852759,7370240.0,2772480.0,13SCS,1,projects/neon-prod-earthengine/assets/HSI_REFL/001/2019_JORN_3,2019-08-25
NA5120_E1439N0542,EPSG:32613,-106.88156911515526,32.71100479255598,323647.5825533848,3620814.8177676573,7370240.0,2777600.0,13SCS,1,projects/neon-prod-earthengine/assets/HSI_REFL/001/2019_JORN_3,2019-08-25
NA5120_E1439N0543,EPSG:32613,-106.88724626278142,32.75677264848179,323205.82485535834,3625899.044301487,7370240.0,2782720.0,13SCS,1,projects/neon-prod-earthengine/assets/HSI_REFL/001/2019_JORN_3,2019-08-25
NA5120_E1440N0538,EPSG:32613,-106.80582450883517,32.53330989709124,330412.97388211807,3600989.0938009913,7375360.0,2757120.0,13SCS,1,projects/neon-prod-earthengine/assets/HSI_REFL/001/2019_JORN_3,2019-08-25
NA5120_E1440N0539,EPSG:32613,-106.81143138805477,32.57908601469409,329972.72952402325,3606073.497210891,7375360.0,2762240.0,13SCS,1,projects/neon-prod-earthengine/assets/HSI_REFL/001/2019_JORN_3,2019-08-25
NA5120_E1440N0540,EPSG:32613,-106.81704796350522,32.624861187129696,329532.2171811937,3611157.8857770227,7375360.0,2767360.0,13SCS,1,projects/neon-prod-earthengine/assets/HSI_REFL/001/2019_JORN_3,2019-08-25
NA5120_E1440N0541,EPSG:32613,-106.82267425718628,32.67063541269458,329091.43711336795,3616242.259540613,7375360.0,2772480.0,13SCS,1,projects/neon-prod-earthengine/assets/HSI_REFL/001/2019_JORN_3,2019-08-25
NA5120_E1440N0542,EPSG:32613,-106.8283102911683,32.71640868968151,328650.3895804804,3621326.618542979,7375360.0,2777600.0,13SCS,1,projects/neon-prod-earthengine/assets/HSI_REFL/001/2019_JORN_3,2019-08-25
NA5120_E1440N0543,EPSG:32613,-106.83395608759248,32.7621810163795,328209.0748426724,3626410.962825534,7375360.0,2782720.0,13SCS,1,projects/neon-prod-earthengine/assets/HSI_REFL/001/2019_JORN_3,2019-08-25
NA5120_E1441N0538,EPSG:32613,-106.75268315187775,32.538665584678135,335413.9827979796,3601499.516877983,7380480.0,2757120.0,13SCS,1,projects/neon-prod-earthengine/assets/HSI_REFL/001/2019_JORN_3,2019-08-25
NA5120_E1441N0539,EPSG:32613,-106.75825887047196,32.58444612152336,334974.18495942245,3606584.04137947,7380480.0,2762240.0,13SCS,1,projects/neon-prod-earthengine/assets/HSI_REFL/001/2019_JORN_3,2019-08-25
NA5120_E1441N0540,EPSG:32613,-106.76384423300026,32.630225719953074,334534.1181287721,3611668.5507001188,7380480.0,2767360.0,13SCS,1,projects/neon-prod-earthengine/assets/HSI_REFL/001/2019_JORN_3,2019-08-25
NA5120_E1441N0541,EPSG:32613,-106.76943926134982,32.67600437827989,334093.7825656916,3616753.04488079,7380480.0,2772480.0,13SCS,1,projects/neon-prod-earthengine/assets/HSI_REFL/001/2019_JORN_3,2019-08-25
NA5120_E1441N0542,EPSG:32613,-106.77504397747806,32.72178209481272,333653.1785300558,3621837.5239624386,7380480.0,2777600.0,13SCS,1,projects/neon-prod-earthengine/assets/HSI_REFL/001/2019_JORN_3,2019-08-25
NA5120_E1441N0543,EPSG:32613,-106.78065840341293,32.76755886785682,333212.30628192227,3626921.9879861227,7380480.0,2782720.0,13SCS,1,projects/neon-prod-earthengine/assets/HSI_REFL/001/2019_JORN_3,2019-08-25
NA5120_E1477N0697,EPSG:32613,-105.65161184979105,40.003099452227346,444380.91241630795,4428304.541192693,7564800.0,3571200.0,13TDE,1,projects/neon-prod-earthengine/assets/HSI_REFL/001/2019_NIWO_3,2019-08-14
NA5120_E1477N0698,EPSG:32613,-105.65754870387964,40.04889212924451,443911.677250289,4433390.88365864,7564800.0,3576320.0,13TDE,1,projects/neon-prod-earthengine/assets/HSI_REFL/001/2019_NIWO_3,2019-08-14
NA5120_E1477N0699,EPSG:32613,-105.66349699555388,40.094683867845774,443442.18005789677,4438477.2048790855,7564800.0,3581440.0,13TDE,1,projects/neon-prod-earthengine/assets/HSI_REFL/001/2019_NIWO_3,2019-08-14
NA5120_E1477N0700,EPSG:32613,-105.66945675533516,40.14047466635963,442972.4211285168,4443563.504898564,7564800.0,3586560.0,13TDE,1,projects/neon-prod-earthengine/assets/HSI_REFL/001/2019_NIWO_3,2019-08-14
NA5120_E1478N0697,EPSG:32613,-105.5923971318195,40.00796009071084,449438.8727788732,4428808.7564055845,7569920.0,3571200.0,13TDE,1,projects/neon-prod-earthengine/assets/HSI_REFL/001/2019_NIWO_3,2019-08-14
NA5120_E1478N0698,EPSG:32613,-105.59829175711323,40.05375733143643,448969.90451506857,4433895.238748319,7569920.0,3576320.0,13TDE,1,projects/neon-prod-earthengine/assets/HSI_REFL/001/2019_NIWO_3,2019-08-14
NA5120_E1478N0699,EPSG:32613,-105.60419774070711,40.09955364188242,448500.6731974318,4438981.699469625,7569920.0,3581440.0,13TDE,1,projects/neon-prod-earthengine/assets/HSI_REFL/001/2019_NIWO_3,2019-08-14
NA5120_E1479N0696,EPSG:32613,-105.52733224858888,39.96698283109312,454965.29295407573,4424225.770046496,7575040.0,3566080.0,13TDE,1,projects/neon-prod-earthengine/assets/HSI_REFL/001/2019_NIWO_3,2019-08-14
NA5120_E1479N0697,EPSG:32613,-105.5331733702027,40.012785523902956,454496.8554738138,4429312.416383037,7575040.0,3571200.0,13TDE,1,projects/neon-prod-earthengine/assets/HSI_REFL/001/2019_NIWO_3,2019-08-14
NA5120_E1479N0698,EPSG:32613,-105.53902574073236,40.05858729613705,454028.1536226462,4434399.040678782,7575040.0,3576320.0,13TDE,1,projects/neon-prod-earthengine/assets/HSI_REFL/001/2019_NIWO_3,2019-08-14
NA5120_E1479N0699,EPSG:32613,-105.54488939018272,40.10438814617288,453559.1876897901,4439485.642977487,7575040.0,3581440.0,13TDE,1,projects/neon-prod-earthengine/assets/HSI_REFL/001/2019_NIWO_3,2019-08-14
NA5120_E1480N0696,EPSG:32613,-105.46814170761675,39.97176855721404,460023.03413033864,4424728.7310137935,7580160.0,3566080.0,13TDE,1,projects/neon-prod-earthengine/assets/HSI_REFL/001/2019_NIWO_3,2019-08-14
NA5120_E1480N0697,EPSG:32613,-105.47394062794153,40.01757574129977,459554.86360225774,4429815.521754904,7580160.0,3571200.0,13TDE,1,projects/neon-prod-earthengine/assets/HSI_REFL/001/2019_NIWO_3,2019-08-14
NA5120_E1480N0698,EPSG:32613,-105.47975071791267,40.063382012814145,459086.427675003,4434902.290080253,7580160.0,3576320.0,13TDE,1,projects/neon-prod-earthengine/assets/HSI_REFL/001/2019_NIWO_3,2019-08-14
NA5120_E1480N0699,EPSG:32613,-105.48557200733168,40.10918737015658,458617.7266378022,4439989.036033265,7580160.0,3581440.0,13TDE,1,projects/neon-prod-earthengine/assets/HSI_REFL/001/2019_NIWO_3,2019-08-14
NA5120_E1584N0588,EPSG:32614,-99.14859238303961,35.295282817705726,486489.5845933607,3905799.727854054,8112640.0,3013120.0,14SME,1,projects/neon-prod-earthengine/assets/HSI_REFL/001/2019_OAES_4,2019-04-25
NA5120_E1584N0589,EPSG:32614,-99.14965834509333,35.34141862450361,486400.39076451847,3910916.434408161,8112640.0,3018240.0,14SME,1,projects/neon-prod-earthengine/assets/HSI_REFL/001/2019_OAES_4,2019-04-25
NA5120_E1584N0590,EPSG:32614,-99.15072623350052,35.38755405773771,486311.14088590926,3916033.140110683,8112640.0,3023360.0,14SME,1,projects/neon-prod-earthengine/assets/HSI_REFL/001/2019_OAES_4,2019-04-25
NA5120_E1584N0591,EPSG:32614,-99.15179605295856,35.43368911716061,486221.8350125241,3921149.844963151,8112640.0,3028480.0,14SME,1,projects/neon-prod-earthengine/assets/HSI_REFL/001/2019_OAES_4,2019-04-25
NA5120_E1585N0588,EPSG:32614,-99.09310495641027,35.29623298904202,491534.7501461447,3905898.9551128834,8117760.0,3013120.0,14SME,1,projects/neon-prod-earthengine/assets/HSI_REFL/001/2019_OAES_4,2019-04-25
NA5120_E1585N0589,EPSG:32614,-99.09413506984633,35.342369622175006,491445.95064299594,3911015.693259932,8117760.0,3018240.0,14SME,1,projects/neon-prod-earthengine/assets/HSI_REFL/001/2019_OAES_4,2019-04-25
NA5120_E1585N0590,EPSG:32614,-99.09516704491071,35.38850588309924,491357.0940160986,3916132.4304857138,8117760.0,3023360.0,14SME,1,projects/neon-prod-earthengine/assets/HSI_REFL/001/2019_OAES_4,2019-04-25
NA5120_E1585N0591,EPSG:32614,-99.09620088614314,35.43464177157071,491268.18032031157,3921249.1667916733,8117760.0,3028480.0,14SME,1,projects/neon-prod-earthengine/assets/HSI_REFL/001/2019_OAES_4,2019-04-25
NA5120_E1586N0588,EPSG:32614,-99.03761608189483,35.29715064050322,496579.925383827,3905997.3987511843,8122880.0,3013120.0,14SME,1,projects/neon-prod-earthengine/assets/HSI_REFL/001/2019_OAES_4,2019-04-25
NA5120_E1586N0589,EPSG:32614,-99.03861034280473,35.34328807171604,496491.5201146442,3911114.1705841483,8122880.0,3018240.0,14SME,1,projects/neon-prod-earthengine/assets/HSI_REFL/001/2019_OAES_4,2019-04-25
NA5120_E1586N0590,EPSG:32614,-99.03960640060473,35.38942513202884,496403.05664763093,3916230.941426726,8122880.0,3023360.0,14SME,1,projects/neon-prod-earthengine/assets/HSI_REFL/001/2019_OAES_4,2019-04-25
NA5120_E1586N0591,EPSG:32614,-99.04060425967685,35.43556182120101,496314.5350375184,3921347.711280292,8122880.0,3028480.0,14SME,1,projects/neon-prod-earthengine/assets/HSI_REFL/001/2019_OAES_4,2019-04-25
NA5120_E1967N0713,EPSG:32618,-76.604427354505,38.85036714283653,360773.7575502021,4301394.857520564,10073600.0,3653120.0,18SUJ,1,projects/neon-prod-earthengine/assets/HSI_REFL/001/2019_SERC_4,2019-05-15
NA5120_E1967N0714,EPSG:32618,-76.58979840081254,38.89441484549036,362128.4205379884,4306260.971004153,10073600.0,3658240.0,18SUJ,1,projects/neon-prod-earthengine/assets/HSI_REFL/001/2019_SERC_4,2019-05-15
NA5120_E1967N0715,EPSG:32618,-76.57514286137894,38.9384586310417,363483.8913353175,4311126.832876539,10073600.0,3663360.0,18SUJ,1,projects/neon-prod-earthengine/assets/HSI_REFL/001/2019_SERC_4,2019-05-15
NA5120_E1968N0713,EPSG:32618,-76.54796366200641,38.83803766420568,365650.5366652569,4299941.992729073,10078720.0,3653120.0,18SUJ,1,projects/neon-prod-earthengine/assets/HSI_REFL/001/2019_SERC_4,2019-05-15
NA5120_E1968N0714,EPSG:32618,-76.53330071961338,38.88207446266876,367005.29138756974,4304807.5963218,10078720.0,3658240.0,18SUJ,1,projects/neon-prod-earthengine/assets/HSI_REFL/001/2019_SERC_4,2019-05-15
NA5120_E1968N0715,EPSG:32618,-76.51861114167377,38.926107326548376,368360.8532672991,4309672.94928626,10078720.0,3663360.0,18SUJ,1,projects/neon-prod-earthengine/assets/HSI_REFL/001/2019_SERC_4,2019-05-15
NA5120_E1235N0678,EPSG:32611,-119.29890833804365,36.99291626233064,295417.91993752646,4096556.9196296535,6325760.0,3473920.0,11SKA,1,projects/neon-prod-earthengine/assets/HSI_REFL/001/2019_SOAP_4,2019-06-11
NA5120_E1235N0679,EPSG:32611,-119.31345079845264,37.0368265224638,294242.0763906385,4101460.507276549,6325760.0,3479040.0,11SKB,1,projects/neon-prod-earthengine/assets/HSI_REFL/001/2019_SOAP_4,2019-06-11
NA5120_E1235N0680,EPSG:32611,-119.32801885902032,37.080732758014534,293065.5563261145,4106363.960197665,6325760.0,3484160.0,11SKB,1,projects/neon-prod-earthengine/assets/HSI_REFL/001/2019_SOAP_4,2019-06-11
NA5120_E1236N0678,EPSG:32611,-119.2440829000528,37.00562459592333,300330.8451279858,4097850.5304439072,6330880.0,3473920.0,11SKB,1,projects/neon-prod-earthengine/assets/HSI_REFL/001/2019_SOAP_4,2019-06-11
NA5120_E1236N0679,EPSG:32611,-119.25859430233899,37.04954570017534,299155.24369540846,4102754.4700977015,6330880.0,3479040.0,11SKB,1,projects/neon-prod-earthengine/assets/HSI_REFL/001/2019_SOAP_4,2019-06-11
NA5120_E1236N0680,EPSG:32611,-119.27313126138687,37.09346279646379,297978.9650420021,4107658.2741783834,6330880.0,3484160.0,11SKB,1,projects/neon-prod-earthengine/assets/HSI_REFL/001/2019_SOAP_4,2019-06-11
NA5120_E1237N0678,EPSG:32611,-119.18923742435895,37.018302472342036,305243.8069778315,4099143.5095124585,6336000.0,3473920.0,11SKB,1,projects/neon-prod-earthengine/assets/HSI_REFL/001/2019_SOAP_4,2019-06-11
NA5120_E1237N0679,EPSG:32611,-119.20371771729198,37.0622343997353,304068.4465129827,4104047.802848522,6336000.0,3479040.0,11SKB,1,projects/neon-prod-earthengine/assets/HSI_REFL/001/2019_SOAP_4,2019-06-11
NA5120_E1237N0680,EPSG:32611,-119.2182235234326,37.106162335764985,302892.4081232314,4108951.959764077,6336000.0,3484160.0,11SKB,1,projects/neon-prod-earthengine/assets/HSI_REFL/001/2019_SOAP_4,2019-06-11
NA5120_E1360N0532,EPSG:32612,-110.98192716730446,31.73510840195861,501711.96518590656,3511075.2131336257,6965760.0,2726400.0,12SVA,1,projects/neon-prod-earthengine/assets/HSI_REFL/001/2019_SRER_3,2019-09-01
NA5120_E1361N0532,EPSG:32612,-110.92967472019126,31.74282607563307,506661.07319567853,3511932.632537056,6970880.0,2726400.0,12SVA,1,projects/neon-prod-earthengine/assets/HSI_REFL/001/2019_SRER_3,2019-09-01
NA5120_E1361N0533,EPSG:32612,-110.93759431725105,31.788187615835874,505908.06136762694,3516959.975530469,6970880.0,2731520.0,12SVA,1,projects/neon-prod-earthengine/assets/HSI_REFL/001/2019_SRER_3,2019-09-01
NA5120_E1361N0534,EPSG:32612,-110.94552735409772,31.833547591521924,505154.50640777504,3521987.2342470107,6970880.0,2736640.0,12SVA,1,projects/neon-prod-earthengine/assets/HSI_REFL/001/2019_SRER_3,2019-09-01
NA5120_E1361N0535,EPSG:32612,-110.9534738602556,31.87890599954066,504400.4087589402,3527014.4087705817,6970880.0,2741760.0,12SVA,1,projects/neon-prod-earthengine/assets/HSI_REFL/001/2019_SRER_3,2019-09-01
NA5120_E1361N0536,EPSG:32612,-110.96143386534057,31.924262836733515,503645.76886425953,3532041.499185429,6970880.0,2746880.0,12SVA,1,projects/neon-prod-earthengine/assets/HSI_REFL/001/2019_SRER_3,2019-09-01
NA5120_E1362N0532,EPSG:32612,-110.87741205652863,31.75051433493746,511610.3340084088,3512789.1693388447,6976000.0,2726400.0,12SWA,1,projects/neon-prod-earthengine/assets/HSI_REFL/001/2019_SRER_3,2019-09-01
NA5120_E1362N0533,EPSG:32612,-110.88530256095152,31.795882086357963,510857.7214534506,3517816.85284724,6976000.0,2731520.0,12SWA,1,projects/neon-prod-earthengine/assets/HSI_REFL/001/2019_SRER_3,2019-09-01
NA5120_E1362N0534,EPSG:32612,-110.89320645889448,31.84124828243387,510104.56483958464,3522844.4515345558,6976000.0,2736640.0,12SWA,1,projects/neon-prod-earthengine/assets/HSI_REFL/001/2019_SRER_3,2019-09-01
NA5120_E1362N0535,EPSG:32612,-110.90112377979189,31.886612920035653,509350.864609819,3527871.965484011,6976000.0,2741760.0,12SWA,1,projects/neon-prod-earthengine/assets/HSI_REFL/001/2019_SRER_3,2019-09-01
NA5120_E1362N0536,EPSG:32612,-110.9090545531695,31.931975996025816,508596.62120749324,3532899.3947791783,6976000.0,2746880.0,12SWA,1,projects/neon-prod-earthengine/assets/HSI_REFL/001/2019_SRER_3,2019-09-01
NA5120_E1363N0531,EPSG:32612,-110.81729114257173,31.71279768410844,517311.4189657469,3508616.7131716507,6981120.0,2721280.0,12SWA,1,projects/neon-prod-earthengine/assets/HSI_REFL/001/2019_SRER_3,2019-09-01
NA5120_E1363N0532,EPSG:32612,-110.82513921088189,31.7581731676299,516559.7503898245,3513644.8245201884,6981120.0,2726400.0,12SWA,1,projects/neon-prod-earthengine/assets/HSI_REFL/001/2019_SRER_3,2019-09-01
NA5120_E1363N0533,EPSG:32612,-110.8330005971151,31.803547108050758,515807.5363841208,3518672.8504215693,6981120.0,2731520.0,12SWA,1,projects/neon-prod-earthengine/assets/HSI_REFL/001/2019_SRER_3,2019-09-01
NA5120_E1363N0534,EPSG:32612,-110.8408753305248,31.84891950227035,515054.7773915216,3523700.790957985,6981120.0,2736640.0,12SWA,1,projects/neon-prod-earthengine/assets/HSI_REFL/001/2019_SRER_3,2019-09-01
NA5120_E1363N0535,EPSG:32612,-110.84876344045517,31.89429034718008,514301.4738552236,3528728.646211973,6981120.0,2741760.0,12SWA,1,projects/neon-prod-earthengine/assets/HSI_REFL/001/2019_SRER_3,2019-09-01
NA5120_E1364N0531,EPSG:32612,-110.76503724690475,31.72042092032527,522260.59492684423,3509471.1428964864,6986240.0,2721280.0,12SWA,1,projects/neon-prod-earthengine/assets/HSI_REFL/001/2019_SRER_3,2019-09-01
NA5120_E1364N0532,EPSG:32612,-110.77285621788145,31.765802561509144,521509.3251066077,3514499.599059884,6986240.0,2726400.0,12SWA,1,projects/neon-prod-earthengine/assets/HSI_REFL/001/2019_SRER_3,2019-09-01
NA5120_E1364N0533,EPSG:32612,-110.78068846045136,31.811182668685944,520757.5089275147,3519527.9692332386,6986240.0,2731520.0,12SWA,1,projects/neon-prod-earthengine/assets/HSI_REFL/001/2019_SRER_3,2019-09-01
NA5120_E1364N0534,EPSG:32612,-110.78853400377761,31.85656123877582,520005.14683264075,3524556.253498054,6986240.0,2736640.0,12SWA,1,projects/neon-prod-earthengine/assets/HSI_REFL/001/2019_SRER_3,2019-09-01
NA5120_E1364N0535,EPSG:32612,-110.7963928771139,31.90193826869109,519252.2392653765,3529584.451936191,6986240.0,2741760.0,12SWA,1,projects/neon-prod-earthengine/assets/HSI_REFL/001/2019_SRER_3,2019-09-01
NA5120_E1365N0533,EPSG:32612,-110.72836618573514,31.818788756075985,525707.641852458,3520382.210259628,6991360.0,2731520.0,12SWA,1,projects/neon-prod-earthengine/assets/HSI_REFL/001/2019_SRER_3,2019-09-01
NA5120_E1365N0534,EPSG:32612,-110.73618251350733,31.86417347973561,524955.6759329466,3525410.840133125,6991360.0,2736640.0,12SWA,1,projects/neon-prod-earthengine/assets/HSI_REFL/001/2019_SRER_3,2019-09-01
NA5120_E1365N0535,EPSG:32612,-110.74401212470225,31.909556672326804,524203.1636114653,3530439.3836360094,6991360.0,2741760.0,12SWA,1,projects/neon-prod-earthengine/assets/HSI_REFL/001/2019_SRER_3,2019-09-01
NA5120_E1800N0547,EPSG:32616,-87.4712661152494,32.87469607436114,455913.95376263093,3637494.2938445252,9218560.0,2803200.0,16SDB,1,projects/neon-prod-earthengine/assets/HSI_REFL/001/2019_TALL_5,2019-04-27
NA5120_E1800N0548,EPSG:32616,-87.46517450058819,32.920405101528175,456506.1633864122,3642559.0589172374,9218560.0,2808320.0,16SDB,1,projects/neon-prod-earthengine/assets/HSI_REFL/001/2019_TALL_5,2019-04-27
NA5120_E1800N0549,EPSG:32616,-87.45907232301093,32.96611307815068,457098.80149958446,3647623.7693931716,9218560.0,2813440.0,16SDB,1,projects/neon-prod-earthengine/assets/HSI_REFL/001/2019_TALL_5,2019-04-27
NA5120_E1801N0547,EPSG:32616,-87.41794899791302,32.86888502757564,460899.1567650628,3636829.0775220236,9223680.0,2803200.0,16SDB,1,projects/neon-prod-earthengine/assets/HSI_REFL/001/2019_TALL_5,2019-04-27
NA5120_E1801N0548,EPSG:32616,-87.41182602268786,32.91458924156657,461491.7677588154,3641893.5660184575,9223680.0,2808320.0,16SDB,1,projects/neon-prod-earthengine/assets/HSI_REFL/001/2019_TALL_5,2019-04-27
NA5120_E1801N0549,EPSG:32616,-87.40569243208498,32.96029239763426,462084.80625560496,3646958.000356317,9223680.0,2813440.0,16SDB,1,projects/neon-prod-earthengine/assets/HSI_REFL/001/2019_TALL_5,2019-04-27
NA5120_E1802N0547,EPSG:32616,-87.3646400137217,32.863043494619205,465884.2242693227,3636163.0077179186,9228800.0,2803200.0,16SDB,1,projects/neon-prod-earthengine/assets/HSI_REFL/001/2019_TALL_5,2019-04-27
NA5120_E1802N0548,EPSG:32616,-87.35848569886893,32.908742871127835,466477.2372086142,3641227.221599446,9228800.0,2808320.0,16SDB,1,projects/neon-prod-earthengine/assets/HSI_REFL/001/2019_TALL_5,2019-04-27
NA5120_E1493N0712,EPSG:32613,-104.78307830161378,40.76448036261918,518308.23817373853,4512635.313431192,7646720.0,3648000.0,13TEF,1,projects/neon-prod-earthengine/assets/HSI_REFL/001/2020_CPER_5,2020-06-14
NA5120_E1493N0713,EPSG:32613,-104.78849175274233,40.810329814649414,517839.067942579,4517723.73908467,7646720.0,3653120.0,13TEF,1,projects/neon-prod-earthengine/assets/HSI_REFL/001/2020_CPER_5,2020-06-14
NA5120_E1493N0714,EPSG:32613,-104.79391578098532,40.85617843142088,517369.6235606626,4522812.13811165,7646720.0,3658240.0,13TEF,1,projects/neon-prod-earthengine/assets/HSI_REFL/001/2020_CPER_5,2020-06-14
NA5120_E1494N0712,EPSG:32613,-104.72307856987528,40.76883794517117,523370.7071397633,4513133.277586621,7651840.0,3648000.0,13TEF,1,projects/neon-prod-earthengine/assets/HSI_REFL/001/2020_CPER_5,2020-06-14
NA5120_E1494N0713,EPSG:32613,-104.7284481647661,40.814691553231434,522901.7805693787,4518221.870780458,7651840.0,3653120.0,13TEF,1,projects/neon-prod-earthengine/assets/HSI_REFL/001/2020_CPER_5,2020-06-14
NA5120_E1494N0714,EPSG:32613,-104.73382825283086,40.86054433358505,522432.57881444955,4523310.436971391,7651840.0,3658240.0,13TEF,1,projects/neon-prod-earthengine/assets/HSI_REFL/001/2020_CPER_5,2020-06-14
NA5120_E1495N0713,EPSG:32613,-104.66839616988777,40.81901739830962,527964.557512946,4518719.490484142,7656960.0,3653120.0,13TEF,1,projects/neon-prod-earthengine/assets/HSI_REFL/001/2020_CPER_5,2020-06-14
NA5120_E1495N0714,EPSG:32613,-104.67373229324859,40.86487430869376,527495.5979018629,4523808.2259263415,7656960.0,3658240.0,13TEF,1,projects/neon-prod-earthengine/assets/HSI_REFL/001/2020_CPER_5,2020-06-14
NA5120_E1493N0712,EPSG:32613,-104.78307830161378,40.76448036261918,518308.23817373853,4512635.313431192,7646720.0,3648000.0,13TEF,1,projects/neon-prod-earthengine/assets/HSI_REFL/001/2020_CPER_7,2020-09-13
NA5120_E1494N0712,EPSG:32613,-104.72307856987528,40.76883794517117,523370.7071397633,4513133.277586621,7651840.0,3648000.0,13TEF,1,projects/neon-prod-earthengine/assets/HSI_REFL/001/2020_CPER_7,2020-09-13
NA5120_E1494N0713,EPSG:32613,-104.7284481647661,40.814691553231434,522901.7805693787,4518221.870780458,7651840.0,3653120.0,13TEF,1,projects/neon-prod-earthengine/assets/HSI_REFL/001/2020_CPER_7,2020-09-13
NA5120_E1494N0714,EPSG:32613,-104.73382825283086,40.86054433358505,522432.57881444955,4523310.436971391,7651840.0,3658240.0,13TEF,1,projects/neon-prod-earthengine/assets/HSI_REFL/001/2020_CPER_7,2020-09-13
NA5120_E1477N0697,EPSG:32613,-105.65161184979105,40.003099452227346,444380.91241630795,4428304.541192693,7564800.0,3571200.0,13TDE,1,projects/neon-prod-earthengine/assets/HSI_REFL/001/2020_NIWO_4,2020-07-20
NA5120_E1478N0697,EPSG:32613,-105.5923971318195,40.00796009071084,449438.8727788732,4428808.7564055845,7569920.0,3571200.0,13TDE,1,projects/neon-prod-earthengine/assets/HSI_REFL/001/2020_NIWO_4,2020-07-20
NA5120_E1478N0698,EPSG:32613,-105.59829175711323,40.05375733143643,448969.90451506857,4433895.238748319,7569920.0,3576320.0,13TDE,1,projects/neon-prod-earthengine/assets/HSI_REFL/001/2020_NIWO_4,2020-07-20
NA5120_E1478N0699,EPSG:32613,-105.60419774070711,40.09955364188242,448500.6731974318,4438981.699469625,7569920.0,3581440.0,13TDE,1,projects/neon-prod-earthengine/assets/HSI_REFL/001/2020_NIWO_4,2020-07-20
NA5120_E1479N0696,EPSG:32613,-105.52733224858888,39.96698283109312,454965.29295407573,4424225.770046496,7575040.0,3566080.0,13TDE,1,projects/neon-prod-earthengine/assets/HSI_REFL/001/2020_NIWO_4,2020-07-20
NA5120_E1479N0697,EPSG:32613,-105.5331733702027,40.012785523902956,454496.8554738138,4429312.416383037,7575040.0,3571200.0,13TDE,1,projects/neon-prod-earthengine/assets/HSI_REFL/001/2020_NIWO_4,2020-07-20
NA5120_E1479N0698,EPSG:32613,-105.53902574073236,40.05858729613705,454028.1536226462,4434399.040678782,7575040.0,3576320.0,13TDE,1,projects/neon-prod-earthengine/assets/HSI_REFL/001/2020_NIWO_4,2020-07-20
NA5120_E1479N0700,EPSG:32613,-105.55076434866844,40.150188072383315,453089.9579646374,4444572.2233230155,7575040.0,3586560.0,13TDE,1,projects/neon-prod-earthengine/assets/HSI_REFL/001/2020_RMNP_3,2020-06-27
NA5120_E1479N0701,EPSG:32613,-105.5566506464144,40.19598707313661,452620.46473677276,4449658.78175934,7575040.0,3591680.0,13TDE,1,projects/neon-prod-earthengine/assets/HSI_REFL/001/2020_RMNP_3,2020-06-27
NA5120_E1479N0702,EPSG:32613,-105.56254831375622,40.24178514679631,452150.70829597436,4454745.318330535,7575040.0,3596800.0,13TDE,1,projects/neon-prod-earthengine/assets/HSI_REFL/001/2020_RMNP_3,2020-06-27
NA5120_E1479N0703,EPSG:32613,-105.56845738114085,40.287582291721286,451680.6889321895,4459831.833080781,7575040.0,3601920.0,13TDE,1,projects/neon-prod-earthengine/assets/HSI_REFL/001/2020_RMNP_3,2020-06-27
NA5120_E1480N0700,EPSG:32613,-105.4914045261092,40.15499181172191,458148.7607800604,4445075.759657461,7580160.0,3586560.0,13TDE,1,projects/neon-prod-earthengine/assets/HSI_REFL/001/2020_RMNP_3,2020-06-27
NA5120_E1480N0701,EPSG:32613,-105.49724830426538,40.20079533590039,457679.53039137577,4450162.460996473,7580160.0,3591680.0,13TDE,1,projects/neon-prod-earthengine/assets/HSI_REFL/001/2020_RMNP_3,2020-06-27
NA5120_E1480N0702,EPSG:32613,-105.50310337193041,40.24659794107776,457210.03576152516,4455249.140094046,7580160.0,3596800.0,13TDE,1,projects/neon-prod-earthengine/assets/HSI_REFL/001/2020_RMNP_3,2020-06-27
NA5120_E1480N0703,EPSG:32613,-105.50896975934498,40.2923996256351,456740.2771804781,4460335.796994023,7580160.0,3601920.0,13TDE,1,projects/neon-prod-earthengine/assets/HSI_REFL/001/2020_RMNP_3,2020-06-27
NA5120_E1481N0701,EPSG:32613,-105.43783694151576,40.20556824308114,462738.62262700207,4450665.594565984,7585280.0,3591680.0,13TDE,1,projects/neon-prod-earthengine/assets/HSI_REFL/001/2020_RMNP_3,2020-06-27
NA5120_E1481N0702,EPSG:32613,-105.44364938351096,40.25137534729848,462269.38931863743,4455752.418268138,7585280.0,3596800.0,13TDE,1,projects/neon-prod-earthengine/assets/HSI_REFL/001/2020_RMNP_3,2020-06-27
NA5120_E1481N0703,EPSG:32613,-105.44947306486803,40.29718153895475,461799.8910304653,4460839.219396352,7585280.0,3601920.0,13TDE,1,projects/neon-prod-earthengine/assets/HSI_REFL/001/2020_RMNP_3,2020-06-27
NA5120_E1411N0813,EPSG:32612,-110.66274006303139,44.86241059176282,526644.7831732121,4967721.4640655685,7226880.0,4165120.0,12TWQ,1,projects/neon-prod-earthengine/assets/HSI_REFL/001/2020_YELL_3,2020-07-05
NA5120_E1411N0814,EPSG:32612,-110.67363459662673,44.90762178751659,525763.8863435898,4972740.237587433,7226880.0,4170240.0,12TWQ,1,projects/neon-prod-earthengine/assets/HSI_REFL/001/2020_YELL_3,2020-07-05
NA5120_E1411N0815,EPSG:32612,-110.68455175307612,44.95283090561536,524882.5381744817,4977758.9285654,7226880.0,4175360.0,12TWQ,1,projects/neon-prod-earthengine/assets/HSI_REFL/001/2020_YELL_3,2020-07-05
NA5120_E1411N0816,EPSG:32612,-110.69549159844462,44.9980379409228,524000.73919869255,4982777.537152537,7226880.0,4180480.0,12TWQ,1,projects/neon-prod-earthengine/assets/HSI_REFL/001/2020_YELL_3,2020-07-05
NA5120_E1412N0813,EPSG:32612,-110.5990734287367,44.87042093882019,531670.2907594735,4968634.148288637,7232000.0,4165120.0,12TWQ,1,projects/neon-prod-earthengine/assets/HSI_REFL/001/2020_YELL_3,2020-07-05
NA5120_E1412N0814,EPSG:32612,-110.60991819457544,44.91564032003988,530789.4952780401,4973653.182525998,7232000.0,4170240.0,12TWQ,1,projects/neon-prod-earthengine/assets/HSI_REFL/001/2020_YELL_3,2020-07-05
NA5120_E1412N0815,EPSG:32612,-110.62078548759833,44.96085763947063,529908.2475609473,4978672.133515896,7232000.0,4175360.0,12TWQ,1,projects/neon-prod-earthengine/assets/HSI_REFL/001/2020_YELL_3,2020-07-05
NA5120_E1412N0816,EPSG:32612,-110.6316753736239,45.006072892022296,529026.5481412878,4983691.001410909,7232000.0,4180480.0,12TWQ,1,projects/neon-prod-earthengine/assets/HSI_REFL/001/2020_YELL_3,2020-07-05
NA5120_E1413N0813,EPSG:32612,-110.53538851650883,44.878393112624366,536695.8706169685,4969546.544482939,7237120.0,4165120.0,12TWQ,1,projects/neon-prod-earthengine/assets/HSI_REFL/001/2020_YELL_3,2020-07-05
NA5120_E1413N0814,EPSG:32612,-110.54618345836433,44.923620643133916,535815.1755843486,4974565.84138546,7237120.0,4170240.0,12TWQ,1,projects/neon-prod-earthengine/assets/HSI_REFL/001/2020_YELL_3,2020-07-05
NA5120_E1413N0815,EPSG:32612,-110.55700083151451,44.9688461276593,534934.0274192949,4979585.054336865,7237120.0,4175360.0,12TWQ,1,projects/neon-prod-earthengine/assets/HSI_REFL/001/2020_YELL_3,2020-07-05
NA5120_E1413N0816,EPSG:32612,-110.56784070153044,45.01406956115636,534052.4266551987,4984604.183489245,7237120.0,4180480.0,12TWQ,1,projects/neon-prod-earthengine/assets/HSI_REFL/001/2020_YELL_3,2020-07-05
NA5120_E1414N0813,EPSG:32612,-110.47168540365286,44.886327092479284,541721.5257525161,4970458.653768873,7242240.0,4165120.0,12TWQ,1,projects/neon-prod-earthengine/assets/HSI_REFL/001/2020_YELL_3,2020-07-05
NA5120_E1414N0814,EPSG:32612,-110.48243046551079,44.931562736042366,540840.9302695895,4975478.215286778,7242240.0,4170240.0,12TWQ,1,projects/neon-prod-earthengine/assets/HSI_REFL/001/2020_YELL_3,2020-07-05
NA5120_E1414N0815,EPSG:32612,-110.49319786255509,44.97679634936452,539959.8807568703,4980497.692149827,7242240.0,4175360.0,12TWQ,1,projects/neon-prod-earthengine/assets/HSI_REFL/001/2020_YELL_3,2020-07-05
NA5120_E1415N0812,EPSG:32612,-110.39729121564083,44.84897712782774,547627.3005439172,4966350.563672521,7247360.0,4160000.0,12TWQ,1,projects/neon-prod-earthengine/assets/HSI_REFL/001/2020_YELL_3,2020-07-05
NA5120_E1415N0813,EPSG:32612,-110.40796416765839,44.89422285777365,546747.2591733201,4971370.477266066,7247360.0,4165120.0,12TWQ,1,projects/neon-prod-earthengine/assets/HSI_REFL/001/2020_YELL_3,2020-07-05
NA5120_E1415N0814,EPSG:32612,-110.41865929371761,44.93946657809392,545866.7623412407,4976390.305350148,7247360.0,4170240.0,12TWQ,1,projects/neon-prod-earthengine/assets/HSI_REFL/001/2020_YELL_3,2020-07-05
NA5120_E1415N0815,EPSG:32612,-110.42937665863684,44.98470828385473,544985.8105814008,4981410.048075543,7247360.0,4175360.0,12TWQ,1,projects/neon-prod-earthengine/assets/HSI_REFL/001/2020_YELL_3,2020-07-05
NA5120_E1416N0814,EPSG:32612,-110.35487002087247,44.94733214870259,550892.6748071683,4977302.112695002,7252480.0,4170240.0,12TWQ,1,projects/neon-prod-earthengine/assets/HSI_REFL/001/2020_YELL_3,2020-07-05
NA5120_E1416N0815,EPSG:32612,-110.36553729786212,44.99258191048392,550011.8199010193,4982322.123234019,7252480.0,4175360.0,12TWQ,1,projects/neon-prod-earthengine/assets/HSI_REFL/001/2020_YELL_3,2020-07-05
NA5120_E1241N0877,EPSG:32610,-122.41567086524356,45.728558168502936,545466.6776321328,5064055.176257928,6356480.0,4492800.0,10TER,1,projects/neon-prod-earthengine/assets/HSI_REFL/001/2021_ABBY_4,2021-07-19
NA5120_E1242N0876,EPSG:32610,-122.33276143731919,45.700605646920536,551943.7488078836,5061000.074202459,6361600.0,4487680.0,10TER,1,projects/neon-prod-earthengine/assets/HSI_REFL/001/2021_ABBY_4,2021-07-19
NA5120_E1242N0877,EPSG:32610,-122.35353102481199,45.74359704491627,550288.2756978411,5065763.20573849,6361600.0,4492800.0,10TER,1,projects/neon-prod-earthengine/assets/HSI_REFL/001/2021_ABBY_4,2021-07-19
NA5120_E1242N0878,EPSG:32610,-122.37434228818476,45.786582014929415,548632.0205747931,5070526.053871758,6361600.0,4497920.0,10TER,1,projects/neon-prod-earthengine/assets/HSI_REFL/001/2021_ABBY_4,2021-07-19
NA5120_E1243N0876,EPSG:32610,-122.27062901279122,45.71559447172785,556765.5055805763,5062707.540308963,6366720.0,4487680.0,10TER,1,projects/neon-prod-earthengine/assets/HSI_REFL/001/2021_ABBY_4,2021-07-19
NA5120_E1243N0877,EPSG:32610,-122.2913571795035,45.758600711648256,555109.9519185104,5067471.105404847,6366720.0,4492800.0,10TER,1,projects/neon-prod-earthengine/assets/HSI_REFL/001/2021_ABBY_4,2021-07-19
NA5120_E1243N0878,EPSG:32610,-122.31212696611475,45.8016005499415,553453.615831048,5072234.385919138,6366720.0,4497920.0,10TER,1,projects/neon-prod-earthengine/assets/HSI_REFL/001/2021_ABBY_4,2021-07-19
NA5120_E1244N0877,EPSG:32610,-122.22914937317344,45.77356913199143,559931.708705443,5069178.877199959,6371840.0,4492800.0,10TER,1,projects/neon-prod-earthengine/assets/HSI_REFL/001/2021_ABBY_4,2021-07-19
NA5120_E1244N0878,EPSG:32610,-122.24987758536582,45.81658381350815,558275.2901132777,5073942.591485151,6371840.0,4497920.0,10TER,1,projects/neon-prod-earthengine/assets/HSI_REFL/001/2021_ABBY_4,2021-07-19
NA5120_E1193N1400,EPSG:32606,-147.68751781958738,65.11011685485525,467712.97994703695,7220902.702091069,6110720.0,7170560.0,06WVT,1,projects/neon-prod-earthengine/assets/HSI_REFL/001/2021_BONA_4,2021-07-13
NA5120_E1194N1399,EPSG:32606,-147.53344985070194,65.10861050910181,474946.70460497064,7220664.892561226,6115840.0,7165440.0,06WVT,1,projects/neon-prod-earthengine/assets/HSI_REFL/001/2021_BONA_4,2021-07-13
NA5120_E1194N1400,EPSG:32606,-147.60897280258578,65.14055041333378,471434.19954146934,7224256.53787991,6115840.0,7170560.0,06WVT,1,projects/neon-prod-earthengine/assets/HSI_REFL/001/2021_BONA_4,2021-07-13
NA5120_E1194N1401,EPSG:32606,-147.68469088378342,65.17244649549825,467921.0555231557,7227847.586239987,6115840.0,7175680.0,06WVT,1,projects/neon-prod-earthengine/assets/HSI_REFL/001/2021_BONA_4,2021-07-13
NA5120_E1195N1398,EPSG:32606,-147.37940018637755,65.10694660633776,482180.4000283551,7220427.17308021,6120960.0,7160320.0,06WVT,1,projects/neon-prod-earthengine/assets/HSI_REFL/001/2021_BONA_4,2021-07-13
NA5120_E1195N1399,EPSG:32606,-147.45473334555072,65.138969539431,478667.90678962873,7224019.414693162,6120960.0,7165440.0,06WVT,1,projects/neon-prod-earthengine/assets/HSI_REFL/001/2021_BONA_4,2021-07-13
NA5120_E1195N1400,EPSG:32606,-147.53026163901657,65.17094886550291,475154.775890875,7227611.056272239,6120960.0,7170560.0,06WVT,1,projects/neon-prod-earthengine/assets/HSI_REFL/001/2021_BONA_4,2021-07-13
NA5120_E1195N1401,EPSG:32606,-147.60598555308084,65.20288441720609,471641.00750980125,7231202.09992658,6120960.0,7175680.0,06WVT,1,projects/neon-prod-earthengine/assets/HSI_REFL/001/2021_BONA_4,2021-07-13
NA5120_E1195N1402,EPSG:32606,-147.68190557380896,65.2347760265585,468126.60182231246,7234792.547765851,6120960.0,7180800.0,06WVT,1,projects/neon-prod-earthengine/assets/HSI_REFL/001/2021_BONA_4,2021-07-13
NA5120_E1196N1398,EPSG:32606,-147.30051310118282,65.13723092655673,485901.5896552378,7223782.384261912,6126080.0,7160320.0,06WVT,1,projects/neon-prod-earthengine/assets/HSI_REFL/001/2021_BONA_4,2021-07-13
NA5120_E1196N1399,EPSG:32606,-147.375850692515,65.16929328315958,482388.4674655619,7227374.62236559,6126080.0,7165440.0,06WVT,1,projects/neon-prod-earthengine/assets/HSI_REFL/001/2021_BONA_4,2021-07-13
NA5120_E1196N1400,EPSG:32606,-147.45138390590205,65.20131208110028,478874.709089022,7230966.259468111,6126080.0,7170560.0,06WVT,1,projects/neon-prod-earthengine/assets/HSI_REFL/001/2021_BONA_4,2021-07-13
NA5120_E1196N1401,EPSG:32606,-147.52711323135378,65.23328715280579,475360.314703607,7234557.29767973,6126080.0,7175680.0,06WVT,1,projects/neon-prod-earthengine/assets/HSI_REFL/001/2021_BONA_4,2021-07-13
NA5120_E1197N1399,EPSG:32606,-147.29680147164584,65.19958160969327,486108.38672422984,7230730.517779514,6131200.0,7165440.0,06WVT,1,projects/neon-prod-earthengine/assets/HSI_REFL/001/2021_BONA_4,2021-07-13
NA5120_E1197N1400,EPSG:32606,-147.37233918011498,65.23163992937872,482593.9992275681,7234322.149667233,6131200.0,7170560.0,06WVT,1,projects/neon-prod-earthengine/assets/HSI_REFL/001/2021_BONA_4,2021-07-13
NA5120_E1197N1401,EPSG:32606,-147.44807349228088,65.26365457139897,479078.9771964468,7237913.181697862,6131200.0,7175680.0,06WVT,1,projects/neon-prod-earthengine/assets/HSI_REFL/001/2021_BONA_4,2021-07-13
NA5120_E1198N1400,EPSG:32606,-147.29312703839196,65.26193227910507,486312.6463960579,7237678.729068957,6136320.0,7170560.0,06WVT,1,projects/neon-prod-earthengine/assets/HSI_REFL/001/2021_BONA_4,2021-07-13
NA5120_E1611N0545,EPSG:32614,-97.646057016779,33.32481560589625,626018.9207577497,3688115.077732719,8250880.0,2792960.0,14SPB,1,projects/neon-prod-earthengine/assets/HSI_REFL/001/2021_CLBJ_5,2021-06-19
NA5120_E1611N0546,EPSG:32614,-97.64614693030559,33.37097878824861,625944.0521368855,3693233.4801036874,8250880.0,2798080.0,14SPB,1,projects/neon-prod-earthengine/assets/HSI_REFL/001/2021_CLBJ_5,2021-06-19
NA5120_E1611N0547,EPSG:32614,-97.64623700223066,33.41714162662081,625869.0962642301,3698351.87999616,8250880.0,2803200.0,14SPC,1,projects/neon-prod-earthengine/assets/HSI_REFL/001/2021_CLBJ_5,2021-06-19
NA5120_E1612N0544,EPSG:32614,-97.59197636033426,33.27872114570061,631121.8757700714,3683070.8471029666,8256000.0,2787840.0,14SPB,1,projects/neon-prod-earthengine/assets/HSI_REFL/001/2021_CLBJ_5,2021-06-19
NA5120_E1612N0545,EPSG:32614,-97.59203291685546,33.32488472993673,631047.5340420781,3688189.3423776766,8256000.0,2792960.0,14SPB,1,projects/neon-prod-earthengine/assets/HSI_REFL/001/2021_CLBJ_5,2021-06-19
NA5120_E1612N0546,EPSG:32614,-97.59208957295374,33.37104797051992,630973.1039415916,3693307.8351263576,8256000.0,2798080.0,14SPB,1,projects/neon-prod-earthengine/assets/HSI_REFL/001/2021_CLBJ_5,2021-06-19
NA5120_E1612N0547,EPSG:32614,-97.59214632886192,33.41721086721488,630898.5855174839,3698426.325347452,8256000.0,2803200.0,14SPC,1,projects/neon-prod-earthengine/assets/HSI_REFL/001/2021_CLBJ_5,2021-06-19
NA5120_E1613N0547,EPSG:32614,-97.5380555783662,33.41724868555554,635928.1691819441,3698499.9040197395,8261120.0,2803200.0,14SPC,1,projects/neon-prod-earthengine/assets/HSI_REFL/001/2021_CLBJ_5,2021-06-19
NA5120_E1493N0713,EPSG:32613,-104.78849175274233,40.810329814649414,517839.067942579,4517723.73908467,7646720.0,3653120.0,13TEF,1,projects/neon-prod-earthengine/assets/HSI_REFL/001/2021_CPER_8,2021-05-25
NA5120_E1493N0714,EPSG:32613,-104.79391578098532,40.85617843142088,517369.6235606626,4522812.13811165,7646720.0,3658240.0,13TEF,1,projects/neon-prod-earthengine/assets/HSI_REFL/001/2021_CPER_8,2021-05-25
NA5120_E1494N0712,EPSG:32613,-104.72307856987528,40.76883794517117,523370.7071397633,4513133.277586621,7651840.0,3648000.0,13TEF,1,projects/neon-prod-earthengine/assets/HSI_REFL/001/2021_CPER_8,2021-05-25
NA5120_E1494N0713,EPSG:32613,-104.7284481647661,40.814691553231434,522901.7805693787,4518221.870780458,7651840.0,3653120.0,13TEF,1,projects/neon-prod-earthengine/assets/HSI_REFL/001/2021_CPER_8,2021-05-25
NA5120_E1494N0714,EPSG:32613,-104.73382825283086,40.86054433358505,522432.57881444955,4523310.436971391,7651840.0,3658240.0,13TEF,1,projects/neon-prod-earthengine/assets/HSI_REFL/001/2021_CPER_8,2021-05-25
NA5120_E1495N0713,EPSG:32613,-104.66839616988777,40.81901739830962,527964.557512946,4518719.490484142,7656960.0,3653120.0,13TEF,1,projects/neon-prod-earthengine/assets/HSI_REFL/001/2021_CPER_8,2021-05-25
NA5120_E1495N0714,EPSG:32613,-104.67373229324859,40.86487430869376,527495.5979018629,4523808.2259263415,7656960.0,3658240.0,13TEF,1,projects/neon-prod-earthengine/assets/HSI_REFL/001/2021_CPER_8,2021-05-25
NA5120_E1162N1389,EPSG:32606,-149.22547289199025,63.80974340496802,390424.5845982054,7077723.536591181,5952000.0,7114240.0,05VPL,1,projects/neon-prod-earthengine/assets/HSI_REFL/001/2021_HEAL_4,2021-07-12
NA5120_E1162N1390,EPSG:32606,-149.29884528579254,63.84089163542019,386938.10313377663,7081320.694579154,5952000.0,7119360.0,05VPL,1,projects/neon-prod-earthengine/assets/HSI_REFL/001/2021_HEAL_4,2021-07-12
NA5120_E1163N1388,EPSG:32606,-149.07849670371294,63.809560907925025,397658.5697729272,7077459.263931416,5957120.0,7109120.0,05VPL,1,projects/neon-prod-earthengine/assets/HSI_REFL/001/2021_HEAL_4,2021-07-12
NA5120_E1163N1389,EPSG:32606,-149.1517058577438,63.84078990188783,394172.1868049224,7081057.040619653,5957120.0,7114240.0,05VPL,1,projects/neon-prod-earthengine/assets/HSI_REFL/001/2021_HEAL_4,2021-07-12
NA5120_E1163N1390,EPSG:32606,-149.2250908889932,63.87197552606756,390685.11775810155,7084654.227494199,5957120.0,7119360.0,05VPL,1,projects/neon-prod-earthengine/assets/HSI_REFL/001/2021_HEAL_4,2021-07-12
NA5120_E1163N1391,EPSG:32606,-149.29865218107125,63.90311762628541,387197.3628169739,7088250.826622903,5957120.0,7124480.0,05VPL,1,projects/neon-prod-earthengine/assets/HSI_REFL/001/2021_HEAL_4,2021-07-12
NA5120_E1164N1389,EPSG:32606,-149.0777892905076,63.871804527057776,397919.16001855955,7084391.166532832,5962240.0,7114240.0,05VPL,1,projects/neon-prod-earthengine/assets/HSI_REFL/001/2021_HEAL_4,2021-07-12
NA5120_E1164N1390,EPSG:32606,-149.15118662590893,63.903027594880264,394431.5017316815,7087988.381597155,5962240.0,7119360.0,05VPL,1,projects/neon-prod-earthengine/assets/HSI_REFL/001/2021_HEAL_4,2021-07-12
NA5120_E1164N1391,EPSG:32606,-149.22476067050223,63.9342071763335,390943.1589911946,7091585.007940593,5962240.0,7124480.0,05VPL,1,projects/neon-prod-earthengine/assets/HSI_REFL/001/2021_HEAL_4,2021-07-12
NA5120_E1165N1390,EPSG:32606,-149.07713211019774,63.93404772689991,398177.2552100974,7091323.159111867,5967360.0,7119360.0,05VPL,1,projects/neon-prod-earthengine/assets/HSI_REFL/001/2021_HEAL_4,2021-07-12
NA5120_E1859N0518,EPSG:32616,-84.56417016863521,31.163221180903186,732174.7837402285,3450246.011093938,9520640.0,2654720.0,16RGV,1,projects/neon-prod-earthengine/assets/HSI_REFL/001/2021_JERC_6,2021-09-05
NA5120_E1859N0519,EPSG:32616,-84.55664702049577,31.208648851157026,732780.7755203196,3455298.6362213045,9520640.0,2659840.0,16RGV,1,projects/neon-prod-earthengine/assets/HSI_REFL/001/2021_JERC_6,2021-09-05
NA5120_E1859N0520,EPSG:32616,-84.54911117176145,31.25407506531401,733387.1489204849,3460351.2311058845,9520640.0,2664960.0,16RGV,1,projects/neon-prod-earthengine/assets/HSI_REFL/001/2021_JERC_6,2021-09-05
NA5120_E1859N0521,EPSG:32616,-84.54156259480355,31.299499820480666,733993.9035933707,3465403.7958233356,9520640.0,2670080.0,16RGV,1,projects/neon-prod-earthengine/assets/HSI_REFL/001/2021_JERC_6,2021-09-05
NA5120_E1860N0518,EPSG:32616,-84.51224758072561,31.155805696698273,737143.7866837252,3449533.94532818,9525760.0,2654720.0,16RGV,1,projects/neon-prod-earthengine/assets/HSI_REFL/001/2021_JERC_6,2021-09-05
NA5120_E1860N0519,EPSG:32616,-84.50469582267925,31.201227422216203,737750.243509446,3454586.3951119063,9525760.0,2659840.0,16RGV,1,projects/neon-prod-earthengine/assets/HSI_REFL/001/2021_JERC_6,2021-09-05
NA5120_E1860N0520,EPSG:32616,-84.49713131854219,31.246647682934473,738357.0810065159,3459638.8151043216,9525760.0,2664960.0,16RGV,1,projects/neon-prod-earthengine/assets/HSI_REFL/001/2021_JERC_6,2021-09-05
NA5120_E1860N0521,EPSG:32616,-84.48955404059728,31.292066475939787,738964.2988275888,3464691.205381583,9525760.0,2670080.0,16RGV,1,projects/neon-prod-earthengine/assets/HSI_REFL/001/2021_JERC_6,2021-09-05
NA5120_E1860N0522,EPSG:32616,-84.48196396104193,31.33748379831168,739571.8966250423,3469743.56602004,9525760.0,2675200.0,16RGV,1,projects/neon-prod-earthengine/assets/HSI_REFL/001/2021_JERC_6,2021-09-05
NA5120_E1861N0518,EPSG:32616,-84.46033464285645,31.14836103043222,742112.8039097404,3448820.9210052374,9530880.0,2654720.0,16RGV,1,projects/neon-prod-earthengine/assets/HSI_REFL/001/2021_JERC_6,2021-09-05
NA5120_E1861N0519,EPSG:32616,-84.4527542989953,31.19377678925561,742719.7264175967,3453873.1973528373,9530880.0,2659840.0,16RGV,1,projects/neon-prod-earthengine/assets/HSI_REFL/001/2021_JERC_6,2021-09-05
NA5120_E1861N0520,EPSG:32616,-84.44516116361943,31.239191074548014,743327.0286486651,3458925.4443611503,9530880.0,2664960.0,16RGV,1,projects/neon-prod-earthengine/assets/HSI_REFL/001/2021_JERC_6,2021-09-05
NA5120_E1861N0521,EPSG:32616,-84.43755520892354,31.28460388337626,743934.7102556005,3463977.6621068376,9530880.0,2670080.0,16RGV,1,projects/neon-prod-earthengine/assets/HSI_REFL/001/2021_JERC_6,2021-09-05
NA5120_E1861N0522,EPSG:32616,-84.42993640701664,31.33001521279992,744542.770890791,3469029.8506667456,9530880.0,2675200.0,16RGV,1,projects/neon-prod-earthengine/assets/HSI_REFL/001/2021_JERC_6,2021-09-05
NA5120_E1862N0518,EPSG:32616,-84.40843138884186,31.140887193759276,747081.8382173231,3448106.9372248375,9536000.0,2654720.0,16RGV,1,projects/neon-prod-earthengine/assets/HSI_REFL/001/2021_JERC_6,2021-09-05
NA5120_E1862N0519,EPSG:32616,-84.4008224833355,31.186296963955183,747689.2270452842,3453159.0420432617,9536000.0,2659840.0,16RGV,1,projects/neon-prod-earthengine/assets/HSI_REFL/001/2021_JERC_6,2021-09-05
NA5120_E1862N0520,EPSG:32616,-84.39320074096231,31.23170525186033,748296.9946489134,3458211.1179749803,9536000.0,2664960.0,16RGV,1,projects/neon-prod-earthengine/assets/HSI_REFL/001/2021_JERC_6,2021-09-05
NA5120_E1862N0521,EPSG:32616,-84.38556613382916,31.277112054521602,748905.1406808643,3463263.165097153,9536000.0,2670080.0,16RGV,1,projects/neon-prod-earthengine/assets/HSI_REFL/001/2021_JERC_6,2021-09-05
NA5120_E1862N0522,EPSG:32616,-84.377918633957,31.32251736897855,749513.664793526,3468315.183487121,9536000.0,2675200.0,16RGV,1,projects/neon-prod-earthengine/assets/HSI_REFL/001/2021_JERC_6,2021-09-05
NA5120_E1437N0538,EPSG:32613,-106.96520394227089,32.5170605023252,315409.8383105557,3599452.402034796,7360000.0,2757120.0,13SCS,1,projects/neon-prod-earthengine/assets/HSI_REFL/001/2021_JORN_4,2021-08-26
NA5120_E1437N0539,EPSG:32613,-106.97090418868498,32.56282321657088,314968.25157471723,3604536.4541087477,7360000.0,2762240.0,13SCS,1,projects/neon-prod-earthengine/assets/HSI_REFL/001/2021_JORN_4,2021-08-26
NA5120_E1437N0540,EPSG:32613,-106.97661428786306,32.60858496518419,314526.39987373917,3609620.4923536936,7360000.0,2767360.0,13SCS,1,projects/neon-prod-earthengine/assets/HSI_REFL/001/2021_JORN_4,2021-08-26
NA5120_E1437N0541,EPSG:32613,-106.98233426214115,32.654345746412766,314084.2834675836,3614704.5168119213,7360000.0,2772480.0,13SCS,1,projects/neon-prod-earthengine/assets/HSI_REFL/001/2021_JORN_4,2021-08-26
NA5120_E1438N0538,EPSG:32613,-106.91208494364994,32.52250734694141,320410.90454514476,3599965.537034456,7365120.0,2757120.0,13SCS,1,projects/neon-prod-earthengine/assets/HSI_REFL/001/2021_JORN_4,2021-08-26
NA5120_E1438N0539,EPSG:32613,-106.91775408687705,32.56827455322377,319969.7657398542,3605049.7042309605,7365120.0,2762240.0,13SCS,1,projects/neon-prod-earthengine/assets/HSI_REFL/001/2021_JORN_4,2021-08-26
NA5120_E1438N0540,EPSG:32613,-106.92343303075026,32.614040800730415,319528.36096329964,3610133.8572596153,7365120.0,2767360.0,13SCS,1,projects/neon-prod-earthengine/assets/HSI_REFL/001/2021_JORN_4,2021-08-26
NA5120_E1438N0541,EPSG:32613,-106.92912179749374,32.65980608772537,319086.6904753739,3615217.996162359,7365120.0,2772480.0,13SCS,1,projects/neon-prod-earthengine/assets/HSI_REFL/001/2021_JORN_4,2021-08-26
NA5120_E1438N0542,EPSG:32613,-106.934820409403,32.70557041246887,318644.75453615247,3620302.1209812304,7365120.0,2777600.0,13SCS,1,projects/neon-prod-earthengine/assets/HSI_REFL/001/2021_JORN_4,2021-08-26
NA5120_E1439N0538,EPSG:32613,-106.8589584526404,32.527923814862426,325411.94876679697,3600477.7674043993,7370240.0,2757120.0,13SCS,1,projects/neon-prod-earthengine/assets/HSI_REFL/001/2021_JORN_4,2021-08-26
NA5120_E1439N0539,EPSG:32613,-106.86459647343686,32.57369548893741,324971.25742027094,3605562.0517127593,7370240.0,2762240.0,13SCS,1,projects/neon-prod-earthengine/assets/HSI_REFL/001/2021_JORN_4,2021-08-26
NA5120_E1439N0540,EPSG:32613,-106.87024424270157,32.61946621105844,324530.2990959557,3610646.3215150214,7370240.0,2767360.0,13SCS,1,projects/neon-prod-earthengine/assets/HSI_REFL/001/2021_JORN_4,2021-08-26
NA5120_E1439N0541,EPSG:32613,-106.87590178254669,32.665235979505766,324089.0740536583,3615730.576852759,7370240.0,2772480.0,13SCS,1,projects/neon-prod-earthengine/assets/HSI_REFL/001/2021_JORN_4,2021-08-26
NA5120_E1439N0542,EPSG:32613,-106.88156911515526,32.71100479255598,323647.5825533848,3620814.8177676573,7370240.0,2777600.0,13SCS,1,projects/neon-prod-earthengine/assets/HSI_REFL/001/2021_JORN_4,2021-08-26
NA5120_E1440N0538,EPSG:32613,-106.80582450883517,32.53330989709124,330412.97388211807,3600989.0938009913,7375360.0,2757120.0,13SCS,1,projects/neon-prod-earthengine/assets/HSI_REFL/001/2021_JORN_4,2021-08-26
NA5120_E1440N0539,EPSG:32613,-106.81143138805477,32.57908601469409,329972.72952402325,3606073.497210891,7375360.0,2762240.0,13SCS,1,projects/neon-prod-earthengine/assets/HSI_REFL/001/2021_JORN_4,2021-08-26
NA5120_E1440N0540,EPSG:32613,-106.81704796350522,32.624861187129696,329532.2171811937,3611157.8857770227,7375360.0,2767360.0,13SCS,1,projects/neon-prod-earthengine/assets/HSI_REFL/001/2021_JORN_4,2021-08-26
NA5120_E1440N0541,EPSG:32613,-106.82267425718628,32.67063541269458,329091.43711336795,3616242.259540613,7375360.0,2772480.0,13SCS,1,projects/neon-prod-earthengine/assets/HSI_REFL/001/2021_JORN_4,2021-08-26
NA5120_E1440N0542,EPSG:32613,-106.8283102911683,32.71640868968151,328650.3895804804,3621326.618542979,7375360.0,2777600.0,13SCS,1,projects/neon-prod-earthengine/assets/HSI_REFL/001/2021_JORN_4,2021-08-26
NA5120_E1441N0538,EPSG:32613,-106.75268315187775,32.538665584678135,335413.9827979796,3601499.516877983,7380480.0,2757120.0,13SCS,1,projects/neon-prod-earthengine/assets/HSI_REFL/001/2021_JORN_4,2021-08-26
NA5120_E1441N0539,EPSG:32613,-106.75825887047196,32.58444612152336,334974.18495942245,3606584.04137947,7380480.0,2762240.0,13SCS,1,projects/neon-prod-earthengine/assets/HSI_REFL/001/2021_JORN_4,2021-08-26
NA5120_E1441N0540,EPSG:32613,-106.76384423300026,32.630225719953074,334534.1181287721,3611668.5507001188,7380480.0,2767360.0,13SCS,1,projects/neon-prod-earthengine/assets/HSI_REFL/001/2021_JORN_4,2021-08-26
NA5120_E1441N0541,EPSG:32613,-106.76943926134982,32.67600437827989,334093.7825656916,3616753.04488079,7380480.0,2772480.0,13SCS,1,projects/neon-prod-earthengine/assets/HSI_REFL/001/2021_JORN_4,2021-08-26
NA5120_E1441N0542,EPSG:32613,-106.77504397747806,32.72178209481272,333653.1785300558,3621837.5239624386,7380480.0,2777600.0,13SCS,1,projects/neon-prod-earthengine/assets/HSI_REFL/001/2021_JORN_4,2021-08-26
NA5120_E1235N0845,EPSG:32610,-122.13423299517589,44.26202548406616,569105.9636116428,4901340.521952516,6325760.0,4328960.0,10TEQ,1,projects/neon-prod-earthengine/assets/HSI_REFL/001/2021_MCRA_2,2021-07-22
NA5120_E1584N0588,EPSG:32614,-99.14859238303961,35.295282817705726,486489.5845933607,3905799.727854054,8112640.0,3013120.0,14SME,1,projects/neon-prod-earthengine/assets/HSI_REFL/001/2021_OAES_5,2021-06-22
NA5120_E1584N0589,EPSG:32614,-99.14965834509333,35.34141862450361,486400.39076451847,3910916.434408161,8112640.0,3018240.0,14SME,1,projects/neon-prod-earthengine/assets/HSI_REFL/001/2021_OAES_5,2021-06-22
NA5120_E1584N0590,EPSG:32614,-99.15072623350052,35.38755405773771,486311.14088590926,3916033.140110683,8112640.0,3023360.0,14SME,1,projects/neon-prod-earthengine/assets/HSI_REFL/001/2021_OAES_5,2021-06-22
NA5120_E1584N0591,EPSG:32614,-99.15179605295856,35.43368911716061,486221.8350125241,3921149.844963151,8112640.0,3028480.0,14SME,1,projects/neon-prod-earthengine/assets/HSI_REFL/001/2021_OAES_5,2021-06-22
NA5120_E1585N0588,EPSG:32614,-99.09310495641027,35.29623298904202,491534.7501461447,3905898.9551128834,8117760.0,3013120.0,14SME,1,projects/neon-prod-earthengine/assets/HSI_REFL/001/2021_OAES_5,2021-06-22
NA5120_E1585N0589,EPSG:32614,-99.09413506984633,35.342369622175006,491445.95064299594,3911015.693259932,8117760.0,3018240.0,14SME,1,projects/neon-prod-earthengine/assets/HSI_REFL/001/2021_OAES_5,2021-06-22
NA5120_E1585N0590,EPSG:32614,-99.09516704491071,35.38850588309924,491357.0940160986,3916132.4304857138,8117760.0,3023360.0,14SME,1,projects/neon-prod-earthengine/assets/HSI_REFL/001/2021_OAES_5,2021-06-22
NA5120_E1585N0591,EPSG:32614,-99.09620088614314,35.43464177157071,491268.18032031157,3921249.1667916733,8117760.0,3028480.0,14SME,1,projects/neon-prod-earthengine/assets/HSI_REFL/001/2021_OAES_5,2021-06-22
NA5120_E1586N0588,EPSG:32614,-99.03761608189483,35.29715064050322,496579.925383827,3905997.3987511843,8122880.0,3013120.0,14SME,1,projects/neon-prod-earthengine/assets/HSI_REFL/001/2021_OAES_5,2021-06-22
NA5120_E1586N0589,EPSG:32614,-99.03861034280473,35.34328807171604,496491.5201146442,3911114.1705841483,8122880.0,3018240.0,14SME,1,projects/neon-prod-earthengine/assets/HSI_REFL/001/2021_OAES_5,2021-06-22
NA5120_E1586N0590,EPSG:32614,-99.03960640060473,35.38942513202884,496403.05664763093,3916230.941426726,8122880.0,3023360.0,14SME,1,projects/neon-prod-earthengine/assets/HSI_REFL/001/2021_OAES_5,2021-06-22
NA5120_E1586N0591,EPSG:32614,-99.04060425967685,35.43556182120101,496314.5350375184,3921347.711280292,8122880.0,3028480.0,14SME,1,projects/neon-prod-earthengine/assets/HSI_REFL/001/2021_OAES_5,2021-06-22
NA5120_E1911N0494,EPSG:32617,-82.08876738088857,29.65645519331962,394627.8440820799,3281214.2122525317,9786880.0,2531840.0,17RLN,1,projects/neon-prod-earthengine/assets/HSI_REFL/001/2021_OSBS_6,2021-08-31
NA5120_E1911N0495,EPSG:32617,-82.08014000891708,29.701590709800623,395509.5545246133,3286207.985184914,9786880.0,2536960.0,17RLN,1,projects/neon-prod-earthengine/assets/HSI_REFL/001/2021_OSBS_6,2021-08-31
NA5120_E1911N0496,EPSG:32617,-82.07149840645081,29.746724374356983,396391.9560525717,3291201.6207733853,9786880.0,2542080.0,17RLN,1,projects/neon-prod-earthengine/assets/HSI_REFL/001/2021_OSBS_6,2021-08-31
NA5120_E1912N0493,EPSG:32617,-82.04667141678675,29.602574252645827,398648.2480664607,3275206.016991814,9792000.0,2526720.0,17RLN,1,projects/neon-prod-earthengine/assets/HSI_REFL/001/2021_OSBS_6,2021-08-31
NA5120_E1912N0494,EPSG:32617,-82.0380320007597,29.64770481132511,399529.6633595402,3280199.4680116526,9792000.0,2531840.0,17RLN,1,projects/neon-prod-earthengine/assets/HSI_REFL/001/2021_OSBS_6,2021-08-31
NA5120_E1912N0495,EPSG:32617,-82.02937834406484,29.692833512283634,400411.7693653469,3285192.7822099244,9792000.0,2536960.0,17RLN,1,projects/neon-prod-earthengine/assets/HSI_REFL/001/2021_OSBS_6,2021-08-31
NA5120_E1912N0496,EPSG:32617,-82.02071041706881,29.737960351753777,401294.5655677327,3290185.959677189,9792000.0,2542080.0,17RLN,1,projects/neon-prod-earthengine/assets/HSI_REFL/001/2021_OSBS_6,2021-08-31
NA5120_E1913N0494,EPSG:32617,-81.98730730056577,29.63892638994838,404431.2340163172,3279183.7949529234,9797120.0,2531840.0,17RLN,1,projects/neon-prod-earthengine/assets/HSI_REFL/001/2021_OSBS_6,2021-08-31
NA5120_E1913N0495,EPSG:32617,-81.97862738510207,29.684048255427275,405313.7363951855,3284176.6522160387,9797120.0,2536960.0,17RLN,1,projects/neon-prod-earthengine/assets/HSI_REFL/001/2021_OSBS_6,2021-08-31
NA5120_E1913N0496,EPSG:32617,-81.96993315960475,29.72916824983061,406196.9280829108,3289169.3733612294,9797120.0,2542080.0,17RLN,1,projects/neon-prod-earthengine/assets/HSI_REFL/001/2021_OSBS_6,2021-08-31
NA5120_E1914N0494,EPSG:32617,-81.93659330921825,29.630119942133515,409332.5586894684,3278167.191971731,9802240.0,2531840.0,17RMN,1,projects/neon-prod-earthengine/assets/HSI_REFL/001/2021_OSBS_6,2021-08-31
NA5120_E1914N0495,EPSG:32617,-81.92788716100185,29.67523495220287,410215.4582522965,3283159.5940973717,9802240.0,2536960.0,17RMN,1,projects/neon-prod-earthengine/assets/HSI_REFL/001/2021_OSBS_6,2021-08-31
NA5120_E1914N0496,EPSG:32617,-81.91916666309355,29.720348081586227,411099.04623737105,3288151.860718351,9802240.0,2542080.0,17RMN,1,projects/neon-prod-earthengine/assets/HSI_REFL/001/2021_OSBS_6,2021-08-31
NA5120_E1914N0497,EPSG:32617,-81.91043178563339,29.765459326464754,411983.32212890463,3293143.9919273956,9802240.0,2547200.0,17RMN,1,projects/neon-prod-earthengine/assets/HSI_REFL/001/2021_OSBS_6,2021-08-31
NA5120_E1967N0713,EPSG:32618,-76.604427354505,38.85036714283653,360773.7575502021,4301394.857520564,10073600.0,3653120.0,18SUJ,1,projects/neon-prod-earthengine/assets/HSI_REFL/001/2021_SERC_5,2021-08-11
NA5120_E1967N0714,EPSG:32618,-76.58979840081254,38.89441484549036,362128.4205379884,4306260.971004153,10073600.0,3658240.0,18SUJ,1,projects/neon-prod-earthengine/assets/HSI_REFL/001/2021_SERC_5,2021-08-11
NA5120_E1967N0715,EPSG:32618,-76.57514286137894,38.9384586310417,363483.8913353175,4311126.832876539,10073600.0,3663360.0,18SUJ,1,projects/neon-prod-earthengine/assets/HSI_REFL/001/2021_SERC_5,2021-08-11
NA5120_E1968N0713,EPSG:32618,-76.54796366200641,38.83803766420568,365650.5366652569,4299941.992729073,10078720.0,3653120.0,18SUJ,1,projects/neon-prod-earthengine/assets/HSI_REFL/001/2021_SERC_5,2021-08-11
NA5120_E1968N0714,EPSG:32618,-76.53330071961338,38.88207446266876,367005.29138756974,4304807.5963218,10078720.0,3658240.0,18SUJ,1,projects/neon-prod-earthengine/assets/HSI_REFL/001/2021_SERC_5,2021-08-11
NA5120_E1968N0715,EPSG:32618,-76.51861114167377,38.926107326548376,368360.8532672991,4309672.94928626,10078720.0,3663360.0,18SUJ,1,projects/neon-prod-earthengine/assets/HSI_REFL/001/2021_SERC_5,2021-08-11
NA5120_E1227N0682,EPSG:32611,-119.79609879841762,37.065421923051495,251400.21015018882,4105787.665914649,6284800.0,3494400.0,10SGG,1,projects/neon-prod-earthengine/assets/HSI_REFL/001/2021_SJER_5,2021-03-31
NA5120_E1228N0681,EPSG:32611,-119.72647567636365,37.034595916346916,257493.52190327135,4102186.950815264,6289920.0,3489280.0,10SGG,1,projects/neon-prod-earthengine/assets/HSI_REFL/001/2021_SJER_5,2021-03-31
NA5120_E1228N0682,EPSG:32611,-119.741311983188,37.07841723162655,256313.93843769428,4107087.735670382,6289920.0,3494400.0,10SGG,1,projects/neon-prod-earthengine/assets/HSI_REFL/001/2021_SJER_5,2021-03-31
NA5120_E1228N0683,EPSG:32611,-119.75617436964487,37.122234376699744,255133.685255449,4111988.3925380283,6289920.0,3499520.0,10SGG,1,projects/neon-prod-earthengine/assets/HSI_REFL/001/2021_SJER_5,2021-03-31
NA5120_E1229N0681,EPSG:32611,-119.67169918454964,37.04754982882335,262407.01299459615,4103486.0453842487,6295040.0,3489280.0,10SGG,1,projects/neon-prod-earthengine/assets/HSI_REFL/001/2021_SJER_5,2021-03-31
NA5120_E1229N0682,EPSG:32611,-119.68650466624634,37.091382183964,261227.67759886372,4108387.168000032,6295040.0,3494400.0,10SGG,1,projects/neon-prod-earthengine/assets/HSI_REFL/001/2021_SJER_5,2021-03-31
NA5120_E1229N0683,EPSG:32611,-119.70133618511441,37.13521038575766,260047.67179093286,4113288.161779324,6295040.0,3499520.0,10SGG,1,projects/neon-prod-earthengine/assets/HSI_REFL/001/2021_SJER_5,2021-03-31
NA5120_E1235N0678,EPSG:32611,-119.29890833804365,36.99291626233064,295417.91993752646,4096556.9196296535,6325760.0,3473920.0,11SKA,1,projects/neon-prod-earthengine/assets/HSI_REFL/001/2021_SOAP_5,2021-07-12
NA5120_E1235N0679,EPSG:32611,-119.31345079845264,37.0368265224638,294242.0763906385,4101460.507276549,6325760.0,3479040.0,11SKB,1,projects/neon-prod-earthengine/assets/HSI_REFL/001/2021_SOAP_5,2021-07-12
NA5120_E1235N0680,EPSG:32611,-119.32801885902032,37.080732758014534,293065.5563261145,4106363.960197665,6325760.0,3484160.0,11SKB,1,projects/neon-prod-earthengine/assets/HSI_REFL/001/2021_SOAP_5,2021-07-12
NA5120_E1236N0678,EPSG:32611,-119.2440829000528,37.00562459592333,300330.8451279858,4097850.5304439072,6330880.0,3473920.0,11SKB,1,projects/neon-prod-earthengine/assets/HSI_REFL/001/2021_SOAP_5,2021-07-12
NA5120_E1236N0679,EPSG:32611,-119.25859430233899,37.04954570017534,299155.24369540846,4102754.4700977015,6330880.0,3479040.0,11SKB,1,projects/neon-prod-earthengine/assets/HSI_REFL/001/2021_SOAP_5,2021-07-12
NA5120_E1236N0680,EPSG:32611,-119.27313126138687,37.09346279646379,297978.9650420021,4107658.2741783834,6330880.0,3484160.0,11SKB,1,projects/neon-prod-earthengine/assets/HSI_REFL/001/2021_SOAP_5,2021-07-12
NA5120_E1237N0677,EPSG:32611,-119.17478258548331,36.97436656278276,306418.48887938564,4094239.0794938537,6336000.0,3468800.0,11SKA,1,projects/neon-prod-earthengine/assets/HSI_REFL/001/2021_SOAP_5,2021-07-12
NA5120_E1237N0678,EPSG:32611,-119.18923742435895,37.018302472342036,305243.8069778315,4099143.5095124585,6336000.0,3473920.0,11SKB,1,projects/neon-prod-earthengine/assets/HSI_REFL/001/2021_SOAP_5,2021-07-12
NA5120_E1237N0679,EPSG:32611,-119.20371771729198,37.0622343997353,304068.4465129827,4104047.802848522,6336000.0,3479040.0,11SKB,1,projects/neon-prod-earthengine/assets/HSI_REFL/001/2021_SOAP_5,2021-07-12
NA5120_E1237N0680,EPSG:32611,-119.2182235234326,37.106162335764985,302892.4081232314,4108951.959764077,6336000.0,3484160.0,11SKB,1,projects/neon-prod-earthengine/assets/HSI_REFL/001/2021_SOAP_5,2021-07-12
NA5120_E1238N0680,EPSG:32611,-119.16329567792747,37.118831353051874,307805.8882205107,4110245.018492924,6341120.0,3484160.0,11SLB,1,projects/neon-prod-earthengine/assets/HSI_REFL/001/2021_SOAP_5,2021-07-12
NA5120_E1360N0532,EPSG:32612,-110.98192716730446,31.73510840195861,501711.96518590656,3511075.2131336257,6965760.0,2726400.0,12SVA,1,projects/neon-prod-earthengine/assets/HSI_REFL/001/2021_SRER_4,2021-08-23
NA5120_E1361N0532,EPSG:32612,-110.92967472019126,31.74282607563307,506661.07319567853,3511932.632537056,6970880.0,2726400.0,12SVA,1,projects/neon-prod-earthengine/assets/HSI_REFL/001/2021_SRER_4,2021-08-23
NA5120_E1361N0533,EPSG:32612,-110.93759431725105,31.788187615835874,505908.06136762694,3516959.975530469,6970880.0,2731520.0,12SVA,1,projects/neon-prod-earthengine/assets/HSI_REFL/001/2021_SRER_4,2021-08-23
NA5120_E1361N0534,EPSG:32612,-110.94552735409772,31.833547591521924,505154.50640777504,3521987.2342470107,6970880.0,2736640.0,12SVA,1,projects/neon-prod-earthengine/assets/HSI_REFL/001/2021_SRER_4,2021-08-23
NA5120_E1361N0535,EPSG:32612,-110.9534738602556,31.87890599954066,504400.4087589402,3527014.4087705817,6970880.0,2741760.0,12SVA,1,projects/neon-prod-earthengine/assets/HSI_REFL/001/2021_SRER_4,2021-08-23
NA5120_E1361N0536,EPSG:32612,-110.96143386534057,31.924262836733515,503645.76886425953,3532041.499185429,6970880.0,2746880.0,12SVA,1,projects/neon-prod-earthengine/assets/HSI_REFL/001/2021_SRER_4,2021-08-23
NA5120_E1362N0532,EPSG:32612,-110.87741205652863,31.75051433493746,511610.3340084088,3512789.1693388447,6976000.0,2726400.0,12SWA,1,projects/neon-prod-earthengine/assets/HSI_REFL/001/2021_SRER_4,2021-08-23
NA5120_E1362N0533,EPSG:32612,-110.88530256095152,31.795882086357963,510857.7214534506,3517816.85284724,6976000.0,2731520.0,12SWA,1,projects/neon-prod-earthengine/assets/HSI_REFL/001/2021_SRER_4,2021-08-23
NA5120_E1362N0534,EPSG:32612,-110.89320645889448,31.84124828243387,510104.56483958464,3522844.4515345558,6976000.0,2736640.0,12SWA,1,projects/neon-prod-earthengine/assets/HSI_REFL/001/2021_SRER_4,2021-08-23
NA5120_E1362N0535,EPSG:32612,-110.90112377979189,31.886612920035653,509350.864609819,3527871.965484011,6976000.0,2741760.0,12SWA,1,projects/neon-prod-earthengine/assets/HSI_REFL/001/2021_SRER_4,2021-08-23
NA5120_E1362N0536,EPSG:32612,-110.9090545531695,31.931975996025816,508596.62120749324,3532899.3947791783,6976000.0,2746880.0,12SWA,1,projects/neon-prod-earthengine/assets/HSI_REFL/001/2021_SRER_4,2021-08-23
NA5120_E1363N0531,EPSG:32612,-110.81729114257173,31.71279768410844,517311.4189657469,3508616.7131716507,6981120.0,2721280.0,12SWA,1,projects/neon-prod-earthengine/assets/HSI_REFL/001/2021_SRER_4,2021-08-23
NA5120_E1363N0532,EPSG:32612,-110.82513921088189,31.7581731676299,516559.7503898245,3513644.8245201884,6981120.0,2726400.0,12SWA,1,projects/neon-prod-earthengine/assets/HSI_REFL/001/2021_SRER_4,2021-08-23
NA5120_E1363N0533,EPSG:32612,-110.8330005971151,31.803547108050758,515807.5363841208,3518672.8504215693,6981120.0,2731520.0,12SWA,1,projects/neon-prod-earthengine/assets/HSI_REFL/001/2021_SRER_4,2021-08-23
NA5120_E1363N0534,EPSG:32612,-110.8408753305248,31.84891950227035,515054.7773915216,3523700.790957985,6981120.0,2736640.0,12SWA,1,projects/neon-prod-earthengine/assets/HSI_REFL/001/2021_SRER_4,2021-08-23
NA5120_E1363N0535,EPSG:32612,-110.84876344045517,31.89429034718008,514301.4738552236,3528728.646211973,6981120.0,2741760.0,12SWA,1,projects/neon-prod-earthengine/assets/HSI_REFL/001/2021_SRER_4,2021-08-23
NA5120_E1363N0536,EPSG:32612,-110.85666495634149,31.939659639663486,513547.6262187519,3533756.416266426,6981120.0,2746880.0,12SWA,1,projects/neon-prod-earthengine/assets/HSI_REFL/001/2021_SRER_4,2021-08-23
NA5120_E1364N0531,EPSG:32612,-110.76503724690475,31.72042092032527,522260.59492684423,3509471.1428964864,6986240.0,2721280.0,12SWA,1,projects/neon-prod-earthengine/assets/HSI_REFL/001/2021_SRER_4,2021-08-23
NA5120_E1364N0532,EPSG:32612,-110.77285621788145,31.765802561509144,521509.3251066077,3514499.599059884,6986240.0,2726400.0,12SWA,1,projects/neon-prod-earthengine/assets/HSI_REFL/001/2021_SRER_4,2021-08-23
NA5120_E1364N0533,EPSG:32612,-110.78068846045136,31.811182668685944,520757.5089275147,3519527.9692332386,6986240.0,2731520.0,12SWA,1,projects/neon-prod-earthengine/assets/HSI_REFL/001/2021_SRER_4,2021-08-23
NA5120_E1364N0534,EPSG:32612,-110.78853400377761,31.85656123877582,520005.14683264075,3524556.253498054,6986240.0,2736640.0,12SWA,1,projects/neon-prod-earthengine/assets/HSI_REFL/001/2021_SRER_4,2021-08-23
NA5120_E1364N0535,EPSG:32612,-110.7963928771139,31.90193826869109,519252.2392653765,3529584.451936191,6986240.0,2741760.0,12SWA,1,projects/neon-prod-earthengine/assets/HSI_REFL/001/2021_SRER_4,2021-08-23
NA5120_E1364N0536,EPSG:32612,-110.80426510980475,31.947313755336264,518498.7866694447,3534612.564629863,6986240.0,2746880.0,12SWA,1,projects/neon-prod-earthengine/assets/HSI_REFL/001/2021_SRER_4,2021-08-23
NA5120_E1365N0533,EPSG:32612,-110.72836618573514,31.818788756075985,525707.641852458,3520382.210259628,6991360.0,2731520.0,12SWA,1,projects/neon-prod-earthengine/assets/HSI_REFL/001/2021_SRER_4,2021-08-23
NA5120_E1365N0534,EPSG:32612,-110.73618251350733,31.86417347973561,524955.6759329466,3525410.840133125,6991360.0,2736640.0,12SWA,1,projects/neon-prod-earthengine/assets/HSI_REFL/001/2021_SRER_4,2021-08-23
NA5120_E1365N0535,EPSG:32612,-110.74401212470225,31.909556672326804,524203.1636114653,3530439.3836360094,6991360.0,2741760.0,12SWA,1,projects/neon-prod-earthengine/assets/HSI_REFL/001/2021_SRER_4,2021-08-23
NA5120_E1800N0547,EPSG:32616,-87.4712661152494,32.87469607436114,455913.95376263093,3637494.2938445252,9218560.0,2803200.0,16SDB,1,projects/neon-prod-earthengine/assets/HSI_REFL/001/2021_TALL_6,2021-04-26
NA5120_E1800N0548,EPSG:32616,-87.46517450058819,32.920405101528175,456506.1633864122,3642559.0589172374,9218560.0,2808320.0,16SDB,1,projects/neon-prod-earthengine/assets/HSI_REFL/001/2021_TALL_6,2021-04-26
NA5120_E1800N0549,EPSG:32616,-87.45907232301093,32.96611307815068,457098.80149958446,3647623.7693931716,9218560.0,2813440.0,16SDB,1,projects/neon-prod-earthengine/assets/HSI_REFL/001/2021_TALL_6,2021-04-26
NA5120_E1801N0547,EPSG:32616,-87.41794899791302,32.86888502757564,460899.1567650628,3636829.0775220236,9223680.0,2803200.0,16SDB,1,projects/neon-prod-earthengine/assets/HSI_REFL/001/2021_TALL_6,2021-04-26
NA5120_E1801N0548,EPSG:32616,-87.41182602268786,32.91458924156657,461491.7677588154,3641893.5660184575,9223680.0,2808320.0,16SDB,1,projects/neon-prod-earthengine/assets/HSI_REFL/001/2021_TALL_6,2021-04-26
NA5120_E1801N0549,EPSG:32616,-87.40569243208498,32.96029239763426,462084.80625560496,3646958.000356317,9223680.0,2813440.0,16SDB,1,projects/neon-prod-earthengine/assets/HSI_REFL/001/2021_TALL_6,2021-04-26
NA5120_E1802N0547,EPSG:32616,-87.3646400137217,32.863043494619205,465884.2242693227,3636163.0077179186,9228800.0,2803200.0,16SDB,1,projects/neon-prod-earthengine/assets/HSI_REFL/001/2021_TALL_6,2021-04-26
NA5120_E1802N0548,EPSG:32616,-87.35848569886893,32.908742871127835,466477.2372086142,3641227.221599446,9228800.0,2808320.0,16SDB,1,projects/neon-prod-earthengine/assets/HSI_REFL/001/2021_TALL_6,2021-04-26
NA5120_E1242N0876,EPSG:32610,-122.33276143731919,45.700605646920536,551943.7488078836,5061000.074202459,6361600.0,4487680.0,10TER,1,projects/neon-prod-earthengine/assets/HSI_REFL/002/2022_ABBY_5,2022-07-11
NA5120_E1242N0877,EPSG:32610,-122.35353102481199,45.74359704491627,550288.2756978411,5065763.20573849,6361600.0,4492800.0,10TER,1,projects/neon-prod-earthengine/assets/HSI_REFL/002/2022_ABBY_5,2022-07-11
NA5120_E1242N0878,EPSG:32610,-122.37434228818476,45.786582014929415,548632.0205747931,5070526.053871758,6361600.0,4497920.0,10TER,1,projects/neon-prod-earthengine/assets/HSI_REFL/002/2022_ABBY_5,2022-07-11
NA5120_E1243N0876,EPSG:32610,-122.27062901279122,45.71559447172785,556765.5055805763,5062707.540308963,6366720.0,4487680.0,10TER,1,projects/neon-prod-earthengine/assets/HSI_REFL/002/2022_ABBY_5,2022-07-11
NA5120_E1243N0877,EPSG:32610,-122.2913571795035,45.758600711648256,555109.9519185104,5067471.105404847,6366720.0,4492800.0,10TER,1,projects/neon-prod-earthengine/assets/HSI_REFL/002/2022_ABBY_5,2022-07-11
NA5120_E1243N0878,EPSG:32610,-122.31212696611475,45.8016005499415,553453.615831048,5072234.385919138,6366720.0,4497920.0,10TER,1,projects/neon-prod-earthengine/assets/HSI_REFL/002/2022_ABBY_5,2022-07-11
NA5120_E1244N0877,EPSG:32610,-122.22914937317344,45.77356913199143,559931.708705443,5069178.877199959,6371840.0,4492800.0,10TER,1,projects/neon-prod-earthengine/assets/HSI_REFL/002/2022_ABBY_5,2022-07-11
NA5120_E1244N0878,EPSG:32610,-122.24987758536582,45.81658381350815,558275.2901132777,5073942.591485151,6371840.0,4497920.0,10TER,1,projects/neon-prod-earthengine/assets/HSI_REFL/002/2022_ABBY_5,2022-07-11
NA5120_E1528N0685,EPSG:32613,-102.57697680573061,39.65405278816766,707880.1183290643,4392167.584783075,7825920.0,3509760.0,13SGD,1,projects/neon-prod-earthengine/assets/HSI_REFL/002/2022_ARIK_4,2022-07-07
NA5120_E1528N0686,EPSG:32613,-102.58064466477164,39.70004370824773,707427.690936796,4397264.199867338,7825920.0,3514880.0,13TGE,1,projects/neon-prod-earthengine/assets/HSI_REFL/002/2022_ARIK_4,2022-07-07
NA5120_E1528N0687,EPSG:32613,-102.58431958050447,39.74603404144838,706974.9450685409,4402360.774605988,7825920.0,3520000.0,13TFE,1,projects/neon-prod-earthengine/assets/HSI_REFL/002/2022_ARIK_4,2022-07-07
NA5120_E1528N0688,EPSG:32613,-102.5880015717509,39.79202378705956,706521.881012883,4407457.309023013,7825920.0,3525120.0,13TFE,1,projects/neon-prod-earthengine/assets/HSI_REFL/002/2022_ARIK_4,2022-07-07
NA5120_E1528N0689,EPSG:32613,-102.5916906574018,39.838012944369936,706068.4990586207,4412553.803142532,7825920.0,3530240.0,13TFE,1,projects/neon-prod-earthengine/assets/HSI_REFL/002/2022_ARIK_4,2022-07-07
NA5120_E1529N0685,EPSG:32613,-102.51789616425847,39.65707183205313,712940.181543855,4392641.26847484,7831040.0,3509760.0,13SGD,1,projects/neon-prod-earthengine/assets/HSI_REFL/002/2022_ARIK_4,2022-07-07
NA5120_E1529N0686,EPSG:32613,-102.52152168199805,39.70306558011259,712488.0097628528,4397738.1342278235,7831040.0,3514880.0,13TGE,1,projects/neon-prod-earthengine/assets/HSI_REFL/002/2022_ARIK_4,2022-07-07
NA5120_E1529N0687,EPSG:32613,-102.52515417575039,39.74905874633999,712035.5184533534,4402834.959278351,7831040.0,3520000.0,13TGE,1,projects/neon-prod-earthengine/assets/HSI_REFL/002/2022_ARIK_4,2022-07-07
NA5120_E1529N0688,EPSG:32613,-102.52879366412525,39.79505133003914,711582.7079040032,4407931.743649989,7831040.0,3525120.0,13TGE,1,projects/neon-prod-earthengine/assets/HSI_REFL/002/2022_ARIK_4,2022-07-07
NA5120_E1529N0689,EPSG:32613,-102.53244016580076,39.84104333051269,711129.5784036476,4413028.487366449,7831040.0,3530240.0,13TGE,1,projects/neon-prod-earthengine/assets/HSI_REFL/002/2022_ARIK_4,2022-07-07
NA5120_E1530N0685,EPSG:32613,-102.45880997675218,39.660055625896526,718000.4311167629,4393114.401824498,7836160.0,3509760.0,13SGD,1,projects/neon-prod-earthengine/assets/HSI_REFL/002/2022_ARIK_4,2022-07-07
NA5120_E1530N0686,EPSG:32613,-102.46239313724989,39.70605216924047,717548.5145054545,4398211.520345865,7836160.0,3514880.0,13TGE,1,projects/neon-prod-earthengine/assets/HSI_REFL/002/2022_ARIK_4,2022-07-07
NA5120_E1530N0687,EPSG:32613,-102.46598319302346,39.75204813574228,717096.2773125692,4403308.597808188,7836160.0,3520000.0,13TGE,1,projects/neon-prod-earthengine/assets/HSI_REFL/002/2022_ARIK_4,2022-07-07
NA5120_E1530N0688,EPSG:32613,-102.46958016247044,39.79804352471952,716643.7198268028,4408405.634234622,7836160.0,3525120.0,13TGE,1,projects/neon-prod-earthengine/assets/HSI_REFL/002/2022_ARIK_4,2022-07-07
NA5120_E1530N0689,EPSG:32613,-102.47318406405584,39.844038335488584,716190.8423370589,4413502.629648454,7836160.0,3530240.0,13TGE,1,projects/neon-prod-earthengine/assets/HSI_REFL/002/2022_ARIK_4,2022-07-07
NA5120_E1531N0686,EPSG:32613,-102.40325909481844,39.70900346915445,722609.2082825705,4398684.358764384,7841280.0,3514880.0,13TGE,1,projects/neon-prod-earthengine/assets/HSI_REFL/002/2022_ARIK_4,2022-07-07
NA5120_E1531N0687,EPSG:32613,-102.40680669679764,39.75500220316085,722157.2247649448,4403781.690739113,7841280.0,3520000.0,13TGE,1,projects/neon-prod-earthengine/assets/HSI_REFL/002/2022_ARIK_4,2022-07-07
NA5120_E1531N0688,EPSG:32613,-102.41036113144361,39.80100036458871,721704.9199008319,4408878.981321204,7841280.0,3525120.0,13TGE,1,projects/neon-prod-earthengine/assets/HSI_REFL/002/2022_ARIK_4,2022-07-07
NA5120_E1531N0689,EPSG:32613,-102.41392241700808,39.84699795276807,721252.2939791873,4413976.230533529,7841280.0,3530240.0,13TGE,1,projects/neon-prod-earthengine/assets/HSI_REFL/002/2022_ARIK_4,2022-07-07
NA5120_E2017N0847,EPSG:32619,-71.34245638243557,43.973274589329534,312109.4052471282,4871572.04515196,10329600.0,4339200.0,18TYP,1,projects/neon-prod-earthengine/assets/HSI_REFL/002/2022_BART_6,2022-08-19
NA5120_E2017N0848,EPSG:32619,-71.32163532692785,44.01598722015454,313913.1124684793,4876268.956652696,10329600.0,4344320.0,18TYP,1,projects/neon-prod-earthengine/assets/HSI_REFL/002/2022_BART_6,2022-08-19
NA5120_E2017N0849,EPSG:32619,-71.30077415201889,44.058693125720204,315717.7153769953,4880965.478363737,10329600.0,4349440.0,18TYP,1,projects/neon-prod-earthengine/assets/HSI_REFL/002/2022_BART_6,2022-08-19
NA5120_E2017N0850,EPSG:32619,-71.27987275397285,44.101392288271875,317523.2130492064,4885661.610864606,10329600.0,4354560.0,18TYP,1,projects/neon-prod-earthengine/assets/HSI_REFL/002/2022_BART_6,2022-08-19
NA5120_E2018N0848,EPSG:32619,-71.26168122818925,44.000297056541754,318670.90667276,4874392.60278611,10334720.0,4344320.0,18TYP,1,projects/neon-prod-earthengine/assets/HSI_REFL/002/2022_BART_6,2022-08-19
NA5120_E2018N0849,EPSG:32619,-71.24078308072117,44.0429880783581,320475.37313091767,4879088.591556116,10334720.0,4349440.0,18TYP,1,projects/neon-prod-earthengine/assets/HSI_REFL/002/2022_BART_6,2022-08-19
NA5120_E2018N0850,EPSG:32619,-71.21984466513288,44.08567233216499,322280.7340371171,4883784.192365182,10334720.0,4354560.0,18TYP,1,projects/neon-prod-earthengine/assets/HSI_REFL/002/2022_BART_6,2022-08-19
NA5120_E2019N0848,EPSG:32619,-71.2017596942188,43.98457352924943,323428.5345295917,4872516.121914853,10339840.0,4344320.0,18TYP,1,projects/neon-prod-earthengine/assets/HSI_REFL/002/2022_BART_6,2022-08-19
NA5120_E1941N0711,EPSG:32617,-78.10713118810324,39.071048580803485,750269.9451495743,4328645.029393015,9940480.0,3642880.0,17SQD,1,projects/neon-prod-earthengine/assets/HSI_REFL/002/2022_BLAN_5,2022-05-21
NA5120_E1941N0712,EPSG:32617,-78.09345552835931,39.11537846002999,751295.7296927995,4333603.529383309,9940480.0,3648000.0,17SQD,1,projects/neon-prod-earthengine/assets/HSI_REFL/002/2022_BLAN_5,2022-05-21
NA5120_E1941N0713,EPSG:32617,-78.07975476448993,39.159704884495774,752322.061564297,4338561.946760745,9940480.0,3653120.0,17SQD,1,projects/neon-prod-earthengine/assets/HSI_REFL/002/2022_BLAN_5,2022-05-21
NA5120_E1942N0711,EPSG:32617,-78.05020386883292,39.05957390412228,755237.138718446,4327529.743293701,9945600.0,3642880.0,17SQD,1,projects/neon-prod-earthengine/assets/HSI_REFL/002/2022_BLAN_5,2022-05-21
NA5120_E1942N0712,EPSG:32617,-78.0364929060624,39.103893529885035,756263.1653956482,4332487.989448091,9945600.0,3648000.0,17SQD,1,projects/neon-prod-earthengine/assets/HSI_REFL/002/2022_BLAN_5,2022-05-21
NA5120_E1942N0713,EPSG:32617,-78.02275678493646,39.14820968414417,757289.7386150825,4337446.153760217,9945600.0,3653120.0,17SQD,1,projects/neon-prod-earthengine/assets/HSI_REFL/002/2022_BLAN_5,2022-05-21
NA5120_E1943N0711,EPSG:32618,-77.99329648430148,39.04806689964469,240956.11602248892,4326375.566708674,9950720.0,3642880.0,17SQD,1,projects/neon-prod-earthengine/assets/HSI_REFL/002/2022_BLAN_5,2022-05-21
NA5120_E1943N0712,EPSG:32618,-77.97955027192289,39.092376247561084,242307.31054154373,4331254.955930331,9950720.0,3648000.0,17SQD,1,projects/neon-prod-earthengine/assets/HSI_REFL/002/2022_BLAN_5,2022-05-21
NA5120_E1943N0713,EPSG:32618,-77.96577884713363,39.13668210720358,243659.3303937156,4336134.069225619,9950720.0,3653120.0,17SQD,1,projects/neon-prod-earthengine/assets/HSI_REFL/002/2022_BLAN_5,2022-05-21
NA5120_E1726N0821,EPSG:32615,-90.10745357468373,45.79645319249543,724793.8881633645,5075501.885060574,8839680.0,4206080.0,15TYL,1,projects/neon-prod-earthengine/assets/HSI_REFL/002/2022_CHEQ_7,2022-06-17
NA5120_E1726N0822,EPSG:32615,-90.10115156641405,45.84224424810059,725098.8905550407,5080607.0024973,8839680.0,4211200.0,15TYL,1,projects/neon-prod-earthengine/assets/HSI_REFL/002/2022_CHEQ_7,2022-06-17
NA5120_E1727N0821,EPSG:32615,-90.04204385267708,45.79188905939741,729895.8582191394,5075181.021607069,8844800.0,4206080.0,15TYL,1,projects/neon-prod-earthengine/assets/HSI_REFL/002/2022_CHEQ_7,2022-06-17
NA5120_E1727N0822,EPSG:32615,-90.03568707964396,45.837675297765585,730201.0116036902,5080286.152319031,8844800.0,4211200.0,15TYL,1,projects/neon-prod-earthengine/assets/HSI_REFL/002/2022_CHEQ_7,2022-06-17
NA5120_E1611N0545,EPSG:32614,-97.646057016779,33.32481560589625,626018.9207577497,3688115.077732719,8250880.0,2792960.0,14SPB,1,projects/neon-prod-earthengine/assets/HSI_REFL/002/2022_CLBJ_6,2022-05-06
NA5120_E1611N0546,EPSG:32614,-97.64614693030559,33.37097878824861,625944.0521368855,3693233.4801036874,8250880.0,2798080.0,14SPB,1,projects/neon-prod-earthengine/assets/HSI_REFL/002/2022_CLBJ_6,2022-05-06
NA5120_E1611N0547,EPSG:32614,-97.64623700223066,33.41714162662081,625869.0962642301,3698351.87999616,8250880.0,2803200.0,14SPC,1,projects/neon-prod-earthengine/assets/HSI_REFL/002/2022_CLBJ_6,2022-05-06
NA5120_E1612N0545,EPSG:32614,-97.59203291685546,33.32488472993673,631047.5340420781,3688189.3423776766,8256000.0,2792960.0,14SPB,1,projects/neon-prod-earthengine/assets/HSI_REFL/002/2022_CLBJ_6,2022-05-06
NA5120_E1612N0546,EPSG:32614,-97.59208957295374,33.37104797051992,630973.1039415916,3693307.8351263576,8256000.0,2798080.0,14SPB,1,projects/neon-prod-earthengine/assets/HSI_REFL/002/2022_CLBJ_6,2022-05-06
NA5120_E1612N0547,EPSG:32614,-97.59214632886192,33.41721086721488,630898.5855174839,3698426.325347452,8256000.0,2803200.0,14SPC,1,projects/neon-prod-earthengine/assets/HSI_REFL/002/2022_CLBJ_6,2022-05-06
NA5120_E1613N0547,EPSG:32614,-97.5380555783662,33.41724868555554,635928.1691819441,3698499.9040197395,8261120.0,2803200.0,14SPC,1,projects/neon-prod-earthengine/assets/HSI_REFL/002/2022_CLBJ_6,2022-05-06
NA5120_E2271N0335,EPSG:32619,-66.97551647653502,18.123387279233647,714203.7756140919,2005014.23664278,11630080.0,1717760.0,19QGA,1,projects/neon-prod-earthengine/assets/HSI_REFL/002/2022_CUPE_2,2022-10-20
NA5120_E2271N0336,EPSG:32619,-66.9627079494554,18.165864150687632,715507.3771240917,2009731.1488748763,11630080.0,1722880.0,19QGA,1,projects/neon-prod-earthengine/assets/HSI_REFL/002/2022_CUPE_2,2022-10-20
NA5120_E1861N0616,EPSG:32617,-83.65210113880836,35.59162715173838,259718.274787565,3941893.3972219024,9530880.0,3156480.0,16SGE,1,projects/neon-prod-earthengine/assets/HSI_REFL/002/2022_GRSM_7,2022-09-23
NA5120_E1861N0617,EPSG:32617,-83.64312078686532,35.63688333974424,260667.06419068237,3946892.4773719665,9530880.0,3161600.0,16SGE,1,projects/neon-prod-earthengine/assets/HSI_REFL/002/2022_GRSM_7,2022-09-23
NA5120_E1861N0618,EPSG:32617,-83.6341244574703,35.68213772711043,261616.52252766228,3951891.399721644,9530880.0,3166720.0,16SGE,1,projects/neon-prod-earthengine/assets/HSI_REFL/002/2022_GRSM_7,2022-09-23
NA5120_E1861N0619,EPSG:32617,-83.6251121126759,35.72739031002431,262566.6492202455,3956890.1643876117,9530880.0,3171840.0,16SGE,1,projects/neon-prod-earthengine/assets/HSI_REFL/002/2022_GRSM_7,2022-09-23
NA5120_E1862N0616,EPSG:32617,-83.59716902765618,35.58352153657688,264672.5337241844,3940861.316464352,9536000.0,3156480.0,17SKV,1,projects/neon-prod-earthengine/assets/HSI_REFL/002/2022_GRSM_7,2022-09-23
NA5120_E1862N0617,EPSG:32617,-83.58815521373354,35.62877077307547,265621.5671535979,3945859.926418435,9536000.0,3161600.0,17SKV,1,projects/neon-prod-earthengine/assets/HSI_REFL/002/2022_GRSM_7,2022-09-23
NA5120_E1862N0618,EPSG:32617,-83.5791253671715,35.67401819790959,266571.2686234509,3950858.379278738,9536000.0,3166720.0,17SKV,1,projects/neon-prod-earthengine/assets/HSI_REFL/002/2022_GRSM_7,2022-09-23
NA5120_E1862N0619,EPSG:32617,-83.57007944990818,35.71926380723982,267521.6375559522,3955856.6751626916,9536000.0,3171840.0,17SKV,1,projects/neon-prod-earthengine/assets/HSI_REFL/002/2022_GRSM_7,2022-09-23
NA5120_E1863N0616,EPSG:32617,-83.54224939926206,35.57538447226941,269626.5116538632,3939828.5872878516,9541120.0,3156480.0,17SKV,1,projects/neon-prod-earthengine/assets/HSI_REFL/002/2022_GRSM_7,2022-09-23
NA5120_E1863N0617,EPSG:32617,-83.53320215617227,35.62062673229746,270575.790008912,3944826.7289147885,9541120.0,3161600.0,17SKV,1,projects/neon-prod-earthengine/assets/HSI_REFL/002/2022_GRSM_7,2022-09-23
NA5120_E1863N0618,EPSG:32617,-83.52413882536106,35.66586716960197,271525.7355120389,3949824.7141544865,9541120.0,3166720.0,17SKV,1,projects/neon-prod-earthengine/assets/HSI_REFL/002/2022_GRSM_7,2022-09-23
NA5120_E1863N0619,EPSG:32617,-83.51505936865259,35.71110578031671,272476.3475859064,3954822.5431251368,9541120.0,3171840.0,17SKV,1,projects/neon-prod-earthengine/assets/HSI_REFL/002/2022_GRSM_7,2022-09-23
NA5120_E1863N0620,EPSG:32617,-83.50596374774584,35.7563425605643,273427.62565286283,3959820.215945484,9541120.0,3176960.0,17SKV,1,projects/neon-prod-earthengine/assets/HSI_REFL/002/2022_GRSM_7,2022-09-23
NA5120_E1864N0616,EPSG:32617,-83.48734229588058,35.56721597349785,274580.2113847089,3938795.2085362687,9546240.0,3156480.0,17SKV,1,projects/neon-prod-earthengine/assets/HSI_REFL/002/2022_GRSM_7,2022-09-23
NA5120_E1864N0617,EPSG:32617,-83.47826165653521,35.612451232127064,275529.73556536925,3943792.8837036784,9546240.0,3161600.0,17SKV,1,projects/neon-prod-earthengine/assets/HSI_REFL/002/2022_GRSM_7,2022-09-23
NA5120_E1864N0618,EPSG:32617,-83.4691648744921,35.65768465693955,276479.926002797,3948790.40319033,9546240.0,3166720.0,17SKV,1,projects/neon-prod-earthengine/assets/HSI_REFL/002/2022_GRSM_7,2022-09-23
NA5120_E1864N0619,EPSG:32617,-83.46005191146189,35.70291624404218,277430.7821201011,3953787.7671151687,9546240.0,3171840.0,17SKV,1,projects/neon-prod-earthengine/assets/HSI_REFL/002/2022_GRSM_7,2022-09-23
NA5120_E1864N0620,EPSG:32617,-83.45092272902964,35.74814598953059,278382.3033401064,3958784.975597694,9546240.0,3176960.0,17SKV,1,projects/neon-prod-earthengine/assets/HSI_REFL/002/2022_GRSM_7,2022-09-23
NA5120_E1865N0616,EPSG:32617,-83.43244775967685,35.559016054992306,279533.6357235757,3937761.179051849,9551360.0,3156480.0,17SKV,1,projects/neon-prod-earthengine/assets/HSI_REFL/002/2022_GRSM_7,2022-09-23
NA5120_E1865N0617,EPSG:32617,-83.42333375708625,35.604244287329465,280483.4066304511,3942758.389626135,9551360.0,3161600.0,17SKV,1,projects/neon-prod-earthengine/assets/HSI_REFL/002/2022_GRSM_7,2022-09-23
NA5120_E1865N0618,EPSG:32617,-83.4142035569276,35.64947067472268,281433.84290383186,3947755.4452260872,9551360.0,3166720.0,17SKV,1,projects/neon-prod-earthengine/assets/HSI_REFL/002/2022_GRSM_7,2022-09-23
NA5120_E1865N0619,EPSG:32617,-83.40505712079832,35.69469521325186,282384.94396728894,3952752.345971402,9551360.0,3171840.0,17SKV,1,projects/neon-prod-earthengine/assets/HSI_REFL/002/2022_GRSM_7,2022-09-23
NA5120_E1865N0620,EPSG:32617,-83.39589441017011,35.739917898985574,283336.70924408,3957749.0919823237,9551360.0,3176960.0,17SKV,1,projects/neon-prod-earthengine/assets/HSI_REFL/002/2022_GRSM_7,2022-09-23
NA5120_E1866N0616,EPSG:32617,-83.37756583272636,35.55078473153082,284486.7874760521,3936726.497675195,9556480.0,3156480.0,17SKV,1,projects/neon-prod-earthengine/assets/HSI_REFL/002/2022_GRSM_7,2022-09-23
NA5120_E1866N0617,EPSG:32617,-83.36841849999935,35.59600591271789,285436.80601038836,3941723.2455215557,9556480.0,3161600.0,17SKV,1,projects/neon-prod-earthengine/assets/HSI_REFL/002/2022_GRSM_7,2022-09-23
NA5120_E1866N0618,EPSG:32617,-83.35925491494011,35.641225237799866,286387.4890220162,3946719.8390999464,9556480.0,3166720.0,17SKV,1,projects/neon-prod-earthengine/assets/HSI_REFL/002/2022_GRSM_7,2022-09-23
NA5120_E1866N0619,EPSG:32617,-83.35007503903341,35.68644270282966,287338.8359349554,3951716.2785308156,9556480.0,3171840.0,17SKV,1,projects/neon-prod-earthengine/assets/HSI_REFL/002/2022_GRSM_7,2022-09-23
NA5120_E1866N0620,EPSG:32617,-83.34087883363799,35.731658303848725,288290.84617291915,3956712.563935164,9556480.0,3176960.0,17SKV,1,projects/neon-prod-earthengine/assets/HSI_REFL/002/2022_GRSM_7,2022-09-23
NA5120_E2273N0333,EPSG:32619,-66.91440475726176,18.006343052816018,720818.3976336806,1992130.050966585,11640320.0,1707520.0,19QGV,1,projects/neon-prod-earthengine/assets/HSI_REFL/002/2022_GUAN_2,2022-10-21
NA5120_E2273N0334,EPSG:32619,-66.90160728912619,18.048808764136453,722120.5543121351,1996846.1769669144,11640320.0,1712640.0,19QGA,1,projects/neon-prod-earthengine/assets/HSI_REFL/002/2022_GUAN_2,2022-10-21
NA5120_E2274N0332,EPSG:32619,-66.88387758961535,17.947813932208884,724125.6261524901,1985687.6961078092,11645440.0,1702400.0,19QGV,1,projects/neon-prod-earthengine/assets/HSI_REFL/002/2022_GUAN_2,2022-10-21
NA5120_E2274N0333,EPSG:32619,-66.87108568644905,17.990274067794655,725427.0628418749,1990403.4290000403,11645440.0,1707520.0,19QGV,1,projects/neon-prod-earthengine/assets/HSI_REFL/002/2022_GUAN_2,2022-10-21
NA5120_E2274N0334,EPSG:32619,-66.85827552316174,18.032729598024638,726729.6751854377,1995118.8494052247,11645440.0,1712640.0,19QGA,1,projects/neon-prod-earthengine/assets/HSI_REFL/002/2022_GUAN_2,2022-10-21
NA5120_E2275N0332,EPSG:32619,-66.84058312782412,17.931734729710787,728733.5146252031,1983960.5016966169,11650560.0,1702400.0,19QGV,1,projects/neon-prod-earthengine/assets/HSI_REFL/002/2022_GUAN_2,2022-10-21
NA5120_E2275N0333,EPSG:32619,-66.82777856666634,17.97418468541221,730035.4086171989,1988675.5295450343,11650560.0,1707520.0,19QGV,1,projects/neon-prod-earthengine/assets/HSI_REFL/002/2022_GUAN_2,2022-10-21
NA5120_E2275N0334,EPSG:32619,-66.8149557328599,18.016630025707386,731338.477678282,1993390.2455901573,11650560.0,1712640.0,19QGA,1,projects/neon-prod-earthengine/assets/HSI_REFL/002/2022_GUAN_2,2022-10-21
NA5120_E2274N0338,EPSG:32619,-66.80685174431333,18.202505497572695,731951.8689601279,2013977.408953577,11645440.0,1733120.0,19QGA,1,projects/neon-prod-earthengine/assets/HSI_REFL/002/2022_GUIL_2,2022-10-24
NA5120_E2275N0337,EPSG:32619,-66.7763773334984,18.143938270139476,735254.7292156103,2007532.5243125546,11650560.0,1728000.0,19QGA,1,projects/neon-prod-earthengine/assets/HSI_REFL/002/2022_GUIL_2,2022-10-24
NA5120_E2275N0338,EPSG:32619,-66.76348114674794,18.186365064709033,736562.4924909926,2012245.994556984,11650560.0,1733120.0,19QGA,1,projects/neon-prod-earthengine/assets/HSI_REFL/002/2022_GUIL_2,2022-10-24
NA5120_E2013N0812,EPSG:32618,-72.28160588311017,42.534584642079665,723244.1358851868,4712714.946587281,10309120.0,4160000.0,18TYN,1,projects/neon-prod-earthengine/assets/HSI_REFL/002/2022_HARV_7,2022-08-03
NA5120_E2013N0813,EPSG:32618,-72.26226847575742,42.577577806801486,724677.8898582503,4717540.524646917,10309120.0,4165120.0,18TYN,1,projects/neon-prod-earthengine/assets/HSI_REFL/002/2022_HARV_7,2022-08-03
NA5120_E2014N0808,EPSG:32618,-72.2999637523425,42.347567469054745,722397.362456608,4691898.71886427,10314240.0,4139520.0,18TYM,1,projects/neon-prod-earthengine/assets/HSI_REFL/002/2022_HARV_7,2022-08-03
NA5120_E2014N0809,EPSG:32618,-72.28073598724785,42.390570832789145,723828.3813045719,4696724.638248988,10314240.0,4144640.0,18TYM,1,projects/neon-prod-earthengine/assets/HSI_REFL/002/2022_HARV_7,2022-08-03
NA5120_E2014N0810,EPSG:32618,-72.26147202832067,42.43356818610988,725260.1085451264,4701550.387121961,10314240.0,4149760.0,18TYN,1,projects/neon-prod-earthengine/assets/HSI_REFL/002/2022_HARV_7,2022-08-03
NA5120_E2014N0811,EPSG:32618,-72.24217178432893,42.47655951365485,726692.5434356346,4706375.965894271,10314240.0,4154880.0,18TYN,1,projects/neon-prod-earthengine/assets/HSI_REFL/002/2022_HARV_7,2022-08-03
NA5120_E2014N0812,EPSG:32618,-72.2228351637432,42.51954480000945,728125.6852333196,4711201.374977781,10314240.0,4160000.0,18TYN,1,projects/neon-prod-earthengine/assets/HSI_REFL/002/2022_HARV_7,2022-08-03
NA5120_E2014N0813,EPSG:32618,-72.20346207473575,42.56252402970656,729559.5331952453,4716026.614785149,10314240.0,4165120.0,18TYN,1,projects/neon-prod-earthengine/assets/HSI_REFL/002/2022_HARV_7,2022-08-03
NA5120_E2015N0808,EPSG:32618,-72.24136439102428,42.33255050745678,727278.5576761957,4690386.134629076,10319360.0,4139520.0,18TYM,1,projects/neon-prod-earthengine/assets/HSI_REFL/002/2022_HARV_7,2022-08-03
NA5120_E2015N0809,EPSG:32618,-72.2221012037295,42.375540005885824,728709.6740423213,4695211.713194958,10319360.0,4144640.0,18TYM,1,projects/neon-prod-earthengine/assets/HSI_REFL/002/2022_HARV_7,2022-08-03
NA5120_E2015N0810,EPSG:32618,-72.20280177762291,42.41852347113441,730141.4982606214,4700037.122272774,10319360.0,4149760.0,18TYN,1,projects/neon-prod-earthengine/assets/HSI_REFL/002/2022_HARV_7,2022-08-03
NA5120_E2015N0811,EPSG:32618,-72.18346602144412,42.46150088778802,731574.0295891216,4704862.362274187,10319360.0,4154880.0,18TYN,1,projects/neon-prod-earthengine/assets/HSI_REFL/002/2022_HARV_7,2022-08-03
NA5120_E2015N0812,EPSG:32618,-72.16409384363574,42.50447224037963,733007.2672856918,4709687.433611651,10319360.0,4160000.0,18TYN,1,projects/neon-prod-earthengine/assets/HSI_REFL/002/2022_HARV_7,2022-08-03
NA5120_E2015N0813,EPSG:32618,-72.14468515234222,42.547437513389426,734441.210608064,4714512.3366984045,10319360.0,4165120.0,18TYN,1,projects/neon-prod-earthengine/assets/HSI_REFL/002/2022_HARV_7,2022-08-03
NA5120_E2015N0814,EPSG:32618,-72.12523985540881,42.59039669124459,735875.8588138069,4719337.071948463,10319360.0,4170240.0,18TYN,1,projects/neon-prod-earthengine/assets/HSI_REFL/002/2022_HARV_7,2022-08-03
NA5120_E2016N0809,EPSG:32618,-72.16349561719731,42.36047655819688,733590.9979391341,4693698.412007096,10324480.0,4144640.0,18TYM,1,projects/neon-prod-earthengine/assets/HSI_REFL/002/2022_HARV_7,2022-08-03
NA5120_E2016N0810,EPSG:32618,-72.14416080254163,42.40344611382162,735022.9205047544,4698523.48282171,10324480.0,4149760.0,18TYN,1,projects/neon-prod-earthengine/assets/HSI_REFL/002/2022_HARV_7,2022-08-03
NA5120_E2016N0811,EPSG:32618,-72.12478961306003,42.44640959802109,736455.5496415723,4703348.385583875,10324480.0,4154880.0,18TYN,1,projects/neon-prod-earthengine/assets/HSI_REFL/002/2022_HARV_7,2022-08-03
NA5120_E2016N0812,EPSG:32618,-72.10538195716808,42.489366995275816,737888.8846081116,4708173.120706622,10324480.0,4160000.0,18TYN,1,projects/neon-prod-earthengine/assets/HSI_REFL/002/2022_HARV_7,2022-08-03
NA5120_E2017N0809,EPSG:32618,-72.10491926173617,42.345380521605925,738472.3555598026,4692184.732904017,10329600.0,4144640.0,18TYM,1,projects/neon-prod-earthengine/assets/HSI_REFL/002/2022_HARV_7,2022-08-03
NA5120_E2012N0810,EPSG:32618,-72.37890021904147,42.46355956135496,715497.4164385274,4704575.800137569,10304000.0,4149760.0,18TYN,1,projects/neon-prod-earthengine/assets/HSI_REFL/002/2022_HOPB_4,2022-08-12
NA5120_E2012N0811,EPSG:32618,-72.35967123596859,42.50657864568528,716929.6625630605,4709402.061049197,10304000.0,4154880.0,18TYN,1,projects/neon-prod-earthengine/assets/HSI_REFL/002/2022_HOPB_4,2022-08-12
NA5120_E2013N0810,EPSG:32618,-72.3201715203079,42.44858022681709,720378.7487929547,4703063.279150254,10309120.0,4149760.0,18TYN,1,projects/neon-prod-earthengine/assets/HSI_REFL/002/2022_HOPB_4,2022-08-12
NA5120_E2013N0811,EPSG:32618,-72.30090686736065,42.491585443613374,721811.0886155572,4707889.198225751,10309120.0,4154880.0,18TYN,1,projects/neon-prod-earthengine/assets/HSI_REFL/002/2022_HOPB_4,2022-08-12
NA5120_E1437N0538,EPSG:32613,-106.96520394227089,32.5170605023252,315409.8383105557,3599452.402034796,7360000.0,2757120.0,13SCS,1,projects/neon-prod-earthengine/assets/HSI_REFL/002/2022_JORN_5,2022-09-04
NA5120_E1437N0539,EPSG:32613,-106.97090418868498,32.56282321657088,314968.25157471723,3604536.4541087477,7360000.0,2762240.0,13SCS,1,projects/neon-prod-earthengine/assets/HSI_REFL/002/2022_JORN_5,2022-09-04
NA5120_E1437N0540,EPSG:32613,-106.97661428786306,32.60858496518419,314526.39987373917,3609620.4923536936,7360000.0,2767360.0,13SCS,1,projects/neon-prod-earthengine/assets/HSI_REFL/002/2022_JORN_5,2022-09-04
NA5120_E1437N0541,EPSG:32613,-106.98233426214115,32.654345746412766,314084.2834675836,3614704.5168119213,7360000.0,2772480.0,13SCS,1,projects/neon-prod-earthengine/assets/HSI_REFL/002/2022_JORN_5,2022-09-04
NA5120_E1438N0538,EPSG:32613,-106.91208494364994,32.52250734694141,320410.90454514476,3599965.537034456,7365120.0,2757120.0,13SCS,1,projects/neon-prod-earthengine/assets/HSI_REFL/002/2022_JORN_5,2022-09-04
NA5120_E1438N0539,EPSG:32613,-106.91775408687705,32.56827455322377,319969.7657398542,3605049.7042309605,7365120.0,2762240.0,13SCS,1,projects/neon-prod-earthengine/assets/HSI_REFL/002/2022_JORN_5,2022-09-04
NA5120_E1438N0540,EPSG:32613,-106.92343303075026,32.614040800730415,319528.36096329964,3610133.8572596153,7365120.0,2767360.0,13SCS,1,projects/neon-prod-earthengine/assets/HSI_REFL/002/2022_JORN_5,2022-09-04
NA5120_E1438N0541,EPSG:32613,-106.92912179749374,32.65980608772537,319086.6904753739,3615217.996162359,7365120.0,2772480.0,13SCS,1,projects/neon-prod-earthengine/assets/HSI_REFL/002/2022_JORN_5,2022-09-04
NA5120_E1438N0542,EPSG:32613,-106.934820409403,32.70557041246887,318644.75453615247,3620302.1209812304,7365120.0,2777600.0,13SCS,1,projects/neon-prod-earthengine/assets/HSI_REFL/002/2022_JORN_5,2022-09-04
NA5120_E1438N0543,EPSG:32613,-106.94052888884505,32.75133377321726,318202.55340592074,3625386.231758357,7365120.0,2782720.0,13SCS,1,projects/neon-prod-earthengine/assets/HSI_REFL/002/2022_JORN_5,2022-09-04
NA5120_E1439N0538,EPSG:32613,-106.8589584526404,32.527923814862426,325411.94876679697,3600477.7674043993,7370240.0,2757120.0,13SCS,1,projects/neon-prod-earthengine/assets/HSI_REFL/002/2022_JORN_5,2022-09-04
NA5120_E1439N0539,EPSG:32613,-106.86459647343686,32.57369548893741,324971.25742027094,3605562.0517127593,7370240.0,2762240.0,13SCS,1,projects/neon-prod-earthengine/assets/HSI_REFL/002/2022_JORN_5,2022-09-04
NA5120_E1439N0540,EPSG:32613,-106.87024424270157,32.61946621105844,324530.2990959557,3610646.3215150214,7370240.0,2767360.0,13SCS,1,projects/neon-prod-earthengine/assets/HSI_REFL/002/2022_JORN_5,2022-09-04
NA5120_E1439N0541,EPSG:32613,-106.87590178254669,32.665235979505766,324089.0740536583,3615730.576852759,7370240.0,2772480.0,13SCS,1,projects/neon-prod-earthengine/assets/HSI_REFL/002/2022_JORN_5,2022-09-04
NA5120_E1439N0542,EPSG:32613,-106.88156911515526,32.71100479255598,323647.5825533848,3620814.8177676573,7370240.0,2777600.0,13SCS,1,projects/neon-prod-earthengine/assets/HSI_REFL/002/2022_JORN_5,2022-09-04
NA5120_E1439N0543,EPSG:32613,-106.88724626278142,32.75677264848179,323205.82485535834,3625899.044301487,7370240.0,2782720.0,13SCS,1,projects/neon-prod-earthengine/assets/HSI_REFL/002/2022_JORN_5,2022-09-04
NA5120_E1440N0538,EPSG:32613,-106.80582450883517,32.53330989709124,330412.97388211807,3600989.0938009913,7375360.0,2757120.0,13SCS,1,projects/neon-prod-earthengine/assets/HSI_REFL/002/2022_JORN_5,2022-09-04
NA5120_E1440N0539,EPSG:32613,-106.81143138805477,32.57908601469409,329972.72952402325,3606073.497210891,7375360.0,2762240.0,13SCS,1,projects/neon-prod-earthengine/assets/HSI_REFL/002/2022_JORN_5,2022-09-04
NA5120_E1440N0540,EPSG:32613,-106.81704796350522,32.624861187129696,329532.2171811937,3611157.8857770227,7375360.0,2767360.0,13SCS,1,projects/neon-prod-earthengine/assets/HSI_REFL/002/2022_JORN_5,2022-09-04
NA5120_E1440N0541,EPSG:32613,-106.82267425718628,32.67063541269458,329091.43711336795,3616242.259540613,7375360.0,2772480.0,13SCS,1,projects/neon-prod-earthengine/assets/HSI_REFL/002/2022_JORN_5,2022-09-04
NA5120_E1440N0542,EPSG:32613,-106.8283102911683,32.71640868968151,328650.3895804804,3621326.618542979,7375360.0,2777600.0,13SCS,1,projects/neon-prod-earthengine/assets/HSI_REFL/002/2022_JORN_5,2022-09-04
NA5120_E1440N0543,EPSG:32613,-106.83395608759248,32.7621810163795,328209.0748426724,3626410.962825534,7375360.0,2782720.0,13SCS,1,projects/neon-prod-earthengine/assets/HSI_REFL/002/2022_JORN_5,2022-09-04
NA5120_E1441N0538,EPSG:32613,-106.75268315187775,32.538665584678135,335413.9827979796,3601499.516877983,7380480.0,2757120.0,13SCS,1,projects/neon-prod-earthengine/assets/HSI_REFL/002/2022_JORN_5,2022-09-04
NA5120_E1441N0539,EPSG:32613,-106.75825887047196,32.58444612152336,334974.18495942245,3606584.04137947,7380480.0,2762240.0,13SCS,1,projects/neon-prod-earthengine/assets/HSI_REFL/002/2022_JORN_5,2022-09-04
NA5120_E1441N0540,EPSG:32613,-106.76384423300026,32.630225719953074,334534.1181287721,3611668.5507001188,7380480.0,2767360.0,13SCS,1,projects/neon-prod-earthengine/assets/HSI_REFL/002/2022_JORN_5,2022-09-04
NA5120_E1441N0541,EPSG:32613,-106.76943926134982,32.67600437827989,334093.7825656916,3616753.04488079,7380480.0,2772480.0,13SCS,1,projects/neon-prod-earthengine/assets/HSI_REFL/002/2022_JORN_5,2022-09-04
NA5120_E1441N0542,EPSG:32613,-106.77504397747806,32.72178209481272,333653.1785300558,3621837.5239624386,7380480.0,2777600.0,13SCS,1,projects/neon-prod-earthengine/assets/HSI_REFL/002/2022_JORN_5,2022-09-04
NA5120_E1441N0543,EPSG:32613,-106.78065840341293,32.76755886785682,333212.30628192227,3626921.9879861227,7380480.0,2782720.0,13SCS,1,projects/neon-prod-earthengine/assets/HSI_REFL/002/2022_JORN_5,2022-09-04
NA5120_E1628N0669,EPSG:32614,-96.66165528695258,39.042914080548684,702370.7239359103,4324140.843799426,8337920.0,3427840.0,14SPJ,1,projects/neon-prod-earthengine/assets/HSI_REFL/002/2022_KONZ_7,2022-06-13
NA5120_E1628N0670,EPSG:32614,-96.66105880041364,39.08902990149324,702290.5971667852,4329260.63820577,8337920.0,3432960.0,14SPJ,1,projects/neon-prod-earthengine/assets/HSI_REFL/002/2022_KONZ_7,2022-06-13
NA5120_E1628N0671,EPSG:32614,-96.66046117444371,39.135145350710964,702210.3711502634,4334380.428980325,8337920.0,3438080.0,14SPJ,1,projects/neon-prod-earthengine/assets/HSI_REFL/002/2022_KONZ_7,2022-06-13
NA5120_E1628N0672,EPSG:32614,-96.65986240603088,39.181260428066885,702130.0459405812,4339500.216120351,8337920.0,3443200.0,14SPJ,1,projects/neon-prod-earthengine/assets/HSI_REFL/002/2022_KONZ_7,2022-06-13
NA5120_E1628N0673,EPSG:32614,-96.65926249215217,39.2273751334269,702049.6215920495,4344619.999623112,8337920.0,3448320.0,14SPJ,1,projects/neon-prod-earthengine/assets/HSI_REFL/002/2022_KONZ_7,2022-06-13
NA5120_E1629N0669,EPSG:32614,-96.60301999205053,39.04239624704775,707447.4075884497,4324215.549624985,8343040.0,3427840.0,14SQJ,1,projects/neon-prod-earthengine/assets/HSI_REFL/002/2022_KONZ_7,2022-06-13
NA5120_E1629N0670,EPSG:32614,-96.60238179643045,39.08851158715089,707367.584365901,4329335.463781447,8343040.0,3432960.0,14SQJ,1,projects/neon-prod-earthengine/assets/HSI_REFL/002/2022_KONZ_7,2022-06-13
NA5120_E1629N0671,EPSG:32614,-96.60174238172824,39.13462655467564,707287.6608057002,4334455.374249515,8343040.0,3438080.0,14SQJ,1,projects/neon-prod-earthengine/assets/HSI_REFL/002/2022_KONZ_7,2022-06-13
NA5120_E1629N0672,EPSG:32614,-96.60110174472149,39.180741149484675,707207.6369620041,4339575.281026309,8343040.0,3443200.0,14SPJ,1,projects/neon-prod-earthengine/assets/HSI_REFL/002/2022_KONZ_7,2022-06-13
NA5120_E1629N0673,EPSG:32614,-96.600459882176,39.226855371441616,707127.5128890233,4344695.1841089595,8343040.0,3448320.0,14SPJ,1,projects/neon-prod-earthengine/assets/HSI_REFL/002/2022_KONZ_7,2022-06-13
NA5120_E1630N0669,EPSG:32614,-96.54438566366072,39.04184342239197,712524.2319710199,4324289.646962165,8348160.0,3427840.0,14SQJ,1,projects/neon-prod-earthengine/assets/HSI_REFL/002/2022_KONZ_7,2022-06-13
NA5120_E1630N0670,EPSG:32614,-96.54370576172083,39.08795824917263,712444.7122405297,4329409.683011861,8348160.0,3432960.0,14SQJ,1,projects/neon-prod-earthengine/assets/HSI_REFL/002/2022_KONZ_7,2022-06-13
NA5120_E1630N0671,EPSG:32614,-96.54302456105758,39.13407270246588,712365.0910819,4334529.715316997,8348160.0,3438080.0,14SQJ,1,projects/neon-prod-earthengine/assets/HSI_REFL/002/2022_KONZ_7,2022-06-13
NA5120_E1630N0672,EPSG:32614,-96.54234205823816,39.18018678213188,712285.3685491917,4339649.7438745415,8348160.0,3443200.0,14SQJ,1,projects/neon-prod-earthengine/assets/HSI_REFL/002/2022_KONZ_7,2022-06-13
NA5120_E1630N0673,EPSG:32614,-96.54165824981725,39.22630048803172,712205.5446965288,4344769.768681481,8348160.0,3448320.0,14SQJ,1,projects/neon-prod-earthengine/assets/HSI_REFL/002/2022_KONZ_7,2022-06-13
NA5120_E1631N0669,EPSG:32614,-96.48575236492141,39.04125560775592,717601.2002449301,4324363.135858655,8353280.0,3427840.0,14SQJ,1,projects/neon-prod-earthengine/assets/HSI_REFL/002/2022_KONZ_7,2022-06-13
NA5120_E1631N0670,EPSG:32614,-96.48503075960333,39.08736988873625,717521.9839529885,4329483.295945064,8353280.0,3432960.0,14SQJ,1,projects/neon-prod-earthengine/assets/HSI_REFL/002/2022_KONZ_7,2022-06-13
NA5120_E1631N0671,EPSG:32614,-96.48430777593131,39.133483795262606,717442.6651421678,4334603.452231164,8353280.0,3438080.0,14SQJ,1,projects/neon-prod-earthengine/assets/HSI_REFL/002/2022_KONZ_7,2022-06-13
NA5120_E1631N0672,EPSG:32614,-96.48358341026214,39.17959732719254,717363.2438664483,4339723.604713786,8353280.0,3443200.0,14SQJ,1,projects/neon-prod-earthengine/assets/HSI_REFL/002/2022_KONZ_7,2022-06-13
NA5120_E1631N0673,EPSG:32614,-96.48285765893935,39.225710484384486,717283.7201798604,4344843.75338977,8353280.0,3448320.0,14SQJ,1,projects/neon-prod-earthengine/assets/HSI_REFL/002/2022_KONZ_7,2022-06-13
NA5120_E2268N0333,EPSG:32619,-67.13117920832427,18.086381477279765,697770.217764462,2000744.0579541456,11614720.0,1707520.0,19QFA,1,projects/neon-prod-earthengine/assets/HSI_REFL/002/2022_LAJA_2,2022-11-02
NA5120_E2268N0334,EPSG:32619,-67.11844558540196,18.12889796060651,699070.1118723254,2005463.7305222393,11614720.0,1712640.0,19QFA,1,projects/neon-prod-earthengine/assets/HSI_REFL/002/2022_LAJA_2,2022-11-02
NA5120_E2269N0331,EPSG:32619,-67.1132387730513,17.985388359934184,699783.3542338955,1989584.928549383,11619840.0,1697280.0,19QFV,1,projects/neon-prod-earthengine/assets/HSI_REFL/002/2022_LAJA_2,2022-11-02
NA5120_E2269N0332,EPSG:32619,-67.10052869922555,18.027903808653946,701081.3409415017,1994304.521271532,11619840.0,1702400.0,19QFA,1,projects/neon-prod-earthengine/assets/HSI_REFL/002/2022_LAJA_2,2022-11-02
NA5120_E2269N0333,EPSG:32619,-67.08780045477182,18.070414710552896,702380.5068630613,1999023.7979509742,11619840.0,1707520.0,19QFA,1,projects/neon-prod-earthengine/assets/HSI_REFL/002/2022_LAJA_2,2022-11-02
NA5120_E2269N0334,EPSG:32619,-67.07505401354989,18.112921057345613,703680.8513873605,2003742.7587203076,11619840.0,1712640.0,19QFA,1,projects/neon-prod-earthengine/assets/HSI_REFL/002/2022_LAJA_2,2022-11-02
NA5120_E2270N0332,EPSG:32619,-67.05717465332808,18.011926702868042,705690.849634042,1992583.7035035125,11624960.0,1702400.0,19QFV,1,projects/neon-prod-earthengine/assets/HSI_REFL/002/2022_LAJA_2,2022-11-02
NA5120_E2270N0333,EPSG:32619,-67.04443362796798,18.054427469326427,706990.4676127895,1997302.2689434916,11624960.0,1707520.0,19QGA,1,projects/neon-prod-earthengine/assets/HSI_REFL/002/2022_LAJA_2,2022-11-02
NA5120_E2270N0334,EPSG:32619,-67.03167439307369,18.096923670629163,708291.2636014757,2002020.5191585515,11624960.0,1712640.0,19QGA,1,projects/neon-prod-earthengine/assets/HSI_REFL/002/2022_LAJA_2,2022-11-02
NA5120_E2271N0332,EPSG:32619,-67.01383251454152,17.995929146928823,710300.0307180057,1990861.6137967515,11630080.0,1702400.0,19QGV,1,projects/neon-prod-earthengine/assets/HSI_REFL/002/2022_LAJA_2,2022-11-02
NA5120_E2271N0333,EPSG:32619,-67.00107873285582,18.038419769013327,711600.1018012332,1995579.4692401614,11630080.0,1707520.0,19QGA,1,projects/neon-prod-earthengine/assets/HSI_REFL/002/2022_LAJA_2,2022-11-02
NA5120_E2271N0334,EPSG:32619,-66.98830672891773,18.080905815892432,712901.3503031502,2000297.010143546,11630080.0,1712640.0,19QGA,1,projects/neon-prod-earthengine/assets/HSI_REFL/002/2022_LAJA_2,2022-11-02
NA5120_E2271N0335,EPSG:32619,-66.97551647653502,18.123387279233647,714203.7756140919,2005014.23664278,11630080.0,1717760.0,19QGA,1,projects/neon-prod-earthengine/assets/HSI_REFL/002/2022_LAJA_2,2022-11-02
NA5120_E2272N0332,EPSG:32619,-66.9705022877643,17.979911156234362,714908.8859779008,1989138.2504589525,11635200.0,1702400.0,19QGV,1,projects/neon-prod-earthengine/assets/HSI_REFL/002/2022_LAJA_2,2022-11-02
NA5120_E2272N0333,EPSG:32619,-66.95773577433499,18.02239162503393,716209.4112137998,1993855.3971467991,11635200.0,1707520.0,19QGA,1,projects/neon-prod-earthengine/assets/HSI_REFL/002/2022_LAJA_2,2022-11-02
NA5120_E2272N0334,EPSG:32619,-66.94495102598279,18.064867508578182,717511.1132786758,1998572.2299792364,11635200.0,1712640.0,19QGA,1,projects/neon-prod-earthengine/assets/HSI_REFL/002/2022_LAJA_2,2022-11-02
NA5120_E2272N0335,EPSG:32619,-66.93214801651953,18.10733879851939,718813.9915638125,2003288.7490931924,11635200.0,1717760.0,19QGA,1,projects/neon-prod-earthengine/assets/HSI_REFL/002/2022_LAJA_2,2022-11-02
NA5120_E1732N0826,EPSG:32616,-89.68187073007199,45.997266759059364,292328.86526035133,5097241.104695272,8870400.0,4231680.0,15TYM,1,projects/neon-prod-earthengine/assets/HSI_REFL/002/2022_LIRO_3,2022-06-17
NA5120_E1631N0667,EPSG:32614,-96.48719145500232,38.94902592300753,717759.3250565998,4314122.804297642,8353280.0,3417600.0,14SQJ,1,projects/neon-prod-earthengine/assets/HSI_REFL/002/2022_MCDI_3,2022-06-14
NA5120_E1632N0667,EPSG:32614,-96.42864241153485,38.94840427312909,722835.8303389972,4314195.432272879,8358400.0,3417600.0,14SQJ,1,projects/neon-prod-earthengine/assets/HSI_REFL/002/2022_MCDI_3,2022-06-14
NA5120_E1235N0845,EPSG:32610,-122.13423299517589,44.26202548406616,569105.9636116428,4901340.521952516,6325760.0,4328960.0,10TEQ,1,projects/neon-prod-earthengine/assets/HSI_REFL/002/2022_MCRA_3,2022-07-14
NA5120_E1907N0664,EPSG:32617,-80.61400278444268,37.33945114790691,534191.3060175967,4132599.727179688,9766400.0,3402240.0,17SNB,1,projects/neon-prod-earthengine/assets/HSI_REFL/002/2022_MLBS_5,2022-09-21
NA5120_E1907N0665,EPSG:32617,-80.60258452453157,37.384243853388234,535181.8127195596,4137573.257709682,9766400.0,3407360.0,17SNB,1,projects/neon-prod-earthengine/assets/HSI_REFL/002/2022_MLBS_5,2022-09-21
NA5120_E1907N0666,EPSG:32617,-80.5911456449312,37.42903395429104,536172.9211485102,4142546.6707079466,9766400.0,3412480.0,17SNB,1,projects/neon-prod-earthengine/assets/HSI_REFL/002/2022_MLBS_5,2022-09-21
NA5120_E1908N0664,EPSG:32617,-80.55809997991307,37.329513187682664,539148.3106695645,4131518.905582826,9771520.0,3402240.0,17SNB,1,projects/neon-prod-earthengine/assets/HSI_REFL/002/2022_MLBS_5,2022-09-21
NA5120_E1908N0665,EPSG:32617,-80.54664734986183,37.37429719715191,540139.0632271835,4136492.085378991,9771520.0,3407360.0,17SNB,1,projects/neon-prod-earthengine/assets/HSI_REFL/002/2022_MLBS_5,2022-09-21
NA5120_E1908N0666,EPSG:32617,-80.53517404524938,37.419078588048684,541130.4166826316,4141465.1483827857,9771520.0,3412480.0,17SNB,1,projects/neon-prod-earthengine/assets/HSI_REFL/002/2022_MLBS_5,2022-09-21
NA5120_E1909N0664,EPSG:32617,-80.50221342066143,37.31954335169403,544105.2080663452,4130437.4679048224,9776640.0,3402240.0,17SNB,1,projects/neon-prod-earthengine/assets/HSI_REFL/002/2022_MLBS_5,2022-09-21
NA5120_E1909N0665,EPSG:32617,-80.49072646356413,37.36431864044983,545096.2074551338,4135410.2987861945,9776640.0,3407360.0,17SNB,1,projects/neon-prod-earthengine/assets/HSI_REFL/002/2022_MLBS_5,2022-09-21
NA5120_E1909N0666,EPSG:32617,-80.47921877717346,37.40909129660811,546087.8069134478,4140383.013614577,9776640.0,3412480.0,17SNB,1,projects/neon-prod-earthengine/assets/HSI_REFL/002/2022_MLBS_5,2022-09-21
NA5120_E1408N0667,EPSG:32612,-109.45625721479657,38.22057446701423,635133.3969744546,4231415.140882068,7211520.0,3417600.0,12SXH,1,projects/neon-prod-earthengine/assets/HSI_REFL/002/2022_MOAB_6,2022-04-30
NA5120_E1409N0666,EPSG:32612,-109.39073734505004,38.18218202101729,640943.1274353841,4227252.539742781,7216640.0,3412480.0,12SXH,1,projects/neon-prod-earthengine/assets/HSI_REFL/002/2022_MOAB_6,2022-04-30
NA5120_E1409N0667,EPSG:32612,-109.3989823604593,38.22763891865941,640133.7672718331,4232284.211199537,7216640.0,3417600.0,12SXH,1,projects/neon-prod-earthengine/assets/HSI_REFL/002/2022_MOAB_6,2022-04-30
NA5120_E1409N0668,EPSG:32612,-109.40724268676804,38.273094304844975,639323.8820087991,4237315.782717804,7216640.0,3422720.0,12SXH,1,projects/neon-prod-earthengine/assets/HSI_REFL/002/2022_MOAB_6,2022-04-30
NA5120_E1410N0666,EPSG:32612,-109.33348830701094,38.1892067024186,645943.447406101,4228120.6794711435,7221760.0,3412480.0,12SXH,1,projects/neon-prod-earthengine/assets/HSI_REFL/002/2022_MOAB_6,2022-04-30
NA5120_E1410N0667,EPSG:32612,-109.34169538657214,38.23466993246676,645134.3250503734,4233152.705383984,7221760.0,3417600.0,12SXH,1,projects/neon-prod-earthengine/assets/HSI_REFL/002/2022_MOAB_6,2022-04-30
NA5120_E1410N0668,EPSG:32612,-109.34991771041769,38.28013166175669,644324.6766583391,4238184.630736177,7221760.0,3422720.0,12SXH,1,projects/neon-prod-earthengine/assets/HSI_REFL/002/2022_MOAB_6,2022-04-30
NA5120_E1585N0588,EPSG:32614,-99.09310495641027,35.29623298904202,491534.7501461447,3905898.9551128834,8117760.0,3013120.0,14SME,1,projects/neon-prod-earthengine/assets/HSI_REFL/002/2022_OAES_6,2022-05-09
NA5120_E1585N0589,EPSG:32614,-99.09413506984633,35.342369622175006,491445.95064299594,3911015.693259932,8117760.0,3018240.0,14SME,1,projects/neon-prod-earthengine/assets/HSI_REFL/002/2022_OAES_6,2022-05-09
NA5120_E1585N0590,EPSG:32614,-99.09516704491071,35.38850588309924,491357.0940160986,3916132.4304857138,8117760.0,3023360.0,14SME,1,projects/neon-prod-earthengine/assets/HSI_REFL/002/2022_OAES_6,2022-05-09
NA5120_E1585N0591,EPSG:32614,-99.09620088614314,35.43464177157071,491268.18032031157,3921249.1667916733,8117760.0,3028480.0,14SME,1,projects/neon-prod-earthengine/assets/HSI_REFL/002/2022_OAES_6,2022-05-09
NA5120_E1586N0588,EPSG:32614,-99.03761608189483,35.29715064050322,496579.925383827,3905997.3987511843,8122880.0,3013120.0,14SME,1,projects/neon-prod-earthengine/assets/HSI_REFL/002/2022_OAES_6,2022-05-09
NA5120_E1586N0589,EPSG:32614,-99.03861034280473,35.34328807171604,496491.5201146442,3911114.1705841483,8122880.0,3018240.0,14SME,1,projects/neon-prod-earthengine/assets/HSI_REFL/002/2022_OAES_6,2022-05-09
NA5120_E1586N0590,EPSG:32614,-99.03960640060473,35.38942513202884,496403.05664763093,3916230.941426726,8122880.0,3023360.0,14SME,1,projects/neon-prod-earthengine/assets/HSI_REFL/002/2022_OAES_6,2022-05-09
NA5120_E1586N0591,EPSG:32614,-99.04060425967685,35.43556182120101,496314.5350375184,3921347.711280292,8122880.0,3028480.0,14SME,1,projects/neon-prod-earthengine/assets/HSI_REFL/002/2022_OAES_6,2022-05-09
NA5120_E1363N0717,EPSG:32612,-112.54210104686175,40.122369430865284,368599.26797180466,4442478.860147146,6981120.0,3673600.0,12TUK,1,projects/neon-prod-earthengine/assets/HSI_REFL/002/2022_ONAQ_4,2022-05-05
NA5120_E1363N0718,EPSG:32612,-112.55304469862708,40.167394336227915,367754.0932949473,4447492.858887847,6981120.0,3678720.0,12TUK,1,projects/neon-prod-earthengine/assets/HSI_REFL/002/2022_ONAQ_4,2022-05-05
NA5120_E1363N0719,EPSG:32612,-112.56400911505183,40.212416942472494,366908.46075913624,4452506.793406715,6981120.0,3683840.0,12TUK,1,projects/neon-prod-earthengine/assets/HSI_REFL/002/2022_ONAQ_4,2022-05-05
NA5120_E1363N0720,EPSG:32612,-112.57499435011421,40.25743724425615,366062.37086153554,4457520.663849234,6981120.0,3688960.0,12TUK,1,projects/neon-prod-earthengine/assets/HSI_REFL/002/2022_ONAQ_4,2022-05-05
NA5120_E1364N0717,EPSG:32612,-112.48352975546098,40.13131983237751,373606.8406027179,4443387.404129996,6986240.0,3673600.0,12TUK,1,projects/neon-prod-earthengine/assets/HSI_REFL/002/2022_ONAQ_4,2022-05-05
NA5120_E1364N0718,EPSG:32612,-112.49443384865451,40.176353022362754,372761.8953783614,4448401.6358215995,6986240.0,3678720.0,12TUK,1,projects/neon-prod-earthengine/assets/HSI_REFL/002/2022_ONAQ_4,2022-05-05
NA5120_E1364N0719,EPSG:32612,-112.50535863841732,40.22138392753659,371916.4914044456,4453415.802635495,6986240.0,3683840.0,12TUK,1,projects/neon-prod-earthengine/assets/HSI_REFL/002/2022_ONAQ_4,2022-05-05
NA5120_E1365N0717,EPSG:32612,-112.4249419796762,40.14023610546681,378614.42703723046,4444295.420491357,6991360.0,3673600.0,12TUK,1,projects/neon-prod-earthengine/assets/HSI_REFL/002/2022_ONAQ_4,2022-05-05
NA5120_E1365N0718,EPSG:32612,-112.43580646813669,40.185277551364045,377769.71040171734,4449309.8870541155,6991360.0,3678720.0,12TUK,1,projects/neon-prod-earthengine/assets/HSI_REFL/002/2022_ONAQ_4,2022-05-05
NA5120_E1365N0719,EPSG:32612,-112.44669158491557,40.23031672671518,376924.53412540664,4454324.288083426,6991360.0,3683840.0,12TUK,1,projects/neon-prod-earthengine/assets/HSI_REFL/002/2022_ONAQ_4,2022-05-05
NA5120_E1607N0545,EPSG:32614,-97.86215174853326,33.32422541934689,605905.3526669154,3687809.3098898223,8230400.0,2792960.0,14SNB,1,projects/neon-prod-earthengine/assets/HSI_REFL/002/2022_PRIN_5,2022-05-06
NA5120_E1607N0546,EPSG:32614,-97.86237468738653,33.37038810452518,605828.7294502498,3692927.37146402,8230400.0,2798080.0,14SNB,1,projects/neon-prod-earthengine/assets/HSI_REFL/002/2022_PRIN_5,2022-05-06
NA5120_E1607N0547,EPSG:32614,-97.86259801897853,33.41655044493872,605752.0232672499,3698045.4307624376,8230400.0,2803200.0,14SNC,1,projects/neon-prod-earthengine/assets/HSI_REFL/002/2022_PRIN_5,2022-05-06
NA5120_E1608N0545,EPSG:32614,-97.80812840585403,33.3244200190851,610933.6179357314,3687887.058349237,8235520.0,2792960.0,14SPB,1,projects/neon-prod-earthengine/assets/HSI_REFL/002/2022_PRIN_5,2022-05-06
NA5120_E1608N0546,EPSG:32614,-97.80831808927049,33.3705828681934,610857.4334480397,3693005.2020159997,8235520.0,2798080.0,14SPB,1,projects/neon-prod-earthengine/assets/HSI_REFL/002/2022_PRIN_5,2022-05-06
NA5120_E1608N0547,EPSG:32614,-97.8085081068435,33.416745372795674,610781.1649229173,3698123.34335536,8235520.0,2803200.0,14SPC,1,projects/neon-prod-earthengine/assets/HSI_REFL/002/2022_PRIN_5,2022-05-06
NA5120_E1378N0729,EPSG:32612,-111.78728466517254,40.794648180531595,433582.77227832243,4516259.609464285,7057920.0,3735040.0,12TVL,1,projects/neon-prod-earthengine/assets/HSI_REFL/002/2022_REDB_4,2022-05-06
NA5120_E1378N0730,EPSG:32612,-111.79787032112286,40.83976893134501,432735.32668225036,4521276.424935885,7057920.0,3740160.0,12TVL,1,projects/neon-prod-earthengine/assets/HSI_REFL/002/2022_REDB_4,2022-05-06
NA5120_E1479N0700,EPSG:32613,-105.55076434866844,40.150188072383315,453089.9579646374,4444572.2233230155,7575040.0,3586560.0,13TDE,1,projects/neon-prod-earthengine/assets/HSI_REFL/002/2022_RMNP_4,2022-07-25
NA5120_E1479N0701,EPSG:32613,-105.5566506464144,40.19598707313661,452620.46473677276,4449658.78175934,7575040.0,3591680.0,13TDE,1,projects/neon-prod-earthengine/assets/HSI_REFL/002/2022_RMNP_4,2022-07-25
NA5120_E1479N0702,EPSG:32613,-105.56254831375622,40.24178514679631,452150.70829597436,4454745.318330535,7575040.0,3596800.0,13TDE,1,projects/neon-prod-earthengine/assets/HSI_REFL/002/2022_RMNP_4,2022-07-25
NA5120_E1479N0703,EPSG:32613,-105.56845738114085,40.287582291721286,451680.6889321895,4459831.833080781,7575040.0,3601920.0,13TDE,1,projects/neon-prod-earthengine/assets/HSI_REFL/002/2022_RMNP_4,2022-07-25
NA5120_E1479N0704,EPSG:32613,-105.57437787912694,40.333378506265724,451210.4069355553,4464918.326054372,7575040.0,3607040.0,13TDE,1,projects/neon-prod-earthengine/assets/HSI_REFL/002/2022_RMNP_4,2022-07-25
NA5120_E1480N0700,EPSG:32613,-105.4914045261092,40.15499181172191,458148.7607800604,4445075.759657461,7580160.0,3586560.0,13TDE,1,projects/neon-prod-earthengine/assets/HSI_REFL/002/2022_RMNP_4,2022-07-25
NA5120_E1480N0701,EPSG:32613,-105.49724830426538,40.20079533590039,457679.53039137577,4450162.460996473,7580160.0,3591680.0,13TDE,1,projects/neon-prod-earthengine/assets/HSI_REFL/002/2022_RMNP_4,2022-07-25
NA5120_E1480N0702,EPSG:32613,-105.50310337193041,40.24659794107776,457210.03576152516,4455249.140094046,7580160.0,3596800.0,13TDE,1,projects/neon-prod-earthengine/assets/HSI_REFL/002/2022_RMNP_4,2022-07-25
NA5120_E1480N0703,EPSG:32613,-105.50896975934498,40.2923996256351,456740.2771804781,4460335.796994023,7580160.0,3601920.0,13TDE,1,projects/neon-prod-earthengine/assets/HSI_REFL/002/2022_RMNP_4,2022-07-25
NA5120_E1481N0700,EPSG:32613,-105.43203570884833,40.15976022789956,463207.59066557715,4445578.74824638,7585280.0,3586560.0,13TDE,1,projects/neon-prod-earthengine/assets/HSI_REFL/002/2022_RMNP_4,2022-07-25
NA5120_E1481N0701,EPSG:32613,-105.43783694151576,40.20556824308114,462738.62262700207,4450665.594565984,7585280.0,3591680.0,13TDE,1,projects/neon-prod-earthengine/assets/HSI_REFL/002/2022_RMNP_4,2022-07-25
NA5120_E1481N0702,EPSG:32613,-105.44364938351096,40.25137534729848,462269.38931863743,4455752.418268138,7585280.0,3596800.0,13TDE,1,projects/neon-prod-earthengine/assets/HSI_REFL/002/2022_RMNP_4,2022-07-25
NA5120_E1481N0703,EPSG:32613,-105.44947306486803,40.29718153895475,461799.8910304653,4460839.219396352,7585280.0,3601920.0,13TDE,1,projects/neon-prod-earthengine/assets/HSI_REFL/002/2022_RMNP_4,2022-07-25
NA5120_E1940N0707,EPSG:32617,-78.21839034858725,38.90509625608986,741206.1028495326,4309923.879846029,9935360.0,3622400.0,17SQD,1,projects/neon-prod-earthengine/assets/HSI_REFL/002/2022_SCBI_5,2022-05-30
NA5120_E1941N0706,EPSG:32617,-78.17513508237228,38.84934764879214,745149.2524405371,4303851.282629781,9940480.0,3617280.0,17SQD,1,projects/neon-prod-earthengine/assets/HSI_REFL/002/2022_SCBI_5,2022-05-30
NA5120_E1941N0707,EPSG:32617,-78.16158401965873,38.89369467958313,746172.2917367897,4308810.198947337,9940480.0,3622400.0,17SQD,1,projects/neon-prod-earthengine/assets/HSI_REFL/002/2022_SCBI_5,2022-05-30
NA5120_E1942N0706,EPSG:32617,-78.11838346803192,38.837923989694076,750115.2235377964,4302737.277247835,9945600.0,3617280.0,17SQD,1,projects/neon-prod-earthengine/assets/HSI_REFL/002/2022_SCBI_5,2022-05-30
NA5120_E1942N0707,EPSG:32617,-78.10479737205104,38.88226085013305,751138.5089029772,4307695.9358855495,9945600.0,3622400.0,17SQD,1,projects/neon-prod-earthengine/assets/HSI_REFL/002/2022_SCBI_5,2022-05-30
NA5120_E1942N0708,EPSG:32617,-78.09118642536652,38.9265942799276,752162.3436764276,4312654.511591843,9945600.0,3627520.0,17SQD,1,projects/neon-prod-earthengine/assets/HSI_REFL/002/2022_SCBI_5,2022-05-30
NA5120_E1967N0713,EPSG:32618,-76.604427354505,38.85036714283653,360773.7575502021,4301394.857520564,10073600.0,3653120.0,18SUJ,1,projects/neon-prod-earthengine/assets/HSI_REFL/002/2022_SERC_6,2022-05-29
NA5120_E1967N0714,EPSG:32618,-76.58979840081254,38.89441484549036,362128.4205379884,4306260.971004153,10073600.0,3658240.0,18SUJ,1,projects/neon-prod-earthengine/assets/HSI_REFL/002/2022_SERC_6,2022-05-29
NA5120_E1967N0715,EPSG:32618,-76.57514286137894,38.9384586310417,363483.8913353175,4311126.832876539,10073600.0,3663360.0,18SUJ,1,projects/neon-prod-earthengine/assets/HSI_REFL/002/2022_SERC_6,2022-05-29
NA5120_E1968N0713,EPSG:32618,-76.54796366200641,38.83803766420568,365650.5366652569,4299941.992729073,10078720.0,3653120.0,18SUJ,1,projects/neon-prod-earthengine/assets/HSI_REFL/002/2022_SERC_6,2022-05-29
NA5120_E1968N0714,EPSG:32618,-76.53330071961338,38.88207446266876,367005.29138756974,4304807.5963218,10078720.0,3658240.0,18SUJ,1,projects/neon-prod-earthengine/assets/HSI_REFL/002/2022_SERC_6,2022-05-29
NA5120_E1968N0715,EPSG:32618,-76.51861114167377,38.926107326548376,368360.8532672991,4309672.94928626,10078720.0,3663360.0,18SUJ,1,projects/neon-prod-earthengine/assets/HSI_REFL/002/2022_SERC_6,2022-05-29
NA5120_E1360N0532,EPSG:32612,-110.98192716730446,31.73510840195861,501711.96518590656,3511075.2131336257,6965760.0,2726400.0,12SVA,1,projects/neon-prod-earthengine/assets/HSI_REFL/002/2022_SRER_5,2022-08-29
NA5120_E1361N0532,EPSG:32612,-110.92967472019126,31.74282607563307,506661.07319567853,3511932.632537056,6970880.0,2726400.0,12SVA,1,projects/neon-prod-earthengine/assets/HSI_REFL/002/2022_SRER_5,2022-08-29
NA5120_E1361N0533,EPSG:32612,-110.93759431725105,31.788187615835874,505908.06136762694,3516959.975530469,6970880.0,2731520.0,12SVA,1,projects/neon-prod-earthengine/assets/HSI_REFL/002/2022_SRER_5,2022-08-29
NA5120_E1361N0534,EPSG:32612,-110.94552735409772,31.833547591521924,505154.50640777504,3521987.2342470107,6970880.0,2736640.0,12SVA,1,projects/neon-prod-earthengine/assets/HSI_REFL/002/2022_SRER_5,2022-08-29
NA5120_E1361N0535,EPSG:32612,-110.9534738602556,31.87890599954066,504400.4087589402,3527014.4087705817,6970880.0,2741760.0,12SVA,1,projects/neon-prod-earthengine/assets/HSI_REFL/002/2022_SRER_5,2022-08-29
NA5120_E1361N0536,EPSG:32612,-110.96143386534057,31.924262836733515,503645.76886425953,3532041.499185429,6970880.0,2746880.0,12SVA,1,projects/neon-prod-earthengine/assets/HSI_REFL/002/2022_SRER_5,2022-08-29
NA5120_E1362N0532,EPSG:32612,-110.87741205652863,31.75051433493746,511610.3340084088,3512789.1693388447,6976000.0,2726400.0,12SWA,1,projects/neon-prod-earthengine/assets/HSI_REFL/002/2022_SRER_5,2022-08-29
NA5120_E1362N0533,EPSG:32612,-110.88530256095152,31.795882086357963,510857.7214534506,3517816.85284724,6976000.0,2731520.0,12SWA,1,projects/neon-prod-earthengine/assets/HSI_REFL/002/2022_SRER_5,2022-08-29
NA5120_E1362N0534,EPSG:32612,-110.89320645889448,31.84124828243387,510104.56483958464,3522844.4515345558,6976000.0,2736640.0,12SWA,1,projects/neon-prod-earthengine/assets/HSI_REFL/002/2022_SRER_5,2022-08-29
NA5120_E1362N0535,EPSG:32612,-110.90112377979189,31.886612920035653,509350.864609819,3527871.965484011,6976000.0,2741760.0,12SWA,1,projects/neon-prod-earthengine/assets/HSI_REFL/002/2022_SRER_5,2022-08-29
NA5120_E1362N0536,EPSG:32612,-110.9090545531695,31.931975996025816,508596.62120749324,3532899.3947791783,6976000.0,2746880.0,12SWA,1,projects/neon-prod-earthengine/assets/HSI_REFL/002/2022_SRER_5,2022-08-29
NA5120_E1363N0531,EPSG:32612,-110.81729114257173,31.71279768410844,517311.4189657469,3508616.7131716507,6981120.0,2721280.0,12SWA,1,projects/neon-prod-earthengine/assets/HSI_REFL/002/2022_SRER_5,2022-08-29
NA5120_E1363N0532,EPSG:32612,-110.82513921088189,31.7581731676299,516559.7503898245,3513644.8245201884,6981120.0,2726400.0,12SWA,1,projects/neon-prod-earthengine/assets/HSI_REFL/002/2022_SRER_5,2022-08-29
NA5120_E1363N0533,EPSG:32612,-110.8330005971151,31.803547108050758,515807.5363841208,3518672.8504215693,6981120.0,2731520.0,12SWA,1,projects/neon-prod-earthengine/assets/HSI_REFL/002/2022_SRER_5,2022-08-29
NA5120_E1363N0534,EPSG:32612,-110.8408753305248,31.84891950227035,515054.7773915216,3523700.790957985,6981120.0,2736640.0,12SWA,1,projects/neon-prod-earthengine/assets/HSI_REFL/002/2022_SRER_5,2022-08-29
NA5120_E1363N0535,EPSG:32612,-110.84876344045517,31.89429034718008,514301.4738552236,3528728.646211973,6981120.0,2741760.0,12SWA,1,projects/neon-prod-earthengine/assets/HSI_REFL/002/2022_SRER_5,2022-08-29
NA5120_E1363N0536,EPSG:32612,-110.85666495634149,31.939659639663486,513547.6262187519,3533756.416266426,6981120.0,2746880.0,12SWA,1,projects/neon-prod-earthengine/assets/HSI_REFL/002/2022_SRER_5,2022-08-29
NA5120_E1364N0531,EPSG:32612,-110.76503724690475,31.72042092032527,522260.59492684423,3509471.1428964864,6986240.0,2721280.0,12SWA,1,projects/neon-prod-earthengine/assets/HSI_REFL/002/2022_SRER_5,2022-08-29
NA5120_E1364N0532,EPSG:32612,-110.77285621788145,31.765802561509144,521509.3251066077,3514499.599059884,6986240.0,2726400.0,12SWA,1,projects/neon-prod-earthengine/assets/HSI_REFL/002/2022_SRER_5,2022-08-29
NA5120_E1364N0533,EPSG:32612,-110.78068846045136,31.811182668685944,520757.5089275147,3519527.9692332386,6986240.0,2731520.0,12SWA,1,projects/neon-prod-earthengine/assets/HSI_REFL/002/2022_SRER_5,2022-08-29
NA5120_E1364N0534,EPSG:32612,-110.78853400377761,31.85656123877582,520005.14683264075,3524556.253498054,6986240.0,2736640.0,12SWA,1,projects/neon-prod-earthengine/assets/HSI_REFL/002/2022_SRER_5,2022-08-29
NA5120_E1364N0535,EPSG:32612,-110.7963928771139,31.90193826869109,519252.2392653765,3529584.451936191,6986240.0,2741760.0,12SWA,1,projects/neon-prod-earthengine/assets/HSI_REFL/002/2022_SRER_5,2022-08-29
NA5120_E1365N0533,EPSG:32612,-110.72836618573514,31.818788756075985,525707.641852458,3520382.210259628,6991360.0,2731520.0,12SWA,1,projects/neon-prod-earthengine/assets/HSI_REFL/002/2022_SRER_5,2022-08-29
NA5120_E1365N0534,EPSG:32612,-110.73618251350733,31.86417347973561,524955.6759329466,3525410.840133125,6991360.0,2736640.0,12SWA,1,projects/neon-prod-earthengine/assets/HSI_REFL/002/2022_SRER_5,2022-08-29
NA5120_E1365N0535,EPSG:32612,-110.74401212470225,31.909556672326804,524203.1636114653,3530439.3836360094,6991360.0,2741760.0,12SWA,1,projects/neon-prod-earthengine/assets/HSI_REFL/002/2022_SRER_5,2022-08-29
NA5120_E1734N0816,EPSG:32616,-89.61797220392536,45.53004958630894,295576.25885497086,5045168.89302008,8880640.0,4180480.0,15TYL,1,projects/neon-prod-earthengine/assets/HSI_REFL/002/2022_STEI_5,2022-06-09
NA5120_E1735N0814,EPSG:32616,-89.566324839448,45.43368595810848,299266.95000591164,5034333.087164095,8885760.0,4170240.0,15TYL,1,projects/neon-prod-earthengine/assets/HSI_REFL/002/2022_STEI_5,2022-06-09
NA5120_E1735N0815,EPSG:32616,-89.55963174963226,45.479439272171625,299952.41514574323,5039399.338171457,8885760.0,4175360.0,15TYL,1,projects/neon-prod-earthengine/assets/HSI_REFL/002/2022_STEI_5,2022-06-09
NA5120_E1735N0816,EPSG:32616,-89.55292443238756,45.52519157873998,300638.2676748262,5044465.519175808,8885760.0,4180480.0,15TYL,1,projects/neon-prod-earthengine/assets/HSI_REFL/002/2022_STEI_5,2022-06-09
NA5120_E1735N0817,EPSG:32616,-89.5462028447309,45.57094287586758,301324.5071601209,5049531.630256936,8885760.0,4185600.0,15TYL,1,projects/neon-prod-earthengine/assets/HSI_REFL/002/2022_STEI_5,2022-06-09
NA5120_E1736N0814,EPSG:32616,-89.50139612071743,45.42879852051645,304328.6066893748,5033630.005666444,8890880.0,4170240.0,15TYL,1,projects/neon-prod-earthengine/assets/HSI_REFL/002/2022_STEI_5,2022-06-09
NA5120_E1736N0815,EPSG:32616,-89.49464937950329,45.47454672063799,305014.1666661855,5038695.982069296,8890880.0,4175360.0,15TYL,1,projects/neon-prod-earthengine/assets/HSI_REFL/002/2022_STEI_5,2022-06-09
NA5120_E1736N0816,EPSG:32616,-89.48788829983937,45.520293902975375,305700.11304068123,5043761.889030722,8890880.0,4180480.0,15TYL,1,projects/neon-prod-earthengine/assets/HSI_REFL/002/2022_STEI_5,2022-06-09
NA5120_E1736N0817,EPSG:32616,-89.48111283842049,45.56604006555119,306386.44538004,5048827.726630947,8890880.0,4185600.0,15TYL,1,projects/neon-prod-earthengine/assets/HSI_REFL/002/2022_STEI_5,2022-06-09
NA5120_E1737N0815,EPSG:32616,-89.42967870187299,45.46961455465716,310075.7571500087,5037992.366745309,8896000.0,4175360.0,15TYL,1,projects/neon-prod-earthengine/assets/HSI_REFL/002/2022_STEI_5,2022-06-09
NA5120_E1737N0816,EPSG:32616,-89.42286389689582,45.51535657239279,310761.7980749082,5043058.00172237,8896000.0,4180480.0,15TYL,1,projects/neon-prod-earthengine/assets/HSI_REFL/002/2022_STEI_5,2022-06-09
NA5120_E1737N0817,EPSG:32616,-89.41603459897179,45.56109755996833,311448.22397389926,5048123.567900209,8896000.0,4185600.0,15TYL,1,projects/neon-prod-earthengine/assets/HSI_REFL/002/2022_STEI_5,2022-06-09
NA5120_E1521N0702,EPSG:32613,-103.05881527512466,40.41334121829957,664700.6210030355,4475444.841102702,7790080.0,3596800.0,13TFE,1,projects/neon-prod-earthengine/assets/HSI_REFL/002/2022_STER_4,2022-07-17
NA5120_E1521N0703,EPSG:32613,-103.06291140979818,40.459300712242516,664241.1421249759,4480539.120695547,7790080.0,3601920.0,13TFE,1,projects/neon-prod-earthengine/assets/HSI_REFL/002/2022_STER_4,2022-07-17
NA5120_E1521N0704,EPSG:32613,-103.0670155196668,40.505259568347086,663781.3570500092,4485633.362922423,7790080.0,3607040.0,13TFE,1,projects/neon-prod-earthengine/assets/HSI_REFL/002/2022_STER_4,2022-07-17
NA5120_E1522N0702,EPSG:32613,-102.99904636835095,40.41665953426903,669763.7226776984,4475926.355275149,7795200.0,3596800.0,13TFE,1,projects/neon-prod-earthengine/assets/HSI_REFL/002/2022_STER_4,2022-07-17
NA5120_E1522N0703,EPSG:32613,-103.00309888493476,40.462622179230536,669304.4847053447,4481020.864705331,7795200.0,3601920.0,13TFE,1,projects/neon-prod-earthengine/assets/HSI_REFL/002/2022_STER_4,2022-07-17
NA5120_E1522N0704,EPSG:32613,-103.00715929278122,40.50858419206301,668844.9394883526,4486115.336404019,7795200.0,3607040.0,13TFE,1,projects/neon-prod-earthengine/assets/HSI_REFL/002/2022_STER_4,2022-07-17
NA5120_E1237N1466,EPSG:32606,-149.55046361571894,68.53643595832676,395876.7026056635,7604831.292530926,6336000.0,7508480.0,05WPS,1,projects/neon-prod-earthengine/assets/HSI_REFL/002/2022_TOOL_4,2022-08-03
NA5120_E1237N1467,EPSG:32606,-149.64175035574854,68.56691421967139,392297.62478027557,7608384.108676379,6336000.0,7513600.0,05WPS,1,projects/neon-prod-earthengine/assets/HSI_REFL/002/2022_TOOL_4,2022-08-03
NA5120_E1238N1465,EPSG:32606,-149.37341368764316,68.53748895847644,403106.1935605554,7604659.5289320005,6341120.0,7503360.0,05WPS,1,projects/neon-prod-earthengine/assets/HSI_REFL/002/2022_TOOL_4,2022-08-03
NA5120_E1238N1466,EPSG:32606,-149.4644675594811,68.56806736077577,399527.0860932878,7608212.742273327,6341120.0,7508480.0,05WPS,1,projects/neon-prod-earthengine/assets/HSI_REFL/002/2022_TOOL_4,2022-08-03
NA5120_E1238N1467,EPSG:32606,-149.5557822097543,68.59859104087967,395947.41393090325,7611765.459610993,6341120.0,7513600.0,05WPS,1,projects/neon-prod-earthengine/assets/HSI_REFL/002/2022_TOOL_4,2022-08-03
NA5120_E1238N1468,EPSG:32606,-149.64735828473474,68.62905976568162,392367.1771471173,7615317.683133835,6341120.0,7518720.0,05WPS,1,projects/neon-prod-earthengine/assets/HSI_REFL/002/2022_TOOL_4,2022-08-03
NA5120_E1239N1464,EPSG:32606,-149.19634883573283,68.53835923426186,410335.5694509716,7604488.19045394,6346240.0,7498240.0,05WPS,1,projects/neon-prod-earthengine/assets/HSI_REFL/002/2022_TOOL_4,2022-08-03
NA5120_E1239N1465,EPSG:32606,-149.28716823800917,68.56903752669582,406756.4277979153,7608041.804179298,6346240.0,7503360.0,05WPS,1,projects/neon-prod-earthengine/assets/HSI_REFL/002/2022_TOOL_4,2022-08-03
NA5120_E1239N1466,EPSG:32606,-149.37824861164717,68.59966137867659,403176.7229008335,7611594.918818877,6346240.0,7508480.0,05WPS,1,projects/neon-prod-earthengine/assets/HSI_REFL/002/2022_TOOL_4,2022-08-03
NA5120_E1239N1467,EPSG:32606,-149.46959061106006,68.63023055753115,399596.45483510447,7615147.536562008,6346240.0,7513600.0,05WPS,1,projects/neon-prod-earthengine/assets/HSI_REFL/002/2022_TOOL_4,2022-08-03
NA5120_E1239N1468,EPSG:32606,-149.56119488907188,68.66074482966833,396015.62367455196,7618699.659598487,6346240.0,7518720.0,05WPS,1,projects/neon-prod-earthengine/assets/HSI_REFL/002/2022_TOOL_4,2022-08-03
NA5120_E1239N1469,EPSG:32606,-149.65306209686335,68.69120396057832,392434.22949143394,7622251.290118621,6346240.0,7523840.0,05WPS,1,projects/neon-prod-earthengine/assets/HSI_REFL/002/2022_TOOL_4,2022-08-03
NA5120_E1240N1464,EPSG:32606,-149.10985524252845,68.56982469312183,413985.65911825583,7607871.293983503,6351360.0,7498240.0,05WPS,1,projects/neon-prod-earthengine/assets/HSI_REFL/002/2022_TOOL_4,2022-08-03
NA5120_E1240N1465,EPSG:32606,-149.2006997364453,68.60054846423509,410405.916941326,7611424.809112341,6351360.0,7503360.0,05WPS,1,projects/neon-prod-earthengine/assets/HSI_REFL/002/2022_TOOL_4,2022-08-03
NA5120_E1240N1466,EPSG:32606,-149.29180604382054,68.63121784510348,406825.61304763204,7614977.824261877,6351360.0,7508480.0,05WPS,1,projects/neon-prod-earthengine/assets/HSI_REFL/002/2022_TOOL_4,2022-08-03
NA5120_E1240N1467,EPSG:32606,-149.38317482563767,68.66183260257802,403244.7475126623,7618530.341622394,6351360.0,7513600.0,05WPS,1,projects/neon-prod-earthengine/assets/HSI_REFL/002/2022_TOOL_4,2022-08-03
NA5120_E1240N1468,EPSG:32606,-149.47480674131964,68.69239250258477,399663.32041033864,7622082.363384661,6351360.0,7518720.0,05WPS,1,projects/neon-prod-earthengine/assets/HSI_REFL/002/2022_TOOL_4,2022-08-03
NA5120_E1241N1466,EPSG:32606,-149.205139126476,68.6627365923448,410473.75655076955,7618361.460696098,6356480.0,7508480.0,05WPS,1,projects/neon-prod-earthengine/assets/HSI_REFL/002/2022_TOOL_4,2022-08-03
NA5120_E1241N1467,EPSG:32606,-149.29653411829045,68.69339700818244,406892.29198110785,7621913.876884593,6356480.0,7513600.0,05WPS,1,projects/neon-prod-earthengine/assets/HSI_REFL/002/2022_TOOL_4,2022-08-03
NA5120_E1652N0668,EPSG:32615,-95.25639597937104,38.97473595171032,304534.58934482257,4316394.55715643,8460800.0,3422720.0,15STD,1,projects/neon-prod-earthengine/assets/HSI_REFL/002/2022_UKFS_6,2022-06-09
NA5120_E1652N0669,EPSG:32615,-95.25480264040137,39.02083168393761,304799.39729545906,4321507.260666876,8460800.0,3427840.0,15STD,1,projects/neon-prod-earthengine/assets/HSI_REFL/002/2022_UKFS_6,2022-06-09
NA5120_E1652N0670,EPSG:32615,-95.2532062624469,39.06692700839839,305064.4143068413,4326619.946756313,8460800.0,3432960.0,15STD,1,projects/neon-prod-earthengine/assets/HSI_REFL/002/2022_UKFS_6,2022-06-09
NA5120_E1653N0668,EPSG:32615,-95.19784279716501,38.973380061773476,309603.7903392392,4316119.982655878,8465920.0,3422720.0,15SUD,1,projects/neon-prod-earthengine/assets/HSI_REFL/002/2022_UKFS_6,2022-06-09
NA5120_E1653N0669,EPSG:32615,-95.19620794406836,39.019474537104976,309868.89090271934,4321232.505179466,8465920.0,3427840.0,15SUD,1,projects/neon-prod-earthengine/assets/HSI_REFL/002/2022_UKFS_6,2022-06-09
NA5120_E1653N0670,EPSG:32615,-95.19456997296116,39.0655686024493,310134.1994481756,4326345.010487788,8465920.0,3432960.0,15SUD,1,projects/neon-prod-earthengine/assets/HSI_REFL/002/2022_UKFS_6,2022-06-09
NA5120_E1654N0668,EPSG:32615,-95.13929208617112,38.97198926163632,314672.8382152162,4315844.807652365,8471040.0,3422720.0,15SUD,1,projects/neon-prod-earthengine/assets/HSI_REFL/002/2022_UKFS_6,2022-06-09
NA5120_E1654N0669,EPSG:32615,-95.13761572599473,39.018082447778106,314938.23164051306,4320957.151315963,8471040.0,3427840.0,15SUD,1,projects/neon-prod-earthengine/assets/HSI_REFL/002/2022_UKFS_6,2022-06-09
NA5120_E1654N0670,EPSG:32615,-95.1359361688073,39.06417522165513,315203.8319694189,4326069.477970413,8471040.0,3432960.0,15SUD,1,projects/neon-prod-earthengine/assets/HSI_REFL/002/2022_UKFS_6,2022-06-09
NA5120_E1733N0830,EPSG:32616,-89.5891414265973,46.17543726683232,300154.0619437252,5116798.881538103,8875520.0,4252160.0,15TYM,1,projects/neon-prod-earthengine/assets/HSI_REFL/002/2022_UNDE_5,2022-06-20
NA5120_E1733N0831,EPSG:32616,-89.58232649127159,46.221184663404394,300845.5173720933,5121864.559514003,8875520.0,4257280.0,15TYM,1,projects/neon-prod-earthengine/assets/HSI_REFL/002/2022_UNDE_5,2022-06-20
NA5120_E1733N0832,EPSG:32616,-89.57549685232924,46.26693104184513,301537.3552134349,5126930.167654863,8875520.0,4262400.0,15TYM,1,projects/neon-prod-earthengine/assets/HSI_REFL/002/2022_UNDE_5,2022-06-20
NA5120_E1734N0829,EPSG:32616,-89.53017223917247,46.12480402777409,304526.27618993854,5111026.450449962,8880640.0,4247040.0,15TYM,1,projects/neon-prod-earthengine/assets/HSI_REFL/002/2022_UNDE_5,2022-06-20
NA5120_E1734N0830,EPSG:32616,-89.52331653361182,46.170547251931616,305217.4273290457,5116091.928091735,8880640.0,4252160.0,15TYM,1,projects/neon-prod-earthengine/assets/HSI_REFL/002/2022_UNDE_5,2022-06-20
NA5120_E1734N0831,EPSG:32616,-89.51644605315653,46.21628944933598,305908.96032829466,5121157.336384269,8880640.0,4257280.0,15TYM,1,projects/neon-prod-earthengine/assets/HSI_REFL/002/2022_UNDE_5,2022-06-20
NA5120_E1734N0832,EPSG:32616,-89.50956075243334,46.26203061796374,306600.87475123524,5126222.675410517,8880640.0,4262400.0,15TYM,1,projects/neon-prod-earthengine/assets/HSI_REFL/002/2022_UNDE_5,2022-06-20
NA5120_E1735N0830,EPSG:32616,-89.45750371659892,46.1656169809397,310280.63606213254,5115384.748037769,8885760.0,4252160.0,15TYM,1,projects/neon-prod-earthengine/assets/HSI_REFL/002/2022_UNDE_5,2022-06-20
NA5120_E1735N0831,EPSG:32616,-89.4505777298821,46.21135393752993,310972.247345508,5120449.888705799,8885760.0,4257280.0,15TYM,1,projects/neon-prod-earthengine/assets/HSI_REFL/002/2022_UNDE_5,2022-06-20
NA5120_E1735N0832,EPSG:32616,-89.44363680640694,46.25708985461675,311664.2390638622,5125514.960676223,8885760.0,4262400.0,15TYM,1,projects/neon-prod-earthengine/assets/HSI_REFL/002/2022_UNDE_5,2022-06-20
NA5120_E1246N0877,EPSG:32610,-122.10463205431225,45.803400086868685,569575.4736249667,5072594.044947132,6382080.0,4492800.0,10TER,1,projects/neon-prod-earthengine/assets/HSI_REFL/002/2022_WREF_5,2022-07-11
NA5120_E1247N0876,EPSG:32610,-122.02176112013004,45.77519719193179,576053.3778516314,5069536.13153623,6387200.0,4487680.0,10TER,1,projects/neon-prod-earthengine/assets/HSI_REFL/002/2022_WREF_5,2022-07-11
NA5120_E1247N0877,EPSG:32610,-122.04232263093489,45.81826254817605,574397.4865818513,5074301.444783987,6387200.0,4492800.0,10TER,1,projects/neon-prod-earthengine/assets/HSI_REFL/002/2022_WREF_5,2022-07-11
NA5120_E1247N0878,EPSG:32610,-122.06292553431736,45.86132160806392,572740.8112304516,5079066.468727522,6387200.0,4497920.0,10TER,1,projects/neon-prod-earthengine/assets/HSI_REFL/002/2022_WREF_5,2022-07-11
NA5120_E1247N0879,EPSG:32610,-122.08356994370068,45.90437435425778,571083.3526606488,5083831.20388729,6387200.0,4503040.0,10TER,1,projects/neon-prod-earthengine/assets/HSI_REFL/002/2022_WREF_5,2022-07-11
NA5120_E1248N0876,EPSG:32610,-121.95945982100947,45.790009544638764,580875.5692769485,5071242.97075217,6392320.0,4487680.0,10TER,1,projects/neon-prod-earthengine/assets/HSI_REFL/002/2022_WREF_5,2022-07-11
NA5120_E1248N0877,EPSG:32610,-121.97997942484398,45.83308961664192,579219.5897535913,5076008.724519208,6392320.0,4492800.0,10TER,1,projects/neon-prod-earthengine/assets/HSI_REFL/002/2022_WREF_5,2022-07-11
NA5120_E1248N0878,EPSG:32610,-122.0005403635749,45.876163418567074,577562.8257328984,5080774.187799528,6392320.0,4497920.0,10TER,1,projects/neon-prod-earthengine/assets/HSI_REFL/002/2022_WREF_5,2022-07-11
NA5120_E1249N0875,EPSG:32610,-121.87668844578089,45.76168550459224,587353.1384109237,5068183.202545875,6397440.0,4482560.0,10TER,1,projects/neon-prod-earthengine/assets/HSI_REFL/002/2022_WREF_5,2022-07-11
NA5120_E1249N0876,EPSG:32610,-121.89712488158744,45.804786493507336,585697.8548715176,5072949.6904145535,6397440.0,4487680.0,10TER,1,projects/neon-prod-earthengine/assets/HSI_REFL/002/2022_WREF_5,2022-07-11
NA5120_E1249N0877,EPSG:32610,-121.91760248133946,45.84788125574914,584041.7855532096,5077715.886094682,6397440.0,4492800.0,10TER,1,projects/neon-prod-earthengine/assets/HSI_REFL/002/2022_WREF_5,2022-07-11
NA5120_E1249N0878,EPSG:32610,-121.93812135796573,45.890969774175,582384.9313211831,5082481.790104861,6397440.0,4497920.0,10TER,1,projects/neon-prod-earthengine/assets/HSI_REFL/002/2022_WREF_5,2022-07-11
NA5120_E1250N0875,EPSG:32610,-121.81436195443916,45.77641237479738,592175.6115071881,5069889.360104643,6402560.0,4482560.0,10TER,1,projects/neon-prod-earthengine/assets/HSI_REFL/002/2022_WREF_5,2022-07-11
NA5120_E1250N0876,EPSG:32610,-121.83475634740887,45.81952800215524,590520.237049088,5074656.292464431,6402560.0,4487680.0,10TER,1,projects/neon-prod-earthengine/assets/HSI_REFL/002/2022_WREF_5,2022-07-11
NA5120_E1250N0877,EPSG:32610,-121.85519184601095,45.862637429019706,588864.0763940839,5079422.931452114,6402560.0,4492800.0,10TER,1,projects/neon-prod-earthengine/assets/HSI_REFL/002/2022_WREF_5,2022-07-11
NA5120_E1251N0876,EPSG:32610,-121.77235426430732,45.83423403423971,595342.718223779,5076362.778842678,6407680.0,4487680.0,10TER,1,projects/neon-prod-earthengine/assets/HSI_REFL/002/2022_WREF_5,2022-07-11
NA5120_E1251N0877,EPSG:32610,-121.79274756473802,45.87735810001507,593686.4646899548,5081129.862533022,6407680.0,4492800.0,10TER,1,projects/neon-prod-earthengine/assets/HSI_REFL/002/2022_WREF_5,2022-07-11
NA5120_E1411N0813,EPSG:32612,-110.66274006303139,44.86241059176282,526644.7831732121,4967721.4640655685,7226880.0,4165120.0,12TWQ,1,projects/neon-prod-earthengine/assets/HSI_REFL/002/2022_YELL_4,2022-06-22
NA5120_E1412N0813,EPSG:32612,-110.5990734287367,44.87042093882019,531670.2907594735,4968634.148288637,7232000.0,4165120.0,12TWQ,1,projects/neon-prod-earthengine/assets/HSI_REFL/002/2022_YELL_4,2022-06-22
NA5120_E1412N0814,EPSG:32612,-110.60991819457544,44.91564032003988,530789.4952780401,4973653.182525998,7232000.0,4170240.0,12TWQ,1,projects/neon-prod-earthengine/assets/HSI_REFL/002/2022_YELL_4,2022-06-22
NA5120_E1412N0815,EPSG:32612,-110.62078548759833,44.96085763947063,529908.2475609473,4978672.133515896,7232000.0,4175360.0,12TWQ,1,projects/neon-prod-earthengine/assets/HSI_REFL/002/2022_YELL_4,2022-06-22
NA5120_E1412N0816,EPSG:32612,-110.6316753736239,45.006072892022296,529026.5481412878,4983691.001410909,7232000.0,4180480.0,12TWQ,1,projects/neon-prod-earthengine/assets/HSI_REFL/002/2022_YELL_4,2022-06-22
NA5120_E1413N0813,EPSG:32612,-110.53538851650883,44.878393112624366,536695.8706169685,4969546.544482939,7237120.0,4165120.0,12TWQ,1,projects/neon-prod-earthengine/assets/HSI_REFL/002/2022_YELL_4,2022-06-22
NA5120_E1413N0814,EPSG:32612,-110.54618345836433,44.923620643133916,535815.1755843486,4974565.84138546,7237120.0,4170240.0,12TWQ,1,projects/neon-prod-earthengine/assets/HSI_REFL/002/2022_YELL_4,2022-06-22
NA5120_E1413N0815,EPSG:32612,-110.55700083151451,44.9688461276593,534934.0274192949,4979585.054336865,7237120.0,4175360.0,12TWQ,1,projects/neon-prod-earthengine/assets/HSI_REFL/002/2022_YELL_4,2022-06-22
NA5120_E1414N0813,EPSG:32612,-110.47168540365286,44.886327092479284,541721.5257525161,4970458.653768873,7242240.0,4165120.0,12TWQ,1,projects/neon-prod-earthengine/assets/HSI_REFL/002/2022_YELL_4,2022-06-22
NA5120_E1414N0814,EPSG:32612,-110.48243046551079,44.931562736042366,540840.9302695895,4975478.215286778,7242240.0,4170240.0,12TWQ,1,projects/neon-prod-earthengine/assets/HSI_REFL/002/2022_YELL_4,2022-06-22
NA5120_E1414N0815,EPSG:32612,-110.49319786255509,44.97679634936452,539959.8807568703,4980497.692149827,7242240.0,4175360.0,12TWQ,1,projects/neon-prod-earthengine/assets/HSI_REFL/002/2022_YELL_4,2022-06-22
NA5120_E1415N0812,EPSG:32612,-110.39729121564083,44.84897712782774,547627.3005439172,4966350.563672521,7247360.0,4160000.0,12TWQ,1,projects/neon-prod-earthengine/assets/HSI_REFL/002/2022_YELL_4,2022-06-22
NA5120_E1415N0813,EPSG:32612,-110.40796416765839,44.89422285777365,546747.2591733201,4971370.477266066,7247360.0,4165120.0,12TWQ,1,projects/neon-prod-earthengine/assets/HSI_REFL/002/2022_YELL_4,2022-06-22
NA5120_E1415N0814,EPSG:32612,-110.41865929371761,44.93946657809392,545866.7623412407,4976390.305350148,7247360.0,4170240.0,12TWQ,1,projects/neon-prod-earthengine/assets/HSI_REFL/002/2022_YELL_4,2022-06-22
NA5120_E1415N0815,EPSG:32612,-110.42937665863684,44.98470828385473,544985.8105814008,4981410.048075543,7247360.0,4175360.0,12TWQ,1,projects/neon-prod-earthengine/assets/HSI_REFL/002/2022_YELL_4,2022-06-22
NA5120_E1242N0876,EPSG:32610,-122.33276143731919,45.700605646920536,551943.7488078836,5061000.074202459,6361600.0,4487680.0,10TER,1,projects/neon-prod-earthengine/assets/HSI_REFL/002/2023_ABBY_6,2023-06-28
NA5120_E1242N0877,EPSG:32610,-122.35353102481199,45.74359704491627,550288.2756978411,5065763.20573849,6361600.0,4492800.0,10TER,1,projects/neon-prod-earthengine/assets/HSI_REFL/002/2023_ABBY_6,2023-06-28
NA5120_E1242N0878,EPSG:32610,-122.37434228818476,45.786582014929415,548632.0205747931,5070526.053871758,6361600.0,4497920.0,10TER,1,projects/neon-prod-earthengine/assets/HSI_REFL/002/2023_ABBY_6,2023-06-28
NA5120_E1243N0876,EPSG:32610,-122.27062901279122,45.71559447172785,556765.5055805763,5062707.540308963,6366720.0,4487680.0,10TER,1,projects/neon-prod-earthengine/assets/HSI_REFL/002/2023_ABBY_6,2023-06-28
NA5120_E1243N0877,EPSG:32610,-122.2913571795035,45.758600711648256,555109.9519185104,5067471.105404847,6366720.0,4492800.0,10TER,1,projects/neon-prod-earthengine/assets/HSI_REFL/002/2023_ABBY_6,2023-06-28
NA5120_E1243N0878,EPSG:32610,-122.31212696611475,45.8016005499415,553453.615831048,5072234.385919138,6366720.0,4497920.0,10TER,1,projects/neon-prod-earthengine/assets/HSI_REFL/002/2023_ABBY_6,2023-06-28
NA5120_E1244N0877,EPSG:32610,-122.22914937317344,45.77356913199143,559931.708705443,5069178.877199959,6371840.0,4492800.0,10TER,1,projects/neon-prod-earthengine/assets/HSI_REFL/002/2023_ABBY_6,2023-06-28
NA5120_E1244N0878,EPSG:32610,-122.24987758536582,45.81658381350815,558275.2901132777,5073942.591485151,6371840.0,4497920.0,10TER,1,projects/neon-prod-earthengine/assets/HSI_REFL/002/2023_ABBY_6,2023-06-28
NA5120_E1528N0685,EPSG:32613,-102.57697680573061,39.65405278816766,707880.1183290643,4392167.584783075,7825920.0,3509760.0,13SGD,1,projects/neon-prod-earthengine/assets/HSI_REFL/002/2023_ARIK_5,2023-08-14
NA5120_E1528N0686,EPSG:32613,-102.58064466477164,39.70004370824773,707427.690936796,4397264.199867338,7825920.0,3514880.0,13TGE,1,projects/neon-prod-earthengine/assets/HSI_REFL/002/2023_ARIK_5,2023-08-14
NA5120_E1528N0687,EPSG:32613,-102.58431958050447,39.74603404144838,706974.9450685409,4402360.774605988,7825920.0,3520000.0,13TFE,1,projects/neon-prod-earthengine/assets/HSI_REFL/002/2023_ARIK_5,2023-08-14
NA5120_E1528N0688,EPSG:32613,-102.5880015717509,39.79202378705956,706521.881012883,4407457.309023013,7825920.0,3525120.0,13TFE,1,projects/neon-prod-earthengine/assets/HSI_REFL/002/2023_ARIK_5,2023-08-14
NA5120_E1529N0685,EPSG:32613,-102.51789616425847,39.65707183205313,712940.181543855,4392641.26847484,7831040.0,3509760.0,13SGD,1,projects/neon-prod-earthengine/assets/HSI_REFL/002/2023_ARIK_5,2023-08-14
NA5120_E1529N0686,EPSG:32613,-102.52152168199805,39.70306558011259,712488.0097628528,4397738.1342278235,7831040.0,3514880.0,13TGE,1,projects/neon-prod-earthengine/assets/HSI_REFL/002/2023_ARIK_5,2023-08-14
NA5120_E1529N0687,EPSG:32613,-102.52515417575039,39.74905874633999,712035.5184533534,4402834.959278351,7831040.0,3520000.0,13TGE,1,projects/neon-prod-earthengine/assets/HSI_REFL/002/2023_ARIK_5,2023-08-14
NA5120_E1529N0688,EPSG:32613,-102.52879366412525,39.79505133003914,711582.7079040032,4407931.743649989,7831040.0,3525120.0,13TGE,1,projects/neon-prod-earthengine/assets/HSI_REFL/002/2023_ARIK_5,2023-08-14
NA5120_E1530N0685,EPSG:32613,-102.45880997675218,39.660055625896526,718000.4311167629,4393114.401824498,7836160.0,3509760.0,13SGD,1,projects/neon-prod-earthengine/assets/HSI_REFL/002/2023_ARIK_5,2023-08-14
NA5120_E1530N0686,EPSG:32613,-102.46239313724989,39.70605216924047,717548.5145054545,4398211.520345865,7836160.0,3514880.0,13TGE,1,projects/neon-prod-earthengine/assets/HSI_REFL/002/2023_ARIK_5,2023-08-14
NA5120_E1530N0687,EPSG:32613,-102.46598319302346,39.75204813574228,717096.2773125692,4403308.597808188,7836160.0,3520000.0,13TGE,1,projects/neon-prod-earthengine/assets/HSI_REFL/002/2023_ARIK_5,2023-08-14
NA5120_E1530N0688,EPSG:32613,-102.46958016247044,39.79804352471952,716643.7198268028,4408405.634234622,7836160.0,3525120.0,13TGE,1,projects/neon-prod-earthengine/assets/HSI_REFL/002/2023_ARIK_5,2023-08-14
NA5120_E1194N1399,EPSG:32606,-147.53344985070194,65.10861050910181,474946.70460497064,7220664.892561226,6115840.0,7165440.0,06WVT,1,projects/neon-prod-earthengine/assets/HSI_REFL/002/2023_BONA_5,2023-08-11
NA5120_E1195N1399,EPSG:32606,-147.45473334555072,65.138969539431,478667.90678962873,7224019.414693162,6120960.0,7165440.0,06WVT,1,projects/neon-prod-earthengine/assets/HSI_REFL/002/2023_BONA_5,2023-08-11
NA5120_E1195N1400,EPSG:32606,-147.53026163901657,65.17094886550291,475154.775890875,7227611.056272239,6120960.0,7170560.0,06WVT,1,projects/neon-prod-earthengine/assets/HSI_REFL/002/2023_BONA_5,2023-08-11
NA5120_E1196N1400,EPSG:32606,-147.45138390590205,65.20131208110028,478874.709089022,7230966.259468111,6126080.0,7170560.0,06WVT,1,projects/neon-prod-earthengine/assets/HSI_REFL/002/2023_BONA_5,2023-08-11
NA5120_E1196N1401,EPSG:32606,-147.52711323135378,65.23328715280579,475360.314703607,7234557.29767973,6126080.0,7175680.0,06WVT,1,projects/neon-prod-earthengine/assets/HSI_REFL/002/2023_BONA_5,2023-08-11
NA5120_E1611N0545,EPSG:32614,-97.646057016779,33.32481560589625,626018.9207577497,3688115.077732719,8250880.0,2792960.0,14SPB,1,projects/neon-prod-earthengine/assets/HSI_REFL/002/2023_CLBJ_7,2023-05-17
NA5120_E1611N0546,EPSG:32614,-97.64614693030559,33.37097878824861,625944.0521368855,3693233.4801036874,8250880.0,2798080.0,14SPB,1,projects/neon-prod-earthengine/assets/HSI_REFL/002/2023_CLBJ_7,2023-05-17
NA5120_E1611N0547,EPSG:32614,-97.64623700223066,33.41714162662081,625869.0962642301,3698351.87999616,8250880.0,2803200.0,14SPC,1,projects/neon-prod-earthengine/assets/HSI_REFL/002/2023_CLBJ_7,2023-05-17
NA5120_E1612N0545,EPSG:32614,-97.59203291685546,33.32488472993673,631047.5340420781,3688189.3423776766,8256000.0,2792960.0,14SPB,1,projects/neon-prod-earthengine/assets/HSI_REFL/002/2023_CLBJ_7,2023-05-17
NA5120_E1612N0546,EPSG:32614,-97.59208957295374,33.37104797051992,630973.1039415916,3693307.8351263576,8256000.0,2798080.0,14SPB,1,projects/neon-prod-earthengine/assets/HSI_REFL/002/2023_CLBJ_7,2023-05-17
NA5120_E1612N0547,EPSG:32614,-97.59214632886192,33.41721086721488,630898.5855174839,3698426.325347452,8256000.0,2803200.0,14SPC,1,projects/neon-prod-earthengine/assets/HSI_REFL/002/2023_CLBJ_7,2023-05-17
NA5120_E1613N0547,EPSG:32614,-97.5380555783662,33.41724868555554,635928.1691819441,3698499.9040197395,8261120.0,2803200.0,14SPC,1,projects/neon-prod-earthengine/assets/HSI_REFL/002/2023_CLBJ_7,2023-05-17
NA5120_E1186N1365,EPSG:32606,-145.7019407616795,63.76404042222071,564022.4149177776,7071371.523346566,6074880.0,6991360.0,06VWR,1,projects/neon-prod-earthengine/assets/HSI_REFL/002/2023_DEJU_5,2023-07-21
NA5120_E1186N1366,EPSG:32606,-145.77117651778013,63.79707473457057,560537.0971665431,7074984.451286249,6074880.0,6996480.0,06VWR,1,projects/neon-prod-earthengine/assets/HSI_REFL/002/2023_DEJU_5,2023-07-21
NA5120_E1187N1365,EPSG:32606,-145.6245127128926,63.7933784048862,567770.4534101301,7074719.985904361,6080000.0,6991360.0,06VWR,1,projects/neon-prod-earthengine/assets/HSI_REFL/002/2023_DEJU_5,2023-07-21
NA5120_E1187N1366,EPSG:32606,-145.69374243173291,63.82645010701655,564284.4733590605,7078332.949474701,6080000.0,6996480.0,06VWR,1,projects/neon-prod-earthengine/assets/HSI_REFL/002/2023_DEJU_5,2023-07-21
NA5120_E1187N1367,EPSG:32606,-145.76314821721445,63.85948295844156,560797.8370896252,7081945.251757075,6080000.0,7001600.0,06VWR,1,projects/neon-prod-earthengine/assets/HSI_REFL/002/2023_DEJU_5,2023-07-21
NA5120_E1188N1366,EPSG:32606,-145.6161587021044,63.85578975881222,568031.2620342147,7081682.139526098,6085120.0,6996480.0,06VWR,1,projects/neon-prod-earthengine/assets/HSI_REFL/002/2023_DEJU_5,2023-07-21
NA5120_E1188N1367,EPSG:32606,-145.68555843122328,63.88886008873579,564543.9632419337,7085294.475709682,6085120.0,7001600.0,06VWR,1,projects/neon-prod-earthengine/assets/HSI_REFL/002/2023_DEJU_5,2023-07-21
NA5120_E1188N1368,EPSG:32606,-145.7551350668973,63.92189147273079,561056.0099223558,7088906.151682748,6085120.0,7006720.0,06VWR,1,projects/neon-prod-earthengine/assets/HSI_REFL/002/2023_DEJU_5,2023-07-21
NA5120_E1189N1367,EPSG:32606,-145.60781827582068,63.91820141473435,568289.5003040447,7088644.393046398,6090240.0,7001600.0,06VWR,1,projects/neon-prod-earthengine/assets/HSI_REFL/002/2023_DEJU_5,2023-07-21
NA5120_E1189N1368,EPSG:32606,-145.67738883600245,63.95127036637316,564800.884241108,7092256.101190878,6090240.0,7006720.0,06VWR,1,projects/neon-prod-earthengine/assets/HSI_REFL/002/2023_DEJU_5,2023-07-21
NA5120_E1793N0538,EPSG:32616,-87.89709900554271,32.50279595030312,415728.40536794136,3596523.567892438,9182720.0,2757120.0,16SDA,1,projects/neon-prod-earthengine/assets/HSI_REFL/002/2023_DELA_7,2023-05-25
NA5120_E1793N0539,EPSG:32616,-87.89131820201604,32.548546904368166,416313.8866230546,3601590.844912609,9182720.0,2762240.0,16SDB,1,projects/neon-prod-earthengine/assets/HSI_REFL/002/2023_DELA_7,2023-05-25
NA5120_E1793N0540,EPSG:32616,-87.88552741087007,32.59429687486001,416899.8065015089,3606658.0638720067,9182720.0,2767360.0,16SDB,1,projects/neon-prod-earthengine/assets/HSI_REFL/002/2023_DELA_7,2023-05-25
NA5120_E1794N0538,EPSG:32616,-87.84400725221714,32.497240040227155,420711.0163869482,3595866.9370814436,9187840.0,2757120.0,16SDA,1,projects/neon-prod-earthengine/assets/HSI_REFL/002/2023_DELA_7,2023-05-25
NA5120_E1794N0539,EPSG:32616,-87.83819541544533,32.54298641532177,421296.9039444965,3600933.9198810454,9187840.0,2762240.0,16SDB,1,projects/neon-prod-earthengine/assets/HSI_REFL/002/2023_DELA_7,2023-05-25
NA5120_E1794N0540,EPSG:32616,-87.83237353915395,32.588731799861606,421883.22913321224,3606000.845050053,9187840.0,2767360.0,16SDB,1,projects/neon-prod-earthengine/assets/HSI_REFL/002/2023_DELA_7,2023-05-25
NA5120_E1795N0538,EPSG:32616,-87.79092317247098,32.491653795382966,425693.46669846965,3595209.44041503,9192960.0,2757120.0,16SDA,1,projects/neon-prod-earthengine/assets/HSI_REFL/002/2023_DELA_7,2023-05-25
NA5120_E1795N0539,EPSG:32616,-87.7850803221429,32.537395567359674,426279.76111865067,3600276.130957365,9192960.0,2762240.0,16SDB,1,projects/neon-prod-earthengine/assets/HSI_REFL/002/2023_DELA_7,2023-05-25
NA5120_E1795N0540,EPSG:32616,-87.77922738045616,32.583136341765375,426866.4921785789,3605342.7642997024,9192960.0,2767360.0,16SDB,1,projects/neon-prod-earthengine/assets/HSI_REFL/002/2023_DELA_7,2023-05-25
NA5120_E1928N0464,EPSG:32617,-81.4930791365287,28.152467314964824,451587.28999796946,3114190.4330964563,9873920.0,2378240.0,17RMM,1,projects/neon-prod-earthengine/assets/HSI_REFL/002/2023_DSNY_7,2023-04-18
NA5120_E1929N0462,EPSG:32617,-81.46056926804934,28.053308826964546,454737.69874053844,3103193.2420274625,9879040.0,2368000.0,17RMM,1,projects/neon-prod-earthengine/assets/HSI_REFL/002/2023_DSNY_7,2023-04-18
NA5120_E1929N0463,EPSG:32617,-81.45193496209203,28.098381391412936,455604.77853515756,3108183.1253410517,9879040.0,2373120.0,17RMM,1,projects/neon-prod-earthengine/assets/HSI_REFL/002/2023_DSNY_7,2023-04-18
NA5120_E1929N0464,EPSG:32617,-81.44328666201424,28.14345205541499,456472.5497323851,3113172.8792838273,9879040.0,2378240.0,17RMM,1,projects/neon-prod-earthengine/assets/HSI_REFL/002/2023_DSNY_7,2023-04-18
NA5120_E1930N0462,EPSG:32617,-81.41083643992921,28.044280061321462,459621.8544316317,3102175.578152646,9884160.0,2368000.0,17RMM,1,projects/neon-prod-earthengine/assets/HSI_REFL/002/2023_DSNY_7,2023-04-18
NA5120_E1930N0463,EPSG:32617,-81.4021775228507,28.08934576334406,460489.37252418697,3107165.0156241707,9884160.0,2373120.0,17RMM,1,projects/neon-prod-earthengine/assets/HSI_REFL/002/2023_DSNY_7,2023-04-18
NA5120_E1930N0464,EPSG:32617,-81.39350457519717,28.134409555606254,461357.5811396176,3112154.3243151903,9884160.0,2378240.0,17RMM,1,projects/neon-prod-earthengine/assets/HSI_REFL/002/2023_DSNY_7,2023-04-18
NA5120_E1931N0462,EPSG:32617,-81.36111397612682,28.035224105687085,464505.7827841124,3101156.908474351,9889280.0,2368000.0,17RMM,1,projects/neon-prod-earthengine/assets/HSI_REFL/002/2023_DSNY_7,2023-04-18
NA5120_E1162N1390,EPSG:32606,-149.29884528579254,63.84089163542019,386938.10313377663,7081320.694579154,5952000.0,7119360.0,05VPL,1,projects/neon-prod-earthengine/assets/HSI_REFL/002/2023_HEAL_5,2023-08-13
NA5120_E1163N1389,EPSG:32606,-149.1517058577438,63.84078990188783,394172.1868049224,7081057.040619653,5957120.0,7114240.0,05VPL,1,projects/neon-prod-earthengine/assets/HSI_REFL/002/2023_HEAL_5,2023-08-13
NA5120_E1163N1390,EPSG:32606,-149.2250908889932,63.87197552606756,390685.11775810155,7084654.227494199,5957120.0,7119360.0,05VPL,1,projects/neon-prod-earthengine/assets/HSI_REFL/002/2023_HEAL_5,2023-08-13
NA5120_E1163N1391,EPSG:32606,-149.29865218107125,63.90311762628541,387197.3628169739,7088250.826622903,5957120.0,7124480.0,05VPL,1,projects/neon-prod-earthengine/assets/HSI_REFL/002/2023_HEAL_5,2023-08-13
NA5120_E1164N1390,EPSG:32606,-149.15118662590893,63.903027594880264,394431.5017316815,7087988.381597155,5962240.0,7119360.0,05VPL,1,projects/neon-prod-earthengine/assets/HSI_REFL/002/2023_HEAL_5,2023-08-13
NA5120_E1164N1391,EPSG:32606,-149.22476067050223,63.9342071763335,390943.1589911946,7091585.007940593,5962240.0,7124480.0,05VPL,1,projects/neon-prod-earthengine/assets/HSI_REFL/002/2023_HEAL_5,2023-08-13
NA5120_E1859N0518,EPSG:32616,-84.56417016863521,31.163221180903186,732174.7837402285,3450246.011093938,9520640.0,2654720.0,16RGV,1,projects/neon-prod-earthengine/assets/HSI_REFL/002/2023_JERC_7,2023-05-02
NA5120_E1859N0519,EPSG:32616,-84.55664702049577,31.208648851157026,732780.7755203196,3455298.6362213045,9520640.0,2659840.0,16RGV,1,projects/neon-prod-earthengine/assets/HSI_REFL/002/2023_JERC_7,2023-05-02
NA5120_E1859N0520,EPSG:32616,-84.54911117176145,31.25407506531401,733387.1489204849,3460351.2311058845,9520640.0,2664960.0,16RGV,1,projects/neon-prod-earthengine/assets/HSI_REFL/002/2023_JERC_7,2023-05-02
NA5120_E1859N0521,EPSG:32616,-84.54156259480355,31.299499820480666,733993.9035933707,3465403.7958233356,9520640.0,2670080.0,16RGV,1,projects/neon-prod-earthengine/assets/HSI_REFL/002/2023_JERC_7,2023-05-02
NA5120_E1860N0518,EPSG:32616,-84.51224758072561,31.155805696698273,737143.7866837252,3449533.94532818,9525760.0,2654720.0,16RGV,1,projects/neon-prod-earthengine/assets/HSI_REFL/002/2023_JERC_7,2023-05-02
NA5120_E1860N0519,EPSG:32616,-84.50469582267925,31.201227422216203,737750.243509446,3454586.3951119063,9525760.0,2659840.0,16RGV,1,projects/neon-prod-earthengine/assets/HSI_REFL/002/2023_JERC_7,2023-05-02
NA5120_E1860N0520,EPSG:32616,-84.49713131854219,31.246647682934473,738357.0810065159,3459638.8151043216,9525760.0,2664960.0,16RGV,1,projects/neon-prod-earthengine/assets/HSI_REFL/002/2023_JERC_7,2023-05-02
NA5120_E1860N0521,EPSG:32616,-84.48955404059728,31.292066475939787,738964.2988275888,3464691.205381583,9525760.0,2670080.0,16RGV,1,projects/neon-prod-earthengine/assets/HSI_REFL/002/2023_JERC_7,2023-05-02
NA5120_E1860N0522,EPSG:32616,-84.48196396104193,31.33748379831168,739571.8966250423,3469743.56602004,9525760.0,2675200.0,16RGV,1,projects/neon-prod-earthengine/assets/HSI_REFL/002/2023_JERC_7,2023-05-02
NA5120_E1861N0518,EPSG:32616,-84.46033464285645,31.14836103043222,742112.8039097404,3448820.9210052374,9530880.0,2654720.0,16RGV,1,projects/neon-prod-earthengine/assets/HSI_REFL/002/2023_JERC_7,2023-05-02
NA5120_E1861N0519,EPSG:32616,-84.4527542989953,31.19377678925561,742719.7264175967,3453873.1973528373,9530880.0,2659840.0,16RGV,1,projects/neon-prod-earthengine/assets/HSI_REFL/002/2023_JERC_7,2023-05-02
NA5120_E1861N0520,EPSG:32616,-84.44516116361943,31.239191074548014,743327.0286486651,3458925.4443611503,9530880.0,2664960.0,16RGV,1,projects/neon-prod-earthengine/assets/HSI_REFL/002/2023_JERC_7,2023-05-02
NA5120_E1861N0521,EPSG:32616,-84.43755520892354,31.28460388337626,743934.7102556005,3463977.6621068376,9530880.0,2670080.0,16RGV,1,projects/neon-prod-earthengine/assets/HSI_REFL/002/2023_JERC_7,2023-05-02
NA5120_E1861N0522,EPSG:32616,-84.42993640701664,31.33001521279992,744542.770890791,3469029.8506667456,9530880.0,2675200.0,16RGV,1,projects/neon-prod-earthengine/assets/HSI_REFL/002/2023_JERC_7,2023-05-02
NA5120_E1862N0518,EPSG:32616,-84.40843138884186,31.140887193759276,747081.8382173231,3448106.9372248375,9536000.0,2654720.0,16RGV,1,projects/neon-prod-earthengine/assets/HSI_REFL/002/2023_JERC_7,2023-05-02
NA5120_E1862N0519,EPSG:32616,-84.4008224833355,31.186296963955183,747689.2270452842,3453159.0420432617,9536000.0,2659840.0,16RGV,1,projects/neon-prod-earthengine/assets/HSI_REFL/002/2023_JERC_7,2023-05-02
NA5120_E1862N0520,EPSG:32616,-84.39320074096231,31.23170525186033,748296.9946489134,3458211.1179749803,9536000.0,2664960.0,16RGV,1,projects/neon-prod-earthengine/assets/HSI_REFL/002/2023_JERC_7,2023-05-02
NA5120_E1862N0521,EPSG:32616,-84.38556613382916,31.277112054521602,748905.1406808643,3463263.165097153,9536000.0,2670080.0,16RGV,1,projects/neon-prod-earthengine/assets/HSI_REFL/002/2023_JERC_7,2023-05-02
NA5120_E1862N0522,EPSG:32616,-84.377918633957,31.32251736897855,749513.664793526,3468315.183487121,9536000.0,2675200.0,16RGV,1,projects/neon-prod-earthengine/assets/HSI_REFL/002/2023_JERC_7,2023-05-02
NA5120_E1628N0669,EPSG:32614,-96.66165528695258,39.042914080548684,702370.7239359103,4324140.843799426,8337920.0,3427840.0,14SPJ,1,projects/neon-prod-earthengine/assets/HSI_REFL/002/2023_KONZ_8,2023-05-26
NA5120_E1628N0670,EPSG:32614,-96.66105880041364,39.08902990149324,702290.5971667852,4329260.63820577,8337920.0,3432960.0,14SPJ,1,projects/neon-prod-earthengine/assets/HSI_REFL/002/2023_KONZ_8,2023-05-26
NA5120_E1628N0671,EPSG:32614,-96.66046117444371,39.135145350710964,702210.3711502634,4334380.428980325,8337920.0,3438080.0,14SPJ,1,projects/neon-prod-earthengine/assets/HSI_REFL/002/2023_KONZ_8,2023-05-26
NA5120_E1628N0672,EPSG:32614,-96.65986240603088,39.181260428066885,702130.0459405812,4339500.216120351,8337920.0,3443200.0,14SPJ,1,projects/neon-prod-earthengine/assets/HSI_REFL/002/2023_KONZ_8,2023-05-26
NA5120_E1628N0673,EPSG:32614,-96.65926249215217,39.2273751334269,702049.6215920495,4344619.999623112,8337920.0,3448320.0,14SPJ,1,projects/neon-prod-earthengine/assets/HSI_REFL/002/2023_KONZ_8,2023-05-26
NA5120_E1629N0669,EPSG:32614,-96.60301999205053,39.04239624704775,707447.4075884497,4324215.549624985,8343040.0,3427840.0,14SQJ,1,projects/neon-prod-earthengine/assets/HSI_REFL/002/2023_KONZ_8,2023-05-26
NA5120_E1629N0670,EPSG:32614,-96.60238179643045,39.08851158715089,707367.584365901,4329335.463781447,8343040.0,3432960.0,14SQJ,1,projects/neon-prod-earthengine/assets/HSI_REFL/002/2023_KONZ_8,2023-05-26
NA5120_E1629N0671,EPSG:32614,-96.60174238172824,39.13462655467564,707287.6608057002,4334455.374249515,8343040.0,3438080.0,14SQJ,1,projects/neon-prod-earthengine/assets/HSI_REFL/002/2023_KONZ_8,2023-05-26
NA5120_E1629N0672,EPSG:32614,-96.60110174472149,39.180741149484675,707207.6369620041,4339575.281026309,8343040.0,3443200.0,14SPJ,1,projects/neon-prod-earthengine/assets/HSI_REFL/002/2023_KONZ_8,2023-05-26
NA5120_E1629N0673,EPSG:32614,-96.600459882176,39.226855371441616,707127.5128890233,4344695.1841089595,8343040.0,3448320.0,14SPJ,1,projects/neon-prod-earthengine/assets/HSI_REFL/002/2023_KONZ_8,2023-05-26
NA5120_E1630N0669,EPSG:32614,-96.54438566366072,39.04184342239197,712524.2319710199,4324289.646962165,8348160.0,3427840.0,14SQJ,1,projects/neon-prod-earthengine/assets/HSI_REFL/002/2023_KONZ_8,2023-05-26
NA5120_E1630N0670,EPSG:32614,-96.54370576172083,39.08795824917263,712444.7122405297,4329409.683011861,8348160.0,3432960.0,14SQJ,1,projects/neon-prod-earthengine/assets/HSI_REFL/002/2023_KONZ_8,2023-05-26
NA5120_E1630N0671,EPSG:32614,-96.54302456105758,39.13407270246588,712365.0910819,4334529.715316997,8348160.0,3438080.0,14SQJ,1,projects/neon-prod-earthengine/assets/HSI_REFL/002/2023_KONZ_8,2023-05-26
NA5120_E1630N0672,EPSG:32614,-96.54234205823816,39.18018678213188,712285.3685491917,4339649.7438745415,8348160.0,3443200.0,14SQJ,1,projects/neon-prod-earthengine/assets/HSI_REFL/002/2023_KONZ_8,2023-05-26
NA5120_E1630N0673,EPSG:32614,-96.54165824981725,39.22630048803172,712205.5446965288,4344769.768681481,8348160.0,3448320.0,14SQJ,1,projects/neon-prod-earthengine/assets/HSI_REFL/002/2023_KONZ_8,2023-05-26
NA5120_E1631N0669,EPSG:32614,-96.48575236492141,39.04125560775592,717601.2002449301,4324363.135858655,8353280.0,3427840.0,14SQJ,1,projects/neon-prod-earthengine/assets/HSI_REFL/002/2023_KONZ_8,2023-05-26
NA5120_E1631N0670,EPSG:32614,-96.48503075960333,39.08736988873625,717521.9839529885,4329483.295945064,8353280.0,3432960.0,14SQJ,1,projects/neon-prod-earthengine/assets/HSI_REFL/002/2023_KONZ_8,2023-05-26
NA5120_E1631N0671,EPSG:32614,-96.48430777593131,39.133483795262606,717442.6651421678,4334603.452231164,8353280.0,3438080.0,14SQJ,1,projects/neon-prod-earthengine/assets/HSI_REFL/002/2023_KONZ_8,2023-05-26
NA5120_E1631N0672,EPSG:32614,-96.48358341026214,39.17959732719254,717363.2438664483,4339723.604713786,8353280.0,3443200.0,14SQJ,1,projects/neon-prod-earthengine/assets/HSI_REFL/002/2023_KONZ_8,2023-05-26
NA5120_E1631N0673,EPSG:32614,-96.48285765893935,39.225710484384486,717283.7201798604,4344843.75338977,8353280.0,3448320.0,14SQJ,1,projects/neon-prod-earthengine/assets/HSI_REFL/002/2023_KONZ_8,2023-05-26
NA5120_E1788N0522,EPSG:32616,-88.25137185779845,31.79761667709394,381538.1278064524,3518685.097390828,9157120.0,2675200.0,16SCA,1,projects/neon-prod-earthengine/assets/HSI_REFL/002/2023_LENO_7,2023-05-14
NA5120_E1788N0523,EPSG:32616,-88.24589920346702,31.843405120061735,382114.44022147293,3523754.8437450263,9157120.0,2680320.0,16SCA,1,projects/neon-prod-earthengine/assets/HSI_REFL/002/2023_LENO_7,2023-05-14
NA5120_E1788N0524,EPSG:32616,-88.2404171655832,31.88919264075632,382691.2018862171,3528824.529260041,9157120.0,2685440.0,16SCA,1,projects/neon-prod-earthengine/assets/HSI_REFL/002/2023_LENO_7,2023-05-14
NA5120_E1789N0522,EPSG:32616,-88.19873340254716,31.792282992023146,386514.99358168204,3518037.707323871,9162240.0,2675200.0,16SCA,1,projects/neon-prod-earthengine/assets/HSI_REFL/002/2023_LENO_7,2023-05-14
NA5120_E1789N0523,EPSG:32616,-88.19323043822321,31.83806708382609,387091.7254630111,3523107.1428579376,9162240.0,2680320.0,16SCA,1,projects/neon-prod-earthengine/assets/HSI_REFL/002/2023_LENO_7,2023-05-14
NA5120_E1789N0524,EPSG:32616,-88.18771803989509,31.88385024680144,387668.905596868,3528176.51797157,9162240.0,2685440.0,16SCA,1,projects/neon-prod-earthengine/assets/HSI_REFL/002/2023_LENO_7,2023-05-14
NA5120_E1790N0522,EPSG:32616,-88.1461021242527,31.78691930993796,391491.67553560965,3517389.423661943,9167360.0,2675200.0,16SCA,1,projects/neon-prod-earthengine/assets/HSI_REFL/002/2023_LENO_7,2023-05-14
NA5120_E1790N0523,EPSG:32616,-88.1405688682146,31.832699026872387,392068.82742480305,3522458.5503366385,9167360.0,2680320.0,16SCA,1,projects/neon-prod-earthengine/assets/HSI_REFL/002/2023_LENO_7,2023-05-14
NA5120_E1790N0524,EPSG:32616,-88.13502612777678,31.878477808391118,392646.4265701134,3527527.6170100886,9167360.0,2685440.0,16SCA,1,projects/neon-prod-earthengine/assets/HSI_REFL/002/2023_LENO_7,2023-05-14
NA5120_E1235N0845,EPSG:32610,-122.13423299517589,44.26202548406616,569105.9636116428,4901340.521952516,6325760.0,4328960.0,10TEQ,1,projects/neon-prod-earthengine/assets/HSI_REFL/002/2023_MCRA_4,2023-07-01
NA5120_E1907N0665,EPSG:32617,-80.60258452453157,37.384243853388234,535181.8127195596,4137573.257709682,9766400.0,3407360.0,17SNB,1,projects/neon-prod-earthengine/assets/HSI_REFL/002/2023_MLBS_6,2023-06-02
NA5120_E1907N0666,EPSG:32617,-80.5911456449312,37.42903395429104,536172.9211485102,4142546.6707079466,9766400.0,3412480.0,17SNB,1,projects/neon-prod-earthengine/assets/HSI_REFL/002/2023_MLBS_6,2023-06-02
NA5120_E1908N0664,EPSG:32617,-80.55809997991307,37.329513187682664,539148.3106695645,4131518.905582826,9771520.0,3402240.0,17SNB,1,projects/neon-prod-earthengine/assets/HSI_REFL/002/2023_MLBS_6,2023-06-02
NA5120_E1908N0665,EPSG:32617,-80.54664734986183,37.37429719715191,540139.0632271835,4136492.085378991,9771520.0,3407360.0,17SNB,1,projects/neon-prod-earthengine/assets/HSI_REFL/002/2023_MLBS_6,2023-06-02
NA5120_E1908N0666,EPSG:32617,-80.53517404524938,37.419078588048684,541130.4166826316,4141465.1483827857,9771520.0,3412480.0,17SNB,1,projects/neon-prod-earthengine/assets/HSI_REFL/002/2023_MLBS_6,2023-06-02
NA5120_E1909N0664,EPSG:32617,-80.50221342066143,37.31954335169403,544105.2080663452,4130437.4679048224,9776640.0,3402240.0,17SNB,1,projects/neon-prod-earthengine/assets/HSI_REFL/002/2023_MLBS_6,2023-06-02
NA5120_E1909N0665,EPSG:32617,-80.49072646356413,37.36431864044983,545096.2074551338,4135410.2987861945,9776640.0,3407360.0,17SNB,1,projects/neon-prod-earthengine/assets/HSI_REFL/002/2023_MLBS_6,2023-06-02
NA5120_E1909N0666,EPSG:32617,-80.47921877717346,37.40909129660811,546087.8069134478,4140383.013614577,9776640.0,3412480.0,17SNB,1,projects/neon-prod-earthengine/assets/HSI_REFL/002/2023_MLBS_6,2023-06-02
NA5120_E1408N0667,EPSG:32612,-109.45625721479657,38.22057446701423,635133.3969744546,4231415.140882068,7211520.0,3417600.0,12SXH,1,projects/neon-prod-earthengine/assets/HSI_REFL/002/2023_MOAB_7,2023-04-28
NA5120_E1409N0666,EPSG:32612,-109.39073734505004,38.18218202101729,640943.1274353841,4227252.539742781,7216640.0,3412480.0,12SXH,1,projects/neon-prod-earthengine/assets/HSI_REFL/002/2023_MOAB_7,2023-04-28
NA5120_E1409N0667,EPSG:32612,-109.3989823604593,38.22763891865941,640133.7672718331,4232284.211199537,7216640.0,3417600.0,12SXH,1,projects/neon-prod-earthengine/assets/HSI_REFL/002/2023_MOAB_7,2023-04-28
NA5120_E1409N0668,EPSG:32612,-109.40724268676804,38.273094304844975,639323.8820087991,4237315.782717804,7216640.0,3422720.0,12SXH,1,projects/neon-prod-earthengine/assets/HSI_REFL/002/2023_MOAB_7,2023-04-28
NA5120_E1410N0666,EPSG:32612,-109.33348830701094,38.1892067024186,645943.447406101,4228120.6794711435,7221760.0,3412480.0,12SXH,1,projects/neon-prod-earthengine/assets/HSI_REFL/002/2023_MOAB_7,2023-04-28
NA5120_E1410N0667,EPSG:32612,-109.34169538657214,38.23466993246676,645134.3250503734,4233152.705383984,7221760.0,3417600.0,12SXH,1,projects/neon-prod-earthengine/assets/HSI_REFL/002/2023_MOAB_7,2023-04-28
NA5120_E1410N0668,EPSG:32612,-109.34991771041769,38.28013166175669,644324.6766583391,4238184.630736177,7221760.0,3422720.0,12SXH,1,projects/neon-prod-earthengine/assets/HSI_REFL/002/2023_MOAB_7,2023-04-28
NA5120_E1477N0696,EPSG:32613,-105.64568640287784,39.95730583846101,444849.8852667627,4423218.177436814,7564800.0,3566080.0,13TDE,1,projects/neon-prod-earthengine/assets/HSI_REFL/002/2023_NIWO_5,2023-07-24
NA5120_E1477N0697,EPSG:32613,-105.65161184979105,40.003099452227346,444380.91241630795,4428304.541192693,7564800.0,3571200.0,13TDE,1,projects/neon-prod-earthengine/assets/HSI_REFL/002/2023_NIWO_5,2023-07-24
NA5120_E1477N0698,EPSG:32613,-105.65754870387964,40.04889212924451,443911.677250289,4433390.88365864,7564800.0,3576320.0,13TDE,1,projects/neon-prod-earthengine/assets/HSI_REFL/002/2023_NIWO_5,2023-07-24
NA5120_E1477N0699,EPSG:32613,-105.66349699555388,40.094683867845774,443442.18005789677,4438477.2048790855,7564800.0,3581440.0,13TDE,1,projects/neon-prod-earthengine/assets/HSI_REFL/002/2023_NIWO_5,2023-07-24
NA5120_E1478N0696,EPSG:32613,-105.58651383461819,39.96216192135018,449907.57769963477,4423722.2523973305,7569920.0,3566080.0,13TDE,1,projects/neon-prod-earthengine/assets/HSI_REFL/002/2023_NIWO_5,2023-07-24
NA5120_E1478N0697,EPSG:32613,-105.5923971318195,40.00796009071084,449438.8727788732,4428808.7564055845,7569920.0,3571200.0,13TDE,1,projects/neon-prod-earthengine/assets/HSI_REFL/002/2023_NIWO_5,2023-07-24
NA5120_E1478N0698,EPSG:32613,-105.59829175711323,40.05375733143643,448969.90451506857,4433895.238748319,7569920.0,3576320.0,13TDE,1,projects/neon-prod-earthengine/assets/HSI_REFL/002/2023_NIWO_5,2023-07-24
NA5120_E1478N0699,EPSG:32613,-105.60419774070711,40.09955364188242,448500.6731974318,4438981.699469625,7569920.0,3581440.0,13TDE,1,projects/neon-prod-earthengine/assets/HSI_REFL/002/2023_NIWO_5,2023-07-24
NA5120_E1479N0696,EPSG:32613,-105.52733224858888,39.96698283109312,454965.29295407573,4424225.770046496,7575040.0,3566080.0,13TDE,1,projects/neon-prod-earthengine/assets/HSI_REFL/002/2023_NIWO_5,2023-07-24
NA5120_E1479N0697,EPSG:32613,-105.5331733702027,40.012785523902956,454496.8554738138,4429312.416383037,7575040.0,3571200.0,13TDE,1,projects/neon-prod-earthengine/assets/HSI_REFL/002/2023_NIWO_5,2023-07-24
NA5120_E1479N0698,EPSG:32613,-105.53902574073236,40.05858729613705,454028.1536226462,4434399.040678782,7575040.0,3576320.0,13TDE,1,projects/neon-prod-earthengine/assets/HSI_REFL/002/2023_NIWO_5,2023-07-24
NA5120_E1562N0837,EPSG:32614,-100.95982379883287,46.733996291907985,350267.135354272,5177469.875056578,8000000.0,4288000.0,14TLS,1,projects/neon-prod-earthengine/assets/HSI_REFL/002/2023_NOGP_6,2023-06-26
NA5120_E1562N0838,EPSG:32614,-100.96285657572022,46.77999310351502,350163.03282431443,5182586.713505264,8000000.0,4293120.0,14TLS,1,projects/neon-prod-earthengine/assets/HSI_REFL/002/2023_NOGP_6,2023-06-26
NA5120_E1562N0839,EPSG:32614,-100.96589600852658,46.825989416748605,350058.9132365859,5187703.553534596,8000000.0,4298240.0,14TLS,1,projects/neon-prod-earthengine/assets/HSI_REFL/002/2023_NOGP_6,2023-06-26
NA5120_E1563N0837,EPSG:32614,-100.8929983674604,46.73611403820341,355378.2289753275,5177580.150314761,8005120.0,4288000.0,14TLS,1,projects/neon-prod-earthengine/assets/HSI_REFL/002/2023_NOGP_6,2023-06-26
NA5120_E1563N0838,EPSG:32614,-100.89597278721122,46.78211314204746,355274.25285675295,5182696.952810902,8005120.0,4293120.0,14TLS,1,projects/neon-prod-earthengine/assets/HSI_REFL/002/2023_NOGP_6,2023-06-26
NA5120_E1563N0839,EPSG:32614,-100.89895373542464,46.82811175232877,355170.2585866146,5187813.756798418,8005120.0,4298240.0,14TLS,1,projects/neon-prod-earthengine/assets/HSI_REFL/002/2023_NOGP_6,2023-06-26
NA5120_E1564N0837,EPSG:32614,-100.8261676072954,46.73819052769657,360489.2350383105,5177690.173379884,8010240.0,4288000.0,14TLS,1,projects/neon-prod-earthengine/assets/HSI_REFL/002/2023_NOGP_6,2023-06-26
NA5120_E1564N0838,EPSG:32614,-100.8290836523949,46.784191879335935,360385.38521287637,5182806.942109078,8010240.0,4293120.0,14TLS,1,projects/neon-prod-earthengine/assets/HSI_REFL/002/2023_NOGP_6,2023-06-26
NA5120_E1564N0839,EPSG:32614,-100.8320060984261,46.83019274213072,360281.51614213106,5187923.71224055,8010240.0,4298240.0,14TLS,1,projects/neon-prod-earthengine/assets/HSI_REFL/002/2023_NOGP_6,2023-06-26
NA5120_E1584N0588,EPSG:32614,-99.14859238303961,35.295282817705726,486489.5845933607,3905799.727854054,8112640.0,3013120.0,14SME,1,projects/neon-prod-earthengine/assets/HSI_REFL/002/2023_OAES_7,2023-05-08
NA5120_E1584N0589,EPSG:32614,-99.14965834509333,35.34141862450361,486400.39076451847,3910916.434408161,8112640.0,3018240.0,14SME,1,projects/neon-prod-earthengine/assets/HSI_REFL/002/2023_OAES_7,2023-05-08
NA5120_E1584N0590,EPSG:32614,-99.15072623350052,35.38755405773771,486311.14088590926,3916033.140110683,8112640.0,3023360.0,14SME,1,projects/neon-prod-earthengine/assets/HSI_REFL/002/2023_OAES_7,2023-05-08
NA5120_E1584N0591,EPSG:32614,-99.15179605295856,35.43368911716061,486221.8350125241,3921149.844963151,8112640.0,3028480.0,14SME,1,projects/neon-prod-earthengine/assets/HSI_REFL/002/2023_OAES_7,2023-05-08
NA5120_E1585N0588,EPSG:32614,-99.09310495641027,35.29623298904202,491534.7501461447,3905898.9551128834,8117760.0,3013120.0,14SME,1,projects/neon-prod-earthengine/assets/HSI_REFL/002/2023_OAES_7,2023-05-08
NA5120_E1585N0589,EPSG:32614,-99.09413506984633,35.342369622175006,491445.95064299594,3911015.693259932,8117760.0,3018240.0,14SME,1,projects/neon-prod-earthengine/assets/HSI_REFL/002/2023_OAES_7,2023-05-08
NA5120_E1585N0590,EPSG:32614,-99.09516704491071,35.38850588309924,491357.0940160986,3916132.4304857138,8117760.0,3023360.0,14SME,1,projects/neon-prod-earthengine/assets/HSI_REFL/002/2023_OAES_7,2023-05-08
NA5120_E1585N0591,EPSG:32614,-99.09620088614314,35.43464177157071,491268.18032031157,3921249.1667916733,8117760.0,3028480.0,14SME,1,projects/neon-prod-earthengine/assets/HSI_REFL/002/2023_OAES_7,2023-05-08
NA5120_E1586N0588,EPSG:32614,-99.03761608189483,35.29715064050322,496579.925383827,3905997.3987511843,8122880.0,3013120.0,14SME,1,projects/neon-prod-earthengine/assets/HSI_REFL/002/2023_OAES_7,2023-05-08
NA5120_E1586N0589,EPSG:32614,-99.03861034280473,35.34328807171604,496491.5201146442,3911114.1705841483,8122880.0,3018240.0,14SME,1,projects/neon-prod-earthengine/assets/HSI_REFL/002/2023_OAES_7,2023-05-08
NA5120_E1586N0590,EPSG:32614,-99.03960640060473,35.38942513202884,496403.05664763093,3916230.941426726,8122880.0,3023360.0,14SME,1,projects/neon-prod-earthengine/assets/HSI_REFL/002/2023_OAES_7,2023-05-08
NA5120_E1586N0591,EPSG:32614,-99.04060425967685,35.43556182120101,496314.5350375184,3921347.711280292,8122880.0,3028480.0,14SME,1,projects/neon-prod-earthengine/assets/HSI_REFL/002/2023_OAES_7,2023-05-08
NA5120_E1363N0717,EPSG:32612,-112.54210104686175,40.122369430865284,368599.26797180466,4442478.860147146,6981120.0,3673600.0,12TUK,1,projects/neon-prod-earthengine/assets/HSI_REFL/002/2023_ONAQ_5,2023-04-26
NA5120_E1363N0718,EPSG:32612,-112.55304469862708,40.167394336227915,367754.0932949473,4447492.858887847,6981120.0,3678720.0,12TUK,1,projects/neon-prod-earthengine/assets/HSI_REFL/002/2023_ONAQ_5,2023-04-26
NA5120_E1363N0719,EPSG:32612,-112.56400911505183,40.212416942472494,366908.46075913624,4452506.793406715,6981120.0,3683840.0,12TUK,1,projects/neon-prod-earthengine/assets/HSI_REFL/002/2023_ONAQ_5,2023-04-26
NA5120_E1363N0720,EPSG:32612,-112.57499435011421,40.25743724425615,366062.37086153554,4457520.663849234,6981120.0,3688960.0,12TUK,1,projects/neon-prod-earthengine/assets/HSI_REFL/002/2023_ONAQ_5,2023-04-26
NA5120_E1364N0717,EPSG:32612,-112.48352975546098,40.13131983237751,373606.8406027179,4443387.404129996,6986240.0,3673600.0,12TUK,1,projects/neon-prod-earthengine/assets/HSI_REFL/002/2023_ONAQ_5,2023-04-26
NA5120_E1364N0718,EPSG:32612,-112.49443384865451,40.176353022362754,372761.8953783614,4448401.6358215995,6986240.0,3678720.0,12TUK,1,projects/neon-prod-earthengine/assets/HSI_REFL/002/2023_ONAQ_5,2023-04-26
NA5120_E1364N0719,EPSG:32612,-112.50535863841732,40.22138392753659,371916.4914044456,4453415.802635495,6986240.0,3683840.0,12TUK,1,projects/neon-prod-earthengine/assets/HSI_REFL/002/2023_ONAQ_5,2023-04-26
NA5120_E1364N0720,EPSG:32612,-112.51630417857852,40.266412542593415,371070.6291783445,4458429.90471664,6986240.0,3688960.0,12TUK,1,projects/neon-prod-earthengine/assets/HSI_REFL/002/2023_ONAQ_5,2023-04-26
NA5120_E1365N0717,EPSG:32612,-112.4249419796762,40.14023610546681,378614.42703723046,4444295.420491357,6991360.0,3673600.0,12TUK,1,projects/neon-prod-earthengine/assets/HSI_REFL/002/2023_ONAQ_5,2023-04-26
NA5120_E1365N0718,EPSG:32612,-112.43580646813669,40.185277551364045,377769.71040171734,4449309.8870541155,6991360.0,3678720.0,12TUK,1,projects/neon-prod-earthengine/assets/HSI_REFL/002/2023_ONAQ_5,2023-04-26
NA5120_E1365N0719,EPSG:32612,-112.44669158491557,40.23031672671518,376924.53412540664,4454324.288083426,6991360.0,3683840.0,12TUK,1,projects/neon-prod-earthengine/assets/HSI_REFL/002/2023_ONAQ_5,2023-04-26
NA5120_E1911N0494,EPSG:32617,-82.08876738088857,29.65645519331962,394627.8440820799,3281214.2122525317,9786880.0,2531840.0,17RLN,1,projects/neon-prod-earthengine/assets/HSI_REFL/002/2023_OSBS_7,2023-04-23
NA5120_E1911N0495,EPSG:32617,-82.08014000891708,29.701590709800623,395509.5545246133,3286207.985184914,9786880.0,2536960.0,17RLN,1,projects/neon-prod-earthengine/assets/HSI_REFL/002/2023_OSBS_7,2023-04-23
NA5120_E1911N0496,EPSG:32617,-82.07149840645081,29.746724374356983,396391.9560525717,3291201.6207733853,9786880.0,2542080.0,17RLN,1,projects/neon-prod-earthengine/assets/HSI_REFL/002/2023_OSBS_7,2023-04-23
NA5120_E1912N0493,EPSG:32617,-82.04667141678675,29.602574252645827,398648.2480664607,3275206.016991814,9792000.0,2526720.0,17RLN,1,projects/neon-prod-earthengine/assets/HSI_REFL/002/2023_OSBS_7,2023-04-23
NA5120_E1912N0494,EPSG:32617,-82.0380320007597,29.64770481132511,399529.6633595402,3280199.4680116526,9792000.0,2531840.0,17RLN,1,projects/neon-prod-earthengine/assets/HSI_REFL/002/2023_OSBS_7,2023-04-23
NA5120_E1912N0495,EPSG:32617,-82.02937834406484,29.692833512283634,400411.7693653469,3285192.7822099244,9792000.0,2536960.0,17RLN,1,projects/neon-prod-earthengine/assets/HSI_REFL/002/2023_OSBS_7,2023-04-23
NA5120_E1912N0496,EPSG:32617,-82.02071041706881,29.737960351753777,401294.5655677327,3290185.959677189,9792000.0,2542080.0,17RLN,1,projects/neon-prod-earthengine/assets/HSI_REFL/002/2023_OSBS_7,2023-04-23
NA5120_E1913N0494,EPSG:32617,-81.98730730056577,29.63892638994838,404431.2340163172,3279183.7949529234,9797120.0,2531840.0,17RLN,1,projects/neon-prod-earthengine/assets/HSI_REFL/002/2023_OSBS_7,2023-04-23
NA5120_E1913N0495,EPSG:32617,-81.97862738510207,29.684048255427275,405313.7363951855,3284176.6522160387,9797120.0,2536960.0,17RLN,1,projects/neon-prod-earthengine/assets/HSI_REFL/002/2023_OSBS_7,2023-04-23
NA5120_E1913N0496,EPSG:32617,-81.96993315960475,29.72916824983061,406196.9280829108,3289169.3733612294,9797120.0,2542080.0,17RLN,1,projects/neon-prod-earthengine/assets/HSI_REFL/002/2023_OSBS_7,2023-04-23
NA5120_E1914N0494,EPSG:32617,-81.93659330921825,29.630119942133515,409332.5586894684,3278167.191971731,9802240.0,2531840.0,17RMN,1,projects/neon-prod-earthengine/assets/HSI_REFL/002/2023_OSBS_7,2023-04-23
NA5120_E1914N0495,EPSG:32617,-81.92788716100185,29.67523495220287,410215.4582522965,3283159.5940973717,9802240.0,2536960.0,17RMN,1,projects/neon-prod-earthengine/assets/HSI_REFL/002/2023_OSBS_7,2023-04-23
NA5120_E1914N0496,EPSG:32617,-81.91916666309355,29.720348081586227,411099.04623737105,3288151.860718351,9802240.0,2542080.0,17RMN,1,projects/neon-prod-earthengine/assets/HSI_REFL/002/2023_OSBS_7,2023-04-23
NA5120_E1914N0497,EPSG:32617,-81.91043178563339,29.765459326464754,411983.32212890463,3293143.9919273956,9802240.0,2547200.0,17RMN,1,projects/neon-prod-earthengine/assets/HSI_REFL/002/2023_OSBS_7,2023-04-23
NA5120_E1607N0545,EPSG:32614,-97.86215174853326,33.32422541934689,605905.3526669154,3687809.3098898223,8230400.0,2792960.0,14SNB,1,projects/neon-prod-earthengine/assets/HSI_REFL/002/2023_PRIN_6,2023-05-18
NA5120_E1607N0546,EPSG:32614,-97.86237468738653,33.37038810452518,605828.7294502498,3692927.37146402,8230400.0,2798080.0,14SNB,1,projects/neon-prod-earthengine/assets/HSI_REFL/002/2023_PRIN_6,2023-05-18
NA5120_E1607N0547,EPSG:32614,-97.86259801897853,33.41655044493872,605752.0232672499,3698045.4307624376,8230400.0,2803200.0,14SNC,1,projects/neon-prod-earthengine/assets/HSI_REFL/002/2023_PRIN_6,2023-05-18
NA5120_E1608N0545,EPSG:32614,-97.80812840585403,33.3244200190851,610933.6179357314,3687887.058349237,8235520.0,2792960.0,14SPB,1,projects/neon-prod-earthengine/assets/HSI_REFL/002/2023_PRIN_6,2023-05-18
NA5120_E1608N0546,EPSG:32614,-97.80831808927049,33.3705828681934,610857.4334480397,3693005.2020159997,8235520.0,2798080.0,14SPB,1,projects/neon-prod-earthengine/assets/HSI_REFL/002/2023_PRIN_6,2023-05-18
NA5120_E1608N0547,EPSG:32614,-97.8085081068435,33.416745372795674,610781.1649229173,3698123.34335536,8235520.0,2803200.0,14SPC,1,projects/neon-prod-earthengine/assets/HSI_REFL/002/2023_PRIN_6,2023-05-18
NA5120_E1378N0729,EPSG:32612,-111.78728466517254,40.794648180531595,433582.77227832243,4516259.609464285,7057920.0,3735040.0,12TVL,1,projects/neon-prod-earthengine/assets/HSI_REFL/002/2023_REDB_5,2023-04-29
NA5120_E1378N0730,EPSG:32612,-111.79787032112286,40.83976893134501,432735.32668225036,4521276.424935885,7057920.0,3740160.0,12TVL,1,projects/neon-prod-earthengine/assets/HSI_REFL/002/2023_REDB_5,2023-04-29
NA5120_E1479N0700,EPSG:32613,-105.55076434866844,40.150188072383315,453089.9579646374,4444572.2233230155,7575040.0,3586560.0,13TDE,1,projects/neon-prod-earthengine/assets/HSI_REFL/002/2023_RMNP_5,2023-07-28
NA5120_E1479N0701,EPSG:32613,-105.5566506464144,40.19598707313661,452620.46473677276,4449658.78175934,7575040.0,3591680.0,13TDE,1,projects/neon-prod-earthengine/assets/HSI_REFL/002/2023_RMNP_5,2023-07-28
NA5120_E1479N0702,EPSG:32613,-105.56254831375622,40.24178514679631,452150.70829597436,4454745.318330535,7575040.0,3596800.0,13TDE,1,projects/neon-prod-earthengine/assets/HSI_REFL/002/2023_RMNP_5,2023-07-28
NA5120_E1479N0703,EPSG:32613,-105.56845738114085,40.287582291721286,451680.6889321895,4459831.833080781,7575040.0,3601920.0,13TDE,1,projects/neon-prod-earthengine/assets/HSI_REFL/002/2023_RMNP_5,2023-07-28
NA5120_E1480N0700,EPSG:32613,-105.4914045261092,40.15499181172191,458148.7607800604,4445075.759657461,7580160.0,3586560.0,13TDE,1,projects/neon-prod-earthengine/assets/HSI_REFL/002/2023_RMNP_5,2023-07-28
NA5120_E1480N0701,EPSG:32613,-105.49724830426538,40.20079533590039,457679.53039137577,4450162.460996473,7580160.0,3591680.0,13TDE,1,projects/neon-prod-earthengine/assets/HSI_REFL/002/2023_RMNP_5,2023-07-28
NA5120_E1480N0702,EPSG:32613,-105.50310337193041,40.24659794107776,457210.03576152516,4455249.140094046,7580160.0,3596800.0,13TDE,1,projects/neon-prod-earthengine/assets/HSI_REFL/002/2023_RMNP_5,2023-07-28
NA5120_E1480N0703,EPSG:32613,-105.50896975934498,40.2923996256351,456740.2771804781,4460335.796994023,7580160.0,3601920.0,13TDE,1,projects/neon-prod-earthengine/assets/HSI_REFL/002/2023_RMNP_5,2023-07-28
NA5120_E1481N0703,EPSG:32613,-105.44947306486803,40.29718153895475,461799.8910304653,4460839.219396352,7585280.0,3601920.0,13TDE,1,projects/neon-prod-earthengine/assets/HSI_REFL/002/2023_RMNP_5,2023-07-28
NA5120_E1940N0707,EPSG:32617,-78.21839034858725,38.90509625608986,741206.1028495326,4309923.879846029,9935360.0,3622400.0,17SQD,1,projects/neon-prod-earthengine/assets/HSI_REFL/002/2023_SCBI_6,2023-06-18
NA5120_E1941N0706,EPSG:32617,-78.17513508237228,38.84934764879214,745149.2524405371,4303851.282629781,9940480.0,3617280.0,17SQD,1,projects/neon-prod-earthengine/assets/HSI_REFL/002/2023_SCBI_6,2023-06-18
NA5120_E1941N0707,EPSG:32617,-78.16158401965873,38.89369467958313,746172.2917367897,4308810.198947337,9940480.0,3622400.0,17SQD,1,projects/neon-prod-earthengine/assets/HSI_REFL/002/2023_SCBI_6,2023-06-18
NA5120_E1942N0706,EPSG:32617,-78.11838346803192,38.837923989694076,750115.2235377964,4302737.277247835,9945600.0,3617280.0,17SQD,1,projects/neon-prod-earthengine/assets/HSI_REFL/002/2023_SCBI_6,2023-06-18
NA5120_E1942N0707,EPSG:32617,-78.10479737205104,38.88226085013305,751138.5089029772,4307695.9358855495,9945600.0,3622400.0,17SQD,1,projects/neon-prod-earthengine/assets/HSI_REFL/002/2023_SCBI_6,2023-06-18
NA5120_E1942N0708,EPSG:32617,-78.09118642536652,38.9265942799276,752162.3436764276,4312654.511591843,9945600.0,3627520.0,17SQD,1,projects/neon-prod-earthengine/assets/HSI_REFL/002/2023_SCBI_6,2023-06-18
NA5120_E1227N0682,EPSG:32611,-119.79609879841762,37.065421923051495,251400.21015018882,4105787.665914649,6284800.0,3494400.0,10SGG,1,projects/neon-prod-earthengine/assets/HSI_REFL/002/2023_SJER_6,2023-04-01
NA5120_E1228N0681,EPSG:32611,-119.72647567636365,37.034595916346916,257493.52190327135,4102186.950815264,6289920.0,3489280.0,10SGG,1,projects/neon-prod-earthengine/assets/HSI_REFL/002/2023_SJER_6,2023-04-01
NA5120_E1228N0682,EPSG:32611,-119.741311983188,37.07841723162655,256313.93843769428,4107087.735670382,6289920.0,3494400.0,10SGG,1,projects/neon-prod-earthengine/assets/HSI_REFL/002/2023_SJER_6,2023-04-01
NA5120_E1228N0683,EPSG:32611,-119.75617436964487,37.122234376699744,255133.685255449,4111988.3925380283,6289920.0,3499520.0,10SGG,1,projects/neon-prod-earthengine/assets/HSI_REFL/002/2023_SJER_6,2023-04-01
NA5120_E1229N0681,EPSG:32611,-119.67169918454964,37.04754982882335,262407.01299459615,4103486.0453842487,6295040.0,3489280.0,10SGG,1,projects/neon-prod-earthengine/assets/HSI_REFL/002/2023_SJER_6,2023-04-01
NA5120_E1229N0682,EPSG:32611,-119.68650466624634,37.091382183964,261227.67759886372,4108387.168000032,6295040.0,3494400.0,10SGG,1,projects/neon-prod-earthengine/assets/HSI_REFL/002/2023_SJER_6,2023-04-01
NA5120_E1229N0683,EPSG:32611,-119.70133618511441,37.13521038575766,260047.67179093286,4113288.161779324,6295040.0,3499520.0,10SGG,1,projects/neon-prod-earthengine/assets/HSI_REFL/002/2023_SJER_6,2023-04-01
NA5120_E1237N0677,EPSG:32611,-119.17478258548331,36.97436656278276,306418.48887938564,4094239.0794938537,6336000.0,3468800.0,11SKA,1,projects/neon-prod-earthengine/assets/HSI_REFL/002/2023_SOAP_6,2023-06-05
NA5120_E1237N0678,EPSG:32611,-119.18923742435895,37.018302472342036,305243.8069778315,4099143.5095124585,6336000.0,3473920.0,11SKB,1,projects/neon-prod-earthengine/assets/HSI_REFL/002/2023_SOAP_6,2023-06-05
NA5120_E1237N0679,EPSG:32611,-119.20371771729198,37.0622343997353,304068.4465129827,4104047.802848522,6336000.0,3479040.0,11SKB,1,projects/neon-prod-earthengine/assets/HSI_REFL/002/2023_SOAP_6,2023-06-05
NA5120_E1237N0680,EPSG:32611,-119.2182235234326,37.106162335764985,302892.4081232314,4108951.959764077,6336000.0,3484160.0,11SKB,1,projects/neon-prod-earthengine/assets/HSI_REFL/002/2023_SOAP_6,2023-06-05
NA5120_E1238N0680,EPSG:32611,-119.16329567792747,37.118831353051874,307805.8882205107,4110245.018492924,6341120.0,3484160.0,11SLB,1,projects/neon-prod-earthengine/assets/HSI_REFL/002/2023_SOAP_6,2023-06-05
NA5120_E1235N0678,EPSG:32611,-119.29890833804365,36.99291626233064,295417.91993752646,4096556.9196296535,6325760.0,3473920.0,11SKA,1,projects/neon-prod-earthengine/assets/HSI_REFL/002/2023_SOAP_7,2023-07-06
NA5120_E1235N0679,EPSG:32611,-119.31345079845264,37.0368265224638,294242.0763906385,4101460.507276549,6325760.0,3479040.0,11SKB,1,projects/neon-prod-earthengine/assets/HSI_REFL/002/2023_SOAP_7,2023-07-06
NA5120_E1235N0680,EPSG:32611,-119.32801885902032,37.080732758014534,293065.5563261145,4106363.960197665,6325760.0,3484160.0,11SKB,1,projects/neon-prod-earthengine/assets/HSI_REFL/002/2023_SOAP_7,2023-07-06
NA5120_E1236N0678,EPSG:32611,-119.2440829000528,37.00562459592333,300330.8451279858,4097850.5304439072,6330880.0,3473920.0,11SKB,1,projects/neon-prod-earthengine/assets/HSI_REFL/002/2023_SOAP_7,2023-07-06
NA5120_E1236N0679,EPSG:32611,-119.25859430233899,37.04954570017534,299155.24369540846,4102754.4700977015,6330880.0,3479040.0,11SKB,1,projects/neon-prod-earthengine/assets/HSI_REFL/002/2023_SOAP_7,2023-07-06
NA5120_E1236N0680,EPSG:32611,-119.27313126138687,37.09346279646379,297978.9650420021,4107658.2741783834,6330880.0,3484160.0,11SKB,1,projects/neon-prod-earthengine/assets/HSI_REFL/002/2023_SOAP_7,2023-07-06
NA5120_E1237N0680,EPSG:32611,-119.2182235234326,37.106162335764985,302892.4081232314,4108951.959764077,6336000.0,3484160.0,11SKB,1,projects/neon-prod-earthengine/assets/HSI_REFL/002/2023_SOAP_7,2023-07-06
NA5120_E1800N0547,EPSG:32616,-87.4712661152494,32.87469607436114,455913.95376263093,3637494.2938445252,9218560.0,2803200.0,16SDB,1,projects/neon-prod-earthengine/assets/HSI_REFL/002/2023_TALL_7,2023-05-26
NA5120_E1800N0548,EPSG:32616,-87.46517450058819,32.920405101528175,456506.1633864122,3642559.0589172374,9218560.0,2808320.0,16SDB,1,projects/neon-prod-earthengine/assets/HSI_REFL/002/2023_TALL_7,2023-05-26
NA5120_E1800N0549,EPSG:32616,-87.45907232301093,32.96611307815068,457098.80149958446,3647623.7693931716,9218560.0,2813440.0,16SDB,1,projects/neon-prod-earthengine/assets/HSI_REFL/002/2023_TALL_7,2023-05-26
NA5120_E1801N0547,EPSG:32616,-87.41794899791302,32.86888502757564,460899.1567650628,3636829.0775220236,9223680.0,2803200.0,16SDB,1,projects/neon-prod-earthengine/assets/HSI_REFL/002/2023_TALL_7,2023-05-26
NA5120_E1801N0548,EPSG:32616,-87.41182602268786,32.91458924156657,461491.7677588154,3641893.5660184575,9223680.0,2808320.0,16SDB,1,projects/neon-prod-earthengine/assets/HSI_REFL/002/2023_TALL_7,2023-05-26
NA5120_E1801N0549,EPSG:32616,-87.40569243208498,32.96029239763426,462084.80625560496,3646958.000356317,9223680.0,2813440.0,16SDB,1,projects/neon-prod-earthengine/assets/HSI_REFL/002/2023_TALL_7,2023-05-26
NA5120_E1802N0547,EPSG:32616,-87.3646400137217,32.863043494619205,465884.2242693227,3636163.0077179186,9228800.0,2803200.0,16SDB,1,projects/neon-prod-earthengine/assets/HSI_REFL/002/2023_TALL_7,2023-05-26
NA5120_E1802N0548,EPSG:32616,-87.35848569886893,32.908742871127835,466477.2372086142,3641227.221599446,9228800.0,2808320.0,16SDB,1,projects/neon-prod-earthengine/assets/HSI_REFL/002/2023_TALL_7,2023-05-26
NA5120_E1238N0676,EPSG:32611,-119.10554985113262,36.943052522079284,312505.01097758184,4090626.1481339396,6341120.0,3463680.0,11SLA,1,projects/neon-prod-earthengine/assets/HSI_REFL/002/2023_TEAK_6,2023-07-08
NA5120_E1239N0676,EPSG:32611,-119.05072669010471,36.9556479033717,317417.5746222677,4091917.1517075524,6346240.0,3463680.0,11SLA,1,projects/neon-prod-earthengine/assets/HSI_REFL/002/2023_TEAK_6,2023-07-08
NA5120_E1239N0677,EPSG:32611,-119.06509393650258,36.99960930300831,316244.0532451997,4096822.434450097,6346240.0,3468800.0,11SLA,1,projects/neon-prod-earthengine/assets/HSI_REFL/002/2023_TEAK_6,2023-07-08
NA5120_E1239N0678,EPSG:32611,-119.07948649065176,37.0435667626419,315069.8512538747,4101727.5785564776,6346240.0,3473920.0,11SLB,1,projects/neon-prod-earthengine/assets/HSI_REFL/002/2023_TEAK_6,2023-07-08
NA5120_E1239N0679,EPSG:32611,-119.09390441139914,37.08752027317747,313894.96928741207,4106632.5842866995,6346240.0,3479040.0,11SLB,1,projects/neon-prod-earthengine/assets/HSI_REFL/002/2023_TEAK_6,2023-07-08
NA5120_E1240N0676,EPSG:32611,-118.99588369143761,36.96821280151227,322330.1851629608,4093207.5247833775,6351360.0,3463680.0,11SLA,1,projects/neon-prod-earthengine/assets/HSI_REFL/002/2023_TEAK_6,2023-07-08
NA5120_E1240N0677,EPSG:32611,-119.01021976297771,37.012184928073474,321156.9027329051,4098113.167932718,6351360.0,3468800.0,11SLB,1,projects/neon-prod-earthengine/assets/HSI_REFL/002/2023_TEAK_6,2023-07-08
NA5120_E1240N0678,EPSG:32611,-119.02458109836574,37.05615313109949,319982.9389808165,4103018.671599674,6351360.0,3473920.0,11SLB,1,projects/neon-prod-earthengine/assets/HSI_REFL/002/2023_TEAK_6,2023-07-08
NA5120_E1240N0679,EPSG:32611,-119.03896775638795,37.10011740153249,318808.2945463203,4107924.0360435527,6351360.0,3479040.0,11SLB,1,projects/neon-prod-earthengine/assets/HSI_REFL/002/2023_TEAK_6,2023-07-08
NA5120_E1241N0678,EPSG:32611,-118.96965579983137,37.06870895153634,324896.07396864274,4104309.1390326438,6356480.0,3473920.0,11SLB,1,projects/neon-prod-earthengine/assets/HSI_REFL/002/2023_TEAK_6,2023-07-08
NA5120_E1241N0679,EPSG:32611,-118.98401114411242,37.11268396068193,323721.6659221671,4109214.863869079,6356480.0,3479040.0,11SLB,1,projects/neon-prod-earthengine/assets/HSI_REFL/002/2023_TEAK_6,2023-07-08
NA5120_E1652N0668,EPSG:32615,-95.25639597937104,38.97473595171032,304534.58934482257,4316394.55715643,8460800.0,3422720.0,15STD,1,projects/neon-prod-earthengine/assets/HSI_REFL/002/2023_UKFS_7,2023-05-24
NA5120_E1652N0669,EPSG:32615,-95.25480264040137,39.02083168393761,304799.39729545906,4321507.260666876,8460800.0,3427840.0,15STD,1,projects/neon-prod-earthengine/assets/HSI_REFL/002/2023_UKFS_7,2023-05-24
NA5120_E1652N0670,EPSG:32615,-95.2532062624469,39.06692700839839,305064.4143068413,4326619.946756313,8460800.0,3432960.0,15STD,1,projects/neon-prod-earthengine/assets/HSI_REFL/002/2023_UKFS_7,2023-05-24
NA5120_E1653N0668,EPSG:32615,-95.19784279716501,38.973380061773476,309603.7903392392,4316119.982655878,8465920.0,3422720.0,15SUD,1,projects/neon-prod-earthengine/assets/HSI_REFL/002/2023_UKFS_7,2023-05-24
NA5120_E1653N0669,EPSG:32615,-95.19620794406836,39.019474537104976,309868.89090271934,4321232.505179466,8465920.0,3427840.0,15SUD,1,projects/neon-prod-earthengine/assets/HSI_REFL/002/2023_UKFS_7,2023-05-24
NA5120_E1653N0670,EPSG:32615,-95.19456997296116,39.0655686024493,310134.1994481756,4326345.010487788,8465920.0,3432960.0,15SUD,1,projects/neon-prod-earthengine/assets/HSI_REFL/002/2023_UKFS_7,2023-05-24
NA5120_E1654N0668,EPSG:32615,-95.13929208617112,38.97198926163632,314672.8382152162,4315844.807652365,8471040.0,3422720.0,15SUD,1,projects/neon-prod-earthengine/assets/HSI_REFL/002/2023_UKFS_7,2023-05-24
NA5120_E1654N0669,EPSG:32615,-95.13761572599473,39.018082447778106,314938.23164051306,4320957.151315963,8471040.0,3427840.0,15SUD,1,projects/neon-prod-earthengine/assets/HSI_REFL/002/2023_UKFS_7,2023-05-24
NA5120_E1654N0670,EPSG:32615,-95.1359361688073,39.06417522165513,315203.8319694189,4326069.477970413,8471040.0,3432960.0,15SUD,1,projects/neon-prod-earthengine/assets/HSI_REFL/002/2023_UKFS_7,2023-05-24
NA5120_E1472N0695,EPSG:32613,-105.93528775283835,39.88672686756001,420031.71932842163,4415603.707744035,7539200.0,3560960.0,13TDE,1,projects/neon-prod-earthengine/assets/HSI_REFL/002/2023_WLOU_4,2023-08-21
NA5120_E1472N0696,EPSG:32613,-105.94141178424336,39.93249819853933,419561.65693440556,4420689.420817284,7539200.0,3566080.0,13TDE,1,projects/neon-prod-earthengine/assets/HSI_REFL/002/2023_WLOU_4,2023-08-21
NA5120_E1587N0844,EPSG:32614,-99.29888793732749,47.09682718631338,477317.9638567114,5215967.592024002,8128000.0,4323840.0,14TMT,1,projects/neon-prod-earthengine/assets/HSI_REFL/002/2023_WOOD_6,2023-06-20
NA5120_E1587N0845,EPSG:32614,-99.30048170073889,47.14286508832543,477216.67762679316,5221084.182968169,8128000.0,4328960.0,14TMT,1,projects/neon-prod-earthengine/assets/HSI_REFL/002/2023_WOOD_6,2023-06-20
NA5120_E1587N0846,EPSG:32614,-99.30207899183551,47.18890258384714,477115.3474494601,5226200.773327362,8128000.0,4334080.0,14TMT,1,projects/neon-prod-earthengine/assets/HSI_REFL/002/2023_WOOD_6,2023-06-20
NA5120_E1587N0847,EPSG:32614,-99.30367982183307,47.234939672816445,477013.97338943963,5231317.363103963,8128000.0,4339200.0,14TMT,1,projects/neon-prod-earthengine/assets/HSI_REFL/002/2023_WOOD_6,2023-06-20
NA5120_E1588N0844,EPSG:32614,-99.2315470639693,47.09792025781709,482428.69174739014,5216071.735212255,8133120.0,4323840.0,14TMT,1,projects/neon-prod-earthengine/assets/HSI_REFL/002/2023_WOOD_6,2023-06-20
NA5120_E1588N0845,EPSG:32614,-99.23308122426162,47.14395935363481,482327.52143544273,5221188.344223438,8133120.0,4328960.0,14TMT,1,projects/neon-prod-earthengine/assets/HSI_REFL/002/2023_WOOD_6,2023-06-20
NA5120_E1588N0846,EPSG:32614,-99.23461878047925,47.189998045494384,482226.3060819593,5226304.952564085,8133120.0,4334080.0,14TMT,1,projects/neon-prod-earthengine/assets/HSI_REFL/002/2023_WOOD_6,2023-06-20
NA5120_E1588N0847,EPSG:32614,-99.23615974341975,47.23603633334192,482125.04575164034,5231421.560236526,8133120.0,4339200.0,14TMT,1,projects/neon-prod-earthengine/assets/HSI_REFL/002/2023_WOOD_6,2023-06-20
NA5120_E1589N0844,EPSG:32614,-99.16420341571309,47.09897164144978,487539.4130702364,5216175.645079249,8138240.0,4323840.0,14TMT,1,projects/neon-prod-earthengine/assets/HSI_REFL/002/2023_WOOD_6,2023-06-20
NA5120_E1589N0845,EPSG:32614,-99.16567796368221,47.1450118856,487438.35856764024,5221292.274342931,8138240.0,4328960.0,14TMT,1,projects/neon-prod-earthengine/assets/HSI_REFL/002/2023_WOOD_6,2023-06-20
NA5120_E1589N0846,EPSG:32614,-99.1671557757772,47.19105172822799,487337.2579293316,5226408.9028506605,8138240.0,4334080.0,14TMT,1,projects/neon-prod-earthengine/assets/HSI_REFL/002/2023_WOOD_6,2023-06-20
NA5120_E1589N0847,EPSG:32614,-99.16863686237728,47.237091169287716,487236.1112199854,5231525.5306047145,8138240.0,4339200.0,14TMT,1,projects/neon-prod-earthengine/assets/HSI_REFL/002/2023_WOOD_6,2023-06-20
NA5120_E1590N0844,EPSG:32614,-99.09685710024752,47.09998133408963,492650.1310967603,5216279.321758765,8143360.0,4323840.0,14TMT,1,projects/neon-prod-earthengine/assets/HSI_REFL/002/2023_WOOD_6,2023-06-20
NA5120_E1590N0845,EPSG:32614,-99.09827202704598,47.14602268108915,492549.1922952613,5221395.973460462,8143360.0,4328960.0,14TMT,1,projects/neon-prod-earthengine/assets/HSI_REFL/002/2023_WOOD_6,2023-06-20
NA5120_E1590N0846,EPSG:32614,-99.09969008613287,47.19206362890603,492448.20626381814,5226512.624320938,8143360.0,4334080.0,14TMT,1,projects/neon-prod-earthengine/assets/HSI_REFL/002/2023_WOOD_6,2023-06-20
NA5120_E1590N0847,EPSG:32614,-99.10111128746885,47.23810417750186,492347.17306708224,5231629.274342411,8143360.0,4339200.0,14TMT,1,projects/neon-prod-earthengine/assets/HSI_REFL/002/2023_WOOD_6,2023-06-20
NA5120_E1591N0844,EPSG:32614,-99.02950822529326,47.10094933273828,497760.8490984809,5216382.765383893,8148480.0,4323840.0,14TMT,1,projects/neon-prod-earthengine/assets/HSI_REFL/002/2023_WOOD_6,2023-06-20
NA5120_E1591N0845,EPSG:32614,-99.03086352243038,47.146991737094304,497660.02589019324,5221499.441709165,8148480.0,4328960.0,14TMT,1,projects/neon-prod-earthengine/assets/HSI_REFL/002/2023_WOOD_6,2023-06-20
NA5120_E1591N0846,EPSG:32614,-99.03222181998206,47.19303374451095,497559.1543576651,5226616.117108096,8148480.0,4334080.0,14TMT,1,projects/neon-prod-earthengine/assets/HSI_REFL/002/2023_WOOD_6,2023-06-20
NA5120_E1591N0847,EPSG:32614,-99.03358312749019,47.239075354957095,497458.23456552724,5231732.791582846,8148480.0,4339200.0,14TMT,1,projects/neon-prod-earthengine/assets/HSI_REFL/002/2023_WOOD_6,2023-06-20
NA5120_E1246N0877,EPSG:32610,-122.10463205431225,45.803400086868685,569575.4736249667,5072594.044947132,6382080.0,4492800.0,10TER,1,projects/neon-prod-earthengine/assets/HSI_REFL/002/2023_WREF_6,2023-06-24
NA5120_E1247N0876,EPSG:32610,-122.02176112013004,45.77519719193179,576053.3778516314,5069536.13153623,6387200.0,4487680.0,10TER,1,projects/neon-prod-earthengine/assets/HSI_REFL/002/2023_WREF_6,2023-06-24
NA5120_E1247N0877,EPSG:32610,-122.04232263093489,45.81826254817605,574397.4865818513,5074301.444783987,6387200.0,4492800.0,10TER,1,projects/neon-prod-earthengine/assets/HSI_REFL/002/2023_WREF_6,2023-06-24
NA5120_E1247N0878,EPSG:32610,-122.06292553431736,45.86132160806392,572740.8112304516,5079066.468727522,6387200.0,4497920.0,10TER,1,projects/neon-prod-earthengine/assets/HSI_REFL/002/2023_WREF_6,2023-06-24
NA5120_E1247N0879,EPSG:32610,-122.08356994370068,45.90437435425778,571083.3526606488,5083831.20388729,6387200.0,4503040.0,10TER,1,projects/neon-prod-earthengine/assets/HSI_REFL/002/2023_WREF_6,2023-06-24
NA5120_E1248N0876,EPSG:32610,-121.95945982100947,45.790009544638764,580875.5692769485,5071242.97075217,6392320.0,4487680.0,10TER,1,projects/neon-prod-earthengine/assets/HSI_REFL/002/2023_WREF_6,2023-06-24
NA5120_E1248N0877,EPSG:32610,-121.97997942484398,45.83308961664192,579219.5897535913,5076008.724519208,6392320.0,4492800.0,10TER,1,projects/neon-prod-earthengine/assets/HSI_REFL/002/2023_WREF_6,2023-06-24
NA5120_E1248N0878,EPSG:32610,-122.0005403635749,45.876163418567074,577562.8257328984,5080774.187799528,6392320.0,4497920.0,10TER,1,projects/neon-prod-earthengine/assets/HSI_REFL/002/2023_WREF_6,2023-06-24
NA5120_E1249N0875,EPSG:32610,-121.87668844578089,45.76168550459224,587353.1384109237,5068183.202545875,6397440.0,4482560.0,10TER,1,projects/neon-prod-earthengine/assets/HSI_REFL/002/2023_WREF_6,2023-06-24
NA5120_E1249N0876,EPSG:32610,-121.89712488158744,45.804786493507336,585697.8548715176,5072949.6904145535,6397440.0,4487680.0,10TER,1,projects/neon-prod-earthengine/assets/HSI_REFL/002/2023_WREF_6,2023-06-24
NA5120_E1249N0877,EPSG:32610,-121.91760248133946,45.84788125574914,584041.7855532096,5077715.886094682,6397440.0,4492800.0,10TER,1,projects/neon-prod-earthengine/assets/HSI_REFL/002/2023_WREF_6,2023-06-24
NA5120_E1249N0878,EPSG:32610,-121.93812135796573,45.890969774175,582384.9313211831,5082481.790104861,6397440.0,4497920.0,10TER,1,projects/neon-prod-earthengine/assets/HSI_REFL/002/2023_WREF_6,2023-06-24
NA5120_E1250N0875,EPSG:32610,-121.81436195443916,45.77641237479738,592175.6115071881,5069889.360104643,6402560.0,4482560.0,10TER,1,projects/neon-prod-earthengine/assets/HSI_REFL/002/2023_WREF_6,2023-06-24
NA5120_E1250N0876,EPSG:32610,-121.83475634740887,45.81952800215524,590520.237049088,5074656.292464431,6402560.0,4487680.0,10TER,1,projects/neon-prod-earthengine/assets/HSI_REFL/002/2023_WREF_6,2023-06-24
NA5120_E1250N0877,EPSG:32610,-121.85519184601095,45.862637429019706,588864.0763940839,5079422.931452114,6402560.0,4492800.0,10TER,1,projects/neon-prod-earthengine/assets/HSI_REFL/002/2023_WREF_6,2023-06-24
NA5120_E1251N0877,EPSG:32610,-121.79274756473802,45.87735810001507,593686.4646899548,5081129.862533022,6407680.0,4492800.0,10TER,1,projects/neon-prod-earthengine/assets/HSI_REFL/002/2023_WREF_6,2023-06-24
NA5120_E1411N0813,EPSG:32612,-110.66274006303139,44.86241059176282,526644.7831732121,4967721.4640655685,7226880.0,4165120.0,12TWQ,1,projects/neon-prod-earthengine/assets/HSI_REFL/002/2023_YELL_5,2023-07-03
NA5120_E1411N0814,EPSG:32612,-110.67363459662673,44.90762178751659,525763.8863435898,4972740.237587433,7226880.0,4170240.0,12TWQ,1,projects/neon-prod-earthengine/assets/HSI_REFL/002/2023_YELL_5,2023-07-03
NA5120_E1412N0813,EPSG:32612,-110.5990734287367,44.87042093882019,531670.2907594735,4968634.148288637,7232000.0,4165120.0,12TWQ,1,projects/neon-prod-earthengine/assets/HSI_REFL/002/2023_YELL_5,2023-07-03
NA5120_E1412N0814,EPSG:32612,-110.60991819457544,44.91564032003988,530789.4952780401,4973653.182525998,7232000.0,4170240.0,12TWQ,1,projects/neon-prod-earthengine/assets/HSI_REFL/002/2023_YELL_5,2023-07-03
NA5120_E1412N0815,EPSG:32612,-110.62078548759833,44.96085763947063,529908.2475609473,4978672.133515896,7232000.0,4175360.0,12TWQ,1,projects/neon-prod-earthengine/assets/HSI_REFL/002/2023_YELL_5,2023-07-03
NA5120_E1412N0816,EPSG:32612,-110.6316753736239,45.006072892022296,529026.5481412878,4983691.001410909,7232000.0,4180480.0,12TWQ,1,projects/neon-prod-earthengine/assets/HSI_REFL/002/2023_YELL_5,2023-07-03
NA5120_E1413N0813,EPSG:32612,-110.53538851650883,44.878393112624366,536695.8706169685,4969546.544482939,7237120.0,4165120.0,12TWQ,1,projects/neon-prod-earthengine/assets/HSI_REFL/002/2023_YELL_5,2023-07-03
NA5120_E1413N0814,EPSG:32612,-110.54618345836433,44.923620643133916,535815.1755843486,4974565.84138546,7237120.0,4170240.0,12TWQ,1,projects/neon-prod-earthengine/assets/HSI_REFL/002/2023_YELL_5,2023-07-03
NA5120_E1413N0815,EPSG:32612,-110.55700083151451,44.9688461276593,534934.0274192949,4979585.054336865,7237120.0,4175360.0,12TWQ,1,projects/neon-prod-earthengine/assets/HSI_REFL/002/2023_YELL_5,2023-07-03
NA5120_E1413N0816,EPSG:32612,-110.56784070153044,45.01406956115636,534052.4266551987,4984604.183489245,7237120.0,4180480.0,12TWQ,1,projects/neon-prod-earthengine/assets/HSI_REFL/002/2023_YELL_5,2023-07-03
NA5120_E1414N0812,EPSG:32612,-110.46096261191427,44.841089423654616,542601.6666722104,4965439.007444848,7242240.0,4160000.0,12TWQ,1,projects/neon-prod-earthengine/assets/HSI_REFL/002/2023_YELL_5,2023-07-03
NA5120_E1414N0813,EPSG:32612,-110.47168540365286,44.886327092479284,541721.5257525161,4970458.653768873,7242240.0,4165120.0,12TWQ,1,projects/neon-prod-earthengine/assets/HSI_REFL/002/2023_YELL_5,2023-07-03
NA5120_E1414N0814,EPSG:32612,-110.48243046551079,44.931562736042366,540840.9302695895,4975478.215286778,7242240.0,4170240.0,12TWQ,1,projects/neon-prod-earthengine/assets/HSI_REFL/002/2023_YELL_5,2023-07-03
NA5120_E1414N0815,EPSG:32612,-110.49319786255509,44.97679634936452,539959.8807568703,4980497.692149827,7242240.0,4175360.0,12TWQ,1,projects/neon-prod-earthengine/assets/HSI_REFL/002/2023_YELL_5,2023-07-03
NA5120_E1415N0812,EPSG:32612,-110.39729121564083,44.84897712782774,547627.3005439172,4966350.563672521,7247360.0,4160000.0,12TWQ,1,projects/neon-prod-earthengine/assets/HSI_REFL/002/2023_YELL_5,2023-07-03
NA5120_E1415N0813,EPSG:32612,-110.40796416765839,44.89422285777365,546747.2591733201,4971370.477266066,7247360.0,4165120.0,12TWQ,1,projects/neon-prod-earthengine/assets/HSI_REFL/002/2023_YELL_5,2023-07-03
NA5120_E1415N0814,EPSG:32612,-110.41865929371761,44.93946657809392,545866.7623412407,4976390.305350148,7247360.0,4170240.0,12TWQ,1,projects/neon-prod-earthengine/assets/HSI_REFL/002/2023_YELL_5,2023-07-03
NA5120_E1415N0815,EPSG:32612,-110.42937665863684,44.98470828385473,544985.8105814008,4981410.048075543,7247360.0,4175360.0,12TWQ,1,projects/neon-prod-earthengine/assets/HSI_REFL/002/2023_YELL_5,2023-07-03
NA5120_E2017N0847,EPSG:32619,-71.34245638243557,43.973274589329534,312109.4052471282,4871572.04515196,10329600.0,4339200.0,18TYP,1,projects/neon-prod-earthengine/assets/HSI_REFL/002/2024_BART_7,2024-08-30
NA5120_E2017N0848,EPSG:32619,-71.32163532692785,44.01598722015454,313913.1124684793,4876268.956652696,10329600.0,4344320.0,18TYP,1,projects/neon-prod-earthengine/assets/HSI_REFL/002/2024_BART_7,2024-08-30
NA5120_E2017N0849,EPSG:32619,-71.30077415201889,44.058693125720204,315717.7153769953,4880965.478363737,10329600.0,4349440.0,18TYP,1,projects/neon-prod-earthengine/assets/HSI_REFL/002/2024_BART_7,2024-08-30
NA5120_E2017N0850,EPSG:32619,-71.27987275397285,44.101392288271875,317523.2130492064,4885661.610864606,10329600.0,4354560.0,18TYP,1,projects/neon-prod-earthengine/assets/HSI_REFL/002/2024_BART_7,2024-08-30
NA5120_E2018N0848,EPSG:32619,-71.26168122818925,44.000297056541754,318670.90667276,4874392.60278611,10334720.0,4344320.0,18TYP,1,projects/neon-prod-earthengine/assets/HSI_REFL/002/2024_BART_7,2024-08-30
NA5120_E2018N0849,EPSG:32619,-71.24078308072117,44.0429880783581,320475.37313091767,4879088.591556116,10334720.0,4349440.0,18TYP,1,projects/neon-prod-earthengine/assets/HSI_REFL/002/2024_BART_7,2024-08-30
NA5120_E2018N0850,EPSG:32619,-71.21984466513288,44.08567233216499,322280.7340371171,4883784.192365182,10334720.0,4354560.0,18TYP,1,projects/neon-prod-earthengine/assets/HSI_REFL/002/2024_BART_7,2024-08-30
NA5120_E2019N0848,EPSG:32619,-71.2017596942188,43.98457352924943,323428.5345295917,4872516.121914853,10339840.0,4344320.0,18TYP,1,projects/neon-prod-earthengine/assets/HSI_REFL/002/2024_BART_7,2024-08-30
NA5120_E1193N1400,EPSG:32606,-147.68751781958738,65.11011685485525,467712.97994703695,7220902.702091069,6110720.0,7170560.0,06WVT,1,projects/neon-prod-earthengine/assets/HSI_REFL/002/2024_BONA_6,2024-07-10
NA5120_E1194N1399,EPSG:32606,-147.53344985070194,65.10861050910181,474946.70460497064,7220664.892561226,6115840.0,7165440.0,06WVT,1,projects/neon-prod-earthengine/assets/HSI_REFL/002/2024_BONA_6,2024-07-10
NA5120_E1194N1400,EPSG:32606,-147.60897280258578,65.14055041333378,471434.19954146934,7224256.53787991,6115840.0,7170560.0,06WVT,1,projects/neon-prod-earthengine/assets/HSI_REFL/002/2024_BONA_6,2024-07-10
NA5120_E1194N1401,EPSG:32606,-147.68469088378342,65.17244649549825,467921.0555231557,7227847.586239987,6115840.0,7175680.0,06WVT,1,projects/neon-prod-earthengine/assets/HSI_REFL/002/2024_BONA_6,2024-07-10
NA5120_E1195N1398,EPSG:32606,-147.37940018637755,65.10694660633776,482180.4000283551,7220427.17308021,6120960.0,7160320.0,06WVT,1,projects/neon-prod-earthengine/assets/HSI_REFL/002/2024_BONA_6,2024-07-10
NA5120_E1195N1399,EPSG:32606,-147.45473334555072,65.138969539431,478667.90678962873,7224019.414693162,6120960.0,7165440.0,06WVT,1,projects/neon-prod-earthengine/assets/HSI_REFL/002/2024_BONA_6,2024-07-10
NA5120_E1195N1400,EPSG:32606,-147.53026163901657,65.17094886550291,475154.775890875,7227611.056272239,6120960.0,7170560.0,06WVT,1,projects/neon-prod-earthengine/assets/HSI_REFL/002/2024_BONA_6,2024-07-10
NA5120_E1195N1401,EPSG:32606,-147.60598555308084,65.20288441720609,471641.00750980125,7231202.09992658,6120960.0,7175680.0,06WVT,1,projects/neon-prod-earthengine/assets/HSI_REFL/002/2024_BONA_6,2024-07-10
NA5120_E1195N1402,EPSG:32606,-147.68190557380896,65.2347760265585,468126.60182231246,7234792.547765851,6120960.0,7180800.0,06WVT,1,projects/neon-prod-earthengine/assets/HSI_REFL/002/2024_BONA_6,2024-07-10
NA5120_E1196N1399,EPSG:32606,-147.375850692515,65.16929328315958,482388.4674655619,7227374.62236559,6126080.0,7165440.0,06WVT,1,projects/neon-prod-earthengine/assets/HSI_REFL/002/2024_BONA_6,2024-07-10
NA5120_E1196N1400,EPSG:32606,-147.45138390590205,65.20131208110028,478874.709089022,7230966.259468111,6126080.0,7170560.0,06WVT,1,projects/neon-prod-earthengine/assets/HSI_REFL/002/2024_BONA_6,2024-07-10
NA5120_E1196N1401,EPSG:32606,-147.52711323135378,65.23328715280579,475360.314703607,7234557.29767973,6126080.0,7175680.0,06WVT,1,projects/neon-prod-earthengine/assets/HSI_REFL/002/2024_BONA_6,2024-07-10
NA5120_E1197N1400,EPSG:32606,-147.37233918011498,65.23163992937872,482593.9992275681,7234322.149667233,6131200.0,7170560.0,06WVT,1,projects/neon-prod-earthengine/assets/HSI_REFL/002/2024_BONA_6,2024-07-10
NA5120_E1726N0821,EPSG:32615,-90.10745357468373,45.79645319249543,724793.8881633645,5075501.885060574,8839680.0,4206080.0,15TYL,1,projects/neon-prod-earthengine/assets/HSI_REFL/002/2024_CHEQ_8,2024-07-09
NA5120_E1726N0822,EPSG:32615,-90.10115156641405,45.84224424810059,725098.8905550407,5080607.0024973,8839680.0,4211200.0,15TYL,1,projects/neon-prod-earthengine/assets/HSI_REFL/002/2024_CHEQ_8,2024-07-09
NA5120_E1727N0821,EPSG:32615,-90.04204385267708,45.79188905939741,729895.8582191394,5075181.021607069,8844800.0,4206080.0,15TYL,1,projects/neon-prod-earthengine/assets/HSI_REFL/002/2024_CHEQ_8,2024-07-09
NA5120_E1727N0822,EPSG:32615,-90.03568707964396,45.837675297765585,730201.0116036902,5080286.152319031,8844800.0,4211200.0,15TYL,1,projects/neon-prod-earthengine/assets/HSI_REFL/002/2024_CHEQ_8,2024-07-09
NA5120_E1611N0545,EPSG:32614,-97.646057016779,33.32481560589625,626018.9207577497,3688115.077732719,8250880.0,2792960.0,14SPB,1,projects/neon-prod-earthengine/assets/HSI_REFL/002/2024_CLBJ_8,2024-05-14
NA5120_E1611N0546,EPSG:32614,-97.64614693030559,33.37097878824861,625944.0521368855,3693233.4801036874,8250880.0,2798080.0,14SPB,1,projects/neon-prod-earthengine/assets/HSI_REFL/002/2024_CLBJ_8,2024-05-14
NA5120_E1611N0547,EPSG:32614,-97.64623700223066,33.41714162662081,625869.0962642301,3698351.87999616,8250880.0,2803200.0,14SPC,1,projects/neon-prod-earthengine/assets/HSI_REFL/002/2024_CLBJ_8,2024-05-14
NA5120_E1612N0545,EPSG:32614,-97.59203291685546,33.32488472993673,631047.5340420781,3688189.3423776766,8256000.0,2792960.0,14SPB,1,projects/neon-prod-earthengine/assets/HSI_REFL/002/2024_CLBJ_8,2024-05-14
NA5120_E1612N0546,EPSG:32614,-97.59208957295374,33.37104797051992,630973.1039415916,3693307.8351263576,8256000.0,2798080.0,14SPB,1,projects/neon-prod-earthengine/assets/HSI_REFL/002/2024_CLBJ_8,2024-05-14
NA5120_E1612N0547,EPSG:32614,-97.59214632886192,33.41721086721488,630898.5855174839,3698426.325347452,8256000.0,2803200.0,14SPC,1,projects/neon-prod-earthengine/assets/HSI_REFL/002/2024_CLBJ_8,2024-05-14
NA5120_E1613N0547,EPSG:32614,-97.5380555783662,33.41724868555554,635928.1691819441,3698499.9040197395,8261120.0,2803200.0,14SPC,1,projects/neon-prod-earthengine/assets/HSI_REFL/002/2024_CLBJ_8,2024-05-14
NA5120_E1793N0538,EPSG:32616,-87.89709900554271,32.50279595030312,415728.40536794136,3596523.567892438,9182720.0,2757120.0,16SDA,1,projects/neon-prod-earthengine/assets/HSI_REFL/002/2024_DELA_8,2024-05-21
NA5120_E1793N0539,EPSG:32616,-87.89131820201604,32.548546904368166,416313.8866230546,3601590.844912609,9182720.0,2762240.0,16SDB,1,projects/neon-prod-earthengine/assets/HSI_REFL/002/2024_DELA_8,2024-05-21
NA5120_E1793N0540,EPSG:32616,-87.88552741087007,32.59429687486001,416899.8065015089,3606658.0638720067,9182720.0,2767360.0,16SDB,1,projects/neon-prod-earthengine/assets/HSI_REFL/002/2024_DELA_8,2024-05-21
NA5120_E1794N0538,EPSG:32616,-87.84400725221714,32.497240040227155,420711.0163869482,3595866.9370814436,9187840.0,2757120.0,16SDA,1,projects/neon-prod-earthengine/assets/HSI_REFL/002/2024_DELA_8,2024-05-21
NA5120_E1794N0539,EPSG:32616,-87.83819541544533,32.54298641532177,421296.9039444965,3600933.9198810454,9187840.0,2762240.0,16SDB,1,projects/neon-prod-earthengine/assets/HSI_REFL/002/2024_DELA_8,2024-05-21
NA5120_E1794N0540,EPSG:32616,-87.83237353915395,32.588731799861606,421883.22913321224,3606000.845050053,9187840.0,2767360.0,16SDB,1,projects/neon-prod-earthengine/assets/HSI_REFL/002/2024_DELA_8,2024-05-21
NA5120_E1795N0538,EPSG:32616,-87.79092317247098,32.491653795382966,425693.46669846965,3595209.44041503,9192960.0,2757120.0,16SDA,1,projects/neon-prod-earthengine/assets/HSI_REFL/002/2024_DELA_8,2024-05-21
NA5120_E1795N0539,EPSG:32616,-87.7850803221429,32.537395567359674,426279.76111865067,3600276.130957365,9192960.0,2762240.0,16SDB,1,projects/neon-prod-earthengine/assets/HSI_REFL/002/2024_DELA_8,2024-05-21
NA5120_E1795N0540,EPSG:32616,-87.77922738045616,32.583136341765375,426866.4921785789,3605342.7642997024,9192960.0,2767360.0,16SDB,1,projects/neon-prod-earthengine/assets/HSI_REFL/002/2024_DELA_8,2024-05-21
NA5120_E1796N0538,EPSG:32616,-87.73784680561023,32.48603722503042,430675.75917099486,3594551.0771491197,9198080.0,2757120.0,16SDA,1,projects/neon-prod-earthengine/assets/HSI_REFL/002/2024_DELA_8,2024-05-21
NA5120_E2013N0812,EPSG:32618,-72.28160588311017,42.534584642079665,723244.1358851868,4712714.946587281,10309120.0,4160000.0,18TYN,1,projects/neon-prod-earthengine/assets/HSI_REFL/002/2024_HARV_8,2024-08-14
NA5120_E2013N0813,EPSG:32618,-72.26226847575742,42.577577806801486,724677.8898582503,4717540.524646917,10309120.0,4165120.0,18TYN,1,projects/neon-prod-earthengine/assets/HSI_REFL/002/2024_HARV_8,2024-08-14
NA5120_E2014N0809,EPSG:32618,-72.28073598724785,42.390570832789145,723828.3813045719,4696724.638248988,10314240.0,4144640.0,18TYM,1,projects/neon-prod-earthengine/assets/HSI_REFL/002/2024_HARV_8,2024-08-14
NA5120_E2014N0810,EPSG:32618,-72.26147202832067,42.43356818610988,725260.1085451264,4701550.387121961,10314240.0,4149760.0,18TYN,1,projects/neon-prod-earthengine/assets/HSI_REFL/002/2024_HARV_8,2024-08-14
NA5120_E2014N0811,EPSG:32618,-72.24217178432893,42.47655951365485,726692.5434356346,4706375.965894271,10314240.0,4154880.0,18TYN,1,projects/neon-prod-earthengine/assets/HSI_REFL/002/2024_HARV_8,2024-08-14
NA5120_E2014N0812,EPSG:32618,-72.2228351637432,42.51954480000945,728125.6852333196,4711201.374977781,10314240.0,4160000.0,18TYN,1,projects/neon-prod-earthengine/assets/HSI_REFL/002/2024_HARV_8,2024-08-14
NA5120_E2014N0813,EPSG:32618,-72.20346207473575,42.56252402970656,729559.5331952453,4716026.614785149,10314240.0,4165120.0,18TYN,1,projects/neon-prod-earthengine/assets/HSI_REFL/002/2024_HARV_8,2024-08-14
NA5120_E2014N0814,EPSG:32618,-72.18405242517925,42.60549718722611,730994.0865783322,4720851.685729807,10314240.0,4170240.0,18TYN,1,projects/neon-prod-earthengine/assets/HSI_REFL/002/2024_HARV_8,2024-08-14
NA5120_E2015N0809,EPSG:32618,-72.2221012037295,42.375540005885824,728709.6740423213,4695211.713194958,10319360.0,4144640.0,18TYM,1,projects/neon-prod-earthengine/assets/HSI_REFL/002/2024_HARV_8,2024-08-14
NA5120_E2015N0810,EPSG:32618,-72.20280177762291,42.41852347113441,730141.4982606214,4700037.122272774,10319360.0,4149760.0,18TYN,1,projects/neon-prod-earthengine/assets/HSI_REFL/002/2024_HARV_8,2024-08-14
NA5120_E2015N0811,EPSG:32618,-72.18346602144412,42.46150088778802,731574.0295891216,4704862.362274187,10319360.0,4154880.0,18TYN,1,projects/neon-prod-earthengine/assets/HSI_REFL/002/2024_HARV_8,2024-08-14
NA5120_E2015N0812,EPSG:32618,-72.16409384363574,42.50447224037963,733007.2672856918,4709687.433611651,10319360.0,4160000.0,18TYN,1,projects/neon-prod-earthengine/assets/HSI_REFL/002/2024_HARV_8,2024-08-14
NA5120_E2015N0813,EPSG:32618,-72.14468515234222,42.547437513389426,734441.210608064,4714512.3366984045,10319360.0,4165120.0,18TYN,1,projects/neon-prod-earthengine/assets/HSI_REFL/002/2024_HARV_8,2024-08-14
NA5120_E2015N0814,EPSG:32618,-72.12523985540881,42.59039669124459,735875.8588138069,4719337.071948463,10319360.0,4170240.0,18TYN,1,projects/neon-prod-earthengine/assets/HSI_REFL/002/2024_HARV_8,2024-08-14
NA5120_E2016N0810,EPSG:32618,-72.14416080254163,42.40344611382162,735022.9205047544,4698523.48282171,10324480.0,4149760.0,18TYN,1,projects/neon-prod-earthengine/assets/HSI_REFL/002/2024_HARV_8,2024-08-14
NA5120_E2016N0811,EPSG:32618,-72.12478961306003,42.44640959802109,736455.5496415723,4703348.385583875,10324480.0,4154880.0,18TYN,1,projects/neon-prod-earthengine/assets/HSI_REFL/002/2024_HARV_8,2024-08-14
NA5120_E2016N0812,EPSG:32618,-72.10538195716808,42.489366995275816,737888.8846081116,4708173.120706622,10324480.0,4160000.0,18TYN,1,projects/neon-prod-earthengine/assets/HSI_REFL/002/2024_HARV_8,2024-08-14
NA5120_E1162N1390,EPSG:32606,-149.29884528579254,63.84089163542019,386938.10313377663,7081320.694579154,5952000.0,7119360.0,05VPL,1,projects/neon-prod-earthengine/assets/HSI_REFL/002/2024_HEAL_6,2024-07-19
NA5120_E1163N1389,EPSG:32606,-149.1517058577438,63.84078990188783,394172.1868049224,7081057.040619653,5957120.0,7114240.0,05VPL,1,projects/neon-prod-earthengine/assets/HSI_REFL/002/2024_HEAL_6,2024-07-19
NA5120_E1163N1390,EPSG:32606,-149.2250908889932,63.87197552606756,390685.11775810155,7084654.227494199,5957120.0,7119360.0,05VPL,1,projects/neon-prod-earthengine/assets/HSI_REFL/002/2024_HEAL_6,2024-07-19
NA5120_E1163N1391,EPSG:32606,-149.29865218107125,63.90311762628541,387197.3628169739,7088250.826622903,5957120.0,7124480.0,05VPL,1,projects/neon-prod-earthengine/assets/HSI_REFL/002/2024_HEAL_6,2024-07-19
NA5120_E1164N1390,EPSG:32606,-149.15118662590893,63.903027594880264,394431.5017316815,7087988.381597155,5962240.0,7119360.0,05VPL,1,projects/neon-prod-earthengine/assets/HSI_REFL/002/2024_HEAL_6,2024-07-19
NA5120_E1164N1391,EPSG:32606,-149.22476067050223,63.9342071763335,390943.1589911946,7091585.007940593,5962240.0,7124480.0,05VPL,1,projects/neon-prod-earthengine/assets/HSI_REFL/002/2024_HEAL_6,2024-07-19
NA5120_E2012N0810,EPSG:32618,-72.37890021904147,42.46355956135496,715497.4164385274,4704575.800137569,10304000.0,4149760.0,18TYN,1,projects/neon-prod-earthengine/assets/HSI_REFL/002/2024_HOPB_5,2024-09-04
NA5120_E2012N0811,EPSG:32618,-72.35967123596859,42.50657864568528,716929.6625630605,4709402.061049197,10304000.0,4154880.0,18TYN,1,projects/neon-prod-earthengine/assets/HSI_REFL/002/2024_HOPB_5,2024-09-04
NA5120_E2013N0810,EPSG:32618,-72.3201715203079,42.44858022681709,720378.7487929547,4703063.279150254,10309120.0,4149760.0,18TYN,1,projects/neon-prod-earthengine/assets/HSI_REFL/002/2024_HOPB_5,2024-09-04
NA5120_E1859N0518,EPSG:32616,-84.56417016863521,31.163221180903186,732174.7837402285,3450246.011093938,9520640.0,2654720.0,16RGV,1,projects/neon-prod-earthengine/assets/HSI_REFL/002/2024_JERC_8,2024-05-08
NA5120_E1859N0519,EPSG:32616,-84.55664702049577,31.208648851157026,732780.7755203196,3455298.6362213045,9520640.0,2659840.0,16RGV,1,projects/neon-prod-earthengine/assets/HSI_REFL/002/2024_JERC_8,2024-05-08
NA5120_E1859N0520,EPSG:32616,-84.54911117176145,31.25407506531401,733387.1489204849,3460351.2311058845,9520640.0,2664960.0,16RGV,1,projects/neon-prod-earthengine/assets/HSI_REFL/002/2024_JERC_8,2024-05-08
NA5120_E1859N0521,EPSG:32616,-84.54156259480355,31.299499820480666,733993.9035933707,3465403.7958233356,9520640.0,2670080.0,16RGV,1,projects/neon-prod-earthengine/assets/HSI_REFL/002/2024_JERC_8,2024-05-08
NA5120_E1859N0522,EPSG:32616,-84.53400126190802,31.34492311375641,734601.0391913549,3470456.3304495052,9520640.0,2675200.0,16RGV,1,projects/neon-prod-earthengine/assets/HSI_REFL/002/2024_JERC_8,2024-05-08
NA5120_E1860N0518,EPSG:32616,-84.51224758072561,31.155805696698273,737143.7866837252,3449533.94532818,9525760.0,2654720.0,16RGV,1,projects/neon-prod-earthengine/assets/HSI_REFL/002/2024_JERC_8,2024-05-08
NA5120_E1860N0519,EPSG:32616,-84.50469582267925,31.201227422216203,737750.243509446,3454586.3951119063,9525760.0,2659840.0,16RGV,1,projects/neon-prod-earthengine/assets/HSI_REFL/002/2024_JERC_8,2024-05-08
NA5120_E1860N0520,EPSG:32616,-84.49713131854219,31.246647682934473,738357.0810065159,3459638.8151043216,9525760.0,2664960.0,16RGV,1,projects/neon-prod-earthengine/assets/HSI_REFL/002/2024_JERC_8,2024-05-08
NA5120_E1860N0521,EPSG:32616,-84.48955404059728,31.292066475939787,738964.2988275888,3464691.205381583,9525760.0,2670080.0,16RGV,1,projects/neon-prod-earthengine/assets/HSI_REFL/002/2024_JERC_8,2024-05-08
NA5120_E1860N0522,EPSG:32616,-84.48196396104193,31.33748379831168,739571.8966250423,3469743.56602004,9525760.0,2675200.0,16RGV,1,projects/neon-prod-earthengine/assets/HSI_REFL/002/2024_JERC_8,2024-05-08
NA5120_E1861N0518,EPSG:32616,-84.46033464285645,31.14836103043222,742112.8039097404,3448820.9210052374,9530880.0,2654720.0,16RGV,1,projects/neon-prod-earthengine/assets/HSI_REFL/002/2024_JERC_8,2024-05-08
NA5120_E1861N0519,EPSG:32616,-84.4527542989953,31.19377678925561,742719.7264175967,3453873.1973528373,9530880.0,2659840.0,16RGV,1,projects/neon-prod-earthengine/assets/HSI_REFL/002/2024_JERC_8,2024-05-08
NA5120_E1861N0520,EPSG:32616,-84.44516116361943,31.239191074548014,743327.0286486651,3458925.4443611503,9530880.0,2664960.0,16RGV,1,projects/neon-prod-earthengine/assets/HSI_REFL/002/2024_JERC_8,2024-05-08
NA5120_E1861N0521,EPSG:32616,-84.43755520892354,31.28460388337626,743934.7102556005,3463977.6621068376,9530880.0,2670080.0,16RGV,1,projects/neon-prod-earthengine/assets/HSI_REFL/002/2024_JERC_8,2024-05-08
NA5120_E1861N0522,EPSG:32616,-84.42993640701664,31.33001521279992,744542.770890791,3469029.8506667456,9530880.0,2675200.0,16RGV,1,projects/neon-prod-earthengine/assets/HSI_REFL/002/2024_JERC_8,2024-05-08
NA5120_E1862N0518,EPSG:32616,-84.40843138884186,31.140887193759276,747081.8382173231,3448106.9372248375,9536000.0,2654720.0,16RGV,1,projects/neon-prod-earthengine/assets/HSI_REFL/002/2024_JERC_8,2024-05-08
NA5120_E1862N0519,EPSG:32616,-84.4008224833355,31.186296963955183,747689.2270452842,3453159.0420432617,9536000.0,2659840.0,16RGV,1,projects/neon-prod-earthengine/assets/HSI_REFL/002/2024_JERC_8,2024-05-08
NA5120_E1862N0520,EPSG:32616,-84.39320074096231,31.23170525186033,748296.9946489134,3458211.1179749803,9536000.0,2664960.0,16RGV,1,projects/neon-prod-earthengine/assets/HSI_REFL/002/2024_JERC_8,2024-05-08
NA5120_E1862N0521,EPSG:32616,-84.38556613382916,31.277112054521602,748905.1406808643,3463263.165097153,9536000.0,2670080.0,16RGV,1,projects/neon-prod-earthengine/assets/HSI_REFL/002/2024_JERC_8,2024-05-08
NA5120_E1862N0522,EPSG:32616,-84.377918633957,31.32251736897855,749513.664793526,3468315.183487121,9536000.0,2675200.0,16RGV,1,projects/neon-prod-earthengine/assets/HSI_REFL/002/2024_JERC_8,2024-05-08
NA5120_E1863N0518,EPSG:32616,-84.35653785243481,31.133384198373633,752050.892405101,3447391.993083942,9541120.0,2654720.0,16RGV,1,projects/neon-prod-earthengine/assets/HSI_REFL/002/2024_JERC_8,2024-05-08
NA5120_E1863N0519,EPSG:32616,-84.3489004095299,31.17878795803489,752658.7481926186,3452443.928279595,9541120.0,2659840.0,16RGV,1,projects/neon-prod-earthengine/assets/HSI_REFL/002/2024_JERC_8,2024-05-08
NA5120_E1628N0669,EPSG:32614,-96.66165528695258,39.042914080548684,702370.7239359103,4324140.843799426,8337920.0,3427840.0,14SPJ,1,projects/neon-prod-earthengine/assets/HSI_REFL/002/2024_KONZ_9,2024-06-05
NA5120_E1628N0670,EPSG:32614,-96.66105880041364,39.08902990149324,702290.5971667852,4329260.63820577,8337920.0,3432960.0,14SPJ,1,projects/neon-prod-earthengine/assets/HSI_REFL/002/2024_KONZ_9,2024-06-05
NA5120_E1628N0671,EPSG:32614,-96.66046117444371,39.135145350710964,702210.3711502634,4334380.428980325,8337920.0,3438080.0,14SPJ,1,projects/neon-prod-earthengine/assets/HSI_REFL/002/2024_KONZ_9,2024-06-05
NA5120_E1628N0672,EPSG:32614,-96.65986240603088,39.181260428066885,702130.0459405812,4339500.216120351,8337920.0,3443200.0,14SPJ,1,projects/neon-prod-earthengine/assets/HSI_REFL/002/2024_KONZ_9,2024-06-05
NA5120_E1628N0673,EPSG:32614,-96.65926249215217,39.2273751334269,702049.6215920495,4344619.999623112,8337920.0,3448320.0,14SPJ,1,projects/neon-prod-earthengine/assets/HSI_REFL/002/2024_KONZ_9,2024-06-05
NA5120_E1629N0669,EPSG:32614,-96.60301999205053,39.04239624704775,707447.4075884497,4324215.549624985,8343040.0,3427840.0,14SQJ,1,projects/neon-prod-earthengine/assets/HSI_REFL/002/2024_KONZ_9,2024-06-05
NA5120_E1629N0670,EPSG:32614,-96.60238179643045,39.08851158715089,707367.584365901,4329335.463781447,8343040.0,3432960.0,14SQJ,1,projects/neon-prod-earthengine/assets/HSI_REFL/002/2024_KONZ_9,2024-06-05
NA5120_E1629N0671,EPSG:32614,-96.60174238172824,39.13462655467564,707287.6608057002,4334455.374249515,8343040.0,3438080.0,14SQJ,1,projects/neon-prod-earthengine/assets/HSI_REFL/002/2024_KONZ_9,2024-06-05
NA5120_E1629N0672,EPSG:32614,-96.60110174472149,39.180741149484675,707207.6369620041,4339575.281026309,8343040.0,3443200.0,14SPJ,1,projects/neon-prod-earthengine/assets/HSI_REFL/002/2024_KONZ_9,2024-06-05
NA5120_E1629N0673,EPSG:32614,-96.600459882176,39.226855371441616,707127.5128890233,4344695.1841089595,8343040.0,3448320.0,14SPJ,1,projects/neon-prod-earthengine/assets/HSI_REFL/002/2024_KONZ_9,2024-06-05
NA5120_E1630N0669,EPSG:32614,-96.54438566366072,39.04184342239197,712524.2319710199,4324289.646962165,8348160.0,3427840.0,14SQJ,1,projects/neon-prod-earthengine/assets/HSI_REFL/002/2024_KONZ_9,2024-06-05
NA5120_E1630N0670,EPSG:32614,-96.54370576172083,39.08795824917263,712444.7122405297,4329409.683011861,8348160.0,3432960.0,14SQJ,1,projects/neon-prod-earthengine/assets/HSI_REFL/002/2024_KONZ_9,2024-06-05
NA5120_E1630N0671,EPSG:32614,-96.54302456105758,39.13407270246588,712365.0910819,4334529.715316997,8348160.0,3438080.0,14SQJ,1,projects/neon-prod-earthengine/assets/HSI_REFL/002/2024_KONZ_9,2024-06-05
NA5120_E1630N0672,EPSG:32614,-96.54234205823816,39.18018678213188,712285.3685491917,4339649.7438745415,8348160.0,3443200.0,14SQJ,1,projects/neon-prod-earthengine/assets/HSI_REFL/002/2024_KONZ_9,2024-06-05
NA5120_E1630N0673,EPSG:32614,-96.54165824981725,39.22630048803172,712205.5446965288,4344769.768681481,8348160.0,3448320.0,14SQJ,1,projects/neon-prod-earthengine/assets/HSI_REFL/002/2024_KONZ_9,2024-06-05
NA5120_E1631N0669,EPSG:32614,-96.48575236492141,39.04125560775592,717601.2002449301,4324363.135858655,8353280.0,3427840.0,14SQJ,1,projects/neon-prod-earthengine/assets/HSI_REFL/002/2024_KONZ_9,2024-06-05
NA5120_E1631N0670,EPSG:32614,-96.48503075960333,39.08736988873625,717521.9839529885,4329483.295945064,8353280.0,3432960.0,14SQJ,1,projects/neon-prod-earthengine/assets/HSI_REFL/002/2024_KONZ_9,2024-06-05
NA5120_E1631N0671,EPSG:32614,-96.48430777593131,39.133483795262606,717442.6651421678,4334603.452231164,8353280.0,3438080.0,14SQJ,1,projects/neon-prod-earthengine/assets/HSI_REFL/002/2024_KONZ_9,2024-06-05
NA5120_E1631N0672,EPSG:32614,-96.48358341026214,39.17959732719254,717363.2438664483,4339723.604713786,8353280.0,3443200.0,14SQJ,1,projects/neon-prod-earthengine/assets/HSI_REFL/002/2024_KONZ_9,2024-06-05
NA5120_E1631N0673,EPSG:32614,-96.48285765893935,39.225710484384486,717283.7201798604,4344843.75338977,8353280.0,3448320.0,14SQJ,1,projects/neon-prod-earthengine/assets/HSI_REFL/002/2024_KONZ_9,2024-06-05
NA5120_E1788N0522,EPSG:32616,-88.25137185779845,31.79761667709394,381538.1278064524,3518685.097390828,9157120.0,2675200.0,16SCA,1,projects/neon-prod-earthengine/assets/HSI_REFL/002/2024_LENO_8,2024-05-26
NA5120_E1788N0523,EPSG:32616,-88.24589920346702,31.843405120061735,382114.44022147293,3523754.8437450263,9157120.0,2680320.0,16SCA,1,projects/neon-prod-earthengine/assets/HSI_REFL/002/2024_LENO_8,2024-05-26
NA5120_E1788N0524,EPSG:32616,-88.2404171655832,31.88919264075632,382691.2018862171,3528824.529260041,9157120.0,2685440.0,16SCA,1,projects/neon-prod-earthengine/assets/HSI_REFL/002/2024_LENO_8,2024-05-26
NA5120_E1789N0522,EPSG:32616,-88.19873340254716,31.792282992023146,386514.99358168204,3518037.707323871,9162240.0,2675200.0,16SCA,1,projects/neon-prod-earthengine/assets/HSI_REFL/002/2024_LENO_8,2024-05-26
NA5120_E1789N0523,EPSG:32616,-88.19323043822321,31.83806708382609,387091.7254630111,3523107.1428579376,9162240.0,2680320.0,16SCA,1,projects/neon-prod-earthengine/assets/HSI_REFL/002/2024_LENO_8,2024-05-26
NA5120_E1789N0524,EPSG:32616,-88.18771803989509,31.88385024680144,387668.905596868,3528176.51797157,9162240.0,2685440.0,16SCA,1,projects/neon-prod-earthengine/assets/HSI_REFL/002/2024_LENO_8,2024-05-26
NA5120_E1790N0522,EPSG:32616,-88.1461021242527,31.78691930993796,391491.67553560965,3517389.423661943,9167360.0,2675200.0,16SCA,1,projects/neon-prod-earthengine/assets/HSI_REFL/002/2024_LENO_8,2024-05-26
NA5120_E1790N0523,EPSG:32616,-88.1405688682146,31.832699026872387,392068.82742480305,3522458.5503366385,9167360.0,2680320.0,16SCA,1,projects/neon-prod-earthengine/assets/HSI_REFL/002/2024_LENO_8,2024-05-26
NA5120_E1790N0524,EPSG:32616,-88.13502612777678,31.878477808391118,392646.4265701134,3527527.6170100886,9167360.0,2685440.0,16SCA,1,projects/neon-prod-earthengine/assets/HSI_REFL/002/2024_LENO_8,2024-05-26
NA5120_E1631N0667,EPSG:32614,-96.48719145500232,38.94902592300753,717759.3250565998,4314122.804297642,8353280.0,3417600.0,14SQJ,1,projects/neon-prod-earthengine/assets/HSI_REFL/002/2024_MCDI_4,2024-06-12
NA5120_E1631N0668,EPSG:32614,-96.4864725955155,38.99514095246495,717680.3139640852,4319242.971975118,8353280.0,3422720.0,14SQJ,1,projects/neon-prod-earthengine/assets/HSI_REFL/002/2024_MCDI_4,2024-06-12
NA5120_E1632N0667,EPSG:32614,-96.42864241153485,38.94840427312909,722835.8303389972,4314195.432272879,8358400.0,3417600.0,14SQJ,1,projects/neon-prod-earthengine/assets/HSI_REFL/002/2024_MCDI_4,2024-06-12
NA5120_E1632N0668,EPSG:32614,-96.42788201040257,38.994518726351224,722757.1248142016,4319315.726241085,8358400.0,3422720.0,14SQJ,1,projects/neon-prod-earthengine/assets/HSI_REFL/002/2024_MCDI_4,2024-06-12
NA5120_E1584N0588,EPSG:32614,-99.14859238303961,35.295282817705726,486489.5845933607,3905799.727854054,8112640.0,3013120.0,14SME,1,projects/neon-prod-earthengine/assets/HSI_REFL/002/2024_OAES_8,2024-05-21
NA5120_E1584N0589,EPSG:32614,-99.14965834509333,35.34141862450361,486400.39076451847,3910916.434408161,8112640.0,3018240.0,14SME,1,projects/neon-prod-earthengine/assets/HSI_REFL/002/2024_OAES_8,2024-05-21
NA5120_E1584N0590,EPSG:32614,-99.15072623350052,35.38755405773771,486311.14088590926,3916033.140110683,8112640.0,3023360.0,14SME,1,projects/neon-prod-earthengine/assets/HSI_REFL/002/2024_OAES_8,2024-05-21
NA5120_E1584N0591,EPSG:32614,-99.15179605295856,35.43368911716061,486221.8350125241,3921149.844963151,8112640.0,3028480.0,14SME,1,projects/neon-prod-earthengine/assets/HSI_REFL/002/2024_OAES_8,2024-05-21
NA5120_E1585N0588,EPSG:32614,-99.09310495641027,35.29623298904202,491534.7501461447,3905898.9551128834,8117760.0,3013120.0,14SME,1,projects/neon-prod-earthengine/assets/HSI_REFL/002/2024_OAES_8,2024-05-21
NA5120_E1585N0589,EPSG:32614,-99.09413506984633,35.342369622175006,491445.95064299594,3911015.693259932,8117760.0,3018240.0,14SME,1,projects/neon-prod-earthengine/assets/HSI_REFL/002/2024_OAES_8,2024-05-21
NA5120_E1585N0590,EPSG:32614,-99.09516704491071,35.38850588309924,491357.0940160986,3916132.4304857138,8117760.0,3023360.0,14SME,1,projects/neon-prod-earthengine/assets/HSI_REFL/002/2024_OAES_8,2024-05-21
NA5120_E1585N0591,EPSG:32614,-99.09620088614314,35.43464177157071,491268.18032031157,3921249.1667916733,8117760.0,3028480.0,14SME,1,projects/neon-prod-earthengine/assets/HSI_REFL/002/2024_OAES_8,2024-05-21
NA5120_E1586N0588,EPSG:32614,-99.03761608189483,35.29715064050322,496579.925383827,3905997.3987511843,8122880.0,3013120.0,14SME,1,projects/neon-prod-earthengine/assets/HSI_REFL/002/2024_OAES_8,2024-05-21
NA5120_E1586N0589,EPSG:32614,-99.03861034280473,35.34328807171604,496491.5201146442,3911114.1705841483,8122880.0,3018240.0,14SME,1,projects/neon-prod-earthengine/assets/HSI_REFL/002/2024_OAES_8,2024-05-21
NA5120_E1586N0590,EPSG:32614,-99.03960640060473,35.38942513202884,496403.05664763093,3916230.941426726,8122880.0,3023360.0,14SME,1,projects/neon-prod-earthengine/assets/HSI_REFL/002/2024_OAES_8,2024-05-21
NA5120_E1586N0591,EPSG:32614,-99.04060425967685,35.43556182120101,496314.5350375184,3921347.711280292,8122880.0,3028480.0,14SME,1,projects/neon-prod-earthengine/assets/HSI_REFL/002/2024_OAES_8,2024-05-21
NA5120_E1607N0545,EPSG:32614,-97.86215174853326,33.32422541934689,605905.3526669154,3687809.3098898223,8230400.0,2792960.0,14SNB,1,projects/neon-prod-earthengine/assets/HSI_REFL/002/2024_PRIN_7,2024-05-19
NA5120_E1607N0546,EPSG:32614,-97.86237468738653,33.37038810452518,605828.7294502498,3692927.37146402,8230400.0,2798080.0,14SNB,1,projects/neon-prod-earthengine/assets/HSI_REFL/002/2024_PRIN_7,2024-05-19
NA5120_E1607N0547,EPSG:32614,-97.86259801897853,33.41655044493872,605752.0232672499,3698045.4307624376,8230400.0,2803200.0,14SNC,1,projects/neon-prod-earthengine/assets/HSI_REFL/002/2024_PRIN_7,2024-05-19
NA5120_E1608N0545,EPSG:32614,-97.80812840585403,33.3244200190851,610933.6179357314,3687887.058349237,8235520.0,2792960.0,14SPB,1,projects/neon-prod-earthengine/assets/HSI_REFL/002/2024_PRIN_7,2024-05-19
NA5120_E1608N0546,EPSG:32614,-97.80831808927049,33.3705828681934,610857.4334480397,3693005.2020159997,8235520.0,2798080.0,14SPB,1,projects/neon-prod-earthengine/assets/HSI_REFL/002/2024_PRIN_7,2024-05-19
NA5120_E1608N0547,EPSG:32614,-97.8085081068435,33.416745372795674,610781.1649229173,3698123.34335536,8235520.0,2803200.0,14SPC,1,projects/neon-prod-earthengine/assets/HSI_REFL/002/2024_PRIN_7,2024-05-19
NA5120_E1227N0682,EPSG:32611,-119.79609879841762,37.065421923051495,251400.21015018882,4105787.665914649,6284800.0,3494400.0,10SGG,1,projects/neon-prod-earthengine/assets/HSI_REFL/002/2024_SJER_7,2024-04-02
NA5120_E1228N0681,EPSG:32611,-119.72647567636365,37.034595916346916,257493.52190327135,4102186.950815264,6289920.0,3489280.0,10SGG,1,projects/neon-prod-earthengine/assets/HSI_REFL/002/2024_SJER_7,2024-04-02
NA5120_E1228N0682,EPSG:32611,-119.741311983188,37.07841723162655,256313.93843769428,4107087.735670382,6289920.0,3494400.0,10SGG,1,projects/neon-prod-earthengine/assets/HSI_REFL/002/2024_SJER_7,2024-04-02
NA5120_E1228N0683,EPSG:32611,-119.75617436964487,37.122234376699744,255133.685255449,4111988.3925380283,6289920.0,3499520.0,10SGG,1,projects/neon-prod-earthengine/assets/HSI_REFL/002/2024_SJER_7,2024-04-02
NA5120_E1229N0681,EPSG:32611,-119.67169918454964,37.04754982882335,262407.01299459615,4103486.0453842487,6295040.0,3489280.0,10SGG,1,projects/neon-prod-earthengine/assets/HSI_REFL/002/2024_SJER_7,2024-04-02
NA5120_E1229N0682,EPSG:32611,-119.68650466624634,37.091382183964,261227.67759886372,4108387.168000032,6295040.0,3494400.0,10SGG,1,projects/neon-prod-earthengine/assets/HSI_REFL/002/2024_SJER_7,2024-04-02
NA5120_E1229N0683,EPSG:32611,-119.70133618511441,37.13521038575766,260047.67179093286,4113288.161779324,6295040.0,3499520.0,10SGG,1,projects/neon-prod-earthengine/assets/HSI_REFL/002/2024_SJER_7,2024-04-02
NA5120_E1235N0678,EPSG:32611,-119.29890833804365,36.99291626233064,295417.91993752646,4096556.9196296535,6325760.0,3473920.0,11SKA,1,projects/neon-prod-earthengine/assets/HSI_REFL/002/2024_SOAP_8,2024-06-10
NA5120_E1235N0679,EPSG:32611,-119.31345079845264,37.0368265224638,294242.0763906385,4101460.507276549,6325760.0,3479040.0,11SKB,1,projects/neon-prod-earthengine/assets/HSI_REFL/002/2024_SOAP_8,2024-06-10
NA5120_E1235N0680,EPSG:32611,-119.32801885902032,37.080732758014534,293065.5563261145,4106363.960197665,6325760.0,3484160.0,11SKB,1,projects/neon-prod-earthengine/assets/HSI_REFL/002/2024_SOAP_8,2024-06-10
NA5120_E1236N0678,EPSG:32611,-119.2440829000528,37.00562459592333,300330.8451279858,4097850.5304439072,6330880.0,3473920.0,11SKB,1,projects/neon-prod-earthengine/assets/HSI_REFL/002/2024_SOAP_8,2024-06-10
NA5120_E1236N0679,EPSG:32611,-119.25859430233899,37.04954570017534,299155.24369540846,4102754.4700977015,6330880.0,3479040.0,11SKB,1,projects/neon-prod-earthengine/assets/HSI_REFL/002/2024_SOAP_8,2024-06-10
NA5120_E1236N0680,EPSG:32611,-119.27313126138687,37.09346279646379,297978.9650420021,4107658.2741783834,6330880.0,3484160.0,11SKB,1,projects/neon-prod-earthengine/assets/HSI_REFL/002/2024_SOAP_8,2024-06-10
NA5120_E1237N0677,EPSG:32611,-119.17478258548331,36.97436656278276,306418.48887938564,4094239.0794938537,6336000.0,3468800.0,11SKA,1,projects/neon-prod-earthengine/assets/HSI_REFL/002/2024_SOAP_8,2024-06-10
NA5120_E1237N0678,EPSG:32611,-119.18923742435895,37.018302472342036,305243.8069778315,4099143.5095124585,6336000.0,3473920.0,11SKB,1,projects/neon-prod-earthengine/assets/HSI_REFL/002/2024_SOAP_8,2024-06-10
NA5120_E1237N0679,EPSG:32611,-119.20371771729198,37.0622343997353,304068.4465129827,4104047.802848522,6336000.0,3479040.0,11SKB,1,projects/neon-prod-earthengine/assets/HSI_REFL/002/2024_SOAP_8,2024-06-10
NA5120_E1237N0680,EPSG:32611,-119.2182235234326,37.106162335764985,302892.4081232314,4108951.959764077,6336000.0,3484160.0,11SKB,1,projects/neon-prod-earthengine/assets/HSI_REFL/002/2024_SOAP_8,2024-06-10
NA5120_E1360N0532,EPSG:32612,-110.98192716730446,31.73510840195861,501711.96518590656,3511075.2131336257,6965760.0,2726400.0,12SVA,1,projects/neon-prod-earthengine/assets/HSI_REFL/002/2024_SRER_6,2024-09-02
NA5120_E1361N0532,EPSG:32612,-110.92967472019126,31.74282607563307,506661.07319567853,3511932.632537056,6970880.0,2726400.0,12SVA,1,projects/neon-prod-earthengine/assets/HSI_REFL/002/2024_SRER_6,2024-09-02
NA5120_E1361N0533,EPSG:32612,-110.93759431725105,31.788187615835874,505908.06136762694,3516959.975530469,6970880.0,2731520.0,12SVA,1,projects/neon-prod-earthengine/assets/HSI_REFL/002/2024_SRER_6,2024-09-02
NA5120_E1361N0534,EPSG:32612,-110.94552735409772,31.833547591521924,505154.50640777504,3521987.2342470107,6970880.0,2736640.0,12SVA,1,projects/neon-prod-earthengine/assets/HSI_REFL/002/2024_SRER_6,2024-09-02
NA5120_E1361N0535,EPSG:32612,-110.9534738602556,31.87890599954066,504400.4087589402,3527014.4087705817,6970880.0,2741760.0,12SVA,1,projects/neon-prod-earthengine/assets/HSI_REFL/002/2024_SRER_6,2024-09-02
NA5120_E1361N0536,EPSG:32612,-110.96143386534057,31.924262836733515,503645.76886425953,3532041.499185429,6970880.0,2746880.0,12SVA,1,projects/neon-prod-earthengine/assets/HSI_REFL/002/2024_SRER_6,2024-09-02
NA5120_E1362N0532,EPSG:32612,-110.87741205652863,31.75051433493746,511610.3340084088,3512789.1693388447,6976000.0,2726400.0,12SWA,1,projects/neon-prod-earthengine/assets/HSI_REFL/002/2024_SRER_6,2024-09-02
NA5120_E1362N0533,EPSG:32612,-110.88530256095152,31.795882086357963,510857.7214534506,3517816.85284724,6976000.0,2731520.0,12SWA,1,projects/neon-prod-earthengine/assets/HSI_REFL/002/2024_SRER_6,2024-09-02
NA5120_E1362N0534,EPSG:32612,-110.89320645889448,31.84124828243387,510104.56483958464,3522844.4515345558,6976000.0,2736640.0,12SWA,1,projects/neon-prod-earthengine/assets/HSI_REFL/002/2024_SRER_6,2024-09-02
NA5120_E1362N0535,EPSG:32612,-110.90112377979189,31.886612920035653,509350.864609819,3527871.965484011,6976000.0,2741760.0,12SWA,1,projects/neon-prod-earthengine/assets/HSI_REFL/002/2024_SRER_6,2024-09-02
NA5120_E1362N0536,EPSG:32612,-110.9090545531695,31.931975996025816,508596.62120749324,3532899.3947791783,6976000.0,2746880.0,12SWA,1,projects/neon-prod-earthengine/assets/HSI_REFL/002/2024_SRER_6,2024-09-02
NA5120_E1363N0531,EPSG:32612,-110.81729114257173,31.71279768410844,517311.4189657469,3508616.7131716507,6981120.0,2721280.0,12SWA,1,projects/neon-prod-earthengine/assets/HSI_REFL/002/2024_SRER_6,2024-09-02
NA5120_E1363N0532,EPSG:32612,-110.82513921088189,31.7581731676299,516559.7503898245,3513644.8245201884,6981120.0,2726400.0,12SWA,1,projects/neon-prod-earthengine/assets/HSI_REFL/002/2024_SRER_6,2024-09-02
NA5120_E1363N0533,EPSG:32612,-110.8330005971151,31.803547108050758,515807.5363841208,3518672.8504215693,6981120.0,2731520.0,12SWA,1,projects/neon-prod-earthengine/assets/HSI_REFL/002/2024_SRER_6,2024-09-02
NA5120_E1363N0534,EPSG:32612,-110.8408753305248,31.84891950227035,515054.7773915216,3523700.790957985,6981120.0,2736640.0,12SWA,1,projects/neon-prod-earthengine/assets/HSI_REFL/002/2024_SRER_6,2024-09-02
NA5120_E1363N0535,EPSG:32612,-110.84876344045517,31.89429034718008,514301.4738552236,3528728.646211973,6981120.0,2741760.0,12SWA,1,projects/neon-prod-earthengine/assets/HSI_REFL/002/2024_SRER_6,2024-09-02
NA5120_E1363N0536,EPSG:32612,-110.85666495634149,31.939659639663486,513547.6262187519,3533756.416266426,6981120.0,2746880.0,12SWA,1,projects/neon-prod-earthengine/assets/HSI_REFL/002/2024_SRER_6,2024-09-02
NA5120_E1364N0531,EPSG:32612,-110.76503724690475,31.72042092032527,522260.59492684423,3509471.1428964864,6986240.0,2721280.0,12SWA,1,projects/neon-prod-earthengine/assets/HSI_REFL/002/2024_SRER_6,2024-09-02
NA5120_E1364N0532,EPSG:32612,-110.77285621788145,31.765802561509144,521509.3251066077,3514499.599059884,6986240.0,2726400.0,12SWA,1,projects/neon-prod-earthengine/assets/HSI_REFL/002/2024_SRER_6,2024-09-02
NA5120_E1364N0533,EPSG:32612,-110.78068846045136,31.811182668685944,520757.5089275147,3519527.9692332386,6986240.0,2731520.0,12SWA,1,projects/neon-prod-earthengine/assets/HSI_REFL/002/2024_SRER_6,2024-09-02
NA5120_E1364N0534,EPSG:32612,-110.78853400377761,31.85656123877582,520005.14683264075,3524556.253498054,6986240.0,2736640.0,12SWA,1,projects/neon-prod-earthengine/assets/HSI_REFL/002/2024_SRER_6,2024-09-02
NA5120_E1364N0535,EPSG:32612,-110.7963928771139,31.90193826869109,519252.2392653765,3529584.451936191,6986240.0,2741760.0,12SWA,1,projects/neon-prod-earthengine/assets/HSI_REFL/002/2024_SRER_6,2024-09-02
NA5120_E1365N0533,EPSG:32612,-110.72836618573514,31.818788756075985,525707.641852458,3520382.210259628,6991360.0,2731520.0,12SWA,1,projects/neon-prod-earthengine/assets/HSI_REFL/002/2024_SRER_6,2024-09-02
NA5120_E1365N0534,EPSG:32612,-110.73618251350733,31.86417347973561,524955.6759329466,3525410.840133125,6991360.0,2736640.0,12SWA,1,projects/neon-prod-earthengine/assets/HSI_REFL/002/2024_SRER_6,2024-09-02
NA5120_E1365N0535,EPSG:32612,-110.74401212470225,31.909556672326804,524203.1636114653,3530439.3836360094,6991360.0,2741760.0,12SWA,1,projects/neon-prod-earthengine/assets/HSI_REFL/002/2024_SRER_6,2024-09-02
NA5120_E1734N0816,EPSG:32616,-89.61797220392536,45.53004958630894,295576.25885497086,5045168.89302008,8880640.0,4180480.0,15TYL,1,projects/neon-prod-earthengine/assets/HSI_REFL/002/2024_STEI_6,2024-06-30
NA5120_E1735N0814,EPSG:32616,-89.566324839448,45.43368595810848,299266.95000591164,5034333.087164095,8885760.0,4170240.0,15TYL,1,projects/neon-prod-earthengine/assets/HSI_REFL/002/2024_STEI_6,2024-06-30
NA5120_E1735N0815,EPSG:32616,-89.55963174963226,45.479439272171625,299952.41514574323,5039399.338171457,8885760.0,4175360.0,15TYL,1,projects/neon-prod-earthengine/assets/HSI_REFL/002/2024_STEI_6,2024-06-30
NA5120_E1735N0816,EPSG:32616,-89.55292443238756,45.52519157873998,300638.2676748262,5044465.519175808,8885760.0,4180480.0,15TYL,1,projects/neon-prod-earthengine/assets/HSI_REFL/002/2024_STEI_6,2024-06-30
NA5120_E1735N0817,EPSG:32616,-89.5462028447309,45.57094287586758,301324.5071601209,5049531.630256936,8885760.0,4185600.0,15TYL,1,projects/neon-prod-earthengine/assets/HSI_REFL/002/2024_STEI_6,2024-06-30
NA5120_E1736N0814,EPSG:32616,-89.50139612071743,45.42879852051645,304328.6066893748,5033630.005666444,8890880.0,4170240.0,15TYL,1,projects/neon-prod-earthengine/assets/HSI_REFL/002/2024_STEI_6,2024-06-30
NA5120_E1736N0815,EPSG:32616,-89.49464937950329,45.47454672063799,305014.1666661855,5038695.982069296,8890880.0,4175360.0,15TYL,1,projects/neon-prod-earthengine/assets/HSI_REFL/002/2024_STEI_6,2024-06-30
NA5120_E1736N0816,EPSG:32616,-89.48788829983937,45.520293902975375,305700.11304068123,5043761.889030722,8890880.0,4180480.0,15TYL,1,projects/neon-prod-earthengine/assets/HSI_REFL/002/2024_STEI_6,2024-06-30
NA5120_E1736N0817,EPSG:32616,-89.48111283842049,45.56604006555119,306386.44538004,5048827.726630947,8890880.0,4185600.0,15TYL,1,projects/neon-prod-earthengine/assets/HSI_REFL/002/2024_STEI_6,2024-06-30
NA5120_E1737N0815,EPSG:32616,-89.42967870187299,45.46961455465716,310075.7571500087,5037992.366745309,8896000.0,4175360.0,15TYL,1,projects/neon-prod-earthengine/assets/HSI_REFL/002/2024_STEI_6,2024-06-30
NA5120_E1737N0816,EPSG:32616,-89.42286389689582,45.51535657239279,310761.7980749082,5043058.00172237,8896000.0,4180480.0,15TYL,1,projects/neon-prod-earthengine/assets/HSI_REFL/002/2024_STEI_6,2024-06-30
NA5120_E1737N0817,EPSG:32616,-89.41603459897179,45.56109755996833,311448.22397389926,5048123.567900209,8896000.0,4185600.0,15TYL,1,projects/neon-prod-earthengine/assets/HSI_REFL/002/2024_STEI_6,2024-06-30
NA5120_E1238N0676,EPSG:32611,-119.10554985113262,36.943052522079284,312505.01097758184,4090626.1481339396,6341120.0,3463680.0,11SLA,1,projects/neon-prod-earthengine/assets/HSI_REFL/002/2024_TEAK_7,2024-06-12
NA5120_E1239N0676,EPSG:32611,-119.05072669010471,36.9556479033717,317417.5746222677,4091917.1517075524,6346240.0,3463680.0,11SLA,1,projects/neon-prod-earthengine/assets/HSI_REFL/002/2024_TEAK_7,2024-06-12
NA5120_E1239N0677,EPSG:32611,-119.06509393650258,36.99960930300831,316244.0532451997,4096822.434450097,6346240.0,3468800.0,11SLA,1,projects/neon-prod-earthengine/assets/HSI_REFL/002/2024_TEAK_7,2024-06-12
NA5120_E1239N0678,EPSG:32611,-119.07948649065176,37.0435667626419,315069.8512538747,4101727.5785564776,6346240.0,3473920.0,11SLB,1,projects/neon-prod-earthengine/assets/HSI_REFL/002/2024_TEAK_7,2024-06-12
NA5120_E1239N0679,EPSG:32611,-119.09390441139914,37.08752027317747,313894.96928741207,4106632.5842866995,6346240.0,3479040.0,11SLB,1,projects/neon-prod-earthengine/assets/HSI_REFL/002/2024_TEAK_7,2024-06-12
NA5120_E1240N0676,EPSG:32611,-118.99588369143761,36.96821280151227,322330.1851629608,4093207.5247833775,6351360.0,3463680.0,11SLA,1,projects/neon-prod-earthengine/assets/HSI_REFL/002/2024_TEAK_7,2024-06-12
NA5120_E1240N0677,EPSG:32611,-119.01021976297771,37.012184928073474,321156.9027329051,4098113.167932718,6351360.0,3468800.0,11SLB,1,projects/neon-prod-earthengine/assets/HSI_REFL/002/2024_TEAK_7,2024-06-12
NA5120_E1240N0678,EPSG:32611,-119.02458109836574,37.05615313109949,319982.9389808165,4103018.671599674,6351360.0,3473920.0,11SLB,1,projects/neon-prod-earthengine/assets/HSI_REFL/002/2024_TEAK_7,2024-06-12
NA5120_E1240N0679,EPSG:32611,-119.03896775638795,37.10011740153249,318808.2945463203,4107924.0360435527,6351360.0,3479040.0,11SLB,1,projects/neon-prod-earthengine/assets/HSI_REFL/002/2024_TEAK_7,2024-06-12
NA5120_E1241N0678,EPSG:32611,-118.96965579983137,37.06870895153634,324896.07396864274,4104309.1390326438,6356480.0,3473920.0,11SLB,1,projects/neon-prod-earthengine/assets/HSI_REFL/002/2024_TEAK_7,2024-06-12
NA5120_E1652N0668,EPSG:32615,-95.25639597937104,38.97473595171032,304534.58934482257,4316394.55715643,8460800.0,3422720.0,15STD,1,projects/neon-prod-earthengine/assets/HSI_REFL/002/2024_UKFS_8,2024-06-06
NA5120_E1652N0669,EPSG:32615,-95.25480264040137,39.02083168393761,304799.39729545906,4321507.260666876,8460800.0,3427840.0,15STD,1,projects/neon-prod-earthengine/assets/HSI_REFL/002/2024_UKFS_8,2024-06-06
NA5120_E1652N0670,EPSG:32615,-95.2532062624469,39.06692700839839,305064.4143068413,4326619.946756313,8460800.0,3432960.0,15STD,1,projects/neon-prod-earthengine/assets/HSI_REFL/002/2024_UKFS_8,2024-06-06
NA5120_E1653N0668,EPSG:32615,-95.19784279716501,38.973380061773476,309603.7903392392,4316119.982655878,8465920.0,3422720.0,15SUD,1,projects/neon-prod-earthengine/assets/HSI_REFL/002/2024_UKFS_8,2024-06-06
NA5120_E1653N0669,EPSG:32615,-95.19620794406836,39.019474537104976,309868.89090271934,4321232.505179466,8465920.0,3427840.0,15SUD,1,projects/neon-prod-earthengine/assets/HSI_REFL/002/2024_UKFS_8,2024-06-06
NA5120_E1653N0670,EPSG:32615,-95.19456997296116,39.0655686024493,310134.1994481756,4326345.010487788,8465920.0,3432960.0,15SUD,1,projects/neon-prod-earthengine/assets/HSI_REFL/002/2024_UKFS_8,2024-06-06
NA5120_E1654N0668,EPSG:32615,-95.13929208617112,38.97198926163632,314672.8382152162,4315844.807652365,8471040.0,3422720.0,15SUD,1,projects/neon-prod-earthengine/assets/HSI_REFL/002/2024_UKFS_8,2024-06-06
NA5120_E1654N0669,EPSG:32615,-95.13761572599473,39.018082447778106,314938.23164051306,4320957.151315963,8471040.0,3427840.0,15SUD,1,projects/neon-prod-earthengine/assets/HSI_REFL/002/2024_UKFS_8,2024-06-06
NA5120_E1654N0670,EPSG:32615,-95.1359361688073,39.06417522165513,315203.8319694189,4326069.477970413,8471040.0,3432960.0,15SUD,1,projects/neon-prod-earthengine/assets/HSI_REFL/002/2024_UKFS_8,2024-06-06
NA5120_E1472N0695,EPSG:32613,-105.93528775283835,39.88672686756001,420031.71932842163,4415603.707744035,7539200.0,3560960.0,13TDE,1,projects/neon-prod-earthengine/assets/HSI_REFL/002/2024_WLOU_5,2024-08-01
