tile_id,utm,lon,lat,utm_x,utm_y,e7g_x,e7g_y,mgrs_tiles,ntiles,neon_id,neon_date,val_null
NA5120_E1908N0665,EPSG:32617,-80.54664734986183,37.37429719715191,540139.0632271835,4136492.085378991,9771520.0,3407360.0,17SNB,1,projects/neon-prod-earthengine/assets/HSI_REFL/001/2015_MLBS_1,2015-08-21,0.0
NA5120_E1909N0665,EPSG:32617,-80.49072646356413,37.36431864044983,545096.2074551338,4135410.2987861945,9776640.0,3407360.0,17SNB,1,projects/neon-prod-earthengine/assets/HSI_REFL/001/2015_MLBS_1,2015-08-21,0.39828431372549017
NA5120_E1801N0548,EPSG:32616,-87.41182602268786,32.91458924156657,461491.7677588154,3641893.5660184575,9223680.0,2808320.0,16SDB,1,projects/neon-prod-earthengine/assets/HSI_REFL/001/2015_TALL_1,2015-07-16,0.0
NA5120_E1801N0549,EPSG:32616,-87.40569243208498,32.96029239763426,462084.80625560496,3646958.000356317,9223680.0,2813440.0,16SDB,1,projects/neon-prod-earthengine/assets/HSI_REFL/001/2015_TALL_1,2015-07-16,0.0
NA5120_E1611N0545,EPSG:32614,-97.646057016779,33.32481560589625,626018.9207577497,3688115.077732719,8250880.0,2792960.0,14SPB,1,projects/neon-prod-earthengine/assets/HSI_REFL/001/2016_CLBJ_1,2016-04-22,7.12484237074401
NA5120_E1611N0546,EPSG:32614,-97.64614693030559,33.37097878824861,625944.0521368855,3693233.4801036874,8250880.0,2798080.0,14SPB,1,projects/neon-prod-earthengine/assets/HSI_REFL/001/2016_CLBJ_1,2016-04-22,0.4821600771456124
NA5120_E1612N0546,EPSG:32614,-97.59208957295374,33.37104797051992,630973.1039415916,3693307.8351263576,8256000.0,2798080.0,14SPB,1,projects/neon-prod-earthengine/assets/HSI_REFL/001/2016_CLBJ_1,2016-04-22,0.0
NA5120_E1862N0617,EPSG:32617,-83.58815521373354,35.62877077307547,265621.5671535979,3945859.926418435,9536000.0,3161600.0,17SKV,1,projects/neon-prod-earthengine/assets/HSI_REFL/001/2016_GRSM_2,2016-06-08,0.15812776723592661
NA5120_E1862N0618,EPSG:32617,-83.5791253671715,35.67401819790959,266571.2686234509,3950858.379278738,9536000.0,3166720.0,17SKV,1,projects/neon-prod-earthengine/assets/HSI_REFL/001/2016_GRSM_2,2016-06-08,0.0
NA5120_E1863N0617,EPSG:32617,-83.53320215617227,35.62062673229746,270575.790008912,3944826.7289147885,9541120.0,3161600.0,17SKV,1,projects/neon-prod-earthengine/assets/HSI_REFL/001/2016_GRSM_2,2016-06-08,0.0
NA5120_E1863N0618,EPSG:32617,-83.52413882536106,35.66586716960197,271525.7355120389,3949824.7141544865,9541120.0,3166720.0,17SKV,1,projects/neon-prod-earthengine/assets/HSI_REFL/001/2016_GRSM_2,2016-06-08,0.0
NA5120_E1864N0617,EPSG:32617,-83.47826165653521,35.612451232127064,275529.73556536925,3943792.8837036784,9546240.0,3161600.0,17SKV,1,projects/neon-prod-earthengine/assets/HSI_REFL/001/2016_GRSM_2,2016-06-08,0.1556178026766262
NA5120_E1864N0618,EPSG:32617,-83.4691648744921,35.65768465693955,276479.926002797,3948790.40319033,9546240.0,3166720.0,17SKV,1,projects/neon-prod-earthengine/assets/HSI_REFL/001/2016_GRSM_2,2016-06-08,0.0
NA5120_E1864N0619,EPSG:32617,-83.46005191146189,35.70291624404218,277430.7821201011,3953787.7671151687,9546240.0,3171840.0,17SKV,1,projects/neon-prod-earthengine/assets/HSI_REFL/001/2016_GRSM_2,2016-06-08,5.291005291005291
NA5120_E1865N0618,EPSG:32617,-83.4142035569276,35.64947067472268,281433.84290383186,3947755.4452260872,9551360.0,3166720.0,17SKV,1,projects/neon-prod-earthengine/assets/HSI_REFL/001/2016_GRSM_2,2016-06-08,0.0
NA5120_E1865N0619,EPSG:32617,-83.40505712079832,35.69469521325186,282384.94396728894,3952752.345971402,9551360.0,3171840.0,17SKV,1,projects/neon-prod-earthengine/assets/HSI_REFL/001/2016_GRSM_2,2016-06-08,0.0
NA5120_E2014N0810,EPSG:32618,-72.26147202832067,42.43356818610988,725260.1085451264,4701550.387121961,10314240.0,4149760.0,18TYN,1,projects/neon-prod-earthengine/assets/HSI_REFL/001/2016_HARV_3,2016-08-16,8.042057402671213
NA5120_E2014N0811,EPSG:32618,-72.24217178432893,42.47655951365485,726692.5434356346,4706375.965894271,10314240.0,4154880.0,18TYN,1,projects/neon-prod-earthengine/assets/HSI_REFL/001/2016_HARV_3,2016-08-16,0.0
NA5120_E2014N0812,EPSG:32618,-72.2228351637432,42.51954480000945,728125.6852333196,4711201.374977781,10314240.0,4160000.0,18TYN,1,projects/neon-prod-earthengine/assets/HSI_REFL/001/2016_HARV_3,2016-08-16,0.0
NA5120_E2015N0810,EPSG:32618,-72.20280177762291,42.41852347113441,730141.4982606214,4700037.122272774,10319360.0,4149760.0,18TYN,1,projects/neon-prod-earthengine/assets/HSI_REFL/001/2016_HARV_3,2016-08-16,0.0
NA5120_E2015N0811,EPSG:32618,-72.18346602144412,42.46150088778802,731574.0295891216,4704862.362274187,10319360.0,4154880.0,18TYN,1,projects/neon-prod-earthengine/assets/HSI_REFL/001/2016_HARV_3,2016-08-16,0.0
NA5120_E2015N0812,EPSG:32618,-72.16409384363574,42.50447224037963,733007.2672856918,4709687.433611651,10319360.0,4160000.0,18TYN,1,projects/neon-prod-earthengine/assets/HSI_REFL/001/2016_HARV_3,2016-08-16,0.0
NA5120_E2015N0813,EPSG:32618,-72.14468515234222,42.547437513389426,734441.210608064,4714512.3366984045,10319360.0,4165120.0,18TYN,1,projects/neon-prod-earthengine/assets/HSI_REFL/001/2016_HARV_3,2016-08-16,8.207282913165265
NA5120_E1860N0519,EPSG:32616,-84.50469582267925,31.201227422216203,737750.243509446,3454586.3951119063,9525760.0,2659840.0,16RGV,1,projects/neon-prod-earthengine/assets/HSI_REFL/001/2016_JERC_2,2016-09-20,6.923076923076923
NA5120_E1860N0520,EPSG:32616,-84.49713131854219,31.246647682934473,738357.0810065159,3459638.8151043216,9525760.0,2664960.0,16RGV,1,projects/neon-prod-earthengine/assets/HSI_REFL/001/2016_JERC_2,2016-09-20,0.0
NA5120_E1860N0521,EPSG:32616,-84.48955404059728,31.292066475939787,738964.2988275888,3464691.205381583,9525760.0,2670080.0,16RGV,1,projects/neon-prod-earthengine/assets/HSI_REFL/001/2016_JERC_2,2016-09-20,0.0
NA5120_E1861N0519,EPSG:32616,-84.4527542989953,31.19377678925561,742719.7264175967,3453873.1973528373,9530880.0,2659840.0,16RGV,1,projects/neon-prod-earthengine/assets/HSI_REFL/001/2016_JERC_2,2016-09-20,0.0
NA5120_E1861N0520,EPSG:32616,-84.44516116361943,31.239191074548014,743327.0286486651,3458925.4443611503,9530880.0,2664960.0,16RGV,1,projects/neon-prod-earthengine/assets/HSI_REFL/001/2016_JERC_2,2016-09-20,0.0
NA5120_E1861N0521,EPSG:32616,-84.43755520892354,31.28460388337626,743934.7102556005,3463977.6621068376,9530880.0,2670080.0,16RGV,1,projects/neon-prod-earthengine/assets/HSI_REFL/001/2016_JERC_2,2016-09-20,0.0
NA5120_E1967N0714,EPSG:32618,-76.58979840081254,38.89441484549036,362128.4205379884,4306260.971004153,10073600.0,3658240.0,18SUJ,1,projects/neon-prod-earthengine/assets/HSI_REFL/001/2016_SERC_1,2016-07-24,0.0
NA5120_E1968N0714,EPSG:32618,-76.53330071961338,38.88207446266876,367005.29138756974,4304807.5963218,10078720.0,3658240.0,18SUJ,1,projects/neon-prod-earthengine/assets/HSI_REFL/001/2016_SERC_1,2016-07-24,0.0
NA5120_E1801N0548,EPSG:32616,-87.41182602268786,32.91458924156657,461491.7677588154,3641893.5660184575,9223680.0,2808320.0,16SDB,1,projects/neon-prod-earthengine/assets/HSI_REFL/001/2016_TALL_2,2016-05-06,0.0
NA5120_E1801N0549,EPSG:32616,-87.40569243208498,32.96029239763426,462084.80625560496,3646958.000356317,9223680.0,2813440.0,16SDB,1,projects/neon-prod-earthengine/assets/HSI_REFL/001/2016_TALL_2,2016-05-06,0.0
NA5120_E1611N0546,EPSG:32614,-97.64614693030559,33.37097878824861,625944.0521368855,3693233.4801036874,8250880.0,2798080.0,14SPB,1,projects/neon-prod-earthengine/assets/HSI_REFL/001/2017_CLBJ_2,2017-05-01,0.6107360977177756
NA5120_E1612N0546,EPSG:32614,-97.59208957295374,33.37104797051992,630973.1039415916,3693307.8351263576,8256000.0,2798080.0,14SPB,1,projects/neon-prod-earthengine/assets/HSI_REFL/001/2017_CLBJ_2,2017-05-01,0.0
NA5120_E1494N0713,EPSG:32613,-104.7284481647661,40.814691553231434,522901.7805693787,4518221.870780458,7651840.0,3653120.0,13TEF,1,projects/neon-prod-earthengine/assets/HSI_REFL/001/2017_CPER_3,2017-05-24,0.0
NA5120_E1494N0714,EPSG:32613,-104.73382825283086,40.86054433358505,522432.57881444955,4523310.436971391,7651840.0,3658240.0,13TEF,1,projects/neon-prod-earthengine/assets/HSI_REFL/001/2017_CPER_3,2017-05-24,8.189158016147635
NA5120_E1862N0617,EPSG:32617,-83.58815521373354,35.62877077307547,265621.5671535979,3945859.926418435,9536000.0,3161600.0,17SKV,1,projects/neon-prod-earthengine/assets/HSI_REFL/001/2017_GRSM_3,2017-10-05,0.0
NA5120_E1862N0618,EPSG:32617,-83.5791253671715,35.67401819790959,266571.2686234509,3950858.379278738,9536000.0,3166720.0,17SKV,1,projects/neon-prod-earthengine/assets/HSI_REFL/001/2017_GRSM_3,2017-10-05,0.0
NA5120_E1863N0616,EPSG:32617,-83.54224939926206,35.57538447226941,269626.5116538632,3939828.5872878516,9541120.0,3156480.0,17SKV,1,projects/neon-prod-earthengine/assets/HSI_REFL/001/2017_GRSM_3,2017-10-05,8.932461873638346
NA5120_E1863N0617,EPSG:32617,-83.53320215617227,35.62062673229746,270575.790008912,3944826.7289147885,9541120.0,3161600.0,17SKV,1,projects/neon-prod-earthengine/assets/HSI_REFL/001/2017_GRSM_3,2017-10-05,0.0
NA5120_E1863N0618,EPSG:32617,-83.52413882536106,35.66586716960197,271525.7355120389,3949824.7141544865,9541120.0,3166720.0,17SKV,1,projects/neon-prod-earthengine/assets/HSI_REFL/001/2017_GRSM_3,2017-10-05,0.0
NA5120_E1864N0617,EPSG:32617,-83.47826165653521,35.612451232127064,275529.73556536925,3943792.8837036784,9546240.0,3161600.0,17SKV,1,projects/neon-prod-earthengine/assets/HSI_REFL/001/2017_GRSM_3,2017-10-05,0.6535947712418301
NA5120_E1864N0618,EPSG:32617,-83.4691648744921,35.65768465693955,276479.926002797,3948790.40319033,9546240.0,3166720.0,17SKV,1,projects/neon-prod-earthengine/assets/HSI_REFL/001/2017_GRSM_3,2017-10-05,0.0
NA5120_E1864N0619,EPSG:32617,-83.46005191146189,35.70291624404218,277430.7821201011,3953787.7671151687,9546240.0,3171840.0,17SKV,1,projects/neon-prod-earthengine/assets/HSI_REFL/001/2017_GRSM_3,2017-10-05,2.6143790849673203
NA5120_E1865N0618,EPSG:32617,-83.4142035569276,35.64947067472268,281433.84290383186,3947755.4452260872,9551360.0,3166720.0,17SKV,1,projects/neon-prod-earthengine/assets/HSI_REFL/001/2017_GRSM_3,2017-10-05,0.0
NA5120_E1865N0619,EPSG:32617,-83.40505712079832,35.69469521325186,282384.94396728894,3952752.345971402,9551360.0,3171840.0,17SKV,1,projects/neon-prod-earthengine/assets/HSI_REFL/001/2017_GRSM_3,2017-10-05,0.0
NA5120_E1866N0619,EPSG:32617,-83.35007503903341,35.68644270282966,287338.8359349554,3951716.2785308156,9556480.0,3171840.0,17SKV,1,projects/neon-prod-earthengine/assets/HSI_REFL/001/2017_GRSM_3,2017-10-05,0.030525030525030524
NA5120_E1867N0619,EPSG:32617,-83.29510570844779,35.67815872770775,292292.46082936187,3950679.5636287825,9561600.0,3171840.0,17SKV,1,projects/neon-prod-earthengine/assets/HSI_REFL/001/2017_GRSM_3,2017-10-05,8.247743541861189
NA5120_E2014N0810,EPSG:32618,-72.26147202832067,42.43356818610988,725260.1085451264,4701550.387121961,10314240.0,4149760.0,18TYN,1,projects/neon-prod-earthengine/assets/HSI_REFL/001/2017_HARV_4,2017-08-13,7.871554418868996
NA5120_E2014N0811,EPSG:32618,-72.24217178432893,42.47655951365485,726692.5434356346,4706375.965894271,10314240.0,4154880.0,18TYN,1,projects/neon-prod-earthengine/assets/HSI_REFL/001/2017_HARV_4,2017-08-13,0.0
NA5120_E2014N0812,EPSG:32618,-72.2228351637432,42.51954480000945,728125.6852333196,4711201.374977781,10314240.0,4160000.0,18TYN,1,projects/neon-prod-earthengine/assets/HSI_REFL/001/2017_HARV_4,2017-08-13,0.0
NA5120_E2014N0813,EPSG:32618,-72.20346207473575,42.56252402970656,729559.5331952453,4716026.614785149,10314240.0,4165120.0,18TYN,1,projects/neon-prod-earthengine/assets/HSI_REFL/001/2017_HARV_4,2017-08-13,7.502131287297528
NA5120_E2015N0810,EPSG:32618,-72.20280177762291,42.41852347113441,730141.4982606214,4700037.122272774,10319360.0,4149760.0,18TYN,1,projects/neon-prod-earthengine/assets/HSI_REFL/001/2017_HARV_4,2017-08-13,0.0
NA5120_E2015N0811,EPSG:32618,-72.18346602144412,42.46150088778802,731574.0295891216,4704862.362274187,10319360.0,4154880.0,18TYN,1,projects/neon-prod-earthengine/assets/HSI_REFL/001/2017_HARV_4,2017-08-13,0.0
NA5120_E2015N0812,EPSG:32618,-72.16409384363574,42.50447224037963,733007.2672856918,4709687.433611651,10319360.0,4160000.0,18TYN,1,projects/neon-prod-earthengine/assets/HSI_REFL/001/2017_HARV_4,2017-08-13,0.0
NA5120_E2015N0813,EPSG:32618,-72.14468515234222,42.547437513389426,734441.210608064,4714512.3366984045,10319360.0,4165120.0,18TYN,1,projects/neon-prod-earthengine/assets/HSI_REFL/001/2017_HARV_4,2017-08-13,8.655462184873949
NA5120_E1860N0519,EPSG:32616,-84.50469582267925,31.201227422216203,737750.243509446,3454586.3951119063,9525760.0,2659840.0,16RGV,1,projects/neon-prod-earthengine/assets/HSI_REFL/001/2017_JERC_3,2017-09-17,6.794871794871795
NA5120_E1860N0520,EPSG:32616,-84.49713131854219,31.246647682934473,738357.0810065159,3459638.8151043216,9525760.0,2664960.0,16RGV,1,projects/neon-prod-earthengine/assets/HSI_REFL/001/2017_JERC_3,2017-09-17,0.0
NA5120_E1860N0521,EPSG:32616,-84.48955404059728,31.292066475939787,738964.2988275888,3464691.205381583,9525760.0,2670080.0,16RGV,1,projects/neon-prod-earthengine/assets/HSI_REFL/001/2017_JERC_3,2017-09-17,0.0
NA5120_E1861N0519,EPSG:32616,-84.4527542989953,31.19377678925561,742719.7264175967,3453873.1973528373,9530880.0,2659840.0,16RGV,1,projects/neon-prod-earthengine/assets/HSI_REFL/001/2017_JERC_3,2017-09-17,0.0
NA5120_E1861N0520,EPSG:32616,-84.44516116361943,31.239191074548014,743327.0286486651,3458925.4443611503,9530880.0,2664960.0,16RGV,1,projects/neon-prod-earthengine/assets/HSI_REFL/001/2017_JERC_3,2017-09-17,0.0
NA5120_E1861N0521,EPSG:32616,-84.43755520892354,31.28460388337626,743934.7102556005,3463977.6621068376,9530880.0,2670080.0,16RGV,1,projects/neon-prod-earthengine/assets/HSI_REFL/001/2017_JERC_3,2017-09-17,0.0
NA5120_E1862N0519,EPSG:32616,-84.4008224833355,31.186296963955183,747689.2270452842,3453159.0420432617,9536000.0,2659840.0,16RGV,1,projects/neon-prod-earthengine/assets/HSI_REFL/001/2017_JERC_3,2017-09-17,6.114988368228647
NA5120_E1862N0520,EPSG:32616,-84.39320074096231,31.23170525186033,748296.9946489134,3458211.1179749803,9536000.0,2664960.0,16RGV,1,projects/neon-prod-earthengine/assets/HSI_REFL/001/2017_JERC_3,2017-09-17,0.0
NA5120_E1908N0665,EPSG:32617,-80.54664734986183,37.37429719715191,540139.0632271835,4136492.085378991,9771520.0,3407360.0,17SNB,1,projects/neon-prod-earthengine/assets/HSI_REFL/001/2017_MLBS_2,2017-08-05,6.009615384615385
NA5120_E1908N0666,EPSG:32617,-80.53517404524938,37.419078588048684,541130.4166826316,4141465.1483827857,9771520.0,3412480.0,17SNB,1,projects/neon-prod-earthengine/assets/HSI_REFL/001/2017_MLBS_2,2017-08-05,0.857843137254902
NA5120_E1584N0589,EPSG:32614,-99.14965834509333,35.34141862450361,486400.39076451847,3910916.434408161,8112640.0,3018240.0,14SME,1,projects/neon-prod-earthengine/assets/HSI_REFL/001/2017_OAES_2,2017-05-01,0.0
NA5120_E1584N0590,EPSG:32614,-99.15072623350052,35.38755405773771,486311.14088590926,3916033.140110683,8112640.0,3023360.0,14SME,1,projects/neon-prod-earthengine/assets/HSI_REFL/001/2017_OAES_2,2017-05-01,0.0
NA5120_E1585N0589,EPSG:32614,-99.09413506984633,35.342369622175006,491445.95064299594,3911015.693259932,8117760.0,3018240.0,14SME,1,projects/neon-prod-earthengine/assets/HSI_REFL/001/2017_OAES_2,2017-05-01,0.0
NA5120_E1585N0590,EPSG:32614,-99.09516704491071,35.38850588309924,491357.0940160986,3916132.4304857138,8117760.0,3023360.0,14SME,1,projects/neon-prod-earthengine/assets/HSI_REFL/001/2017_OAES_2,2017-05-01,0.0
NA5120_E1967N0714,EPSG:32618,-76.58979840081254,38.89441484549036,362128.4205379884,4306260.971004153,10073600.0,3658240.0,18SUJ,1,projects/neon-prod-earthengine/assets/HSI_REFL/001/2017_SERC_3,2017-08-04,0.0
NA5120_E1968N0714,EPSG:32618,-76.53330071961338,38.88207446266876,367005.29138756974,4304807.5963218,10078720.0,3658240.0,18SUJ,1,projects/neon-prod-earthengine/assets/HSI_REFL/001/2017_SERC_3,2017-08-04,0.0
NA5120_E1361N0534,EPSG:32612,-110.94552735409772,31.833547591521924,505154.50640777504,3521987.2342470107,6970880.0,2736640.0,12SVA,1,projects/neon-prod-earthengine/assets/HSI_REFL/001/2017_SRER_1,2017-08-24,0.09615384615384616
NA5120_E1362N0532,EPSG:32612,-110.87741205652863,31.75051433493746,511610.3340084088,3512789.1693388447,6976000.0,2726400.0,12SWA,1,projects/neon-prod-earthengine/assets/HSI_REFL/001/2017_SRER_1,2017-08-24,0.4575163398692811
NA5120_E1362N0533,EPSG:32612,-110.88530256095152,31.795882086357963,510857.7214534506,3517816.85284724,6976000.0,2731520.0,12SWA,1,projects/neon-prod-earthengine/assets/HSI_REFL/001/2017_SRER_1,2017-08-24,0.0
NA5120_E1362N0534,EPSG:32612,-110.89320645889448,31.84124828243387,510104.56483958464,3522844.4515345558,6976000.0,2736640.0,12SWA,1,projects/neon-prod-earthengine/assets/HSI_REFL/001/2017_SRER_1,2017-08-24,0.0
NA5120_E1362N0535,EPSG:32612,-110.90112377979189,31.886612920035653,509350.864609819,3527871.965484011,6976000.0,2741760.0,12SWA,1,projects/neon-prod-earthengine/assets/HSI_REFL/001/2017_SRER_1,2017-08-24,0.0
NA5120_E1363N0532,EPSG:32612,-110.82513921088189,31.7581731676299,516559.7503898245,3513644.8245201884,6981120.0,2726400.0,12SWA,1,projects/neon-prod-earthengine/assets/HSI_REFL/001/2017_SRER_1,2017-08-24,0.22435897435897434
NA5120_E1363N0533,EPSG:32612,-110.8330005971151,31.803547108050758,515807.5363841208,3518672.8504215693,6981120.0,2731520.0,12SWA,1,projects/neon-prod-earthengine/assets/HSI_REFL/001/2017_SRER_1,2017-08-24,0.0
NA5120_E1363N0534,EPSG:32612,-110.8408753305248,31.84891950227035,515054.7773915216,3523700.790957985,6981120.0,2736640.0,12SWA,1,projects/neon-prod-earthengine/assets/HSI_REFL/001/2017_SRER_1,2017-08-24,0.0
NA5120_E1363N0535,EPSG:32612,-110.84876344045517,31.89429034718008,514301.4738552236,3528728.646211973,6981120.0,2741760.0,12SWA,1,projects/neon-prod-earthengine/assets/HSI_REFL/001/2017_SRER_1,2017-08-24,0.0
NA5120_E1364N0533,EPSG:32612,-110.78068846045136,31.811182668685944,520757.5089275147,3519527.9692332386,6986240.0,2731520.0,12SWA,1,projects/neon-prod-earthengine/assets/HSI_REFL/001/2017_SRER_1,2017-08-24,0.0
NA5120_E1364N0534,EPSG:32612,-110.78853400377761,31.85656123877582,520005.14683264075,3524556.253498054,6986240.0,2736640.0,12SWA,1,projects/neon-prod-earthengine/assets/HSI_REFL/001/2017_SRER_1,2017-08-24,0.0
NA5120_E1364N0535,EPSG:32612,-110.7963928771139,31.90193826869109,519252.2392653765,3529584.451936191,6986240.0,2741760.0,12SWA,1,projects/neon-prod-earthengine/assets/HSI_REFL/001/2017_SRER_1,2017-08-24,0.16025641025641024
NA5120_E1801N0548,EPSG:32616,-87.41182602268786,32.91458924156657,461491.7677588154,3641893.5660184575,9223680.0,2808320.0,16SDB,1,projects/neon-prod-earthengine/assets/HSI_REFL/001/2017_TALL_3,2017-05-10,0.0
NA5120_E1801N0549,EPSG:32616,-87.40569243208498,32.96029239763426,462084.80625560496,3646958.000356317,9223680.0,2813440.0,16SDB,1,projects/neon-prod-earthengine/assets/HSI_REFL/001/2017_TALL_3,2017-05-10,0.0
NA5120_E2274N0333,EPSG:32619,-66.87108568644905,17.990274067794655,725427.0628418749,1990403.4290000403,11645440.0,1707520.0,19QGV,1,projects/neon-prod-earthengine/assets/HSI_REFL/001/2018_GUAN_1,2018-05-10,0.0
NA5120_E2275N0333,EPSG:32619,-66.82777856666634,17.97418468541221,730035.4086171989,1988675.5295450343,11650560.0,1707520.0,19QGV,1,projects/neon-prod-earthengine/assets/HSI_REFL/001/2018_GUAN_1,2018-05-10,0.0
NA5120_E2014N0810,EPSG:32618,-72.26147202832067,42.43356818610988,725260.1085451264,4701550.387121961,10314240.0,4149760.0,18TYN,1,projects/neon-prod-earthengine/assets/HSI_REFL/001/2018_HARV_5,2018-08-28,8.72406933788008
NA5120_E2014N0811,EPSG:32618,-72.24217178432893,42.47655951365485,726692.5434356346,4706375.965894271,10314240.0,4154880.0,18TYN,1,projects/neon-prod-earthengine/assets/HSI_REFL/001/2018_HARV_5,2018-08-28,2.870133560670645
NA5120_E2014N0812,EPSG:32618,-72.2228351637432,42.51954480000945,728125.6852333196,4711201.374977781,10314240.0,4160000.0,18TYN,1,projects/neon-prod-earthengine/assets/HSI_REFL/001/2018_HARV_5,2018-08-28,2.801120448179272
NA5120_E2015N0810,EPSG:32618,-72.20280177762291,42.41852347113441,730141.4982606214,4700037.122272774,10319360.0,4149760.0,18TYN,1,projects/neon-prod-earthengine/assets/HSI_REFL/001/2018_HARV_5,2018-08-28,1.7837235228539576
NA5120_E2015N0811,EPSG:32618,-72.18346602144412,42.46150088778802,731574.0295891216,4704862.362274187,10319360.0,4154880.0,18TYN,1,projects/neon-prod-earthengine/assets/HSI_REFL/001/2018_HARV_5,2018-08-28,0.0
NA5120_E2015N0812,EPSG:32618,-72.16409384363574,42.50447224037963,733007.2672856918,4709687.433611651,10319360.0,4160000.0,18TYN,1,projects/neon-prod-earthengine/assets/HSI_REFL/001/2018_HARV_5,2018-08-28,0.0
NA5120_E2015N0813,EPSG:32618,-72.14468515234222,42.547437513389426,734441.210608064,4714512.3366984045,10319360.0,4165120.0,18TYN,1,projects/neon-prod-earthengine/assets/HSI_REFL/001/2018_HARV_5,2018-08-28,7.030812324929972
NA5120_E1859N0521,EPSG:32616,-84.54156259480355,31.299499820480666,733993.9035933707,3465403.7958233356,9520640.0,2670080.0,16RGV,1,projects/neon-prod-earthengine/assets/HSI_REFL/001/2018_JERC_4,2018-09-16,0.0
NA5120_E1860N0519,EPSG:32616,-84.50469582267925,31.201227422216203,737750.243509446,3454586.3951119063,9525760.0,2659840.0,16RGV,1,projects/neon-prod-earthengine/assets/HSI_REFL/001/2018_JERC_4,2018-09-16,6.698717948717949
NA5120_E1860N0520,EPSG:32616,-84.49713131854219,31.246647682934473,738357.0810065159,3459638.8151043216,9525760.0,2664960.0,16RGV,1,projects/neon-prod-earthengine/assets/HSI_REFL/001/2018_JERC_4,2018-09-16,0.0
NA5120_E1860N0521,EPSG:32616,-84.48955404059728,31.292066475939787,738964.2988275888,3464691.205381583,9525760.0,2670080.0,16RGV,1,projects/neon-prod-earthengine/assets/HSI_REFL/001/2018_JERC_4,2018-09-16,0.0
NA5120_E1861N0519,EPSG:32616,-84.4527542989953,31.19377678925561,742719.7264175967,3453873.1973528373,9530880.0,2659840.0,16RGV,1,projects/neon-prod-earthengine/assets/HSI_REFL/001/2018_JERC_4,2018-09-16,0.0
NA5120_E1861N0520,EPSG:32616,-84.44516116361943,31.239191074548014,743327.0286486651,3458925.4443611503,9530880.0,2664960.0,16RGV,1,projects/neon-prod-earthengine/assets/HSI_REFL/001/2018_JERC_4,2018-09-16,0.0
NA5120_E1861N0521,EPSG:32616,-84.43755520892354,31.28460388337626,743934.7102556005,3463977.6621068376,9530880.0,2670080.0,16RGV,1,projects/neon-prod-earthengine/assets/HSI_REFL/001/2018_JERC_4,2018-09-16,0.0
NA5120_E1862N0519,EPSG:32616,-84.4008224833355,31.186296963955183,747689.2270452842,3453159.0420432617,9536000.0,2659840.0,16RGV,1,projects/neon-prod-earthengine/assets/HSI_REFL/001/2018_JERC_4,2018-09-16,5.18444666001994
NA5120_E1862N0520,EPSG:32616,-84.39320074096231,31.23170525186033,748296.9946489134,3458211.1179749803,9536000.0,2664960.0,16RGV,1,projects/neon-prod-earthengine/assets/HSI_REFL/001/2018_JERC_4,2018-09-16,0.0
NA5120_E1908N0665,EPSG:32617,-80.54664734986183,37.37429719715191,540139.0632271835,4136492.085378991,9771520.0,3407360.0,17SNB,1,projects/neon-prod-earthengine/assets/HSI_REFL/001/2018_MLBS_3,2018-06-15,0.0
NA5120_E1908N0666,EPSG:32617,-80.53517404524938,37.419078588048684,541130.4166826316,4141465.1483827857,9771520.0,3412480.0,17SNB,1,projects/neon-prod-earthengine/assets/HSI_REFL/001/2018_MLBS_3,2018-06-15,0.15318627450980393
NA5120_E1909N0665,EPSG:32617,-80.49072646356413,37.36431864044983,545096.2074551338,4135410.2987861945,9776640.0,3407360.0,17SNB,1,projects/neon-prod-earthengine/assets/HSI_REFL/001/2018_MLBS_3,2018-06-15,0.30637254901960786
NA5120_E1584N0589,EPSG:32614,-99.14965834509333,35.34141862450361,486400.39076451847,3910916.434408161,8112640.0,3018240.0,14SME,1,projects/neon-prod-earthengine/assets/HSI_REFL/001/2018_OAES_3,2018-04-18,0.0
NA5120_E1584N0590,EPSG:32614,-99.15072623350052,35.38755405773771,486311.14088590926,3916033.140110683,8112640.0,3023360.0,14SME,1,projects/neon-prod-earthengine/assets/HSI_REFL/001/2018_OAES_3,2018-04-18,0.0
NA5120_E1585N0589,EPSG:32614,-99.09413506984633,35.342369622175006,491445.95064299594,3911015.693259932,8117760.0,3018240.0,14SME,1,projects/neon-prod-earthengine/assets/HSI_REFL/001/2018_OAES_3,2018-04-18,0.0
NA5120_E1585N0590,EPSG:32614,-99.09516704491071,35.38850588309924,491357.0940160986,3916132.4304857138,8117760.0,3023360.0,14SME,1,projects/neon-prod-earthengine/assets/HSI_REFL/001/2018_OAES_3,2018-04-18,0.0
NA5120_E1361N0534,EPSG:32612,-110.94552735409772,31.833547591521924,505154.50640777504,3521987.2342470107,6970880.0,2736640.0,12SVA,1,projects/neon-prod-earthengine/assets/HSI_REFL/001/2018_SRER_2,2018-08-24,0.0
NA5120_E1362N0532,EPSG:32612,-110.87741205652863,31.75051433493746,511610.3340084088,3512789.1693388447,6976000.0,2726400.0,12SWA,1,projects/neon-prod-earthengine/assets/HSI_REFL/001/2018_SRER_2,2018-08-24,0.6535947712418301
NA5120_E1362N0533,EPSG:32612,-110.88530256095152,31.795882086357963,510857.7214534506,3517816.85284724,6976000.0,2731520.0,12SWA,1,projects/neon-prod-earthengine/assets/HSI_REFL/001/2018_SRER_2,2018-08-24,0.0
NA5120_E1362N0534,EPSG:32612,-110.89320645889448,31.84124828243387,510104.56483958464,3522844.4515345558,6976000.0,2736640.0,12SWA,1,projects/neon-prod-earthengine/assets/HSI_REFL/001/2018_SRER_2,2018-08-24,0.0
NA5120_E1362N0535,EPSG:32612,-110.90112377979189,31.886612920035653,509350.864609819,3527871.965484011,6976000.0,2741760.0,12SWA,1,projects/neon-prod-earthengine/assets/HSI_REFL/001/2018_SRER_2,2018-08-24,0.0
NA5120_E1363N0532,EPSG:32612,-110.82513921088189,31.7581731676299,516559.7503898245,3513644.8245201884,6981120.0,2726400.0,12SWA,1,projects/neon-prod-earthengine/assets/HSI_REFL/001/2018_SRER_2,2018-08-24,0.0
NA5120_E1363N0533,EPSG:32612,-110.8330005971151,31.803547108050758,515807.5363841208,3518672.8504215693,6981120.0,2731520.0,12SWA,1,projects/neon-prod-earthengine/assets/HSI_REFL/001/2018_SRER_2,2018-08-24,0.0
NA5120_E1363N0534,EPSG:32612,-110.8408753305248,31.84891950227035,515054.7773915216,3523700.790957985,6981120.0,2736640.0,12SWA,1,projects/neon-prod-earthengine/assets/HSI_REFL/001/2018_SRER_2,2018-08-24,0.0
NA5120_E1363N0535,EPSG:32612,-110.84876344045517,31.89429034718008,514301.4738552236,3528728.646211973,6981120.0,2741760.0,12SWA,1,projects/neon-prod-earthengine/assets/HSI_REFL/001/2018_SRER_2,2018-08-24,0.0
NA5120_E1364N0533,EPSG:32612,-110.78068846045136,31.811182668685944,520757.5089275147,3519527.9692332386,6986240.0,2731520.0,12SWA,1,projects/neon-prod-earthengine/assets/HSI_REFL/001/2018_SRER_2,2018-08-24,0.3205128205128205
NA5120_E1364N0534,EPSG:32612,-110.78853400377761,31.85656123877582,520005.14683264075,3524556.253498054,6986240.0,2736640.0,12SWA,1,projects/neon-prod-earthengine/assets/HSI_REFL/001/2018_SRER_2,2018-08-24,0.0
NA5120_E1364N0535,EPSG:32612,-110.7963928771139,31.90193826869109,519252.2392653765,3529584.451936191,6986240.0,2741760.0,12SWA,1,projects/neon-prod-earthengine/assets/HSI_REFL/001/2018_SRER_2,2018-08-24,0.0
NA5120_E1801N0548,EPSG:32616,-87.41182602268786,32.91458924156657,461491.7677588154,3641893.5660184575,9223680.0,2808320.0,16SDB,1,projects/neon-prod-earthengine/assets/HSI_REFL/001/2018_TALL_4,2018-04-27,0.0
NA5120_E1801N0549,EPSG:32616,-87.40569243208498,32.96029239763426,462084.80625560496,3646958.000356317,9223680.0,2813440.0,16SDB,1,projects/neon-prod-earthengine/assets/HSI_REFL/001/2018_TALL_4,2018-04-27,0.22500803600128574
NA5120_E1611N0546,EPSG:32614,-97.64614693030559,33.37097878824861,625944.0521368855,3693233.4801036874,8250880.0,2798080.0,14SPB,1,projects/neon-prod-earthengine/assets/HSI_REFL/001/2019_CLBJ_4,2019-04-19,0.03214400514304082
NA5120_E1612N0546,EPSG:32614,-97.59208957295374,33.37104797051992,630973.1039415916,3693307.8351263576,8256000.0,2798080.0,14SPB,1,projects/neon-prod-earthengine/assets/HSI_REFL/001/2019_CLBJ_4,2019-04-19,0.0
NA5120_E2014N0810,EPSG:32618,-72.26147202832067,42.43356818610988,725260.1085451264,4701550.387121961,10314240.0,4149760.0,18TYN,1,projects/neon-prod-earthengine/assets/HSI_REFL/001/2019_HARV_6,2019-08-11,8.383063370275647
NA5120_E2014N0811,EPSG:32618,-72.24217178432893,42.47655951365485,726692.5434356346,4706375.965894271,10314240.0,4154880.0,18TYN,1,projects/neon-prod-earthengine/assets/HSI_REFL/001/2019_HARV_6,2019-08-11,0.0
NA5120_E2014N0812,EPSG:32618,-72.2228351637432,42.51954480000945,728125.6852333196,4711201.374977781,10314240.0,4160000.0,18TYN,1,projects/neon-prod-earthengine/assets/HSI_REFL/001/2019_HARV_6,2019-08-11,0.0
NA5120_E2015N0810,EPSG:32618,-72.20280177762291,42.41852347113441,730141.4982606214,4700037.122272774,10319360.0,4149760.0,18TYN,1,projects/neon-prod-earthengine/assets/HSI_REFL/001/2019_HARV_6,2019-08-11,0.0
NA5120_E2015N0811,EPSG:32618,-72.18346602144412,42.46150088778802,731574.0295891216,4704862.362274187,10319360.0,4154880.0,18TYN,1,projects/neon-prod-earthengine/assets/HSI_REFL/001/2019_HARV_6,2019-08-11,0.0
NA5120_E2015N0812,EPSG:32618,-72.16409384363574,42.50447224037963,733007.2672856918,4709687.433611651,10319360.0,4160000.0,18TYN,1,projects/neon-prod-earthengine/assets/HSI_REFL/001/2019_HARV_6,2019-08-11,0.0
NA5120_E2015N0813,EPSG:32618,-72.14468515234222,42.547437513389426,734441.210608064,4714512.3366984045,10319360.0,4165120.0,18TYN,1,projects/neon-prod-earthengine/assets/HSI_REFL/001/2019_HARV_6,2019-08-11,6.638655462184874
NA5120_E1163N1390,EPSG:32606,-149.2250908889932,63.87197552606756,390685.11775810155,7084654.227494199,5957120.0,7119360.0,05VPL,1,projects/neon-prod-earthengine/assets/HSI_REFL/001/2019_HEAL_3,2019-06-26,0.0
NA5120_E1164N1390,EPSG:32606,-149.15118662590893,63.903027594880264,394431.5017316815,7087988.381597155,5962240.0,7119360.0,05VPL,1,projects/neon-prod-earthengine/assets/HSI_REFL/001/2019_HEAL_3,2019-06-26,6.524678837052063
NA5120_E1859N0521,EPSG:32616,-84.54156259480355,31.299499820480666,733993.9035933707,3465403.7958233356,9520640.0,2670080.0,16RGV,1,projects/neon-prod-earthengine/assets/HSI_REFL/001/2019_JERC_5,2019-08-30,0.0
NA5120_E1860N0519,EPSG:32616,-84.50469582267925,31.201227422216203,737750.243509446,3454586.3951119063,9525760.0,2659840.0,16RGV,1,projects/neon-prod-earthengine/assets/HSI_REFL/001/2019_JERC_5,2019-08-30,6.474358974358975
NA5120_E1860N0520,EPSG:32616,-84.49713131854219,31.246647682934473,738357.0810065159,3459638.8151043216,9525760.0,2664960.0,16RGV,1,projects/neon-prod-earthengine/assets/HSI_REFL/001/2019_JERC_5,2019-08-30,0.0
NA5120_E1860N0521,EPSG:32616,-84.48955404059728,31.292066475939787,738964.2988275888,3464691.205381583,9525760.0,2670080.0,16RGV,1,projects/neon-prod-earthengine/assets/HSI_REFL/001/2019_JERC_5,2019-08-30,0.0
NA5120_E1861N0519,EPSG:32616,-84.4527542989953,31.19377678925561,742719.7264175967,3453873.1973528373,9530880.0,2659840.0,16RGV,1,projects/neon-prod-earthengine/assets/HSI_REFL/001/2019_JERC_5,2019-08-30,0.0
NA5120_E1861N0520,EPSG:32616,-84.44516116361943,31.239191074548014,743327.0286486651,3458925.4443611503,9530880.0,2664960.0,16RGV,1,projects/neon-prod-earthengine/assets/HSI_REFL/001/2019_JERC_5,2019-08-30,0.0
NA5120_E1861N0521,EPSG:32616,-84.43755520892354,31.28460388337626,743934.7102556005,3463977.6621068376,9530880.0,2670080.0,16RGV,1,projects/neon-prod-earthengine/assets/HSI_REFL/001/2019_JERC_5,2019-08-30,0.0
NA5120_E1862N0519,EPSG:32616,-84.4008224833355,31.186296963955183,747689.2270452842,3453159.0420432617,9536000.0,2659840.0,16RGV,1,projects/neon-prod-earthengine/assets/HSI_REFL/001/2019_JERC_5,2019-08-30,3.7221668328348287
NA5120_E1862N0520,EPSG:32616,-84.39320074096231,31.23170525186033,748296.9946489134,3458211.1179749803,9536000.0,2664960.0,16RGV,1,projects/neon-prod-earthengine/assets/HSI_REFL/001/2019_JERC_5,2019-08-30,0.0
NA5120_E1438N0541,EPSG:32613,-106.92912179749374,32.65980608772537,319086.6904753739,3615217.996162359,7365120.0,2772480.0,13SCS,1,projects/neon-prod-earthengine/assets/HSI_REFL/001/2019_JORN_3,2019-08-25,0.0326797385620915
NA5120_E1438N0542,EPSG:32613,-106.934820409403,32.70557041246887,318644.75453615247,3620302.1209812304,7365120.0,2777600.0,13SCS,1,projects/neon-prod-earthengine/assets/HSI_REFL/001/2019_JORN_3,2019-08-25,0.0
NA5120_E1439N0539,EPSG:32613,-106.86459647343686,32.57369548893741,324971.25742027094,3605562.0517127593,7370240.0,2762240.0,13SCS,1,projects/neon-prod-earthengine/assets/HSI_REFL/001/2019_JORN_3,2019-08-25,6.762820512820513
NA5120_E1439N0541,EPSG:32613,-106.87590178254669,32.665235979505766,324089.0740536583,3615730.576852759,7370240.0,2772480.0,13SCS,1,projects/neon-prod-earthengine/assets/HSI_REFL/001/2019_JORN_3,2019-08-25,0.06428801028608164
NA5120_E1440N0539,EPSG:32613,-106.81143138805477,32.57908601469409,329972.72952402325,3606073.497210891,7375360.0,2762240.0,13SCS,1,projects/neon-prod-earthengine/assets/HSI_REFL/001/2019_JORN_3,2019-08-25,0.0
NA5120_E1440N0540,EPSG:32613,-106.81704796350522,32.624861187129696,329532.2171811937,3611157.8857770227,7375360.0,2767360.0,13SCS,1,projects/neon-prod-earthengine/assets/HSI_REFL/001/2019_JORN_3,2019-08-25,0.09803921568627451
NA5120_E1440N0541,EPSG:32613,-106.82267425718628,32.67063541269458,329091.43711336795,3616242.259540613,7375360.0,2772480.0,13SCS,1,projects/neon-prod-earthengine/assets/HSI_REFL/001/2019_JORN_3,2019-08-25,7.200257152041144
NA5120_E1478N0698,EPSG:32613,-105.59829175711323,40.05375733143643,448969.90451506857,4433895.238748319,7569920.0,3576320.0,13TDE,1,projects/neon-prod-earthengine/assets/HSI_REFL/001/2019_NIWO_3,2019-08-14,0.0
NA5120_E1479N0697,EPSG:32613,-105.5331733702027,40.012785523902956,454496.8554738138,4429312.416383037,7575040.0,3571200.0,13TDE,1,projects/neon-prod-earthengine/assets/HSI_REFL/001/2019_NIWO_3,2019-08-14,0.0
NA5120_E1479N0698,EPSG:32613,-105.53902574073236,40.05858729613705,454028.1536226462,4434399.040678782,7575040.0,3576320.0,13TDE,1,projects/neon-prod-earthengine/assets/HSI_REFL/001/2019_NIWO_3,2019-08-14,0.3157290470723306
NA5120_E1584N0589,EPSG:32614,-99.14965834509333,35.34141862450361,486400.39076451847,3910916.434408161,8112640.0,3018240.0,14SME,1,projects/neon-prod-earthengine/assets/HSI_REFL/001/2019_OAES_4,2019-04-25,0.0
NA5120_E1584N0590,EPSG:32614,-99.15072623350052,35.38755405773771,486311.14088590926,3916033.140110683,8112640.0,3023360.0,14SME,1,projects/neon-prod-earthengine/assets/HSI_REFL/001/2019_OAES_4,2019-04-25,0.0
NA5120_E1585N0589,EPSG:32614,-99.09413506984633,35.342369622175006,491445.95064299594,3911015.693259932,8117760.0,3018240.0,14SME,1,projects/neon-prod-earthengine/assets/HSI_REFL/001/2019_OAES_4,2019-04-25,0.0
NA5120_E1585N0590,EPSG:32614,-99.09516704491071,35.38850588309924,491357.0940160986,3916132.4304857138,8117760.0,3023360.0,14SME,1,projects/neon-prod-earthengine/assets/HSI_REFL/001/2019_OAES_4,2019-04-25,0.0
NA5120_E1967N0714,EPSG:32618,-76.58979840081254,38.89441484549036,362128.4205379884,4306260.971004153,10073600.0,3658240.0,18SUJ,1,projects/neon-prod-earthengine/assets/HSI_REFL/001/2019_SERC_4,2019-05-15,0.0
NA5120_E1968N0714,EPSG:32618,-76.53330071961338,38.88207446266876,367005.29138756974,4304807.5963218,10078720.0,3658240.0,18SUJ,1,projects/neon-prod-earthengine/assets/HSI_REFL/001/2019_SERC_4,2019-05-15,0.0
NA5120_E1236N0678,EPSG:32611,-119.2440829000528,37.00562459592333,300330.8451279858,4097850.5304439072,6330880.0,3473920.0,11SKB,1,projects/neon-prod-earthengine/assets/HSI_REFL/001/2019_SOAP_4,2019-06-11,5.575980392156863
NA5120_E1236N0679,EPSG:32611,-119.25859430233899,37.04954570017534,299155.24369540846,4102754.4700977015,6330880.0,3479040.0,11SKB,1,projects/neon-prod-earthengine/assets/HSI_REFL/001/2019_SOAP_4,2019-06-11,0.0
NA5120_E1237N0679,EPSG:32611,-119.20371771729198,37.0622343997353,304068.4465129827,4104047.802848522,6336000.0,3479040.0,11SKB,1,projects/neon-prod-earthengine/assets/HSI_REFL/001/2019_SOAP_4,2019-06-11,0.0
NA5120_E1361N0534,EPSG:32612,-110.94552735409772,31.833547591521924,505154.50640777504,3521987.2342470107,6970880.0,2736640.0,12SVA,1,projects/neon-prod-earthengine/assets/HSI_REFL/001/2019_SRER_3,2019-09-01,0.09615384615384616
NA5120_E1362N0533,EPSG:32612,-110.88530256095152,31.795882086357963,510857.7214534506,3517816.85284724,6976000.0,2731520.0,12SWA,1,projects/neon-prod-earthengine/assets/HSI_REFL/001/2019_SRER_3,2019-09-01,0.0
NA5120_E1362N0534,EPSG:32612,-110.89320645889448,31.84124828243387,510104.56483958464,3522844.4515345558,6976000.0,2736640.0,12SWA,1,projects/neon-prod-earthengine/assets/HSI_REFL/001/2019_SRER_3,2019-09-01,0.0
NA5120_E1362N0535,EPSG:32612,-110.90112377979189,31.886612920035653,509350.864609819,3527871.965484011,6976000.0,2741760.0,12SWA,1,projects/neon-prod-earthengine/assets/HSI_REFL/001/2019_SRER_3,2019-09-01,0.0
NA5120_E1363N0533,EPSG:32612,-110.8330005971151,31.803547108050758,515807.5363841208,3518672.8504215693,6981120.0,2731520.0,12SWA,1,projects/neon-prod-earthengine/assets/HSI_REFL/001/2019_SRER_3,2019-09-01,0.0
NA5120_E1363N0534,EPSG:32612,-110.8408753305248,31.84891950227035,515054.7773915216,3523700.790957985,6981120.0,2736640.0,12SWA,1,projects/neon-prod-earthengine/assets/HSI_REFL/001/2019_SRER_3,2019-09-01,0.0
NA5120_E1363N0535,EPSG:32612,-110.84876344045517,31.89429034718008,514301.4738552236,3528728.646211973,6981120.0,2741760.0,12SWA,1,projects/neon-prod-earthengine/assets/HSI_REFL/001/2019_SRER_3,2019-09-01,0.0
NA5120_E1364N0533,EPSG:32612,-110.78068846045136,31.811182668685944,520757.5089275147,3519527.9692332386,6986240.0,2731520.0,12SWA,1,projects/neon-prod-earthengine/assets/HSI_REFL/001/2019_SRER_3,2019-09-01,0.0
NA5120_E1364N0534,EPSG:32612,-110.78853400377761,31.85656123877582,520005.14683264075,3524556.253498054,6986240.0,2736640.0,12SWA,1,projects/neon-prod-earthengine/assets/HSI_REFL/001/2019_SRER_3,2019-09-01,0.0
NA5120_E1364N0535,EPSG:32612,-110.7963928771139,31.90193826869109,519252.2392653765,3529584.451936191,6986240.0,2741760.0,12SWA,1,projects/neon-prod-earthengine/assets/HSI_REFL/001/2019_SRER_3,2019-09-01,0.0641025641025641
NA5120_E1801N0548,EPSG:32616,-87.41182602268786,32.91458924156657,461491.7677588154,3641893.5660184575,9223680.0,2808320.0,16SDB,1,projects/neon-prod-earthengine/assets/HSI_REFL/001/2019_TALL_5,2019-04-27,0.0
NA5120_E1801N0549,EPSG:32616,-87.40569243208498,32.96029239763426,462084.80625560496,3646958.000356317,9223680.0,2813440.0,16SDB,1,projects/neon-prod-earthengine/assets/HSI_REFL/001/2019_TALL_5,2019-04-27,0.0
NA5120_E1494N0713,EPSG:32613,-104.7284481647661,40.814691553231434,522901.7805693787,4518221.870780458,7651840.0,3653120.0,13TEF,1,projects/neon-prod-earthengine/assets/HSI_REFL/001/2020_CPER_5,2020-06-14,0.0
NA5120_E1494N0714,EPSG:32613,-104.73382825283086,40.86054433358505,522432.57881444955,4523310.436971391,7651840.0,3658240.0,13TEF,1,projects/neon-prod-earthengine/assets/HSI_REFL/001/2020_CPER_5,2020-06-14,2.1914648212226067
NA5120_E1478N0698,EPSG:32613,-105.59829175711323,40.05375733143643,448969.90451506857,4433895.238748319,7569920.0,3576320.0,13TDE,1,projects/neon-prod-earthengine/assets/HSI_REFL/001/2020_NIWO_4,2020-07-20,0.0
NA5120_E1479N0697,EPSG:32613,-105.5331733702027,40.012785523902956,454496.8554738138,4429312.416383037,7575040.0,3571200.0,13TDE,1,projects/neon-prod-earthengine/assets/HSI_REFL/001/2020_NIWO_4,2020-07-20,0.0
NA5120_E1480N0700,EPSG:32613,-105.4914045261092,40.15499181172191,458148.7607800604,4445075.759657461,7580160.0,3586560.0,13TDE,1,projects/neon-prod-earthengine/assets/HSI_REFL/001/2020_RMNP_3,2020-06-27,5.179982440737489
NA5120_E1480N0701,EPSG:32613,-105.49724830426538,40.20079533590039,457679.53039137577,4450162.460996473,7580160.0,3591680.0,13TDE,1,projects/neon-prod-earthengine/assets/HSI_REFL/001/2020_RMNP_3,2020-06-27,0.0
NA5120_E1480N0702,EPSG:32613,-105.50310337193041,40.24659794107776,457210.03576152516,4455249.140094046,7580160.0,3596800.0,13TDE,1,projects/neon-prod-earthengine/assets/HSI_REFL/001/2020_RMNP_3,2020-06-27,0.0
NA5120_E1412N0815,EPSG:32612,-110.62078548759833,44.96085763947063,529908.2475609473,4978672.133515896,7232000.0,4175360.0,12TWQ,1,projects/neon-prod-earthengine/assets/HSI_REFL/001/2020_YELL_3,2020-07-05,8.57843137254902
NA5120_E1413N0814,EPSG:32612,-110.54618345836433,44.923620643133916,535815.1755843486,4974565.84138546,7237120.0,4170240.0,12TWQ,1,projects/neon-prod-earthengine/assets/HSI_REFL/001/2020_YELL_3,2020-07-05,0.0
NA5120_E1413N0815,EPSG:32612,-110.55700083151451,44.9688461276593,534934.0274192949,4979585.054336865,7237120.0,4175360.0,12TWQ,1,projects/neon-prod-earthengine/assets/HSI_REFL/001/2020_YELL_3,2020-07-05,3.8995726495726495
NA5120_E1414N0814,EPSG:32612,-110.48243046551079,44.931562736042366,540840.9302695895,4975478.215286778,7242240.0,4170240.0,12TWQ,1,projects/neon-prod-earthengine/assets/HSI_REFL/001/2020_YELL_3,2020-07-05,4.901960784313726
NA5120_E1415N0814,EPSG:32612,-110.41865929371761,44.93946657809392,545866.7623412407,4976390.305350148,7247360.0,4170240.0,12TWQ,1,projects/neon-prod-earthengine/assets/HSI_REFL/001/2020_YELL_3,2020-07-05,0.8986928104575163
NA5120_E1242N0877,EPSG:32610,-122.35353102481199,45.74359704491627,550288.2756978411,5065763.20573849,6361600.0,4492800.0,10TER,1,projects/neon-prod-earthengine/assets/HSI_REFL/001/2021_ABBY_4,2021-07-19,0.0
NA5120_E1243N0877,EPSG:32610,-122.2913571795035,45.758600711648256,555109.9519185104,5067471.105404847,6366720.0,4492800.0,10TER,1,projects/neon-prod-earthengine/assets/HSI_REFL/001/2021_ABBY_4,2021-07-19,0.0
NA5120_E1194N1400,EPSG:32606,-147.60897280258578,65.14055041333378,471434.19954146934,7224256.53787991,6115840.0,7170560.0,06WVT,1,projects/neon-prod-earthengine/assets/HSI_REFL/001/2021_BONA_4,2021-07-13,0.0
NA5120_E1195N1399,EPSG:32606,-147.45473334555072,65.138969539431,478667.90678962873,7224019.414693162,6120960.0,7165440.0,06WVT,1,projects/neon-prod-earthengine/assets/HSI_REFL/001/2021_BONA_4,2021-07-13,0.0
NA5120_E1195N1400,EPSG:32606,-147.53026163901657,65.17094886550291,475154.775890875,7227611.056272239,6120960.0,7170560.0,06WVT,1,projects/neon-prod-earthengine/assets/HSI_REFL/001/2021_BONA_4,2021-07-13,0.0
NA5120_E1195N1401,EPSG:32606,-147.60598555308084,65.20288441720609,471641.00750980125,7231202.09992658,6120960.0,7175680.0,06WVT,1,projects/neon-prod-earthengine/assets/HSI_REFL/001/2021_BONA_4,2021-07-13,0.0
NA5120_E1196N1400,EPSG:32606,-147.45138390590205,65.20131208110028,478874.709089022,7230966.259468111,6126080.0,7170560.0,06WVT,1,projects/neon-prod-earthengine/assets/HSI_REFL/001/2021_BONA_4,2021-07-13,0.0
NA5120_E1196N1401,EPSG:32606,-147.52711323135378,65.23328715280579,475360.314703607,7234557.29767973,6126080.0,7175680.0,06WVT,1,projects/neon-prod-earthengine/assets/HSI_REFL/001/2021_BONA_4,2021-07-13,6.0119915734889
NA5120_E1611N0546,EPSG:32614,-97.64614693030559,33.37097878824861,625944.0521368855,3693233.4801036874,8250880.0,2798080.0,14SPB,1,projects/neon-prod-earthengine/assets/HSI_REFL/001/2021_CLBJ_5,2021-06-19,0.0
NA5120_E1612N0546,EPSG:32614,-97.59208957295374,33.37104797051992,630973.1039415916,3693307.8351263576,8256000.0,2798080.0,14SPB,1,projects/neon-prod-earthengine/assets/HSI_REFL/001/2021_CLBJ_5,2021-06-19,0.0
NA5120_E1494N0713,EPSG:32613,-104.7284481647661,40.814691553231434,522901.7805693787,4518221.870780458,7651840.0,3653120.0,13TEF,1,projects/neon-prod-earthengine/assets/HSI_REFL/001/2021_CPER_8,2021-05-25,0.0
NA5120_E1494N0714,EPSG:32613,-104.73382825283086,40.86054433358505,522432.57881444955,4523310.436971391,7651840.0,3658240.0,13TEF,1,projects/neon-prod-earthengine/assets/HSI_REFL/001/2021_CPER_8,2021-05-25,7.468281430219147
NA5120_E1163N1390,EPSG:32606,-149.2250908889932,63.87197552606756,390685.11775810155,7084654.227494199,5957120.0,7119360.0,05VPL,1,projects/neon-prod-earthengine/assets/HSI_REFL/001/2021_HEAL_4,2021-07-12,0.0
NA5120_E1164N1390,EPSG:32606,-149.15118662590893,63.903027594880264,394431.5017316815,7087988.381597155,5962240.0,7119360.0,05VPL,1,projects/neon-prod-earthengine/assets/HSI_REFL/001/2021_HEAL_4,2021-07-12,4.783637592968222
NA5120_E1859N0521,EPSG:32616,-84.54156259480355,31.299499820480666,733993.9035933707,3465403.7958233356,9520640.0,2670080.0,16RGV,1,projects/neon-prod-earthengine/assets/HSI_REFL/001/2021_JERC_6,2021-09-05,0.0
NA5120_E1860N0519,EPSG:32616,-84.50469582267925,31.201227422216203,737750.243509446,3454586.3951119063,9525760.0,2659840.0,16RGV,1,projects/neon-prod-earthengine/assets/HSI_REFL/001/2021_JERC_6,2021-09-05,6.25
NA5120_E1860N0520,EPSG:32616,-84.49713131854219,31.246647682934473,738357.0810065159,3459638.8151043216,9525760.0,2664960.0,16RGV,1,projects/neon-prod-earthengine/assets/HSI_REFL/001/2021_JERC_6,2021-09-05,0.0
NA5120_E1860N0521,EPSG:32616,-84.48955404059728,31.292066475939787,738964.2988275888,3464691.205381583,9525760.0,2670080.0,16RGV,1,projects/neon-prod-earthengine/assets/HSI_REFL/001/2021_JERC_6,2021-09-05,0.0
NA5120_E1861N0519,EPSG:32616,-84.4527542989953,31.19377678925561,742719.7264175967,3453873.1973528373,9530880.0,2659840.0,16RGV,1,projects/neon-prod-earthengine/assets/HSI_REFL/001/2021_JERC_6,2021-09-05,0.0
NA5120_E1861N0520,EPSG:32616,-84.44516116361943,31.239191074548014,743327.0286486651,3458925.4443611503,9530880.0,2664960.0,16RGV,1,projects/neon-prod-earthengine/assets/HSI_REFL/001/2021_JERC_6,2021-09-05,0.0
NA5120_E1861N0521,EPSG:32616,-84.43755520892354,31.28460388337626,743934.7102556005,3463977.6621068376,9530880.0,2670080.0,16RGV,1,projects/neon-prod-earthengine/assets/HSI_REFL/001/2021_JERC_6,2021-09-05,0.0
NA5120_E1862N0519,EPSG:32616,-84.4008224833355,31.186296963955183,747689.2270452842,3453159.0420432617,9536000.0,2659840.0,16RGV,1,projects/neon-prod-earthengine/assets/HSI_REFL/001/2021_JERC_6,2021-09-05,5.3506148222000665
NA5120_E1862N0520,EPSG:32616,-84.39320074096231,31.23170525186033,748296.9946489134,3458211.1179749803,9536000.0,2664960.0,16RGV,1,projects/neon-prod-earthengine/assets/HSI_REFL/001/2021_JERC_6,2021-09-05,0.0
NA5120_E1438N0541,EPSG:32613,-106.92912179749374,32.65980608772537,319086.6904753739,3615217.996162359,7365120.0,2772480.0,13SCS,1,projects/neon-prod-earthengine/assets/HSI_REFL/001/2021_JORN_4,2021-08-26,0.0
NA5120_E1438N0542,EPSG:32613,-106.934820409403,32.70557041246887,318644.75453615247,3620302.1209812304,7365120.0,2777600.0,13SCS,1,projects/neon-prod-earthengine/assets/HSI_REFL/001/2021_JORN_4,2021-08-26,3.310832529733205
NA5120_E1439N0539,EPSG:32613,-106.86459647343686,32.57369548893741,324971.25742027094,3605562.0517127593,7370240.0,2762240.0,13SCS,1,projects/neon-prod-earthengine/assets/HSI_REFL/001/2021_JORN_4,2021-08-26,7.435897435897436
NA5120_E1439N0540,EPSG:32613,-106.87024424270157,32.61946621105844,324530.2990959557,3610646.3215150214,7370240.0,2767360.0,13SCS,1,projects/neon-prod-earthengine/assets/HSI_REFL/001/2021_JORN_4,2021-08-26,7.39312118289939
NA5120_E1439N0541,EPSG:32613,-106.87590178254669,32.665235979505766,324089.0740536583,3615730.576852759,7370240.0,2772480.0,13SCS,1,projects/neon-prod-earthengine/assets/HSI_REFL/001/2021_JORN_4,2021-08-26,0.0
NA5120_E1440N0539,EPSG:32613,-106.81143138805477,32.57908601469409,329972.72952402325,3606073.497210891,7375360.0,2762240.0,13SCS,1,projects/neon-prod-earthengine/assets/HSI_REFL/001/2021_JORN_4,2021-08-26,0.0
NA5120_E1440N0540,EPSG:32613,-106.81704796350522,32.624861187129696,329532.2171811937,3611157.8857770227,7375360.0,2767360.0,13SCS,1,projects/neon-prod-earthengine/assets/HSI_REFL/001/2021_JORN_4,2021-08-26,0.0
NA5120_E1440N0541,EPSG:32613,-106.82267425718628,32.67063541269458,329091.43711336795,3616242.259540613,7375360.0,2772480.0,13SCS,1,projects/neon-prod-earthengine/assets/HSI_REFL/001/2021_JORN_4,2021-08-26,6.782385085181613
NA5120_E1441N0540,EPSG:32613,-106.76384423300026,32.630225719953074,334534.1181287721,3611668.5507001188,7380480.0,2767360.0,13SCS,1,projects/neon-prod-earthengine/assets/HSI_REFL/001/2021_JORN_4,2021-08-26,7.745098039215686
NA5120_E1585N0589,EPSG:32614,-99.09413506984633,35.342369622175006,491445.95064299594,3911015.693259932,8117760.0,3018240.0,14SME,1,projects/neon-prod-earthengine/assets/HSI_REFL/001/2021_OAES_5,2021-06-22,0.0
NA5120_E1585N0590,EPSG:32614,-99.09516704491071,35.38850588309924,491357.0940160986,3916132.4304857138,8117760.0,3023360.0,14SME,1,projects/neon-prod-earthengine/assets/HSI_REFL/001/2021_OAES_5,2021-06-22,0.0
NA5120_E1912N0495,EPSG:32617,-82.02937834406484,29.692833512283634,400411.7693653469,3285192.7822099244,9792000.0,2536960.0,17RLN,1,projects/neon-prod-earthengine/assets/HSI_REFL/001/2021_OSBS_6,2021-08-31,0.0
NA5120_E1913N0494,EPSG:32617,-81.98730730056577,29.63892638994838,404431.2340163172,3279183.7949529234,9797120.0,2531840.0,17RLN,1,projects/neon-prod-earthengine/assets/HSI_REFL/001/2021_OSBS_6,2021-08-31,3.617992177314211
NA5120_E1913N0495,EPSG:32617,-81.97862738510207,29.684048255427275,405313.7363951855,3284176.6522160387,9797120.0,2536960.0,17RLN,1,projects/neon-prod-earthengine/assets/HSI_REFL/001/2021_OSBS_6,2021-08-31,0.0
NA5120_E1913N0496,EPSG:32617,-81.96993315960475,29.72916824983061,406196.9280829108,3289169.3733612294,9797120.0,2542080.0,17RLN,1,projects/neon-prod-earthengine/assets/HSI_REFL/001/2021_OSBS_6,2021-08-31,8.873379860418744
NA5120_E1967N0714,EPSG:32618,-76.58979840081254,38.89441484549036,362128.4205379884,4306260.971004153,10073600.0,3658240.0,18SUJ,1,projects/neon-prod-earthengine/assets/HSI_REFL/001/2021_SERC_5,2021-08-11,0.0
NA5120_E1968N0714,EPSG:32618,-76.53330071961338,38.88207446266876,367005.29138756974,4304807.5963218,10078720.0,3658240.0,18SUJ,1,projects/neon-prod-earthengine/assets/HSI_REFL/001/2021_SERC_5,2021-08-11,0.0
NA5120_E1228N0682,EPSG:32611,-119.741311983188,37.07841723162655,256313.93843769428,4107087.735670382,6289920.0,3494400.0,10SGG,1,projects/neon-prod-earthengine/assets/HSI_REFL/001/2021_SJER_5,2021-03-31,0.0
NA5120_E1228N0683,EPSG:32611,-119.75617436964487,37.122234376699744,255133.685255449,4111988.3925380283,6289920.0,3499520.0,10SGG,1,projects/neon-prod-earthengine/assets/HSI_REFL/001/2021_SJER_5,2021-03-31,1.4093137254901962
NA5120_E1236N0678,EPSG:32611,-119.2440829000528,37.00562459592333,300330.8451279858,4097850.5304439072,6330880.0,3473920.0,11SKB,1,projects/neon-prod-earthengine/assets/HSI_REFL/001/2021_SOAP_5,2021-07-12,0.0
NA5120_E1236N0679,EPSG:32611,-119.25859430233899,37.04954570017534,299155.24369540846,4102754.4700977015,6330880.0,3479040.0,11SKB,1,projects/neon-prod-earthengine/assets/HSI_REFL/001/2021_SOAP_5,2021-07-12,0.0
NA5120_E1237N0679,EPSG:32611,-119.20371771729198,37.0622343997353,304068.4465129827,4104047.802848522,6336000.0,3479040.0,11SKB,1,projects/neon-prod-earthengine/assets/HSI_REFL/001/2021_SOAP_5,2021-07-12,0.0
NA5120_E1361N0533,EPSG:32612,-110.93759431725105,31.788187615835874,505908.06136762694,3516959.975530469,6970880.0,2731520.0,12SVA,1,projects/neon-prod-earthengine/assets/HSI_REFL/001/2021_SRER_4,2021-08-23,3.823529411764706
NA5120_E1361N0534,EPSG:32612,-110.94552735409772,31.833547591521924,505154.50640777504,3521987.2342470107,6970880.0,2736640.0,12SVA,1,projects/neon-prod-earthengine/assets/HSI_REFL/001/2021_SRER_4,2021-08-23,0.0
NA5120_E1362N0532,EPSG:32612,-110.87741205652863,31.75051433493746,511610.3340084088,3512789.1693388447,6976000.0,2726400.0,12SWA,1,projects/neon-prod-earthengine/assets/HSI_REFL/001/2021_SRER_4,2021-08-23,0.0
NA5120_E1362N0533,EPSG:32612,-110.88530256095152,31.795882086357963,510857.7214534506,3517816.85284724,6976000.0,2731520.0,12SWA,1,projects/neon-prod-earthengine/assets/HSI_REFL/001/2021_SRER_4,2021-08-23,0.0
NA5120_E1362N0534,EPSG:32612,-110.89320645889448,31.84124828243387,510104.56483958464,3522844.4515345558,6976000.0,2736640.0,12SWA,1,projects/neon-prod-earthengine/assets/HSI_REFL/001/2021_SRER_4,2021-08-23,0.0
NA5120_E1362N0535,EPSG:32612,-110.90112377979189,31.886612920035653,509350.864609819,3527871.965484011,6976000.0,2741760.0,12SWA,1,projects/neon-prod-earthengine/assets/HSI_REFL/001/2021_SRER_4,2021-08-23,0.0
NA5120_E1363N0532,EPSG:32612,-110.82513921088189,31.7581731676299,516559.7503898245,3513644.8245201884,6981120.0,2726400.0,12SWA,1,projects/neon-prod-earthengine/assets/HSI_REFL/001/2021_SRER_4,2021-08-23,0.1282051282051282
NA5120_E1363N0533,EPSG:32612,-110.8330005971151,31.803547108050758,515807.5363841208,3518672.8504215693,6981120.0,2731520.0,12SWA,1,projects/neon-prod-earthengine/assets/HSI_REFL/001/2021_SRER_4,2021-08-23,0.0
NA5120_E1363N0534,EPSG:32612,-110.8408753305248,31.84891950227035,515054.7773915216,3523700.790957985,6981120.0,2736640.0,12SWA,1,projects/neon-prod-earthengine/assets/HSI_REFL/001/2021_SRER_4,2021-08-23,0.0
NA5120_E1363N0535,EPSG:32612,-110.84876344045517,31.89429034718008,514301.4738552236,3528728.646211973,6981120.0,2741760.0,12SWA,1,projects/neon-prod-earthengine/assets/HSI_REFL/001/2021_SRER_4,2021-08-23,0.0
NA5120_E1364N0533,EPSG:32612,-110.78068846045136,31.811182668685944,520757.5089275147,3519527.9692332386,6986240.0,2731520.0,12SWA,1,projects/neon-prod-earthengine/assets/HSI_REFL/001/2021_SRER_4,2021-08-23,0.8333333333333334
NA5120_E1364N0534,EPSG:32612,-110.78853400377761,31.85656123877582,520005.14683264075,3524556.253498054,6986240.0,2736640.0,12SWA,1,projects/neon-prod-earthengine/assets/HSI_REFL/001/2021_SRER_4,2021-08-23,0.0
NA5120_E1364N0535,EPSG:32612,-110.7963928771139,31.90193826869109,519252.2392653765,3529584.451936191,6986240.0,2741760.0,12SWA,1,projects/neon-prod-earthengine/assets/HSI_REFL/001/2021_SRER_4,2021-08-23,0.0
NA5120_E1801N0548,EPSG:32616,-87.41182602268786,32.91458924156657,461491.7677588154,3641893.5660184575,9223680.0,2808320.0,16SDB,1,projects/neon-prod-earthengine/assets/HSI_REFL/001/2021_TALL_6,2021-04-26,0.0
NA5120_E1801N0549,EPSG:32616,-87.40569243208498,32.96029239763426,462084.80625560496,3646958.000356317,9223680.0,2813440.0,16SDB,1,projects/neon-prod-earthengine/assets/HSI_REFL/001/2021_TALL_6,2021-04-26,0.0
NA5120_E1242N0877,EPSG:32610,-122.35353102481199,45.74359704491627,550288.2756978411,5065763.20573849,6361600.0,4492800.0,10TER,1,projects/neon-prod-earthengine/assets/HSI_REFL/002/2022_ABBY_5,2022-07-11,0.0
NA5120_E1243N0877,EPSG:32610,-122.2913571795035,45.758600711648256,555109.9519185104,5067471.105404847,6366720.0,4492800.0,10TER,1,projects/neon-prod-earthengine/assets/HSI_REFL/002/2022_ABBY_5,2022-07-11,0.0
NA5120_E1529N0686,EPSG:32613,-102.52152168199805,39.70306558011259,712488.0097628528,4397738.1342278235,7831040.0,3514880.0,13TGE,1,projects/neon-prod-earthengine/assets/HSI_REFL/002/2022_ARIK_4,2022-07-07,0.0
NA5120_E1529N0687,EPSG:32613,-102.52515417575039,39.74905874633999,712035.5184533534,4402834.959278351,7831040.0,3520000.0,13TGE,1,projects/neon-prod-earthengine/assets/HSI_REFL/002/2022_ARIK_4,2022-07-07,0.0
NA5120_E1530N0686,EPSG:32613,-102.46239313724989,39.70605216924047,717548.5145054545,4398211.520345865,7836160.0,3514880.0,13TGE,1,projects/neon-prod-earthengine/assets/HSI_REFL/002/2022_ARIK_4,2022-07-07,6.906643254316652
NA5120_E1530N0687,EPSG:32613,-102.46598319302346,39.75204813574228,717096.2773125692,4403308.597808188,7836160.0,3520000.0,13TGE,1,projects/neon-prod-earthengine/assets/HSI_REFL/002/2022_ARIK_4,2022-07-07,0.46824700029265437
NA5120_E2017N0849,EPSG:32619,-71.30077415201889,44.058693125720204,315717.7153769953,4880965.478363737,10329600.0,4349440.0,18TYP,1,projects/neon-prod-earthengine/assets/HSI_REFL/002/2022_BART_6,2022-08-19,0.0
NA5120_E2018N0848,EPSG:32619,-71.26168122818925,44.000297056541754,318670.90667276,4874392.60278611,10334720.0,4344320.0,18TYP,1,projects/neon-prod-earthengine/assets/HSI_REFL/002/2022_BART_6,2022-08-19,3.9815817984832065
NA5120_E2018N0849,EPSG:32619,-71.24078308072117,44.0429880783581,320475.37313091767,4879088.591556116,10334720.0,4349440.0,18TYP,1,projects/neon-prod-earthengine/assets/HSI_REFL/002/2022_BART_6,2022-08-19,0.0
NA5120_E1942N0711,EPSG:32617,-78.05020386883292,39.05957390412228,755237.138718446,4327529.743293701,9945600.0,3642880.0,17SQD,1,projects/neon-prod-earthengine/assets/HSI_REFL/002/2022_BLAN_5,2022-05-21,0.4079254079254079
NA5120_E1942N0712,EPSG:32617,-78.0364929060624,39.103893529885035,756263.1653956482,4332487.989448091,9945600.0,3648000.0,17SQD,1,projects/neon-prod-earthengine/assets/HSI_REFL/002/2022_BLAN_5,2022-05-21,0.0
NA5120_E1943N0712,EPSG:32618,-77.97955027192289,39.092376247561084,242307.31054154373,4331254.955930331,9950720.0,3648000.0,17SQD,1,projects/neon-prod-earthengine/assets/HSI_REFL/002/2022_BLAN_5,2022-05-21,0.0
NA5120_E1611N0546,EPSG:32614,-97.64614693030559,33.37097878824861,625944.0521368855,3693233.4801036874,8250880.0,2798080.0,14SPB,1,projects/neon-prod-earthengine/assets/HSI_REFL/002/2022_CLBJ_6,2022-05-06,0.09643201542912247
NA5120_E1612N0546,EPSG:32614,-97.59208957295374,33.37104797051992,630973.1039415916,3693307.8351263576,8256000.0,2798080.0,14SPB,1,projects/neon-prod-earthengine/assets/HSI_REFL/002/2022_CLBJ_6,2022-05-06,0.0
NA5120_E1862N0617,EPSG:32617,-83.58815521373354,35.62877077307547,265621.5671535979,3945859.926418435,9536000.0,3161600.0,17SKV,1,projects/neon-prod-earthengine/assets/HSI_REFL/002/2022_GRSM_7,2022-09-23,0.0
NA5120_E1862N0618,EPSG:32617,-83.5791253671715,35.67401819790959,266571.2686234509,3950858.379278738,9536000.0,3166720.0,17SKV,1,projects/neon-prod-earthengine/assets/HSI_REFL/002/2022_GRSM_7,2022-09-23,0.0
NA5120_E1863N0616,EPSG:32617,-83.54224939926206,35.57538447226941,269626.5116538632,3939828.5872878516,9541120.0,3156480.0,17SKV,1,projects/neon-prod-earthengine/assets/HSI_REFL/002/2022_GRSM_7,2022-09-23,1.8985371926548398
NA5120_E1863N0617,EPSG:32617,-83.53320215617227,35.62062673229746,270575.790008912,3944826.7289147885,9541120.0,3161600.0,17SKV,1,projects/neon-prod-earthengine/assets/HSI_REFL/002/2022_GRSM_7,2022-09-23,0.0
NA5120_E1863N0618,EPSG:32617,-83.52413882536106,35.66586716960197,271525.7355120389,3949824.7141544865,9541120.0,3166720.0,17SKV,1,projects/neon-prod-earthengine/assets/HSI_REFL/002/2022_GRSM_7,2022-09-23,0.0
NA5120_E1864N0617,EPSG:32617,-83.47826165653521,35.612451232127064,275529.73556536925,3943792.8837036784,9546240.0,3161600.0,17SKV,1,projects/neon-prod-earthengine/assets/HSI_REFL/002/2022_GRSM_7,2022-09-23,0.0
NA5120_E1864N0618,EPSG:32617,-83.4691648744921,35.65768465693955,276479.926002797,3948790.40319033,9546240.0,3166720.0,17SKV,1,projects/neon-prod-earthengine/assets/HSI_REFL/002/2022_GRSM_7,2022-09-23,0.0
NA5120_E1864N0619,EPSG:32617,-83.46005191146189,35.70291624404218,277430.7821201011,3953787.7671151687,9546240.0,3171840.0,17SKV,1,projects/neon-prod-earthengine/assets/HSI_REFL/002/2022_GRSM_7,2022-09-23,0.3112356053532524
NA5120_E1865N0618,EPSG:32617,-83.4142035569276,35.64947067472268,281433.84290383186,3947755.4452260872,9551360.0,3166720.0,17SKV,1,projects/neon-prod-earthengine/assets/HSI_REFL/002/2022_GRSM_7,2022-09-23,0.0
NA5120_E1865N0619,EPSG:32617,-83.40505712079832,35.69469521325186,282384.94396728894,3952752.345971402,9551360.0,3171840.0,17SKV,1,projects/neon-prod-earthengine/assets/HSI_REFL/002/2022_GRSM_7,2022-09-23,0.0
NA5120_E2274N0333,EPSG:32619,-66.87108568644905,17.990274067794655,725427.0628418749,1990403.4290000403,11645440.0,1707520.0,19QGV,1,projects/neon-prod-earthengine/assets/HSI_REFL/002/2022_GUAN_2,2022-10-21,0.0
NA5120_E2275N0333,EPSG:32619,-66.82777856666634,17.97418468541221,730035.4086171989,1988675.5295450343,11650560.0,1707520.0,19QGV,1,projects/neon-prod-earthengine/assets/HSI_REFL/002/2022_GUAN_2,2022-10-21,0.0
NA5120_E2014N0810,EPSG:32618,-72.26147202832067,42.43356818610988,725260.1085451264,4701550.387121961,10314240.0,4149760.0,18TYN,1,projects/neon-prod-earthengine/assets/HSI_REFL/002/2022_HARV_7,2022-08-03,8.269394714407502
NA5120_E2014N0811,EPSG:32618,-72.24217178432893,42.47655951365485,726692.5434356346,4706375.965894271,10314240.0,4154880.0,18TYN,1,projects/neon-prod-earthengine/assets/HSI_REFL/002/2022_HARV_7,2022-08-03,0.0
NA5120_E2014N0812,EPSG:32618,-72.2228351637432,42.51954480000945,728125.6852333196,4711201.374977781,10314240.0,4160000.0,18TYN,1,projects/neon-prod-earthengine/assets/HSI_REFL/002/2022_HARV_7,2022-08-03,0.0
NA5120_E2014N0813,EPSG:32618,-72.20346207473575,42.56252402970656,729559.5331952453,4716026.614785149,10314240.0,4165120.0,18TYN,1,projects/neon-prod-earthengine/assets/HSI_REFL/002/2022_HARV_7,2022-08-03,2.4154589371980677
NA5120_E2015N0810,EPSG:32618,-72.20280177762291,42.41852347113441,730141.4982606214,4700037.122272774,10319360.0,4149760.0,18TYN,1,projects/neon-prod-earthengine/assets/HSI_REFL/002/2022_HARV_7,2022-08-03,0.0
NA5120_E2015N0811,EPSG:32618,-72.18346602144412,42.46150088778802,731574.0295891216,4704862.362274187,10319360.0,4154880.0,18TYN,1,projects/neon-prod-earthengine/assets/HSI_REFL/002/2022_HARV_7,2022-08-03,0.0
NA5120_E2015N0812,EPSG:32618,-72.16409384363574,42.50447224037963,733007.2672856918,4709687.433611651,10319360.0,4160000.0,18TYN,1,projects/neon-prod-earthengine/assets/HSI_REFL/002/2022_HARV_7,2022-08-03,0.0
NA5120_E2015N0813,EPSG:32618,-72.14468515234222,42.547437513389426,734441.210608064,4714512.3366984045,10319360.0,4165120.0,18TYN,1,projects/neon-prod-earthengine/assets/HSI_REFL/002/2022_HARV_7,2022-08-03,7.282913165266107
NA5120_E1438N0541,EPSG:32613,-106.92912179749374,32.65980608772537,319086.6904753739,3615217.996162359,7365120.0,2772480.0,13SCS,1,projects/neon-prod-earthengine/assets/HSI_REFL/002/2022_JORN_5,2022-09-04,0.0
NA5120_E1438N0542,EPSG:32613,-106.934820409403,32.70557041246887,318644.75453615247,3620302.1209812304,7365120.0,2777600.0,13SCS,1,projects/neon-prod-earthengine/assets/HSI_REFL/002/2022_JORN_5,2022-09-04,0.0
NA5120_E1439N0539,EPSG:32613,-106.86459647343686,32.57369548893741,324971.25742027094,3605562.0517127593,7370240.0,2762240.0,13SCS,1,projects/neon-prod-earthengine/assets/HSI_REFL/002/2022_JORN_5,2022-09-04,7.33974358974359
NA5120_E1439N0540,EPSG:32613,-106.87024424270157,32.61946621105844,324530.2990959557,3610646.3215150214,7370240.0,2767360.0,13SCS,1,projects/neon-prod-earthengine/assets/HSI_REFL/002/2022_JORN_5,2022-09-04,7.457409193185471
NA5120_E1439N0541,EPSG:32613,-106.87590178254669,32.665235979505766,324089.0740536583,3615730.576852759,7370240.0,2772480.0,13SCS,1,projects/neon-prod-earthengine/assets/HSI_REFL/002/2022_JORN_5,2022-09-04,0.0
NA5120_E1440N0539,EPSG:32613,-106.81143138805477,32.57908601469409,329972.72952402325,3606073.497210891,7375360.0,2762240.0,13SCS,1,projects/neon-prod-earthengine/assets/HSI_REFL/002/2022_JORN_5,2022-09-04,0.0
NA5120_E1440N0540,EPSG:32613,-106.81704796350522,32.624861187129696,329532.2171811937,3611157.8857770227,7375360.0,2767360.0,13SCS,1,projects/neon-prod-earthengine/assets/HSI_REFL/002/2022_JORN_5,2022-09-04,0.0
NA5120_E1440N0541,EPSG:32613,-106.82267425718628,32.67063541269458,329091.43711336795,3616242.259540613,7375360.0,2772480.0,13SCS,1,projects/neon-prod-earthengine/assets/HSI_REFL/002/2022_JORN_5,2022-09-04,6.846673095467695
NA5120_E1629N0670,EPSG:32614,-96.60238179643045,39.08851158715089,707367.584365901,4329335.463781447,8343040.0,3432960.0,14SQJ,1,projects/neon-prod-earthengine/assets/HSI_REFL/002/2022_KONZ_7,2022-06-13,0.0
NA5120_E1629N0671,EPSG:32614,-96.60174238172824,39.13462655467564,707287.6608057002,4334455.374249515,8343040.0,3438080.0,14SQJ,1,projects/neon-prod-earthengine/assets/HSI_REFL/002/2022_KONZ_7,2022-06-13,0.8748114630467572
NA5120_E1630N0670,EPSG:32614,-96.54370576172083,39.08795824917263,712444.7122405297,4329409.683011861,8348160.0,3432960.0,14SQJ,1,projects/neon-prod-earthengine/assets/HSI_REFL/002/2022_KONZ_7,2022-06-13,0.0
NA5120_E1630N0671,EPSG:32614,-96.54302456105758,39.13407270246588,712365.0910819,4334529.715316997,8348160.0,3438080.0,14SQJ,1,projects/neon-prod-earthengine/assets/HSI_REFL/002/2022_KONZ_7,2022-06-13,3.535353535353535
NA5120_E2270N0333,EPSG:32619,-67.04443362796798,18.054427469326427,706990.4676127895,1997302.2689434916,11624960.0,1707520.0,19QGA,1,projects/neon-prod-earthengine/assets/HSI_REFL/002/2022_LAJA_2,2022-11-02,8.962264150943396
NA5120_E1631N0667,EPSG:32614,-96.48719145500232,38.94902592300753,717759.3250565998,4314122.804297642,8353280.0,3417600.0,14SQJ,1,projects/neon-prod-earthengine/assets/HSI_REFL/002/2022_MCDI_3,2022-06-14,6.468531468531468
NA5120_E1908N0665,EPSG:32617,-80.54664734986183,37.37429719715191,540139.0632271835,4136492.085378991,9771520.0,3407360.0,17SNB,1,projects/neon-prod-earthengine/assets/HSI_REFL/002/2022_MLBS_5,2022-09-21,0.0
NA5120_E1908N0666,EPSG:32617,-80.53517404524938,37.419078588048684,541130.4166826316,4141465.1483827857,9771520.0,3412480.0,17SNB,1,projects/neon-prod-earthengine/assets/HSI_REFL/002/2022_MLBS_5,2022-09-21,5.330882352941177
NA5120_E1909N0665,EPSG:32617,-80.49072646356413,37.36431864044983,545096.2074551338,4135410.2987861945,9776640.0,3407360.0,17SNB,1,projects/neon-prod-earthengine/assets/HSI_REFL/002/2022_MLBS_5,2022-09-21,0.24509803921568626
NA5120_E1409N0667,EPSG:32612,-109.3989823604593,38.22763891865941,640133.7672718331,4232284.211199537,7216640.0,3417600.0,12SXH,1,projects/neon-prod-earthengine/assets/HSI_REFL/002/2022_MOAB_6,2022-04-30,0.0
NA5120_E1409N0668,EPSG:32612,-109.40724268676804,38.273094304844975,639323.8820087991,4237315.782717804,7216640.0,3422720.0,12SXH,1,projects/neon-prod-earthengine/assets/HSI_REFL/002/2022_MOAB_6,2022-04-30,0.0
NA5120_E1585N0589,EPSG:32614,-99.09413506984633,35.342369622175006,491445.95064299594,3911015.693259932,8117760.0,3018240.0,14SME,1,projects/neon-prod-earthengine/assets/HSI_REFL/002/2022_OAES_6,2022-05-09,0.0
NA5120_E1585N0590,EPSG:32614,-99.09516704491071,35.38850588309924,491357.0940160986,3916132.4304857138,8117760.0,3023360.0,14SME,1,projects/neon-prod-earthengine/assets/HSI_REFL/002/2022_OAES_6,2022-05-09,0.18975332068311196
NA5120_E1364N0718,EPSG:32612,-112.49443384865451,40.176353022362754,372761.8953783614,4448401.6358215995,6986240.0,3678720.0,12TUK,1,projects/neon-prod-earthengine/assets/HSI_REFL/002/2022_ONAQ_4,2022-05-05,0.0
NA5120_E1364N0719,EPSG:32612,-112.50535863841732,40.22138392753659,371916.4914044456,4453415.802635495,6986240.0,3683840.0,12TUK,1,projects/neon-prod-earthengine/assets/HSI_REFL/002/2022_ONAQ_4,2022-05-05,0.0
NA5120_E1365N0718,EPSG:32612,-112.43580646813669,40.185277551364045,377769.71040171734,4449309.8870541155,6991360.0,3678720.0,12TUK,1,projects/neon-prod-earthengine/assets/HSI_REFL/002/2022_ONAQ_4,2022-05-05,1.7482517482517483
NA5120_E1365N0719,EPSG:32612,-112.44669158491557,40.23031672671518,376924.53412540664,4454324.288083426,6991360.0,3683840.0,12TUK,1,projects/neon-prod-earthengine/assets/HSI_REFL/002/2022_ONAQ_4,2022-05-05,3.3571004159239455
NA5120_E1608N0546,EPSG:32614,-97.80831808927049,33.3705828681934,610857.4334480397,3693005.2020159997,8235520.0,2798080.0,14SPB,1,projects/neon-prod-earthengine/assets/HSI_REFL/002/2022_PRIN_5,2022-05-06,0.0
NA5120_E1480N0700,EPSG:32613,-105.4914045261092,40.15499181172191,458148.7607800604,4445075.759657461,7580160.0,3586560.0,13TDE,1,projects/neon-prod-earthengine/assets/HSI_REFL/002/2022_RMNP_4,2022-07-25,0.6731050629206907
NA5120_E1480N0701,EPSG:32613,-105.49724830426538,40.20079533590039,457679.53039137577,4450162.460996473,7580160.0,3591680.0,13TDE,1,projects/neon-prod-earthengine/assets/HSI_REFL/002/2022_RMNP_4,2022-07-25,0.0
NA5120_E1480N0702,EPSG:32613,-105.50310337193041,40.24659794107776,457210.03576152516,4455249.140094046,7580160.0,3596800.0,13TDE,1,projects/neon-prod-earthengine/assets/HSI_REFL/002/2022_RMNP_4,2022-07-25,0.0
NA5120_E1480N0703,EPSG:32613,-105.50896975934498,40.2923996256351,456740.2771804781,4460335.796994023,7580160.0,3601920.0,13TDE,1,projects/neon-prod-earthengine/assets/HSI_REFL/002/2022_RMNP_4,2022-07-25,6.565656565656567
NA5120_E1941N0706,EPSG:32617,-78.17513508237228,38.84934764879214,745149.2524405371,4303851.282629781,9940480.0,3617280.0,17SQD,1,projects/neon-prod-earthengine/assets/HSI_REFL/002/2022_SCBI_5,2022-05-30,0.1456876456876457
NA5120_E1941N0707,EPSG:32617,-78.16158401965873,38.89369467958313,746172.2917367897,4308810.198947337,9940480.0,3622400.0,17SQD,1,projects/neon-prod-earthengine/assets/HSI_REFL/002/2022_SCBI_5,2022-05-30,0.0
NA5120_E1967N0714,EPSG:32618,-76.58979840081254,38.89441484549036,362128.4205379884,4306260.971004153,10073600.0,3658240.0,18SUJ,1,projects/neon-prod-earthengine/assets/HSI_REFL/002/2022_SERC_6,2022-05-29,0.0
NA5120_E1968N0714,EPSG:32618,-76.53330071961338,38.88207446266876,367005.29138756974,4304807.5963218,10078720.0,3658240.0,18SUJ,1,projects/neon-prod-earthengine/assets/HSI_REFL/002/2022_SERC_6,2022-05-29,0.0
NA5120_E1361N0533,EPSG:32612,-110.93759431725105,31.788187615835874,505908.06136762694,3516959.975530469,6970880.0,2731520.0,12SVA,1,projects/neon-prod-earthengine/assets/HSI_REFL/002/2022_SRER_5,2022-08-29,3.9542483660130716
NA5120_E1361N0534,EPSG:32612,-110.94552735409772,31.833547591521924,505154.50640777504,3521987.2342470107,6970880.0,2736640.0,12SVA,1,projects/neon-prod-earthengine/assets/HSI_REFL/002/2022_SRER_5,2022-08-29,0.0
NA5120_E1362N0532,EPSG:32612,-110.87741205652863,31.75051433493746,511610.3340084088,3512789.1693388447,6976000.0,2726400.0,12SWA,1,projects/neon-prod-earthengine/assets/HSI_REFL/002/2022_SRER_5,2022-08-29,3.594771241830065
NA5120_E1362N0533,EPSG:32612,-110.88530256095152,31.795882086357963,510857.7214534506,3517816.85284724,6976000.0,2731520.0,12SWA,1,projects/neon-prod-earthengine/assets/HSI_REFL/002/2022_SRER_5,2022-08-29,0.0
NA5120_E1362N0534,EPSG:32612,-110.89320645889448,31.84124828243387,510104.56483958464,3522844.4515345558,6976000.0,2736640.0,12SWA,1,projects/neon-prod-earthengine/assets/HSI_REFL/002/2022_SRER_5,2022-08-29,0.0
NA5120_E1362N0535,EPSG:32612,-110.90112377979189,31.886612920035653,509350.864609819,3527871.965484011,6976000.0,2741760.0,12SWA,1,projects/neon-prod-earthengine/assets/HSI_REFL/002/2022_SRER_5,2022-08-29,0.0
NA5120_E1363N0532,EPSG:32612,-110.82513921088189,31.7581731676299,516559.7503898245,3513644.8245201884,6981120.0,2726400.0,12SWA,1,projects/neon-prod-earthengine/assets/HSI_REFL/002/2022_SRER_5,2022-08-29,4.006410256410256
NA5120_E1363N0533,EPSG:32612,-110.8330005971151,31.803547108050758,515807.5363841208,3518672.8504215693,6981120.0,2731520.0,12SWA,1,projects/neon-prod-earthengine/assets/HSI_REFL/002/2022_SRER_5,2022-08-29,0.0
NA5120_E1363N0534,EPSG:32612,-110.8408753305248,31.84891950227035,515054.7773915216,3523700.790957985,6981120.0,2736640.0,12SWA,1,projects/neon-prod-earthengine/assets/HSI_REFL/002/2022_SRER_5,2022-08-29,0.0
NA5120_E1363N0535,EPSG:32612,-110.84876344045517,31.89429034718008,514301.4738552236,3528728.646211973,6981120.0,2741760.0,12SWA,1,projects/neon-prod-earthengine/assets/HSI_REFL/002/2022_SRER_5,2022-08-29,0.0
NA5120_E1364N0533,EPSG:32612,-110.78068846045136,31.811182668685944,520757.5089275147,3519527.9692332386,6986240.0,2731520.0,12SWA,1,projects/neon-prod-earthengine/assets/HSI_REFL/002/2022_SRER_5,2022-08-29,0.4487179487179487
NA5120_E1364N0534,EPSG:32612,-110.78853400377761,31.85656123877582,520005.14683264075,3524556.253498054,6986240.0,2736640.0,12SWA,1,projects/neon-prod-earthengine/assets/HSI_REFL/002/2022_SRER_5,2022-08-29,0.0
NA5120_E1364N0535,EPSG:32612,-110.7963928771139,31.90193826869109,519252.2392653765,3529584.451936191,6986240.0,2741760.0,12SWA,1,projects/neon-prod-earthengine/assets/HSI_REFL/002/2022_SRER_5,2022-08-29,0.0
NA5120_E1735N0815,EPSG:32616,-89.55963174963226,45.479439272171625,299952.41514574323,5039399.338171457,8885760.0,4175360.0,15TYL,1,projects/neon-prod-earthengine/assets/HSI_REFL/002/2022_STEI_5,2022-06-09,0.0
NA5120_E1735N0816,EPSG:32616,-89.55292443238756,45.52519157873998,300638.2676748262,5044465.519175808,8885760.0,4180480.0,15TYL,1,projects/neon-prod-earthengine/assets/HSI_REFL/002/2022_STEI_5,2022-06-09,0.0
NA5120_E1736N0815,EPSG:32616,-89.49464937950329,45.47454672063799,305014.1666661855,5038695.982069296,8890880.0,4175360.0,15TYL,1,projects/neon-prod-earthengine/assets/HSI_REFL/002/2022_STEI_5,2022-06-09,0.0
NA5120_E1736N0816,EPSG:32616,-89.48788829983937,45.520293902975375,305700.11304068123,5043761.889030722,8890880.0,4180480.0,15TYL,1,projects/neon-prod-earthengine/assets/HSI_REFL/002/2022_STEI_5,2022-06-09,0.0
NA5120_E1737N0815,EPSG:32616,-89.42967870187299,45.46961455465716,310075.7571500087,5037992.366745309,8896000.0,4175360.0,15TYL,1,projects/neon-prod-earthengine/assets/HSI_REFL/002/2022_STEI_5,2022-06-09,0.0
NA5120_E1737N0816,EPSG:32616,-89.42286389689582,45.51535657239279,310761.7980749082,5043058.00172237,8896000.0,4180480.0,15TYL,1,projects/neon-prod-earthengine/assets/HSI_REFL/002/2022_STEI_5,2022-06-09,0.0
NA5120_E1521N0703,EPSG:32613,-103.06291140979818,40.459300712242516,664241.1421249759,4480539.120695547,7790080.0,3601920.0,13TFE,1,projects/neon-prod-earthengine/assets/HSI_REFL/002/2022_STER_4,2022-07-17,0.0
NA5120_E1521N0704,EPSG:32613,-103.0670155196668,40.505259568347086,663781.3570500092,4485633.362922423,7790080.0,3607040.0,13TFE,1,projects/neon-prod-earthengine/assets/HSI_REFL/002/2022_STER_4,2022-07-17,0.5560433128475271
NA5120_E1237N1467,EPSG:32606,-149.64175035574854,68.56691421967139,392297.62478027557,7608384.108676379,6336000.0,7513600.0,05WPS,1,projects/neon-prod-earthengine/assets/HSI_REFL/002/2022_TOOL_4,2022-08-03,7.673860911270983
NA5120_E1238N1466,EPSG:32606,-149.4644675594811,68.56806736077577,399527.0860932878,7608212.742273327,6341120.0,7508480.0,05WPS,1,projects/neon-prod-earthengine/assets/HSI_REFL/002/2022_TOOL_4,2022-08-03,0.0
NA5120_E1238N1467,EPSG:32606,-149.5557822097543,68.59859104087967,395947.41393090325,7611765.459610993,6341120.0,7513600.0,05WPS,1,projects/neon-prod-earthengine/assets/HSI_REFL/002/2022_TOOL_4,2022-08-03,0.0
NA5120_E1239N1466,EPSG:32606,-149.37824861164717,68.59966137867659,403176.7229008335,7611594.918818877,6346240.0,7508480.0,05WPS,1,projects/neon-prod-earthengine/assets/HSI_REFL/002/2022_TOOL_4,2022-08-03,0.0
NA5120_E1239N1467,EPSG:32606,-149.46959061106006,68.63023055753115,399596.45483510447,7615147.536562008,6346240.0,7513600.0,05WPS,1,projects/neon-prod-earthengine/assets/HSI_REFL/002/2022_TOOL_4,2022-08-03,0.0
NA5120_E1239N1468,EPSG:32606,-149.56119488907188,68.66074482966833,396015.62367455196,7618699.659598487,6346240.0,7518720.0,05WPS,1,projects/neon-prod-earthengine/assets/HSI_REFL/002/2022_TOOL_4,2022-08-03,0.0
NA5120_E1240N1467,EPSG:32606,-149.38317482563767,68.66183260257802,403244.7475126623,7618530.341622394,6351360.0,7513600.0,05WPS,1,projects/neon-prod-earthengine/assets/HSI_REFL/002/2022_TOOL_4,2022-08-03,0.0
NA5120_E1653N0669,EPSG:32615,-95.19620794406836,39.019474537104976,309868.89090271934,4321232.505179466,8465920.0,3427840.0,15SUD,1,projects/neon-prod-earthengine/assets/HSI_REFL/002/2022_UKFS_6,2022-06-09,0.0
NA5120_E1653N0670,EPSG:32615,-95.19456997296116,39.0655686024493,310134.1994481756,4326345.010487788,8465920.0,3432960.0,15SUD,1,projects/neon-prod-earthengine/assets/HSI_REFL/002/2022_UKFS_6,2022-06-09,0.17825311942959002
NA5120_E1734N0830,EPSG:32616,-89.52331653361182,46.170547251931616,305217.4273290457,5116091.928091735,8880640.0,4252160.0,15TYM,1,projects/neon-prod-earthengine/assets/HSI_REFL/002/2022_UNDE_5,2022-06-20,0.0
NA5120_E1734N0831,EPSG:32616,-89.51644605315653,46.21628944933598,305908.96032829466,5121157.336384269,8880640.0,4257280.0,15TYM,1,projects/neon-prod-earthengine/assets/HSI_REFL/002/2022_UNDE_5,2022-06-20,0.0
NA5120_E1247N0877,EPSG:32610,-122.04232263093489,45.81826254817605,574397.4865818513,5074301.444783987,6387200.0,4492800.0,10TER,1,projects/neon-prod-earthengine/assets/HSI_REFL/002/2022_WREF_5,2022-07-11,0.0
NA5120_E1247N0878,EPSG:32610,-122.06292553431736,45.86132160806392,572740.8112304516,5079066.468727522,6387200.0,4497920.0,10TER,1,projects/neon-prod-earthengine/assets/HSI_REFL/002/2022_WREF_5,2022-07-11,0.0
NA5120_E1248N0876,EPSG:32610,-121.95945982100947,45.790009544638764,580875.5692769485,5071242.97075217,6392320.0,4487680.0,10TER,1,projects/neon-prod-earthengine/assets/HSI_REFL/002/2022_WREF_5,2022-07-11,1.7996239591727101
NA5120_E1248N0877,EPSG:32610,-121.97997942484398,45.83308961664192,579219.5897535913,5076008.724519208,6392320.0,4492800.0,10TER,1,projects/neon-prod-earthengine/assets/HSI_REFL/002/2022_WREF_5,2022-07-11,0.0
NA5120_E1248N0878,EPSG:32610,-122.0005403635749,45.876163418567074,577562.8257328984,5080774.187799528,6392320.0,4497920.0,10TER,1,projects/neon-prod-earthengine/assets/HSI_REFL/002/2022_WREF_5,2022-07-11,3.7144362486828237
NA5120_E1249N0877,EPSG:32610,-121.91760248133946,45.84788125574914,584041.7855532096,5077715.886094682,6397440.0,4492800.0,10TER,1,projects/neon-prod-earthengine/assets/HSI_REFL/002/2022_WREF_5,2022-07-11,6.677265500794912
NA5120_E1413N0814,EPSG:32612,-110.54618345836433,44.923620643133916,535815.1755843486,4974565.84138546,7237120.0,4170240.0,12TWQ,1,projects/neon-prod-earthengine/assets/HSI_REFL/002/2022_YELL_4,2022-06-22,0.0
NA5120_E1413N0815,EPSG:32612,-110.55700083151451,44.9688461276593,534934.0274192949,4979585.054336865,7237120.0,4175360.0,12TWQ,1,projects/neon-prod-earthengine/assets/HSI_REFL/002/2022_YELL_4,2022-06-22,3.9529914529914527
NA5120_E1414N0814,EPSG:32612,-110.48243046551079,44.931562736042366,540840.9302695895,4975478.215286778,7242240.0,4170240.0,12TWQ,1,projects/neon-prod-earthengine/assets/HSI_REFL/002/2022_YELL_4,2022-06-22,4.983660130718954
NA5120_E1415N0814,EPSG:32612,-110.41865929371761,44.93946657809392,545866.7623412407,4976390.305350148,7247360.0,4170240.0,12TWQ,1,projects/neon-prod-earthengine/assets/HSI_REFL/002/2022_YELL_4,2022-06-22,2.2331154684095864
NA5120_E1242N0877,EPSG:32610,-122.35353102481199,45.74359704491627,550288.2756978411,5065763.20573849,6361600.0,4492800.0,10TER,1,projects/neon-prod-earthengine/assets/HSI_REFL/002/2023_ABBY_6,2023-06-28,0.0
NA5120_E1243N0877,EPSG:32610,-122.2913571795035,45.758600711648256,555109.9519185104,5067471.105404847,6366720.0,4492800.0,10TER,1,projects/neon-prod-earthengine/assets/HSI_REFL/002/2023_ABBY_6,2023-06-28,0.0
NA5120_E1529N0686,EPSG:32613,-102.52152168199805,39.70306558011259,712488.0097628528,4397738.1342278235,7831040.0,3514880.0,13TGE,1,projects/neon-prod-earthengine/assets/HSI_REFL/002/2023_ARIK_5,2023-08-14,0.0
NA5120_E1529N0687,EPSG:32613,-102.52515417575039,39.74905874633999,712035.5184533534,4402834.959278351,7831040.0,3520000.0,13TGE,1,projects/neon-prod-earthengine/assets/HSI_REFL/002/2023_ARIK_5,2023-08-14,0.0
NA5120_E1530N0686,EPSG:32613,-102.46239313724989,39.70605216924047,717548.5145054545,4398211.520345865,7836160.0,3514880.0,13TGE,1,projects/neon-prod-earthengine/assets/HSI_REFL/002/2023_ARIK_5,2023-08-14,6.2335381913959615
NA5120_E1530N0687,EPSG:32613,-102.46598319302346,39.75204813574228,717096.2773125692,4403308.597808188,7836160.0,3520000.0,13TGE,1,projects/neon-prod-earthengine/assets/HSI_REFL/002/2023_ARIK_5,2023-08-14,0.3219198127011999
NA5120_E1611N0546,EPSG:32614,-97.64614693030559,33.37097878824861,625944.0521368855,3693233.4801036874,8250880.0,2798080.0,14SPB,1,projects/neon-prod-earthengine/assets/HSI_REFL/002/2023_CLBJ_7,2023-05-17,0.32144005143040827
NA5120_E1612N0546,EPSG:32614,-97.59208957295374,33.37104797051992,630973.1039415916,3693307.8351263576,8256000.0,2798080.0,14SPB,1,projects/neon-prod-earthengine/assets/HSI_REFL/002/2023_CLBJ_7,2023-05-17,0.0
NA5120_E1187N1366,EPSG:32606,-145.69374243173291,63.82645010701655,564284.4733590605,7078332.949474701,6080000.0,6996480.0,06VWR,1,projects/neon-prod-earthengine/assets/HSI_REFL/002/2023_DEJU_5,2023-07-21,0.0
NA5120_E1187N1367,EPSG:32606,-145.76314821721445,63.85948295844156,560797.8370896252,7081945.251757075,6080000.0,7001600.0,06VWR,1,projects/neon-prod-earthengine/assets/HSI_REFL/002/2023_DEJU_5,2023-07-21,5.669761273209549
NA5120_E1188N1367,EPSG:32606,-145.68555843122328,63.88886008873579,564543.9632419337,7085294.475709682,6085120.0,7001600.0,06VWR,1,projects/neon-prod-earthengine/assets/HSI_REFL/002/2023_DEJU_5,2023-07-21,0.0
NA5120_E1188N1368,EPSG:32606,-145.7551350668973,63.92189147273079,561056.0099223558,7088906.151682748,6085120.0,7006720.0,06VWR,1,projects/neon-prod-earthengine/assets/HSI_REFL/002/2023_DEJU_5,2023-07-21,0.0
NA5120_E1794N0539,EPSG:32616,-87.83819541544533,32.54298641532177,421296.9039444965,3600933.9198810454,9187840.0,2762240.0,16SDB,1,projects/neon-prod-earthengine/assets/HSI_REFL/002/2023_DELA_7,2023-05-25,0.0
NA5120_E1795N0539,EPSG:32616,-87.7850803221429,32.537395567359674,426279.76111865067,3600276.130957365,9192960.0,2762240.0,16SDB,1,projects/neon-prod-earthengine/assets/HSI_REFL/002/2023_DELA_7,2023-05-25,0.0
NA5120_E1795N0540,EPSG:32616,-87.77922738045616,32.583136341765375,426866.4921785789,3605342.7642997024,9192960.0,2767360.0,16SDB,1,projects/neon-prod-earthengine/assets/HSI_REFL/002/2023_DELA_7,2023-05-25,3.0215364834458374
NA5120_E1929N0463,EPSG:32617,-81.45193496209203,28.098381391412936,455604.77853515756,3108183.1253410517,9879040.0,2373120.0,17RMM,1,projects/neon-prod-earthengine/assets/HSI_REFL/002/2023_DSNY_7,2023-04-18,0.0
NA5120_E1930N0462,EPSG:32617,-81.41083643992921,28.044280061321462,459621.8544316317,3102175.578152646,9884160.0,2368000.0,17RMM,1,projects/neon-prod-earthengine/assets/HSI_REFL/002/2023_DSNY_7,2023-04-18,8.012170385395539
NA5120_E1930N0463,EPSG:32617,-81.4021775228507,28.08934576334406,460489.37252418697,3107165.0156241707,9884160.0,2373120.0,17RMM,1,projects/neon-prod-earthengine/assets/HSI_REFL/002/2023_DSNY_7,2023-04-18,0.0
NA5120_E1163N1390,EPSG:32606,-149.2250908889932,63.87197552606756,390685.11775810155,7084654.227494199,5957120.0,7119360.0,05VPL,1,projects/neon-prod-earthengine/assets/HSI_REFL/002/2023_HEAL_5,2023-08-13,0.0
NA5120_E1164N1390,EPSG:32606,-149.15118662590893,63.903027594880264,394431.5017316815,7087988.381597155,5962240.0,7119360.0,05VPL,1,projects/neon-prod-earthengine/assets/HSI_REFL/002/2023_HEAL_5,2023-08-13,5.104800540906018
NA5120_E1859N0521,EPSG:32616,-84.54156259480355,31.299499820480666,733993.9035933707,3465403.7958233356,9520640.0,2670080.0,16RGV,1,projects/neon-prod-earthengine/assets/HSI_REFL/002/2023_JERC_7,2023-05-02,0.0
NA5120_E1860N0519,EPSG:32616,-84.50469582267925,31.201227422216203,737750.243509446,3454586.3951119063,9525760.0,2659840.0,16RGV,1,projects/neon-prod-earthengine/assets/HSI_REFL/002/2023_JERC_7,2023-05-02,6.602564102564103
NA5120_E1860N0520,EPSG:32616,-84.49713131854219,31.246647682934473,738357.0810065159,3459638.8151043216,9525760.0,2664960.0,16RGV,1,projects/neon-prod-earthengine/assets/HSI_REFL/002/2023_JERC_7,2023-05-02,0.0
NA5120_E1860N0521,EPSG:32616,-84.48955404059728,31.292066475939787,738964.2988275888,3464691.205381583,9525760.0,2670080.0,16RGV,1,projects/neon-prod-earthengine/assets/HSI_REFL/002/2023_JERC_7,2023-05-02,0.0
NA5120_E1861N0519,EPSG:32616,-84.4527542989953,31.19377678925561,742719.7264175967,3453873.1973528373,9530880.0,2659840.0,16RGV,1,projects/neon-prod-earthengine/assets/HSI_REFL/002/2023_JERC_7,2023-05-02,0.0
NA5120_E1861N0520,EPSG:32616,-84.44516116361943,31.239191074548014,743327.0286486651,3458925.4443611503,9530880.0,2664960.0,16RGV,1,projects/neon-prod-earthengine/assets/HSI_REFL/002/2023_JERC_7,2023-05-02,0.0
NA5120_E1861N0521,EPSG:32616,-84.43755520892354,31.28460388337626,743934.7102556005,3463977.6621068376,9530880.0,2670080.0,16RGV,1,projects/neon-prod-earthengine/assets/HSI_REFL/002/2023_JERC_7,2023-05-02,0.0
NA5120_E1862N0519,EPSG:32616,-84.4008224833355,31.186296963955183,747689.2270452842,3453159.0420432617,9536000.0,2659840.0,16RGV,1,projects/neon-prod-earthengine/assets/HSI_REFL/002/2023_JERC_7,2023-05-02,3.954802259887006
NA5120_E1862N0520,EPSG:32616,-84.39320074096231,31.23170525186033,748296.9946489134,3458211.1179749803,9536000.0,2664960.0,16RGV,1,projects/neon-prod-earthengine/assets/HSI_REFL/002/2023_JERC_7,2023-05-02,0.0
NA5120_E1629N0670,EPSG:32614,-96.60238179643045,39.08851158715089,707367.584365901,4329335.463781447,8343040.0,3432960.0,14SQJ,1,projects/neon-prod-earthengine/assets/HSI_REFL/002/2023_KONZ_8,2023-05-26,0.0
NA5120_E1629N0671,EPSG:32614,-96.60174238172824,39.13462655467564,707287.6608057002,4334455.374249515,8343040.0,3438080.0,14SQJ,1,projects/neon-prod-earthengine/assets/HSI_REFL/002/2023_KONZ_8,2023-05-26,0.0
NA5120_E1630N0670,EPSG:32614,-96.54370576172083,39.08795824917263,712444.7122405297,4329409.683011861,8348160.0,3432960.0,14SQJ,1,projects/neon-prod-earthengine/assets/HSI_REFL/002/2023_KONZ_8,2023-05-26,0.0
NA5120_E1630N0671,EPSG:32614,-96.54302456105758,39.13407270246588,712365.0910819,4334529.715316997,8348160.0,3438080.0,14SQJ,1,projects/neon-prod-earthengine/assets/HSI_REFL/002/2023_KONZ_8,2023-05-26,0.267379679144385
NA5120_E1789N0523,EPSG:32616,-88.19323043822321,31.83806708382609,387091.7254630111,3523107.1428579376,9162240.0,2680320.0,16SCA,1,projects/neon-prod-earthengine/assets/HSI_REFL/002/2023_LENO_7,2023-05-14,0.0
NA5120_E1908N0665,EPSG:32617,-80.54664734986183,37.37429719715191,540139.0632271835,4136492.085378991,9771520.0,3407360.0,17SNB,1,projects/neon-prod-earthengine/assets/HSI_REFL/002/2023_MLBS_6,2023-06-02,0.0
NA5120_E1908N0666,EPSG:32617,-80.53517404524938,37.419078588048684,541130.4166826316,4141465.1483827857,9771520.0,3412480.0,17SNB,1,projects/neon-prod-earthengine/assets/HSI_REFL/002/2023_MLBS_6,2023-06-02,3.615196078431373
NA5120_E1909N0665,EPSG:32617,-80.49072646356413,37.36431864044983,545096.2074551338,4135410.2987861945,9776640.0,3407360.0,17SNB,1,projects/neon-prod-earthengine/assets/HSI_REFL/002/2023_MLBS_6,2023-06-02,0.15318627450980393
NA5120_E1409N0667,EPSG:32612,-109.3989823604593,38.22763891865941,640133.7672718331,4232284.211199537,7216640.0,3417600.0,12SXH,1,projects/neon-prod-earthengine/assets/HSI_REFL/002/2023_MOAB_7,2023-04-28,0.0
NA5120_E1409N0668,EPSG:32612,-109.40724268676804,38.273094304844975,639323.8820087991,4237315.782717804,7216640.0,3422720.0,12SXH,1,projects/neon-prod-earthengine/assets/HSI_REFL/002/2023_MOAB_7,2023-04-28,0.0
NA5120_E1478N0698,EPSG:32613,-105.59829175711323,40.05375733143643,448969.90451506857,4433895.238748319,7569920.0,3576320.0,13TDE,1,projects/neon-prod-earthengine/assets/HSI_REFL/002/2023_NIWO_5,2023-07-24,0.0
NA5120_E1479N0697,EPSG:32613,-105.5331733702027,40.012785523902956,454496.8554738138,4429312.416383037,7575040.0,3571200.0,13TDE,1,projects/neon-prod-earthengine/assets/HSI_REFL/002/2023_NIWO_5,2023-07-24,0.0
NA5120_E1479N0698,EPSG:32613,-105.53902574073236,40.05858729613705,454028.1536226462,4434399.040678782,7575040.0,3576320.0,13TDE,1,projects/neon-prod-earthengine/assets/HSI_REFL/002/2023_NIWO_5,2023-07-24,0.6314580941446613
NA5120_E1563N0838,EPSG:32614,-100.89597278721122,46.78211314204746,355274.25285675295,5182696.952810902,8005120.0,4293120.0,14TLS,1,projects/neon-prod-earthengine/assets/HSI_REFL/002/2023_NOGP_6,2023-06-26,0.0
NA5120_E1584N0589,EPSG:32614,-99.14965834509333,35.34141862450361,486400.39076451847,3910916.434408161,8112640.0,3018240.0,14SME,1,projects/neon-prod-earthengine/assets/HSI_REFL/002/2023_OAES_7,2023-05-08,0.0
NA5120_E1584N0590,EPSG:32614,-99.15072623350052,35.38755405773771,486311.14088590926,3916033.140110683,8112640.0,3023360.0,14SME,1,projects/neon-prod-earthengine/assets/HSI_REFL/002/2023_OAES_7,2023-05-08,0.0
NA5120_E1585N0589,EPSG:32614,-99.09413506984633,35.342369622175006,491445.95064299594,3911015.693259932,8117760.0,3018240.0,14SME,1,projects/neon-prod-earthengine/assets/HSI_REFL/002/2023_OAES_7,2023-05-08,0.062034739454094295
NA5120_E1585N0590,EPSG:32614,-99.09516704491071,35.38850588309924,491357.0940160986,3916132.4304857138,8117760.0,3023360.0,14SME,1,projects/neon-prod-earthengine/assets/HSI_REFL/002/2023_OAES_7,2023-05-08,0.0
NA5120_E1364N0718,EPSG:32612,-112.49443384865451,40.176353022362754,372761.8953783614,4448401.6358215995,6986240.0,3678720.0,12TUK,1,projects/neon-prod-earthengine/assets/HSI_REFL/002/2023_ONAQ_5,2023-04-26,0.0
NA5120_E1364N0719,EPSG:32612,-112.50535863841732,40.22138392753659,371916.4914044456,4453415.802635495,6986240.0,3683840.0,12TUK,1,projects/neon-prod-earthengine/assets/HSI_REFL/002/2023_ONAQ_5,2023-04-26,0.0
NA5120_E1365N0718,EPSG:32612,-112.43580646813669,40.185277551364045,377769.71040171734,4449309.8870541155,6991360.0,3678720.0,12TUK,1,projects/neon-prod-earthengine/assets/HSI_REFL/002/2023_ONAQ_5,2023-04-26,0.9324009324009324
NA5120_E1365N0719,EPSG:32612,-112.44669158491557,40.23031672671518,376924.53412540664,4454324.288083426,6991360.0,3683840.0,12TUK,1,projects/neon-prod-earthengine/assets/HSI_REFL/002/2023_ONAQ_5,2023-04-26,2.4658348187759955
NA5120_E1912N0495,EPSG:32617,-82.02937834406484,29.692833512283634,400411.7693653469,3285192.7822099244,9792000.0,2536960.0,17RLN,1,projects/neon-prod-earthengine/assets/HSI_REFL/002/2023_OSBS_7,2023-04-23,0.0
NA5120_E1913N0494,EPSG:32617,-81.98730730056577,29.63892638994838,404431.2340163172,3279183.7949529234,9797120.0,2531840.0,17RLN,1,projects/neon-prod-earthengine/assets/HSI_REFL/002/2023_OSBS_7,2023-04-23,4.009126466753585
NA5120_E1913N0495,EPSG:32617,-81.97862738510207,29.684048255427275,405313.7363951855,3284176.6522160387,9797120.0,2536960.0,17RLN,1,projects/neon-prod-earthengine/assets/HSI_REFL/002/2023_OSBS_7,2023-04-23,0.0
NA5120_E1913N0496,EPSG:32617,-81.96993315960475,29.72916824983061,406196.9280829108,3289169.3733612294,9797120.0,2542080.0,17RLN,1,projects/neon-prod-earthengine/assets/HSI_REFL/002/2023_OSBS_7,2023-04-23,8.574277168494516
NA5120_E1608N0546,EPSG:32614,-97.80831808927049,33.3705828681934,610857.4334480397,3693005.2020159997,8235520.0,2798080.0,14SPB,1,projects/neon-prod-earthengine/assets/HSI_REFL/002/2023_PRIN_6,2023-05-18,0.0
NA5120_E1480N0700,EPSG:32613,-105.4914045261092,40.15499181172191,458148.7607800604,4445075.759657461,7580160.0,3586560.0,13TDE,1,projects/neon-prod-earthengine/assets/HSI_REFL/002/2023_RMNP_5,2023-07-28,1.8729880011706175
NA5120_E1480N0701,EPSG:32613,-105.49724830426538,40.20079533590039,457679.53039137577,4450162.460996473,7580160.0,3591680.0,13TDE,1,projects/neon-prod-earthengine/assets/HSI_REFL/002/2023_RMNP_5,2023-07-28,0.0
NA5120_E1480N0702,EPSG:32613,-105.50310337193041,40.24659794107776,457210.03576152516,4455249.140094046,7580160.0,3596800.0,13TDE,1,projects/neon-prod-earthengine/assets/HSI_REFL/002/2023_RMNP_5,2023-07-28,0.0
NA5120_E1480N0703,EPSG:32613,-105.50896975934498,40.2923996256351,456740.2771804781,4460335.796994023,7580160.0,3601920.0,13TDE,1,projects/neon-prod-earthengine/assets/HSI_REFL/002/2023_RMNP_5,2023-07-28,7.635175282234105
NA5120_E1941N0706,EPSG:32617,-78.17513508237228,38.84934764879214,745149.2524405371,4303851.282629781,9940480.0,3617280.0,17SQD,1,projects/neon-prod-earthengine/assets/HSI_REFL/002/2023_SCBI_6,2023-06-18,0.08741258741258741
NA5120_E1941N0707,EPSG:32617,-78.16158401965873,38.89369467958313,746172.2917367897,4308810.198947337,9940480.0,3622400.0,17SQD,1,projects/neon-prod-earthengine/assets/HSI_REFL/002/2023_SCBI_6,2023-06-18,0.0
NA5120_E1228N0682,EPSG:32611,-119.741311983188,37.07841723162655,256313.93843769428,4107087.735670382,6289920.0,3494400.0,10SGG,1,projects/neon-prod-earthengine/assets/HSI_REFL/002/2023_SJER_6,2023-04-01,0.0
NA5120_E1228N0683,EPSG:32611,-119.75617436964487,37.122234376699744,255133.685255449,4111988.3925380283,6289920.0,3499520.0,10SGG,1,projects/neon-prod-earthengine/assets/HSI_REFL/002/2023_SJER_6,2023-04-01,1.9607843137254901
NA5120_E1237N0679,EPSG:32611,-119.20371771729198,37.0622343997353,304068.4465129827,4104047.802848522,6336000.0,3479040.0,11SKB,1,projects/neon-prod-earthengine/assets/HSI_REFL/002/2023_SOAP_6,2023-06-05,3.707107843137255
NA5120_E1236N0679,EPSG:32611,-119.25859430233899,37.04954570017534,299155.24369540846,4102754.4700977015,6330880.0,3479040.0,11SKB,1,projects/neon-prod-earthengine/assets/HSI_REFL/002/2023_SOAP_7,2023-07-06,0.0
NA5120_E1801N0548,EPSG:32616,-87.41182602268786,32.91458924156657,461491.7677588154,3641893.5660184575,9223680.0,2808320.0,16SDB,1,projects/neon-prod-earthengine/assets/HSI_REFL/002/2023_TALL_7,2023-05-26,0.0
NA5120_E1801N0549,EPSG:32616,-87.40569243208498,32.96029239763426,462084.80625560496,3646958.000356317,9223680.0,2813440.0,16SDB,1,projects/neon-prod-earthengine/assets/HSI_REFL/002/2023_TALL_7,2023-05-26,0.0
NA5120_E1239N0677,EPSG:32611,-119.06509393650258,36.99960930300831,316244.0532451997,4096822.434450097,6346240.0,3468800.0,11SLA,1,projects/neon-prod-earthengine/assets/HSI_REFL/002/2023_TEAK_6,2023-07-08,0.0
NA5120_E1240N0676,EPSG:32611,-118.99588369143761,36.96821280151227,322330.1851629608,4093207.5247833775,6351360.0,3463680.0,11SLA,1,projects/neon-prod-earthengine/assets/HSI_REFL/002/2023_TEAK_6,2023-07-08,0.7469654528478058
NA5120_E1240N0677,EPSG:32611,-119.01021976297771,37.012184928073474,321156.9027329051,4098113.167932718,6351360.0,3468800.0,11SLB,1,projects/neon-prod-earthengine/assets/HSI_REFL/002/2023_TEAK_6,2023-07-08,0.0
NA5120_E1240N0678,EPSG:32611,-119.02458109836574,37.05615313109949,319982.9389808165,4103018.671599674,6351360.0,3473920.0,11SLB,1,projects/neon-prod-earthengine/assets/HSI_REFL/002/2023_TEAK_6,2023-07-08,0.0
NA5120_E1653N0669,EPSG:32615,-95.19620794406836,39.019474537104976,309868.89090271934,4321232.505179466,8465920.0,3427840.0,15SUD,1,projects/neon-prod-earthengine/assets/HSI_REFL/002/2023_UKFS_7,2023-05-24,0.0
NA5120_E1653N0670,EPSG:32615,-95.19456997296116,39.0655686024493,310134.1994481756,4326345.010487788,8465920.0,3432960.0,15SUD,1,projects/neon-prod-earthengine/assets/HSI_REFL/002/2023_UKFS_7,2023-05-24,0.0
NA5120_E1588N0845,EPSG:32614,-99.23308122426162,47.14395935363481,482327.52143544273,5221188.344223438,8133120.0,4328960.0,14TMT,1,projects/neon-prod-earthengine/assets/HSI_REFL/002/2023_WOOD_6,2023-06-20,0.0
NA5120_E1588N0846,EPSG:32614,-99.23461878047925,47.189998045494384,482226.3060819593,5226304.952564085,8133120.0,4334080.0,14TMT,1,projects/neon-prod-earthengine/assets/HSI_REFL/002/2023_WOOD_6,2023-06-20,2.2483660130718954
NA5120_E1589N0845,EPSG:32614,-99.16567796368221,47.1450118856,487438.35856764024,5221292.274342931,8138240.0,4328960.0,14TMT,1,projects/neon-prod-earthengine/assets/HSI_REFL/002/2023_WOOD_6,2023-06-20,0.0
NA5120_E1589N0846,EPSG:32614,-99.1671557757772,47.19105172822799,487337.2579293316,5226408.9028506605,8138240.0,4334080.0,14TMT,1,projects/neon-prod-earthengine/assets/HSI_REFL/002/2023_WOOD_6,2023-06-20,0.0
NA5120_E1590N0845,EPSG:32614,-99.09827202704598,47.14602268108915,492549.1922952613,5221395.973460462,8143360.0,4328960.0,14TMT,1,projects/neon-prod-earthengine/assets/HSI_REFL/002/2023_WOOD_6,2023-06-20,0.0
NA5120_E1590N0846,EPSG:32614,-99.09969008613287,47.19206362890603,492448.20626381814,5226512.624320938,8143360.0,4334080.0,14TMT,1,projects/neon-prod-earthengine/assets/HSI_REFL/002/2023_WOOD_6,2023-06-20,6.0256410256410255
NA5120_E1247N0877,EPSG:32610,-122.04232263093489,45.81826254817605,574397.4865818513,5074301.444783987,6387200.0,4492800.0,10TER,1,projects/neon-prod-earthengine/assets/HSI_REFL/002/2023_WREF_6,2023-06-24,0.0
NA5120_E1247N0878,EPSG:32610,-122.06292553431736,45.86132160806392,572740.8112304516,5079066.468727522,6387200.0,4497920.0,10TER,1,projects/neon-prod-earthengine/assets/HSI_REFL/002/2023_WREF_6,2023-06-24,0.0
NA5120_E1248N0876,EPSG:32610,-121.95945982100947,45.790009544638764,580875.5692769485,5071242.97075217,6392320.0,4487680.0,10TER,1,projects/neon-prod-earthengine/assets/HSI_REFL/002/2023_WREF_6,2023-06-24,2.20252484555466
NA5120_E1248N0877,EPSG:32610,-121.97997942484398,45.83308961664192,579219.5897535913,5076008.724519208,6392320.0,4492800.0,10TER,1,projects/neon-prod-earthengine/assets/HSI_REFL/002/2023_WREF_6,2023-06-24,0.0
NA5120_E1248N0878,EPSG:32610,-122.0005403635749,45.876163418567074,577562.8257328984,5080774.187799528,6392320.0,4497920.0,10TER,1,projects/neon-prod-earthengine/assets/HSI_REFL/002/2023_WREF_6,2023-06-24,2.9504741833508956
NA5120_E1412N0815,EPSG:32612,-110.62078548759833,44.96085763947063,529908.2475609473,4978672.133515896,7232000.0,4175360.0,12TWQ,1,projects/neon-prod-earthengine/assets/HSI_REFL/002/2023_YELL_5,2023-07-03,2.941176470588235
NA5120_E1413N0814,EPSG:32612,-110.54618345836433,44.923620643133916,535815.1755843486,4974565.84138546,7237120.0,4170240.0,12TWQ,1,projects/neon-prod-earthengine/assets/HSI_REFL/002/2023_YELL_5,2023-07-03,0.0
NA5120_E1413N0815,EPSG:32612,-110.55700083151451,44.9688461276593,534934.0274192949,4979585.054336865,7237120.0,4175360.0,12TWQ,1,projects/neon-prod-earthengine/assets/HSI_REFL/002/2023_YELL_5,2023-07-03,0.0
NA5120_E1414N0814,EPSG:32612,-110.48243046551079,44.931562736042366,540840.9302695895,4975478.215286778,7242240.0,4170240.0,12TWQ,1,projects/neon-prod-earthengine/assets/HSI_REFL/002/2023_YELL_5,2023-07-03,0.27233115468409586
NA5120_E1415N0814,EPSG:32612,-110.41865929371761,44.93946657809392,545866.7623412407,4976390.305350148,7247360.0,4170240.0,12TWQ,1,projects/neon-prod-earthengine/assets/HSI_REFL/002/2023_YELL_5,2023-07-03,0.0
NA5120_E2017N0849,EPSG:32619,-71.30077415201889,44.058693125720204,315717.7153769953,4880965.478363737,10329600.0,4349440.0,18TYP,1,projects/neon-prod-earthengine/assets/HSI_REFL/002/2024_BART_7,2024-08-30,0.0
NA5120_E2018N0849,EPSG:32619,-71.24078308072117,44.0429880783581,320475.37313091767,4879088.591556116,10334720.0,4349440.0,18TYP,1,projects/neon-prod-earthengine/assets/HSI_REFL/002/2024_BART_7,2024-08-30,0.0
NA5120_E1194N1400,EPSG:32606,-147.60897280258578,65.14055041333378,471434.19954146934,7224256.53787991,6115840.0,7170560.0,06WVT,1,projects/neon-prod-earthengine/assets/HSI_REFL/002/2024_BONA_6,2024-07-10,0.0
NA5120_E1195N1399,EPSG:32606,-147.45473334555072,65.138969539431,478667.90678962873,7224019.414693162,6120960.0,7165440.0,06WVT,1,projects/neon-prod-earthengine/assets/HSI_REFL/002/2024_BONA_6,2024-07-10,0.0
NA5120_E1195N1400,EPSG:32606,-147.53026163901657,65.17094886550291,475154.775890875,7227611.056272239,6120960.0,7170560.0,06WVT,1,projects/neon-prod-earthengine/assets/HSI_REFL/002/2024_BONA_6,2024-07-10,0.0
NA5120_E1195N1401,EPSG:32606,-147.60598555308084,65.20288441720609,471641.00750980125,7231202.09992658,6120960.0,7175680.0,06WVT,1,projects/neon-prod-earthengine/assets/HSI_REFL/002/2024_BONA_6,2024-07-10,0.0
NA5120_E1196N1400,EPSG:32606,-147.45138390590205,65.20131208110028,478874.709089022,7230966.259468111,6126080.0,7170560.0,06WVT,1,projects/neon-prod-earthengine/assets/HSI_REFL/002/2024_BONA_6,2024-07-10,0.0
NA5120_E1611N0546,EPSG:32614,-97.64614693030559,33.37097878824861,625944.0521368855,3693233.4801036874,8250880.0,2798080.0,14SPB,1,projects/neon-prod-earthengine/assets/HSI_REFL/002/2024_CLBJ_8,2024-05-14,0.22500803600128574
NA5120_E1612N0546,EPSG:32614,-97.59208957295374,33.37104797051992,630973.1039415916,3693307.8351263576,8256000.0,2798080.0,14SPB,1,projects/neon-prod-earthengine/assets/HSI_REFL/002/2024_CLBJ_8,2024-05-14,0.0
NA5120_E1794N0539,EPSG:32616,-87.83819541544533,32.54298641532177,421296.9039444965,3600933.9198810454,9187840.0,2762240.0,16SDB,1,projects/neon-prod-earthengine/assets/HSI_REFL/002/2024_DELA_8,2024-05-21,0.0
NA5120_E1795N0539,EPSG:32616,-87.7850803221429,32.537395567359674,426279.76111865067,3600276.130957365,9192960.0,2762240.0,16SDB,1,projects/neon-prod-earthengine/assets/HSI_REFL/002/2024_DELA_8,2024-05-21,0.0
NA5120_E1795N0540,EPSG:32616,-87.77922738045616,32.583136341765375,426866.4921785789,3605342.7642997024,9192960.0,2767360.0,16SDB,1,projects/neon-prod-earthengine/assets/HSI_REFL/002/2024_DELA_8,2024-05-21,2.9893924783027965
NA5120_E2014N0810,EPSG:32618,-72.26147202832067,42.43356818610988,725260.1085451264,4701550.387121961,10314240.0,4149760.0,18TYN,1,projects/neon-prod-earthengine/assets/HSI_REFL/002/2024_HARV_8,2024-08-14,7.729468599033816
NA5120_E2014N0811,EPSG:32618,-72.24217178432893,42.47655951365485,726692.5434356346,4706375.965894271,10314240.0,4154880.0,18TYN,1,projects/neon-prod-earthengine/assets/HSI_REFL/002/2024_HARV_8,2024-08-14,0.0
NA5120_E2014N0812,EPSG:32618,-72.2228351637432,42.51954480000945,728125.6852333196,4711201.374977781,10314240.0,4160000.0,18TYN,1,projects/neon-prod-earthengine/assets/HSI_REFL/002/2024_HARV_8,2024-08-14,0.0
NA5120_E2015N0810,EPSG:32618,-72.20280177762291,42.41852347113441,730141.4982606214,4700037.122272774,10319360.0,4149760.0,18TYN,1,projects/neon-prod-earthengine/assets/HSI_REFL/002/2024_HARV_8,2024-08-14,0.0
NA5120_E2015N0811,EPSG:32618,-72.18346602144412,42.46150088778802,731574.0295891216,4704862.362274187,10319360.0,4154880.0,18TYN,1,projects/neon-prod-earthengine/assets/HSI_REFL/002/2024_HARV_8,2024-08-14,0.0
NA5120_E2015N0812,EPSG:32618,-72.16409384363574,42.50447224037963,733007.2672856918,4709687.433611651,10319360.0,4160000.0,18TYN,1,projects/neon-prod-earthengine/assets/HSI_REFL/002/2024_HARV_8,2024-08-14,0.0
NA5120_E2015N0813,EPSG:32618,-72.14468515234222,42.547437513389426,734441.210608064,4714512.3366984045,10319360.0,4165120.0,18TYN,1,projects/neon-prod-earthengine/assets/HSI_REFL/002/2024_HARV_8,2024-08-14,4.369747899159663
NA5120_E1163N1390,EPSG:32606,-149.2250908889932,63.87197552606756,390685.11775810155,7084654.227494199,5957120.0,7119360.0,05VPL,1,projects/neon-prod-earthengine/assets/HSI_REFL/002/2024_HEAL_6,2024-07-19,0.0
NA5120_E1164N1390,EPSG:32606,-149.15118662590893,63.903027594880264,394431.5017316815,7087988.381597155,5962240.0,7119360.0,05VPL,1,projects/neon-prod-earthengine/assets/HSI_REFL/002/2024_HEAL_6,2024-07-19,4.935767410412441
NA5120_E1859N0521,EPSG:32616,-84.54156259480355,31.299499820480666,733993.9035933707,3465403.7958233356,9520640.0,2670080.0,16RGV,1,projects/neon-prod-earthengine/assets/HSI_REFL/002/2024_JERC_8,2024-05-08,0.0
NA5120_E1860N0519,EPSG:32616,-84.50469582267925,31.201227422216203,737750.243509446,3454586.3951119063,9525760.0,2659840.0,16RGV,1,projects/neon-prod-earthengine/assets/HSI_REFL/002/2024_JERC_8,2024-05-08,6.378205128205128
NA5120_E1860N0520,EPSG:32616,-84.49713131854219,31.246647682934473,738357.0810065159,3459638.8151043216,9525760.0,2664960.0,16RGV,1,projects/neon-prod-earthengine/assets/HSI_REFL/002/2024_JERC_8,2024-05-08,0.0
NA5120_E1860N0521,EPSG:32616,-84.48955404059728,31.292066475939787,738964.2988275888,3464691.205381583,9525760.0,2670080.0,16RGV,1,projects/neon-prod-earthengine/assets/HSI_REFL/002/2024_JERC_8,2024-05-08,0.0
NA5120_E1861N0519,EPSG:32616,-84.4527542989953,31.19377678925561,742719.7264175967,3453873.1973528373,9530880.0,2659840.0,16RGV,1,projects/neon-prod-earthengine/assets/HSI_REFL/002/2024_JERC_8,2024-05-08,0.0
NA5120_E1861N0520,EPSG:32616,-84.44516116361943,31.239191074548014,743327.0286486651,3458925.4443611503,9530880.0,2664960.0,16RGV,1,projects/neon-prod-earthengine/assets/HSI_REFL/002/2024_JERC_8,2024-05-08,0.0
NA5120_E1861N0521,EPSG:32616,-84.43755520892354,31.28460388337626,743934.7102556005,3463977.6621068376,9530880.0,2670080.0,16RGV,1,projects/neon-prod-earthengine/assets/HSI_REFL/002/2024_JERC_8,2024-05-08,0.0
NA5120_E1862N0519,EPSG:32616,-84.4008224833355,31.186296963955183,747689.2270452842,3453159.0420432617,9536000.0,2659840.0,16RGV,1,projects/neon-prod-earthengine/assets/HSI_REFL/002/2024_JERC_8,2024-05-08,3.821867730142905
NA5120_E1862N0520,EPSG:32616,-84.39320074096231,31.23170525186033,748296.9946489134,3458211.1179749803,9536000.0,2664960.0,16RGV,1,projects/neon-prod-earthengine/assets/HSI_REFL/002/2024_JERC_8,2024-05-08,0.0
NA5120_E1629N0670,EPSG:32614,-96.60238179643045,39.08851158715089,707367.584365901,4329335.463781447,8343040.0,3432960.0,14SQJ,1,projects/neon-prod-earthengine/assets/HSI_REFL/002/2024_KONZ_9,2024-06-05,0.0
NA5120_E1629N0671,EPSG:32614,-96.60174238172824,39.13462655467564,707287.6608057002,4334455.374249515,8343040.0,3438080.0,14SQJ,1,projects/neon-prod-earthengine/assets/HSI_REFL/002/2024_KONZ_9,2024-06-05,0.12066365007541478
NA5120_E1630N0670,EPSG:32614,-96.54370576172083,39.08795824917263,712444.7122405297,4329409.683011861,8348160.0,3432960.0,14SQJ,1,projects/neon-prod-earthengine/assets/HSI_REFL/002/2024_KONZ_9,2024-06-05,0.0
NA5120_E1630N0671,EPSG:32614,-96.54302456105758,39.13407270246588,712365.0910819,4334529.715316997,8348160.0,3438080.0,14SQJ,1,projects/neon-prod-earthengine/assets/HSI_REFL/002/2024_KONZ_9,2024-06-05,0.41592394533571003
NA5120_E1789N0523,EPSG:32616,-88.19323043822321,31.83806708382609,387091.7254630111,3523107.1428579376,9162240.0,2680320.0,16SCA,1,projects/neon-prod-earthengine/assets/HSI_REFL/002/2024_LENO_8,2024-05-26,0.0
NA5120_E1631N0667,EPSG:32614,-96.48719145500232,38.94902592300753,717759.3250565998,4314122.804297642,8353280.0,3417600.0,14SQJ,1,projects/neon-prod-earthengine/assets/HSI_REFL/002/2024_MCDI_4,2024-06-12,4.166666666666666
NA5120_E1584N0589,EPSG:32614,-99.14965834509333,35.34141862450361,486400.39076451847,3910916.434408161,8112640.0,3018240.0,14SME,1,projects/neon-prod-earthengine/assets/HSI_REFL/002/2024_OAES_8,2024-05-21,0.0
NA5120_E1584N0590,EPSG:32614,-99.15072623350052,35.38755405773771,486311.14088590926,3916033.140110683,8112640.0,3023360.0,14SME,1,projects/neon-prod-earthengine/assets/HSI_REFL/002/2024_OAES_8,2024-05-21,0.0
NA5120_E1585N0589,EPSG:32614,-99.09413506984633,35.342369622175006,491445.95064299594,3911015.693259932,8117760.0,3018240.0,14SME,1,projects/neon-prod-earthengine/assets/HSI_REFL/002/2024_OAES_8,2024-05-21,0.0
NA5120_E1585N0590,EPSG:32614,-99.09516704491071,35.38850588309924,491357.0940160986,3916132.4304857138,8117760.0,3023360.0,14SME,1,projects/neon-prod-earthengine/assets/HSI_REFL/002/2024_OAES_8,2024-05-21,0.0
NA5120_E1608N0546,EPSG:32614,-97.80831808927049,33.3705828681934,610857.4334480397,3693005.2020159997,8235520.0,2798080.0,14SPB,1,projects/neon-prod-earthengine/assets/HSI_REFL/002/2024_PRIN_7,2024-05-19,0.0
NA5120_E1228N0682,EPSG:32611,-119.741311983188,37.07841723162655,256313.93843769428,4107087.735670382,6289920.0,3494400.0,10SGG,1,projects/neon-prod-earthengine/assets/HSI_REFL/002/2024_SJER_7,2024-04-02,0.0
NA5120_E1228N0683,EPSG:32611,-119.75617436964487,37.122234376699744,255133.685255449,4111988.3925380283,6289920.0,3499520.0,10SGG,1,projects/neon-prod-earthengine/assets/HSI_REFL/002/2024_SJER_7,2024-04-02,3.002450980392157
NA5120_E1236N0678,EPSG:32611,-119.2440829000528,37.00562459592333,300330.8451279858,4097850.5304439072,6330880.0,3473920.0,11SKB,1,projects/neon-prod-earthengine/assets/HSI_REFL/002/2024_SOAP_8,2024-06-10,0.0
NA5120_E1236N0679,EPSG:32611,-119.25859430233899,37.04954570017534,299155.24369540846,4102754.4700977015,6330880.0,3479040.0,11SKB,1,projects/neon-prod-earthengine/assets/HSI_REFL/002/2024_SOAP_8,2024-06-10,0.0
NA5120_E1237N0679,EPSG:32611,-119.20371771729198,37.0622343997353,304068.4465129827,4104047.802848522,6336000.0,3479040.0,11SKB,1,projects/neon-prod-earthengine/assets/HSI_REFL/002/2024_SOAP_8,2024-06-10,0.0
NA5120_E1361N0533,EPSG:32612,-110.93759431725105,31.788187615835874,505908.06136762694,3516959.975530469,6970880.0,2731520.0,12SVA,1,projects/neon-prod-earthengine/assets/HSI_REFL/002/2024_SRER_6,2024-09-02,8.529411764705882
NA5120_E1361N0534,EPSG:32612,-110.94552735409772,31.833547591521924,505154.50640777504,3521987.2342470107,6970880.0,2736640.0,12SVA,1,projects/neon-prod-earthengine/assets/HSI_REFL/002/2024_SRER_6,2024-09-02,0.0
NA5120_E1362N0532,EPSG:32612,-110.87741205652863,31.75051433493746,511610.3340084088,3512789.1693388447,6976000.0,2726400.0,12SWA,1,projects/neon-prod-earthengine/assets/HSI_REFL/002/2024_SRER_6,2024-09-02,0.29411764705882354
NA5120_E1362N0533,EPSG:32612,-110.88530256095152,31.795882086357963,510857.7214534506,3517816.85284724,6976000.0,2731520.0,12SWA,1,projects/neon-prod-earthengine/assets/HSI_REFL/002/2024_SRER_6,2024-09-02,0.0
NA5120_E1362N0534,EPSG:32612,-110.89320645889448,31.84124828243387,510104.56483958464,3522844.4515345558,6976000.0,2736640.0,12SWA,1,projects/neon-prod-earthengine/assets/HSI_REFL/002/2024_SRER_6,2024-09-02,0.0
NA5120_E1362N0535,EPSG:32612,-110.90112377979189,31.886612920035653,509350.864609819,3527871.965484011,6976000.0,2741760.0,12SWA,1,projects/neon-prod-earthengine/assets/HSI_REFL/002/2024_SRER_6,2024-09-02,0.0
NA5120_E1363N0532,EPSG:32612,-110.82513921088189,31.7581731676299,516559.7503898245,3513644.8245201884,6981120.0,2726400.0,12SWA,1,projects/neon-prod-earthengine/assets/HSI_REFL/002/2024_SRER_6,2024-09-02,0.0
NA5120_E1363N0533,EPSG:32612,-110.8330005971151,31.803547108050758,515807.5363841208,3518672.8504215693,6981120.0,2731520.0,12SWA,1,projects/neon-prod-earthengine/assets/HSI_REFL/002/2024_SRER_6,2024-09-02,0.0
NA5120_E1363N0534,EPSG:32612,-110.8408753305248,31.84891950227035,515054.7773915216,3523700.790957985,6981120.0,2736640.0,12SWA,1,projects/neon-prod-earthengine/assets/HSI_REFL/002/2024_SRER_6,2024-09-02,0.0
NA5120_E1363N0535,EPSG:32612,-110.84876344045517,31.89429034718008,514301.4738552236,3528728.646211973,6981120.0,2741760.0,12SWA,1,projects/neon-prod-earthengine/assets/HSI_REFL/002/2024_SRER_6,2024-09-02,0.0
NA5120_E1364N0533,EPSG:32612,-110.78068846045136,31.811182668685944,520757.5089275147,3519527.9692332386,6986240.0,2731520.0,12SWA,1,projects/neon-prod-earthengine/assets/HSI_REFL/002/2024_SRER_6,2024-09-02,0.8012820512820512
NA5120_E1364N0534,EPSG:32612,-110.78853400377761,31.85656123877582,520005.14683264075,3524556.253498054,6986240.0,2736640.0,12SWA,1,projects/neon-prod-earthengine/assets/HSI_REFL/002/2024_SRER_6,2024-09-02,0.0
NA5120_E1364N0535,EPSG:32612,-110.7963928771139,31.90193826869109,519252.2392653765,3529584.451936191,6986240.0,2741760.0,12SWA,1,projects/neon-prod-earthengine/assets/HSI_REFL/002/2024_SRER_6,2024-09-02,0.0
NA5120_E1735N0815,EPSG:32616,-89.55963174963226,45.479439272171625,299952.41514574323,5039399.338171457,8885760.0,4175360.0,15TYL,1,projects/neon-prod-earthengine/assets/HSI_REFL/002/2024_STEI_6,2024-06-30,0.0
NA5120_E1735N0816,EPSG:32616,-89.55292443238756,45.52519157873998,300638.2676748262,5044465.519175808,8885760.0,4180480.0,15TYL,1,projects/neon-prod-earthengine/assets/HSI_REFL/002/2024_STEI_6,2024-06-30,0.0
NA5120_E1736N0815,EPSG:32616,-89.49464937950329,45.47454672063799,305014.1666661855,5038695.982069296,8890880.0,4175360.0,15TYL,1,projects/neon-prod-earthengine/assets/HSI_REFL/002/2024_STEI_6,2024-06-30,0.0
NA5120_E1736N0816,EPSG:32616,-89.48788829983937,45.520293902975375,305700.11304068123,5043761.889030722,8890880.0,4180480.0,15TYL,1,projects/neon-prod-earthengine/assets/HSI_REFL/002/2024_STEI_6,2024-06-30,0.0
NA5120_E1737N0815,EPSG:32616,-89.42967870187299,45.46961455465716,310075.7571500087,5037992.366745309,8896000.0,4175360.0,15TYL,1,projects/neon-prod-earthengine/assets/HSI_REFL/002/2024_STEI_6,2024-06-30,0.0
NA5120_E1737N0816,EPSG:32616,-89.42286389689582,45.51535657239279,310761.7980749082,5043058.00172237,8896000.0,4180480.0,15TYL,1,projects/neon-prod-earthengine/assets/HSI_REFL/002/2024_STEI_6,2024-06-30,0.0
NA5120_E1239N0677,EPSG:32611,-119.06509393650258,36.99960930300831,316244.0532451997,4096822.434450097,6346240.0,3468800.0,11SLA,1,projects/neon-prod-earthengine/assets/HSI_REFL/002/2024_TEAK_7,2024-06-12,0.0
NA5120_E1240N0676,EPSG:32611,-118.99588369143761,36.96821280151227,322330.1851629608,4093207.5247833775,6351360.0,3463680.0,11SLA,1,projects/neon-prod-earthengine/assets/HSI_REFL/002/2024_TEAK_7,2024-06-12,0.12449424214130098
NA5120_E1240N0677,EPSG:32611,-119.01021976297771,37.012184928073474,321156.9027329051,4098113.167932718,6351360.0,3468800.0,11SLB,1,projects/neon-prod-earthengine/assets/HSI_REFL/002/2024_TEAK_7,2024-06-12,0.0
NA5120_E1240N0678,EPSG:32611,-119.02458109836574,37.05615313109949,319982.9389808165,4103018.671599674,6351360.0,3473920.0,11SLB,1,projects/neon-prod-earthengine/assets/HSI_REFL/002/2024_TEAK_7,2024-06-12,0.0
NA5120_E1653N0669,EPSG:32615,-95.19620794406836,39.019474537104976,309868.89090271934,4321232.505179466,8465920.0,3427840.0,15SUD,1,projects/neon-prod-earthengine/assets/HSI_REFL/002/2024_UKFS_8,2024-06-06,0.0
NA5120_E1653N0670,EPSG:32615,-95.19456997296116,39.0655686024493,310134.1994481756,4326345.010487788,8465920.0,3432960.0,15SUD,1,projects/neon-prod-earthengine/assets/HSI_REFL/002/2024_UKFS_8,2024-06-06,0.0
