tile_id,utm,lon,lat,utm_x,utm_y,e7g_x,e7g_y,mgrs_tiles,ntiles,neon_id,neon_date,val_null
NA5120_E1907N0666,EPSG:32617,-80.5911456449312,37.42903395429104,536172.9211485102,4142546.6707079466,9766400.0,3412480.0,17SNB,1,projects/neon-prod-earthengine/assets/HSI_REFL/001/2015_MLBS_1,2015-08-21,85.17156862745098
NA5120_E1908N0664,EPSG:32617,-80.55809997991307,37.329513187682664,539148.3106695645,4131518.905582826,9771520.0,3402240.0,17SNB,1,projects/neon-prod-earthengine/assets/HSI_REFL/001/2015_MLBS_1,2015-08-21,31.34014423076923
NA5120_E1908N0665,EPSG:32617,-80.54664734986183,37.37429719715191,540139.0632271835,4136492.085378991,9771520.0,3407360.0,17SNB,1,projects/neon-prod-earthengine/assets/HSI_REFL/001/2015_MLBS_1,2015-08-21,0.0
NA5120_E1908N0666,EPSG:32617,-80.53517404524938,37.419078588048684,541130.4166826316,4141465.1483827857,9771520.0,3412480.0,17SNB,1,projects/neon-prod-earthengine/assets/HSI_REFL/001/2015_MLBS_1,2015-08-21,32.169117647058826
NA5120_E1909N0664,EPSG:32617,-80.50221342066143,37.31954335169403,544105.2080663452,4130437.4679048224,9776640.0,3402240.0,17SNB,1,projects/neon-prod-earthengine/assets/HSI_REFL/001/2015_MLBS_1,2015-08-21,48.31730769230769
NA5120_E1909N0665,EPSG:32617,-80.49072646356413,37.36431864044983,545096.2074551338,4135410.2987861945,9776640.0,3407360.0,17SNB,1,projects/neon-prod-earthengine/assets/HSI_REFL/001/2015_MLBS_1,2015-08-21,0.39828431372549017
NA5120_E1909N0666,EPSG:32617,-80.47921877717346,37.40909129660811,546087.8069134478,4140383.013614577,9776640.0,3412480.0,17SNB,1,projects/neon-prod-earthengine/assets/HSI_REFL/001/2015_MLBS_1,2015-08-21,30.88235294117647
NA5120_E1800N0547,EPSG:32616,-87.4712661152494,32.87469607436114,455913.95376263093,3637494.2938445252,9218560.0,2803200.0,16SDB,1,projects/neon-prod-earthengine/assets/HSI_REFL/001/2015_TALL_1,2015-07-16,57.72383354350568
NA5120_E1800N0548,EPSG:32616,-87.46517450058819,32.920405101528175,456506.1633864122,3642559.0589172374,9218560.0,2808320.0,16SDB,1,projects/neon-prod-earthengine/assets/HSI_REFL/001/2015_TALL_1,2015-07-16,29.73320475731276
NA5120_E1800N0549,EPSG:32616,-87.45907232301093,32.96611307815068,457098.80149958446,3647623.7693931716,9218560.0,2813440.0,16SDB,1,projects/neon-prod-earthengine/assets/HSI_REFL/001/2015_TALL_1,2015-07-16,21.143790849673202
NA5120_E1800N0550,EPSG:32616,-87.45295955843724,33.01182000227563,457691.8677447097,3652688.4253227506,9218560.0,2818560.0,16SDB,1,projects/neon-prod-earthengine/assets/HSI_REFL/001/2015_TALL_1,2015-07-16,84.5708775313404
NA5120_E1801N0547,EPSG:32616,-87.41794899791302,32.86888502757564,460899.1567650628,3636829.0775220236,9223680.0,2803200.0,16SDB,1,projects/neon-prod-earthengine/assets/HSI_REFL/001/2015_TALL_1,2015-07-16,21.665059466409513
NA5120_E1801N0548,EPSG:32616,-87.41182602268786,32.91458924156657,461491.7677588154,3641893.5660184575,9223680.0,2808320.0,16SDB,1,projects/neon-prod-earthengine/assets/HSI_REFL/001/2015_TALL_1,2015-07-16,0.0
NA5120_E1801N0549,EPSG:32616,-87.40569243208498,32.96029239763426,462084.80625560496,3646958.000356317,9223680.0,2813440.0,16SDB,1,projects/neon-prod-earthengine/assets/HSI_REFL/001/2015_TALL_1,2015-07-16,0.0
NA5120_E1801N0550,EPSG:32616,-87.39954820191168,33.005994493808046,462678.27189806453,3652022.38058658,9223680.0,2818560.0,16SDB,1,projects/neon-prod-earthengine/assets/HSI_REFL/001/2015_TALL_1,2015-07-16,52.83732660781841
NA5120_E1802N0547,EPSG:32616,-87.3646400137217,32.863043494619205,465884.2242693227,3636163.0077179186,9228800.0,2803200.0,16SDB,1,projects/neon-prod-earthengine/assets/HSI_REFL/001/2015_TALL_1,2015-07-16,59.04791929382094
NA5120_E1802N0548,EPSG:32616,-87.35848569886893,32.908742871127835,466477.2372086142,3641227.221599446,9228800.0,2808320.0,16SDB,1,projects/neon-prod-earthengine/assets/HSI_REFL/001/2015_TALL_1,2015-07-16,53.071895424836605
NA5120_E1611N0544,EPSG:32614,-97.64596726128138,33.278652079799315,626093.702077807,3682996.6728846957,8250880.0,2787840.0,14SPB,1,projects/neon-prod-earthengine/assets/HSI_REFL/001/2016_CLBJ_1,2016-04-22,84.60302153648345
NA5120_E1611N0545,EPSG:32614,-97.646057016779,33.32481560589625,626018.9207577497,3688115.077732719,8250880.0,2792960.0,14SPB,1,projects/neon-prod-earthengine/assets/HSI_REFL/001/2016_CLBJ_1,2016-04-22,7.12484237074401
NA5120_E1611N0546,EPSG:32614,-97.64614693030559,33.37097878824861,625944.0521368855,3693233.4801036874,8250880.0,2798080.0,14SPB,1,projects/neon-prod-earthengine/assets/HSI_REFL/001/2016_CLBJ_1,2016-04-22,0.4821600771456124
NA5120_E1611N0547,EPSG:32614,-97.64623700223066,33.41714162662081,625869.0962642301,3698351.87999616,8250880.0,2803200.0,14SPC,1,projects/neon-prod-earthengine/assets/HSI_REFL/001/2016_CLBJ_1,2016-04-22,19.318547090967535
NA5120_E1612N0544,EPSG:32614,-97.59197636033426,33.27872114570061,631121.8757700714,3683070.8471029666,8256000.0,2787840.0,14SPB,1,projects/neon-prod-earthengine/assets/HSI_REFL/001/2016_CLBJ_1,2016-04-22,92.28543876567021
NA5120_E1612N0545,EPSG:32614,-97.59203291685546,33.32488472993673,631047.5340420781,3688189.3423776766,8256000.0,2792960.0,14SPB,1,projects/neon-prod-earthengine/assets/HSI_REFL/001/2016_CLBJ_1,2016-04-22,10.277427490542244
NA5120_E1612N0546,EPSG:32614,-97.59208957295374,33.37104797051992,630973.1039415916,3693307.8351263576,8256000.0,2798080.0,14SPB,1,projects/neon-prod-earthengine/assets/HSI_REFL/001/2016_CLBJ_1,2016-04-22,0.0
NA5120_E1612N0547,EPSG:32614,-97.59214632886192,33.41721086721488,630898.5855174839,3698426.325347452,8256000.0,2803200.0,14SPC,1,projects/neon-prod-earthengine/assets/HSI_REFL/001/2016_CLBJ_1,2016-04-22,21.2484237074401
NA5120_E1613N0547,EPSG:32614,-97.5380555783662,33.41724868555554,635928.1691819441,3698499.9040197395,8261120.0,2803200.0,14SPC,1,projects/neon-prod-earthengine/assets/HSI_REFL/001/2016_CLBJ_1,2016-04-22,76.19798234552333
NA5120_E1861N0615,EPSG:32617,-83.6610655511229,35.54636916689449,258770.15489625384,3936894.159155327,9530880.0,3151360.0,16SGE,1,projects/neon-prod-earthengine/assets/HSI_REFL/001/2016_GRSM_2,2016-06-08,100.0
NA5120_E1861N0616,EPSG:32617,-83.65210113880836,35.59162715173838,259718.274787565,3941893.3972219024,9530880.0,3156480.0,16SGE,1,projects/neon-prod-earthengine/assets/HSI_REFL/001/2016_GRSM_2,2016-06-08,98.41872232764072
NA5120_E1861N0617,EPSG:32617,-83.64312078686532,35.63688333974424,260667.06419068237,3946892.4773719665,9530880.0,3161600.0,16SGE,1,projects/neon-prod-earthengine/assets/HSI_REFL/001/2016_GRSM_2,2016-06-08,67.235926628716
NA5120_E1861N0618,EPSG:32617,-83.6341244574703,35.68213772711043,261616.52252766228,3951891.399721644,9530880.0,3166720.0,16SGE,1,projects/neon-prod-earthengine/assets/HSI_REFL/001/2016_GRSM_2,2016-06-08,11.6382036685642
NA5120_E1861N0619,EPSG:32617,-83.6251121126759,35.72739031002431,262566.6492202455,3956890.1643876117,9530880.0,3171840.0,16SGE,1,projects/neon-prod-earthengine/assets/HSI_REFL/001/2016_GRSM_2,2016-06-08,95.12966476913346
NA5120_E1862N0616,EPSG:32617,-83.59716902765618,35.58352153657688,264672.5337241844,3940861.316464352,9536000.0,3156480.0,17SKV,1,projects/neon-prod-earthengine/assets/HSI_REFL/001/2016_GRSM_2,2016-06-08,21.568627450980394
NA5120_E1862N0617,EPSG:32617,-83.58815521373354,35.62877077307547,265621.5671535979,3945859.926418435,9536000.0,3161600.0,17SKV,1,projects/neon-prod-earthengine/assets/HSI_REFL/001/2016_GRSM_2,2016-06-08,0.15812776723592661
NA5120_E1862N0618,EPSG:32617,-83.5791253671715,35.67401819790959,266571.2686234509,3950858.379278738,9536000.0,3166720.0,17SKV,1,projects/neon-prod-earthengine/assets/HSI_REFL/001/2016_GRSM_2,2016-06-08,0.0
NA5120_E1862N0619,EPSG:32617,-83.57007944990818,35.71926380723982,267521.6375559522,3955856.6751626916,9536000.0,3171840.0,17SKV,1,projects/neon-prod-earthengine/assets/HSI_REFL/001/2016_GRSM_2,2016-06-08,77.49766573295986
NA5120_E1863N0616,EPSG:32617,-83.54224939926206,35.57538447226941,269626.5116538632,3939828.5872878516,9541120.0,3156480.0,17SKV,1,projects/neon-prod-earthengine/assets/HSI_REFL/001/2016_GRSM_2,2016-06-08,14.721444133208838
NA5120_E1863N0617,EPSG:32617,-83.53320215617227,35.62062673229746,270575.790008912,3944826.7289147885,9541120.0,3161600.0,17SKV,1,projects/neon-prod-earthengine/assets/HSI_REFL/001/2016_GRSM_2,2016-06-08,0.0
NA5120_E1863N0618,EPSG:32617,-83.52413882536106,35.66586716960197,271525.7355120389,3949824.7141544865,9541120.0,3166720.0,17SKV,1,projects/neon-prod-earthengine/assets/HSI_REFL/001/2016_GRSM_2,2016-06-08,0.0
NA5120_E1863N0619,EPSG:32617,-83.51505936865259,35.71110578031671,272476.3475859064,3954822.5431251368,9541120.0,3171840.0,17SKV,1,projects/neon-prod-earthengine/assets/HSI_REFL/001/2016_GRSM_2,2016-06-08,20.790538437597263
NA5120_E1863N0620,EPSG:32617,-83.50596374774584,35.7563425605643,273427.62565286283,3959820.215945484,9541120.0,3176960.0,17SKV,1,projects/neon-prod-earthengine/assets/HSI_REFL/001/2016_GRSM_2,2016-06-08,100.0
NA5120_E1864N0616,EPSG:32617,-83.48734229588058,35.56721597349785,274580.2113847089,3938795.2085362687,9546240.0,3156480.0,17SKV,1,projects/neon-prod-earthengine/assets/HSI_REFL/001/2016_GRSM_2,2016-06-08,32.64861500155618
NA5120_E1864N0617,EPSG:32617,-83.47826165653521,35.612451232127064,275529.73556536925,3943792.8837036784,9546240.0,3161600.0,17SKV,1,projects/neon-prod-earthengine/assets/HSI_REFL/001/2016_GRSM_2,2016-06-08,0.1556178026766262
NA5120_E1864N0618,EPSG:32617,-83.4691648744921,35.65768465693955,276479.926002797,3948790.40319033,9546240.0,3166720.0,17SKV,1,projects/neon-prod-earthengine/assets/HSI_REFL/001/2016_GRSM_2,2016-06-08,0.0
NA5120_E1864N0619,EPSG:32617,-83.46005191146189,35.70291624404218,277430.7821201011,3953787.7671151687,9546240.0,3171840.0,17SKV,1,projects/neon-prod-earthengine/assets/HSI_REFL/001/2016_GRSM_2,2016-06-08,5.291005291005291
NA5120_E1864N0620,EPSG:32617,-83.45092272902964,35.74814598953059,278382.3033401064,3958784.975597694,9546240.0,3176960.0,17SKV,1,projects/neon-prod-earthengine/assets/HSI_REFL/001/2016_GRSM_2,2016-06-08,68.88045540796965
NA5120_E1865N0616,EPSG:32617,-83.43244775967685,35.559016054992306,279533.6357235757,3937761.179051849,9551360.0,3156480.0,17SKV,1,projects/neon-prod-earthengine/assets/HSI_REFL/001/2016_GRSM_2,2016-06-08,100.0
NA5120_E1865N0617,EPSG:32617,-83.42333375708625,35.604244287329465,280483.4066304511,3942758.389626135,9551360.0,3161600.0,17SKV,1,projects/neon-prod-earthengine/assets/HSI_REFL/001/2016_GRSM_2,2016-06-08,47.21444133208839
NA5120_E1865N0618,EPSG:32617,-83.4142035569276,35.64947067472268,281433.84290383186,3947755.4452260872,9551360.0,3166720.0,17SKV,1,projects/neon-prod-earthengine/assets/HSI_REFL/001/2016_GRSM_2,2016-06-08,0.0
NA5120_E1865N0619,EPSG:32617,-83.40505712079832,35.69469521325186,282384.94396728894,3952752.345971402,9551360.0,3171840.0,17SKV,1,projects/neon-prod-earthengine/assets/HSI_REFL/001/2016_GRSM_2,2016-06-08,0.0
NA5120_E1865N0620,EPSG:32617,-83.39589441017011,35.739917898985574,283336.70924408,3957749.0919823237,9551360.0,3176960.0,17SKV,1,projects/neon-prod-earthengine/assets/HSI_REFL/001/2016_GRSM_2,2016-06-08,46.09399315281668
NA5120_E1866N0616,EPSG:32617,-83.37756583272636,35.55078473153082,284486.7874760521,3936726.497675195,9556480.0,3156480.0,17SKV,1,projects/neon-prod-earthengine/assets/HSI_REFL/001/2016_GRSM_2,2016-06-08,100.0
NA5120_E1866N0617,EPSG:32617,-83.36841849999935,35.59600591271789,285436.80601038836,3941723.2455215557,9556480.0,3161600.0,17SKV,1,projects/neon-prod-earthengine/assets/HSI_REFL/001/2016_GRSM_2,2016-06-08,94.74011826953004
NA5120_E1866N0618,EPSG:32617,-83.35925491494011,35.641225237799866,286387.4890220162,3946719.8390999464,9556480.0,3166720.0,17SKV,1,projects/neon-prod-earthengine/assets/HSI_REFL/001/2016_GRSM_2,2016-06-08,52.24541429475016
NA5120_E1866N0619,EPSG:32617,-83.35007503903341,35.68644270282966,287338.8359349554,3951716.2785308156,9556480.0,3171840.0,17SKV,1,projects/neon-prod-earthengine/assets/HSI_REFL/001/2016_GRSM_2,2016-06-08,16.23931623931624
NA5120_E1866N0620,EPSG:32617,-83.34087883363799,35.731658303848725,288290.84617291915,3956712.563935164,9556480.0,3176960.0,17SKV,1,projects/neon-prod-earthengine/assets/HSI_REFL/001/2016_GRSM_2,2016-06-08,72.58014316837847
NA5120_E2013N0810,EPSG:32618,-72.3201715203079,42.44858022681709,720378.7487929547,4703063.279150254,10309120.0,4149760.0,18TYN,1,projects/neon-prod-earthengine/assets/HSI_REFL/001/2016_HARV_3,2016-08-16,100.0
NA5120_E2013N0811,EPSG:32618,-72.30090686736065,42.491585443613374,721811.0886155572,4707889.198225751,10309120.0,4154880.0,18TYN,1,projects/neon-prod-earthengine/assets/HSI_REFL/001/2016_HARV_3,2016-08-16,70.04830917874396
NA5120_E2013N0812,EPSG:32618,-72.28160588311017,42.534584642079665,723244.1358851868,4712714.946587281,10309120.0,4160000.0,18TYN,1,projects/neon-prod-earthengine/assets/HSI_REFL/001/2016_HARV_3,2016-08-16,33.41858482523444
NA5120_E2013N0813,EPSG:32618,-72.26226847575742,42.577577806801486,724677.8898582503,4717540.524646917,10309120.0,4165120.0,18TYN,1,projects/neon-prod-earthengine/assets/HSI_REFL/001/2016_HARV_3,2016-08-16,49.46778711484594
NA5120_E2014N0809,EPSG:32618,-72.28073598724785,42.390570832789145,723828.3813045719,4696724.638248988,10314240.0,4144640.0,18TYM,1,projects/neon-prod-earthengine/assets/HSI_REFL/001/2016_HARV_3,2016-08-16,53.567447045707915
NA5120_E2014N0810,EPSG:32618,-72.26147202832067,42.43356818610988,725260.1085451264,4701550.387121961,10314240.0,4149760.0,18TYN,1,projects/neon-prod-earthengine/assets/HSI_REFL/001/2016_HARV_3,2016-08-16,8.042057402671213
NA5120_E2014N0811,EPSG:32618,-72.24217178432893,42.47655951365485,726692.5434356346,4706375.965894271,10314240.0,4154880.0,18TYN,1,projects/neon-prod-earthengine/assets/HSI_REFL/001/2016_HARV_3,2016-08-16,0.0
NA5120_E2014N0812,EPSG:32618,-72.2228351637432,42.51954480000945,728125.6852333196,4711201.374977781,10314240.0,4160000.0,18TYN,1,projects/neon-prod-earthengine/assets/HSI_REFL/001/2016_HARV_3,2016-08-16,0.0
NA5120_E2014N0813,EPSG:32618,-72.20346207473575,42.56252402970656,729559.5331952453,4716026.614785149,10314240.0,4165120.0,18TYN,1,projects/neon-prod-earthengine/assets/HSI_REFL/001/2016_HARV_3,2016-08-16,9.43449843705598
NA5120_E2015N0809,EPSG:32618,-72.2221012037295,42.375540005885824,728709.6740423213,4695211.713194958,10319360.0,4144640.0,18TYM,1,projects/neon-prod-earthengine/assets/HSI_REFL/001/2016_HARV_3,2016-08-16,56.60699062233589
NA5120_E2015N0810,EPSG:32618,-72.20280177762291,42.41852347113441,730141.4982606214,4700037.122272774,10319360.0,4149760.0,18TYN,1,projects/neon-prod-earthengine/assets/HSI_REFL/001/2016_HARV_3,2016-08-16,0.0
NA5120_E2015N0811,EPSG:32618,-72.18346602144412,42.46150088778802,731574.0295891216,4704862.362274187,10319360.0,4154880.0,18TYN,1,projects/neon-prod-earthengine/assets/HSI_REFL/001/2016_HARV_3,2016-08-16,0.0
NA5120_E2015N0812,EPSG:32618,-72.16409384363574,42.50447224037963,733007.2672856918,4709687.433611651,10319360.0,4160000.0,18TYN,1,projects/neon-prod-earthengine/assets/HSI_REFL/001/2016_HARV_3,2016-08-16,0.0
NA5120_E2015N0813,EPSG:32618,-72.14468515234222,42.547437513389426,734441.210608064,4714512.3366984045,10319360.0,4165120.0,18TYN,1,projects/neon-prod-earthengine/assets/HSI_REFL/001/2016_HARV_3,2016-08-16,8.207282913165265
NA5120_E2016N0810,EPSG:32618,-72.14416080254163,42.40344611382162,735022.9205047544,4698523.48282171,10324480.0,4149760.0,18TYN,1,projects/neon-prod-earthengine/assets/HSI_REFL/001/2016_HARV_3,2016-08-16,44.27394146064223
NA5120_E2016N0811,EPSG:32618,-72.12478961306003,42.44640959802109,736455.5496415723,4703348.385583875,10324480.0,4154880.0,18TYN,1,projects/neon-prod-earthengine/assets/HSI_REFL/001/2016_HARV_3,2016-08-16,27.118171683389075
NA5120_E2016N0812,EPSG:32618,-72.10538195716808,42.489366995275816,737888.8846081116,4708173.120706622,10324480.0,4160000.0,18TYN,1,projects/neon-prod-earthengine/assets/HSI_REFL/001/2016_HARV_3,2016-08-16,47.65886287625418
NA5120_E1860N0518,EPSG:32616,-84.51224758072561,31.155805696698273,737143.7866837252,3449533.94532818,9525760.0,2654720.0,16RGV,1,projects/neon-prod-earthengine/assets/HSI_REFL/001/2016_JERC_2,2016-09-20,50.41542040545032
NA5120_E1860N0519,EPSG:32616,-84.50469582267925,31.201227422216203,737750.243509446,3454586.3951119063,9525760.0,2659840.0,16RGV,1,projects/neon-prod-earthengine/assets/HSI_REFL/001/2016_JERC_2,2016-09-20,6.923076923076923
NA5120_E1860N0520,EPSG:32616,-84.49713131854219,31.246647682934473,738357.0810065159,3459638.8151043216,9525760.0,2664960.0,16RGV,1,projects/neon-prod-earthengine/assets/HSI_REFL/001/2016_JERC_2,2016-09-20,0.0
NA5120_E1860N0521,EPSG:32616,-84.48955404059728,31.292066475939787,738964.2988275888,3464691.205381583,9525760.0,2670080.0,16RGV,1,projects/neon-prod-earthengine/assets/HSI_REFL/001/2016_JERC_2,2016-09-20,0.0
NA5120_E1860N0522,EPSG:32616,-84.48196396104193,31.33748379831168,739571.8966250423,3469743.56602004,9525760.0,2675200.0,16RGV,1,projects/neon-prod-earthengine/assets/HSI_REFL/001/2016_JERC_2,2016-09-20,61.86274509803922
NA5120_E1861N0518,EPSG:32616,-84.46033464285645,31.14836103043222,742112.8039097404,3448820.9210052374,9530880.0,2654720.0,16RGV,1,projects/neon-prod-earthengine/assets/HSI_REFL/001/2016_JERC_2,2016-09-20,55.26143790849674
NA5120_E1861N0519,EPSG:32616,-84.4527542989953,31.19377678925561,742719.7264175967,3453873.1973528373,9530880.0,2659840.0,16RGV,1,projects/neon-prod-earthengine/assets/HSI_REFL/001/2016_JERC_2,2016-09-20,0.0
NA5120_E1861N0520,EPSG:32616,-84.44516116361943,31.239191074548014,743327.0286486651,3458925.4443611503,9530880.0,2664960.0,16RGV,1,projects/neon-prod-earthengine/assets/HSI_REFL/001/2016_JERC_2,2016-09-20,0.0
NA5120_E1861N0521,EPSG:32616,-84.43755520892354,31.28460388337626,743934.7102556005,3463977.6621068376,9530880.0,2670080.0,16RGV,1,projects/neon-prod-earthengine/assets/HSI_REFL/001/2016_JERC_2,2016-09-20,0.0
NA5120_E1861N0522,EPSG:32616,-84.42993640701664,31.33001521279992,744542.770890791,3469029.8506667456,9530880.0,2675200.0,16RGV,1,projects/neon-prod-earthengine/assets/HSI_REFL/001/2016_JERC_2,2016-09-20,49.31372549019608
NA5120_E1862N0518,EPSG:32616,-84.40843138884186,31.140887193759276,747081.8382173231,3448106.9372248375,9536000.0,2654720.0,16RGV,1,projects/neon-prod-earthengine/assets/HSI_REFL/001/2016_JERC_2,2016-09-20,85.86538461538461
NA5120_E1862N0519,EPSG:32616,-84.4008224833355,31.186296963955183,747689.2270452842,3453159.0420432617,9536000.0,2659840.0,16RGV,1,projects/neon-prod-earthengine/assets/HSI_REFL/001/2016_JERC_2,2016-09-20,32.136922565636425
NA5120_E1862N0520,EPSG:32616,-84.39320074096231,31.23170525186033,748296.9946489134,3458211.1179749803,9536000.0,2664960.0,16RGV,1,projects/neon-prod-earthengine/assets/HSI_REFL/001/2016_JERC_2,2016-09-20,46.76282051282051
NA5120_E1862N0521,EPSG:32616,-84.38556613382916,31.277112054521602,748905.1406808643,3463263.165097153,9536000.0,2670080.0,16RGV,1,projects/neon-prod-earthengine/assets/HSI_REFL/001/2016_JERC_2,2016-09-20,79.42838152210037
NA5120_E1966N0715,EPSG:32618,-76.63169573475372,38.95077809493019,358606.7126957359,4312580.2752973335,10068480.0,3663360.0,18SUJ,1,projects/neon-prod-earthengine/assets/HSI_REFL/001/2016_SERC_1,2016-07-24,91.7706476530006
NA5120_E1967N0713,EPSG:32618,-76.604427354505,38.85036714283653,360773.7575502021,4301394.857520564,10073600.0,3653120.0,18SUJ,1,projects/neon-prod-earthengine/assets/HSI_REFL/001/2016_SERC_1,2016-07-24,36.89349112426035
NA5120_E1967N0714,EPSG:32618,-76.58979840081254,38.89441484549036,362128.4205379884,4306260.971004153,10073600.0,3658240.0,18SUJ,1,projects/neon-prod-earthengine/assets/HSI_REFL/001/2016_SERC_1,2016-07-24,0.0
NA5120_E1967N0715,EPSG:32618,-76.57514286137894,38.9384586310417,363483.8913353175,4311126.832876539,10073600.0,3663360.0,18SUJ,1,projects/neon-prod-earthengine/assets/HSI_REFL/001/2016_SERC_1,2016-07-24,44.900932400932405
NA5120_E1968N0713,EPSG:32618,-76.54796366200641,38.83803766420568,365650.5366652569,4299941.992729073,10078720.0,3653120.0,18SUJ,1,projects/neon-prod-earthengine/assets/HSI_REFL/001/2016_SERC_1,2016-07-24,51.101055806938156
NA5120_E1968N0714,EPSG:32618,-76.53330071961338,38.88207446266876,367005.29138756974,4304807.5963218,10078720.0,3658240.0,18SUJ,1,projects/neon-prod-earthengine/assets/HSI_REFL/001/2016_SERC_1,2016-07-24,0.0
NA5120_E1968N0715,EPSG:32618,-76.51861114167377,38.926107326548376,368360.8532672991,4309672.94928626,10078720.0,3663360.0,18SUJ,1,projects/neon-prod-earthengine/assets/HSI_REFL/001/2016_SERC_1,2016-07-24,33.45216874628639
NA5120_E1968N0716,EPSG:32618,-76.50389486345175,38.97013624647432,369717.22154170787,4314538.051924681,10078720.0,3668480.0,18SUJ,1,projects/neon-prod-earthengine/assets/HSI_REFL/001/2016_SERC_1,2016-07-24,100.0
NA5120_E1800N0547,EPSG:32616,-87.4712661152494,32.87469607436114,455913.95376263093,3637494.2938445252,9218560.0,2803200.0,16SDB,1,projects/neon-prod-earthengine/assets/HSI_REFL/001/2016_TALL_2,2016-05-06,55.61160151324086
NA5120_E1800N0548,EPSG:32616,-87.46517450058819,32.920405101528175,456506.1633864122,3642559.0589172374,9218560.0,2808320.0,16SDB,1,projects/neon-prod-earthengine/assets/HSI_REFL/001/2016_TALL_2,2016-05-06,30.665380906460943
NA5120_E1800N0549,EPSG:32616,-87.45907232301093,32.96611307815068,457098.80149958446,3647623.7693931716,9218560.0,2813440.0,16SDB,1,projects/neon-prod-earthengine/assets/HSI_REFL/001/2016_TALL_2,2016-05-06,19.183006535947715
NA5120_E1801N0547,EPSG:32616,-87.41794899791302,32.86888502757564,460899.1567650628,3636829.0775220236,9223680.0,2803200.0,16SDB,1,projects/neon-prod-earthengine/assets/HSI_REFL/001/2016_TALL_2,2016-05-06,20.73288331726133
NA5120_E1801N0548,EPSG:32616,-87.41182602268786,32.91458924156657,461491.7677588154,3641893.5660184575,9223680.0,2808320.0,16SDB,1,projects/neon-prod-earthengine/assets/HSI_REFL/001/2016_TALL_2,2016-05-06,0.0
NA5120_E1801N0549,EPSG:32616,-87.40569243208498,32.96029239763426,462084.80625560496,3646958.000356317,9223680.0,2813440.0,16SDB,1,projects/neon-prod-earthengine/assets/HSI_REFL/001/2016_TALL_2,2016-05-06,0.0
NA5120_E1802N0547,EPSG:32616,-87.3646400137217,32.863043494619205,465884.2242693227,3636163.0077179186,9228800.0,2803200.0,16SDB,1,projects/neon-prod-earthengine/assets/HSI_REFL/001/2016_TALL_2,2016-05-06,79.25598991172762
NA5120_E1802N0548,EPSG:32616,-87.35848569886893,32.908742871127835,466477.2372086142,3641227.221599446,9228800.0,2808320.0,16SDB,1,projects/neon-prod-earthengine/assets/HSI_REFL/001/2016_TALL_2,2016-05-06,53.03921568627451
NA5120_E1802N0549,EPSG:32616,-87.3523207162421,32.95444118229966,467070.67666531936,3646291.381761016,9228800.0,2813440.0,16SDB,1,projects/neon-prod-earthengine/assets/HSI_REFL/001/2016_TALL_2,2016-05-06,62.35294117647059
NA5120_E1802N0550,EPSG:32616,-87.3461450415366,33.000138426146336,467664.5422821342,3651355.4882541653,9228800.0,2818560.0,16SDB,1,projects/neon-prod-earthengine/assets/HSI_REFL/001/2016_TALL_2,2016-05-06,90.35679845708775
NA5120_E1611N0545,EPSG:32614,-97.646057016779,33.32481560589625,626018.9207577497,3688115.077732719,8250880.0,2792960.0,14SPB,1,projects/neon-prod-earthengine/assets/HSI_REFL/001/2017_CLBJ_2,2017-05-01,24.117276166456495
NA5120_E1611N0546,EPSG:32614,-97.64614693030559,33.37097878824861,625944.0521368855,3693233.4801036874,8250880.0,2798080.0,14SPB,1,projects/neon-prod-earthengine/assets/HSI_REFL/001/2017_CLBJ_2,2017-05-01,0.6107360977177756
NA5120_E1611N0547,EPSG:32614,-97.64623700223066,33.41714162662081,625869.0962642301,3698351.87999616,8250880.0,2803200.0,14SPC,1,projects/neon-prod-earthengine/assets/HSI_REFL/001/2017_CLBJ_2,2017-05-01,29.28318868531019
NA5120_E1612N0545,EPSG:32614,-97.59203291685546,33.32488472993673,631047.5340420781,3688189.3423776766,8256000.0,2792960.0,14SPB,1,projects/neon-prod-earthengine/assets/HSI_REFL/001/2017_CLBJ_2,2017-05-01,22.036569987389658
NA5120_E1612N0546,EPSG:32614,-97.59208957295374,33.37104797051992,630973.1039415916,3693307.8351263576,8256000.0,2798080.0,14SPB,1,projects/neon-prod-earthengine/assets/HSI_REFL/001/2017_CLBJ_2,2017-05-01,0.0
NA5120_E1612N0547,EPSG:32614,-97.59214632886192,33.41721086721488,630898.5855174839,3698426.325347452,8256000.0,2803200.0,14SPC,1,projects/neon-prod-earthengine/assets/HSI_REFL/001/2017_CLBJ_2,2017-05-01,28.7515762925599
NA5120_E1613N0547,EPSG:32614,-97.5380555783662,33.41724868555554,635928.1691819441,3698499.9040197395,8261120.0,2803200.0,14SPC,1,projects/neon-prod-earthengine/assets/HSI_REFL/001/2017_CLBJ_2,2017-05-01,72.47793190416141
NA5120_E1493N0712,EPSG:32613,-104.78307830161378,40.76448036261918,518308.23817373853,4512635.313431192,7646720.0,3648000.0,13TEF,1,projects/neon-prod-earthengine/assets/HSI_REFL/001/2017_CPER_3,2017-05-24,77.45098039215686
NA5120_E1493N0713,EPSG:32613,-104.78849175274233,40.810329814649414,517839.067942579,4517723.73908467,7646720.0,3653120.0,13TEF,1,projects/neon-prod-earthengine/assets/HSI_REFL/001/2017_CPER_3,2017-05-24,40.253748558246826
NA5120_E1493N0714,EPSG:32613,-104.79391578098532,40.85617843142088,517369.6235606626,4522812.13811165,7646720.0,3658240.0,13TEF,1,projects/neon-prod-earthengine/assets/HSI_REFL/001/2017_CPER_3,2017-05-24,51.894796380090504
NA5120_E1494N0712,EPSG:32613,-104.72307856987528,40.76883794517117,523370.7071397633,4513133.277586621,7651840.0,3648000.0,13TEF,1,projects/neon-prod-earthengine/assets/HSI_REFL/001/2017_CPER_3,2017-05-24,59.877085162423185
NA5120_E1494N0713,EPSG:32613,-104.7284481647661,40.814691553231434,522901.7805693787,4518221.870780458,7651840.0,3653120.0,13TEF,1,projects/neon-prod-earthengine/assets/HSI_REFL/001/2017_CPER_3,2017-05-24,0.0
NA5120_E1494N0714,EPSG:32613,-104.73382825283086,40.86054433358505,522432.57881444955,4523310.436971391,7651840.0,3658240.0,13TEF,1,projects/neon-prod-earthengine/assets/HSI_REFL/001/2017_CPER_3,2017-05-24,8.189158016147635
NA5120_E1495N0713,EPSG:32613,-104.66839616988777,40.81901739830962,527964.557512946,4518719.490484142,7656960.0,3653120.0,13TEF,1,projects/neon-prod-earthengine/assets/HSI_REFL/001/2017_CPER_3,2017-05-24,57.009072285630666
NA5120_E1495N0714,EPSG:32613,-104.67373229324859,40.86487430869376,527495.5979018629,4523808.2259263415,7656960.0,3658240.0,13TEF,1,projects/neon-prod-earthengine/assets/HSI_REFL/001/2017_CPER_3,2017-05-24,57.30172666081358
NA5120_E1861N0616,EPSG:32617,-83.65210113880836,35.59162715173838,259718.274787565,3941893.3972219024,9530880.0,3156480.0,16SGE,1,projects/neon-prod-earthengine/assets/HSI_REFL/001/2017_GRSM_3,2017-10-05,100.0
NA5120_E1861N0617,EPSG:32617,-83.64312078686532,35.63688333974424,260667.06419068237,3946892.4773719665,9530880.0,3161600.0,16SGE,1,projects/neon-prod-earthengine/assets/HSI_REFL/001/2017_GRSM_3,2017-10-05,65.21189120809613
NA5120_E1861N0618,EPSG:32617,-83.6341244574703,35.68213772711043,261616.52252766228,3951891.399721644,9530880.0,3166720.0,16SGE,1,projects/neon-prod-earthengine/assets/HSI_REFL/001/2017_GRSM_3,2017-10-05,15.14864010120177
NA5120_E1861N0619,EPSG:32617,-83.6251121126759,35.72739031002431,262566.6492202455,3956890.1643876117,9530880.0,3171840.0,16SGE,1,projects/neon-prod-earthengine/assets/HSI_REFL/001/2017_GRSM_3,2017-10-05,95.85705249841872
NA5120_E1862N0616,EPSG:32617,-83.59716902765618,35.58352153657688,264672.5337241844,3940861.316464352,9536000.0,3156480.0,17SKV,1,projects/neon-prod-earthengine/assets/HSI_REFL/001/2017_GRSM_3,2017-10-05,25.110689437065147
NA5120_E1862N0617,EPSG:32617,-83.58815521373354,35.62877077307547,265621.5671535979,3945859.926418435,9536000.0,3161600.0,17SKV,1,projects/neon-prod-earthengine/assets/HSI_REFL/001/2017_GRSM_3,2017-10-05,0.0
NA5120_E1862N0618,EPSG:32617,-83.5791253671715,35.67401819790959,266571.2686234509,3950858.379278738,9536000.0,3166720.0,17SKV,1,projects/neon-prod-earthengine/assets/HSI_REFL/001/2017_GRSM_3,2017-10-05,0.0
NA5120_E1862N0619,EPSG:32617,-83.57007944990818,35.71926380723982,267521.6375559522,3955856.6751626916,9536000.0,3171840.0,17SKV,1,projects/neon-prod-earthengine/assets/HSI_REFL/001/2017_GRSM_3,2017-10-05,76.5639589169001
NA5120_E1862N0620,EPSG:32617,-83.56101742375687,35.76450759721568,268472.67337299197,3960854.8141882936,9536000.0,3176960.0,17SKV,1,projects/neon-prod-earthengine/assets/HSI_REFL/001/2017_GRSM_3,2017-10-05,100.0
NA5120_E1863N0616,EPSG:32617,-83.54224939926206,35.57538447226941,269626.5116538632,3939828.5872878516,9541120.0,3156480.0,17SKV,1,projects/neon-prod-earthengine/assets/HSI_REFL/001/2017_GRSM_3,2017-10-05,8.932461873638346
NA5120_E1863N0617,EPSG:32617,-83.53320215617227,35.62062673229746,270575.790008912,3944826.7289147885,9541120.0,3161600.0,17SKV,1,projects/neon-prod-earthengine/assets/HSI_REFL/001/2017_GRSM_3,2017-10-05,0.0
NA5120_E1863N0618,EPSG:32617,-83.52413882536106,35.66586716960197,271525.7355120389,3949824.7141544865,9541120.0,3166720.0,17SKV,1,projects/neon-prod-earthengine/assets/HSI_REFL/001/2017_GRSM_3,2017-10-05,0.0
NA5120_E1863N0619,EPSG:32617,-83.51505936865259,35.71110578031671,272476.3475859064,3954822.5431251368,9541120.0,3171840.0,17SKV,1,projects/neon-prod-earthengine/assets/HSI_REFL/001/2017_GRSM_3,2017-10-05,24.33862433862434
NA5120_E1863N0620,EPSG:32617,-83.50596374774584,35.7563425605643,273427.62565286283,3959820.215945484,9541120.0,3176960.0,17SKV,1,projects/neon-prod-earthengine/assets/HSI_REFL/001/2017_GRSM_3,2017-10-05,84.00248988484282
NA5120_E1864N0616,EPSG:32617,-83.48734229588058,35.56721597349785,274580.2113847089,3938795.2085362687,9546240.0,3156480.0,17SKV,1,projects/neon-prod-earthengine/assets/HSI_REFL/001/2017_GRSM_3,2017-10-05,35.82321817615936
NA5120_E1864N0617,EPSG:32617,-83.47826165653521,35.612451232127064,275529.73556536925,3943792.8837036784,9546240.0,3161600.0,17SKV,1,projects/neon-prod-earthengine/assets/HSI_REFL/001/2017_GRSM_3,2017-10-05,0.6535947712418301
NA5120_E1864N0618,EPSG:32617,-83.4691648744921,35.65768465693955,276479.926002797,3948790.40319033,9546240.0,3166720.0,17SKV,1,projects/neon-prod-earthengine/assets/HSI_REFL/001/2017_GRSM_3,2017-10-05,0.0
NA5120_E1864N0619,EPSG:32617,-83.46005191146189,35.70291624404218,277430.7821201011,3953787.7671151687,9546240.0,3171840.0,17SKV,1,projects/neon-prod-earthengine/assets/HSI_REFL/001/2017_GRSM_3,2017-10-05,2.6143790849673203
NA5120_E1864N0620,EPSG:32617,-83.45092272902964,35.74814598953059,278382.3033401064,3958784.975597694,9546240.0,3176960.0,17SKV,1,projects/neon-prod-earthengine/assets/HSI_REFL/001/2017_GRSM_3,2017-10-05,41.20809614168248
NA5120_E1865N0616,EPSG:32617,-83.43244775967685,35.559016054992306,279533.6357235757,3937761.179051849,9551360.0,3156480.0,17SKV,1,projects/neon-prod-earthengine/assets/HSI_REFL/001/2017_GRSM_3,2017-10-05,100.0
NA5120_E1865N0617,EPSG:32617,-83.42333375708625,35.604244287329465,280483.4066304511,3942758.389626135,9551360.0,3161600.0,17SKV,1,projects/neon-prod-earthengine/assets/HSI_REFL/001/2017_GRSM_3,2017-10-05,47.463429816371
NA5120_E1865N0618,EPSG:32617,-83.4142035569276,35.64947067472268,281433.84290383186,3947755.4452260872,9551360.0,3166720.0,17SKV,1,projects/neon-prod-earthengine/assets/HSI_REFL/001/2017_GRSM_3,2017-10-05,0.0
NA5120_E1865N0619,EPSG:32617,-83.40505712079832,35.69469521325186,282384.94396728894,3952752.345971402,9551360.0,3171840.0,17SKV,1,projects/neon-prod-earthengine/assets/HSI_REFL/001/2017_GRSM_3,2017-10-05,0.0
NA5120_E1865N0620,EPSG:32617,-83.39589441017011,35.739917898985574,283336.70924408,3957749.0919823237,9551360.0,3176960.0,17SKV,1,projects/neon-prod-earthengine/assets/HSI_REFL/001/2017_GRSM_3,2017-10-05,43.88422035480859
NA5120_E1866N0617,EPSG:32617,-83.36841849999935,35.59600591271789,285436.80601038836,3941723.2455215557,9556480.0,3161600.0,17SKV,1,projects/neon-prod-earthengine/assets/HSI_REFL/001/2017_GRSM_3,2017-10-05,94.05539993775288
NA5120_E1866N0618,EPSG:32617,-83.35925491494011,35.641225237799866,286387.4890220162,3946719.8390999464,9556480.0,3166720.0,17SKV,1,projects/neon-prod-earthengine/assets/HSI_REFL/001/2017_GRSM_3,2017-10-05,44.30740037950664
NA5120_E1866N0619,EPSG:32617,-83.35007503903341,35.68644270282966,287338.8359349554,3951716.2785308156,9556480.0,3171840.0,17SKV,1,projects/neon-prod-earthengine/assets/HSI_REFL/001/2017_GRSM_3,2017-10-05,0.030525030525030524
NA5120_E1866N0620,EPSG:32617,-83.34087883363799,35.731658303848725,288290.84617291915,3956712.563935164,9556480.0,3176960.0,17SKV,1,projects/neon-prod-earthengine/assets/HSI_REFL/001/2017_GRSM_3,2017-10-05,49.735449735449734
NA5120_E1867N0617,EPSG:32617,-83.31351592735813,35.587736123153626,290389.93651016464,3940687.4502277044,9561600.0,3161600.0,17SKV,1,projects/neon-prod-earthengine/assets/HSI_REFL/001/2017_GRSM_3,2017-10-05,100.0
NA5120_E1867N0618,EPSG:32617,-83.30431899071164,35.6329483610678,291340.8671629704,3945683.5836484735,9561600.0,3166720.0,17SKV,1,projects/neon-prod-earthengine/assets/HSI_REFL/001/2017_GRSM_3,2017-10-05,94.33902593295383
NA5120_E1867N0619,EPSG:32617,-83.29510570844779,35.67815872770775,292292.46082936187,3950679.5636287825,9561600.0,3171840.0,17SKV,1,projects/neon-prod-earthengine/assets/HSI_REFL/001/2017_GRSM_3,2017-10-05,8.247743541861189
NA5120_E1867N0620,EPSG:32617,-83.28587604181267,35.72336721908779,293244.7169335147,3955675.3902903805,9561600.0,3176960.0,17SKV,1,projects/neon-prod-earthengine/assets/HSI_REFL/001/2017_GRSM_3,2017-10-05,51.06837606837607
NA5120_E1867N0621,EPSG:32617,-83.2766299519255,35.768573831210624,294197.6348992834,3960671.063755568,9561600.0,3182080.0,17SKV,1,projects/neon-prod-earthengine/assets/HSI_REFL/001/2017_GRSM_3,2017-10-05,100.0
NA5120_E1868N0617,EPSG:32617,-83.2586260811558,35.579434933545855,295342.8009335359,3939651.0025807093,9566720.0,3161600.0,17SKV,1,projects/neon-prod-earthengine/assets/HSI_REFL/001/2017_GRSM_3,2017-10-05,100.0
NA5120_E1868N0618,EPSG:32617,-83.24939582633336,35.62464005947109,296293.98013108573,3944646.6777065955,9566720.0,3166720.0,17SKV,1,projects/neon-prod-earthengine/assets/HSI_REFL/001/2017_GRSM_3,2017-10-05,100.0
NA5120_E2013N0812,EPSG:32618,-72.28160588311017,42.534584642079665,723244.1358851868,4712714.946587281,10309120.0,4160000.0,18TYN,1,projects/neon-prod-earthengine/assets/HSI_REFL/001/2017_HARV_4,2017-08-13,40.03978402955385
NA5120_E2013N0813,EPSG:32618,-72.26226847575742,42.577577806801486,724677.8898582503,4717540.524646917,10309120.0,4165120.0,18TYN,1,projects/neon-prod-earthengine/assets/HSI_REFL/001/2017_HARV_4,2017-08-13,48.23529411764706
NA5120_E2014N0809,EPSG:32618,-72.28073598724785,42.390570832789145,723828.3813045719,4696724.638248988,10314240.0,4144640.0,18TYM,1,projects/neon-prod-earthengine/assets/HSI_REFL/001/2017_HARV_4,2017-08-13,51.727982162764775
NA5120_E2014N0810,EPSG:32618,-72.26147202832067,42.43356818610988,725260.1085451264,4701550.387121961,10314240.0,4149760.0,18TYN,1,projects/neon-prod-earthengine/assets/HSI_REFL/001/2017_HARV_4,2017-08-13,7.871554418868996
NA5120_E2014N0811,EPSG:32618,-72.24217178432893,42.47655951365485,726692.5434356346,4706375.965894271,10314240.0,4154880.0,18TYN,1,projects/neon-prod-earthengine/assets/HSI_REFL/001/2017_HARV_4,2017-08-13,0.0
NA5120_E2014N0812,EPSG:32618,-72.2228351637432,42.51954480000945,728125.6852333196,4711201.374977781,10314240.0,4160000.0,18TYN,1,projects/neon-prod-earthengine/assets/HSI_REFL/001/2017_HARV_4,2017-08-13,0.0
NA5120_E2014N0813,EPSG:32618,-72.20346207473575,42.56252402970656,729559.5331952453,4716026.614785149,10314240.0,4165120.0,18TYN,1,projects/neon-prod-earthengine/assets/HSI_REFL/001/2017_HARV_4,2017-08-13,7.502131287297528
NA5120_E2015N0809,EPSG:32618,-72.2221012037295,42.375540005885824,728709.6740423213,4695211.713194958,10319360.0,4144640.0,18TYM,1,projects/neon-prod-earthengine/assets/HSI_REFL/001/2017_HARV_4,2017-08-13,55.64080704745666
NA5120_E2015N0810,EPSG:32618,-72.20280177762291,42.41852347113441,730141.4982606214,4700037.122272774,10319360.0,4149760.0,18TYN,1,projects/neon-prod-earthengine/assets/HSI_REFL/001/2017_HARV_4,2017-08-13,0.0
NA5120_E2015N0811,EPSG:32618,-72.18346602144412,42.46150088778802,731574.0295891216,4704862.362274187,10319360.0,4154880.0,18TYN,1,projects/neon-prod-earthengine/assets/HSI_REFL/001/2017_HARV_4,2017-08-13,0.0
NA5120_E2015N0812,EPSG:32618,-72.16409384363574,42.50447224037963,733007.2672856918,4709687.433611651,10319360.0,4160000.0,18TYN,1,projects/neon-prod-earthengine/assets/HSI_REFL/001/2017_HARV_4,2017-08-13,0.0
NA5120_E2015N0813,EPSG:32618,-72.14468515234222,42.547437513389426,734441.210608064,4714512.3366984045,10319360.0,4165120.0,18TYN,1,projects/neon-prod-earthengine/assets/HSI_REFL/001/2017_HARV_4,2017-08-13,8.655462184873949
NA5120_E2016N0810,EPSG:32618,-72.14416080254163,42.40344611382162,735022.9205047544,4698523.48282171,10324480.0,4149760.0,18TYN,1,projects/neon-prod-earthengine/assets/HSI_REFL/001/2017_HARV_4,2017-08-13,45.24012503552146
NA5120_E2016N0811,EPSG:32618,-72.12478961306003,42.44640959802109,736455.5496415723,4703348.385583875,10324480.0,4154880.0,18TYN,1,projects/neon-prod-earthengine/assets/HSI_REFL/001/2017_HARV_4,2017-08-13,26.560758082497216
NA5120_E2016N0812,EPSG:32618,-72.10538195716808,42.489366995275816,737888.8846081116,4708173.120706622,10324480.0,4160000.0,18TYN,1,projects/neon-prod-earthengine/assets/HSI_REFL/001/2017_HARV_4,2017-08-13,47.96544035674471
NA5120_E1860N0518,EPSG:32616,-84.51224758072561,31.155805696698273,737143.7866837252,3449533.94532818,9525760.0,2654720.0,16RGV,1,projects/neon-prod-earthengine/assets/HSI_REFL/001/2017_JERC_3,2017-09-17,56.929212362911265
NA5120_E1860N0519,EPSG:32616,-84.50469582267925,31.201227422216203,737750.243509446,3454586.3951119063,9525760.0,2659840.0,16RGV,1,projects/neon-prod-earthengine/assets/HSI_REFL/001/2017_JERC_3,2017-09-17,6.794871794871795
NA5120_E1860N0520,EPSG:32616,-84.49713131854219,31.246647682934473,738357.0810065159,3459638.8151043216,9525760.0,2664960.0,16RGV,1,projects/neon-prod-earthengine/assets/HSI_REFL/001/2017_JERC_3,2017-09-17,0.0
NA5120_E1860N0521,EPSG:32616,-84.48955404059728,31.292066475939787,738964.2988275888,3464691.205381583,9525760.0,2670080.0,16RGV,1,projects/neon-prod-earthengine/assets/HSI_REFL/001/2017_JERC_3,2017-09-17,0.0
NA5120_E1860N0522,EPSG:32616,-84.48196396104193,31.33748379831168,739571.8966250423,3469743.56602004,9525760.0,2675200.0,16RGV,1,projects/neon-prod-earthengine/assets/HSI_REFL/001/2017_JERC_3,2017-09-17,64.44444444444444
NA5120_E1861N0519,EPSG:32616,-84.4527542989953,31.19377678925561,742719.7264175967,3453873.1973528373,9530880.0,2659840.0,16RGV,1,projects/neon-prod-earthengine/assets/HSI_REFL/001/2017_JERC_3,2017-09-17,0.0
NA5120_E1861N0520,EPSG:32616,-84.44516116361943,31.239191074548014,743327.0286486651,3458925.4443611503,9530880.0,2664960.0,16RGV,1,projects/neon-prod-earthengine/assets/HSI_REFL/001/2017_JERC_3,2017-09-17,0.0
NA5120_E1861N0521,EPSG:32616,-84.43755520892354,31.28460388337626,743934.7102556005,3463977.6621068376,9530880.0,2670080.0,16RGV,1,projects/neon-prod-earthengine/assets/HSI_REFL/001/2017_JERC_3,2017-09-17,0.0
NA5120_E1861N0522,EPSG:32616,-84.42993640701664,31.33001521279992,744542.770890791,3469029.8506667456,9530880.0,2675200.0,16RGV,1,projects/neon-prod-earthengine/assets/HSI_REFL/001/2017_JERC_3,2017-09-17,49.640522875817
NA5120_E1862N0519,EPSG:32616,-84.4008224833355,31.186296963955183,747689.2270452842,3453159.0420432617,9536000.0,2659840.0,16RGV,1,projects/neon-prod-earthengine/assets/HSI_REFL/001/2017_JERC_3,2017-09-17,6.114988368228647
NA5120_E1862N0520,EPSG:32616,-84.39320074096231,31.23170525186033,748296.9946489134,3458211.1179749803,9536000.0,2664960.0,16RGV,1,projects/neon-prod-earthengine/assets/HSI_REFL/001/2017_JERC_3,2017-09-17,0.0
NA5120_E1862N0521,EPSG:32616,-84.38556613382916,31.277112054521602,748905.1406808643,3463263.165097153,9536000.0,2670080.0,16RGV,1,projects/neon-prod-earthengine/assets/HSI_REFL/001/2017_JERC_3,2017-09-17,63.87504154204054
NA5120_E1862N0522,EPSG:32616,-84.377918633957,31.32251736897855,749513.664793526,3468315.183487121,9536000.0,2675200.0,16RGV,1,projects/neon-prod-earthengine/assets/HSI_REFL/001/2017_JERC_3,2017-09-17,99.32692307692308
NA5120_E1908N0664,EPSG:32617,-80.55809997991307,37.329513187682664,539148.3106695645,4131518.905582826,9771520.0,3402240.0,17SNB,1,projects/neon-prod-earthengine/assets/HSI_REFL/001/2017_MLBS_2,2017-08-05,47.746394230769226
NA5120_E1908N0665,EPSG:32617,-80.54664734986183,37.37429719715191,540139.0632271835,4136492.085378991,9771520.0,3407360.0,17SNB,1,projects/neon-prod-earthengine/assets/HSI_REFL/001/2017_MLBS_2,2017-08-05,6.009615384615385
NA5120_E1908N0666,EPSG:32617,-80.53517404524938,37.419078588048684,541130.4166826316,4141465.1483827857,9771520.0,3412480.0,17SNB,1,projects/neon-prod-earthengine/assets/HSI_REFL/001/2017_MLBS_2,2017-08-05,0.857843137254902
NA5120_E1909N0664,EPSG:32617,-80.50221342066143,37.31954335169403,544105.2080663452,4130437.4679048224,9776640.0,3402240.0,17SNB,1,projects/neon-prod-earthengine/assets/HSI_REFL/001/2017_MLBS_2,2017-08-05,53.996394230769226
NA5120_E1909N0665,EPSG:32617,-80.49072646356413,37.36431864044983,545096.2074551338,4135410.2987861945,9776640.0,3407360.0,17SNB,1,projects/neon-prod-earthengine/assets/HSI_REFL/001/2017_MLBS_2,2017-08-05,13.143382352941178
NA5120_E1909N0666,EPSG:32617,-80.47921877717346,37.40909129660811,546087.8069134478,4140383.013614577,9776640.0,3412480.0,17SNB,1,projects/neon-prod-earthengine/assets/HSI_REFL/001/2017_MLBS_2,2017-08-05,34.77328431372549
NA5120_E1583N0588,EPSG:32614,-99.20407831145147,35.294300128255664,481444.42566980864,3905699.7168519264,8107520.0,3013120.0,14SME,1,projects/neon-prod-earthengine/assets/HSI_REFL/001/2017_OAES_2,2017-05-01,90.69405539993775
NA5120_E1583N0589,EPSG:32614,-99.20518011807864,35.34043508046751,481354.8374222427,3910816.3939059675,8107520.0,3018240.0,14SME,1,projects/neon-prod-earthengine/assets/HSI_REFL/001/2017_OAES_2,2017-05-01,76.71957671957672
NA5120_E1583N0590,EPSG:32614,-99.20628391577094,35.38656965771435,481265.1941987997,3915933.0701786815,8107520.0,3023360.0,14SME,1,projects/neon-prod-earthengine/assets/HSI_REFL/001/2017_OAES_2,2017-05-01,89.78494623655914
NA5120_E1583N0591,EPSG:32614,-99.20738970938325,35.432703859745125,481175.4960546024,3921049.745671672,8107520.0,3028480.0,14SME,1,projects/neon-prod-earthengine/assets/HSI_REFL/001/2017_OAES_2,2017-05-01,94.90828589500316
NA5120_E1584N0588,EPSG:32614,-99.14859238303961,35.295282817705726,486489.5845933607,3905799.727854054,8112640.0,3013120.0,14SME,1,projects/neon-prod-earthengine/assets/HSI_REFL/001/2017_OAES_2,2017-05-01,34.765017117958294
NA5120_E1584N0589,EPSG:32614,-99.14965834509333,35.34141862450361,486400.39076451847,3910916.434408161,8112640.0,3018240.0,14SME,1,projects/neon-prod-earthengine/assets/HSI_REFL/001/2017_OAES_2,2017-05-01,0.0
NA5120_E1584N0590,EPSG:32614,-99.15072623350052,35.38755405773771,486311.14088590926,3916033.140110683,8112640.0,3023360.0,14SME,1,projects/neon-prod-earthengine/assets/HSI_REFL/001/2017_OAES_2,2017-05-01,0.0
NA5120_E1584N0591,EPSG:32614,-99.15179605295856,35.43368911716061,486221.8350125241,3921149.844963151,8112640.0,3028480.0,14SME,1,projects/neon-prod-earthengine/assets/HSI_REFL/001/2017_OAES_2,2017-05-01,42.37824161922833
NA5120_E1585N0588,EPSG:32614,-99.09310495641027,35.29623298904202,491534.7501461447,3905898.9551128834,8117760.0,3013120.0,14SME,1,projects/neon-prod-earthengine/assets/HSI_REFL/001/2017_OAES_2,2017-05-01,36.907020872865274
NA5120_E1585N0589,EPSG:32614,-99.09413506984633,35.342369622175006,491445.95064299594,3911015.693259932,8117760.0,3018240.0,14SME,1,projects/neon-prod-earthengine/assets/HSI_REFL/001/2017_OAES_2,2017-05-01,0.0
NA5120_E1585N0590,EPSG:32614,-99.09516704491071,35.38850588309924,491357.0940160986,3916132.4304857138,8117760.0,3023360.0,14SME,1,projects/neon-prod-earthengine/assets/HSI_REFL/001/2017_OAES_2,2017-05-01,0.0
NA5120_E1585N0591,EPSG:32614,-99.09620088614314,35.43464177157071,491268.18032031157,3921249.1667916733,8117760.0,3028480.0,14SME,1,projects/neon-prod-earthengine/assets/HSI_REFL/001/2017_OAES_2,2017-05-01,44.84905073140367
NA5120_E1586N0588,EPSG:32614,-99.03761608189483,35.29715064050322,496579.925383827,3905997.3987511843,8122880.0,3013120.0,14SME,1,projects/neon-prod-earthengine/assets/HSI_REFL/001/2017_OAES_2,2017-05-01,43.643263757115754
NA5120_E1586N0589,EPSG:32614,-99.03861034280473,35.34328807171604,496491.5201146442,3911114.1705841483,8122880.0,3018240.0,14SME,1,projects/neon-prod-earthengine/assets/HSI_REFL/001/2017_OAES_2,2017-05-01,14.671215880893302
NA5120_E1586N0590,EPSG:32614,-99.03960640060473,35.38942513202884,496403.05664763093,3916230.941426726,8122880.0,3023360.0,14SME,1,projects/neon-prod-earthengine/assets/HSI_REFL/001/2017_OAES_2,2017-05-01,12.698412698412698
NA5120_E1586N0591,EPSG:32614,-99.04060425967685,35.43556182120101,496314.5350375184,3921347.711280292,8122880.0,3028480.0,14SME,1,projects/neon-prod-earthengine/assets/HSI_REFL/001/2017_OAES_2,2017-05-01,54.061624649859944
NA5120_E1967N0713,EPSG:32618,-76.604427354505,38.85036714283653,360773.7575502021,4301394.857520564,10073600.0,3653120.0,18SUJ,1,projects/neon-prod-earthengine/assets/HSI_REFL/001/2017_SERC_3,2017-08-04,44.37869822485207
NA5120_E1967N0714,EPSG:32618,-76.58979840081254,38.89441484549036,362128.4205379884,4306260.971004153,10073600.0,3658240.0,18SUJ,1,projects/neon-prod-earthengine/assets/HSI_REFL/001/2017_SERC_3,2017-08-04,0.0
NA5120_E1967N0715,EPSG:32618,-76.57514286137894,38.9384586310417,363483.8913353175,4311126.832876539,10073600.0,3663360.0,18SUJ,1,projects/neon-prod-earthengine/assets/HSI_REFL/001/2017_SERC_3,2017-08-04,46.44522144522145
NA5120_E1968N0714,EPSG:32618,-76.53330071961338,38.88207446266876,367005.29138756974,4304807.5963218,10078720.0,3658240.0,18SUJ,1,projects/neon-prod-earthengine/assets/HSI_REFL/001/2017_SERC_3,2017-08-04,0.0
NA5120_E1968N0715,EPSG:32618,-76.51861114167377,38.926107326548376,368360.8532672991,4309672.94928626,10078720.0,3663360.0,18SUJ,1,projects/neon-prod-earthengine/assets/HSI_REFL/001/2017_SERC_3,2017-08-04,38.26500297088533
NA5120_E1360N0532,EPSG:32612,-110.98192716730446,31.73510840195861,501711.96518590656,3511075.2131336257,6965760.0,2726400.0,12SVA,1,projects/neon-prod-earthengine/assets/HSI_REFL/001/2017_SRER_1,2017-08-24,100.0
NA5120_E1361N0532,EPSG:32612,-110.92967472019126,31.74282607563307,506661.07319567853,3511932.632537056,6970880.0,2726400.0,12SVA,1,projects/neon-prod-earthengine/assets/HSI_REFL/001/2017_SRER_1,2017-08-24,73.2051282051282
NA5120_E1361N0533,EPSG:32612,-110.93759431725105,31.788187615835874,505908.06136762694,3516959.975530469,6970880.0,2731520.0,12SVA,1,projects/neon-prod-earthengine/assets/HSI_REFL/001/2017_SRER_1,2017-08-24,10.718954248366012
NA5120_E1361N0534,EPSG:32612,-110.94552735409772,31.833547591521924,505154.50640777504,3521987.2342470107,6970880.0,2736640.0,12SVA,1,projects/neon-prod-earthengine/assets/HSI_REFL/001/2017_SRER_1,2017-08-24,0.09615384615384616
NA5120_E1361N0535,EPSG:32612,-110.9534738602556,31.87890599954066,504400.4087589402,3527014.4087705817,6970880.0,2741760.0,12SVA,1,projects/neon-prod-earthengine/assets/HSI_REFL/001/2017_SRER_1,2017-08-24,80.58823529411765
NA5120_E1361N0536,EPSG:32612,-110.96143386534057,31.924262836733515,503645.76886425953,3532041.499185429,6970880.0,2746880.0,12SVA,1,projects/neon-prod-earthengine/assets/HSI_REFL/001/2017_SRER_1,2017-08-24,99.93589743589743
NA5120_E1362N0532,EPSG:32612,-110.87741205652863,31.75051433493746,511610.3340084088,3512789.1693388447,6976000.0,2726400.0,12SWA,1,projects/neon-prod-earthengine/assets/HSI_REFL/001/2017_SRER_1,2017-08-24,0.4575163398692811
NA5120_E1362N0533,EPSG:32612,-110.88530256095152,31.795882086357963,510857.7214534506,3517816.85284724,6976000.0,2731520.0,12SWA,1,projects/neon-prod-earthengine/assets/HSI_REFL/001/2017_SRER_1,2017-08-24,0.0
NA5120_E1362N0534,EPSG:32612,-110.89320645889448,31.84124828243387,510104.56483958464,3522844.4515345558,6976000.0,2736640.0,12SWA,1,projects/neon-prod-earthengine/assets/HSI_REFL/001/2017_SRER_1,2017-08-24,0.0
NA5120_E1362N0535,EPSG:32612,-110.90112377979189,31.886612920035653,509350.864609819,3527871.965484011,6976000.0,2741760.0,12SWA,1,projects/neon-prod-earthengine/assets/HSI_REFL/001/2017_SRER_1,2017-08-24,0.0
NA5120_E1362N0536,EPSG:32612,-110.9090545531695,31.931975996025816,508596.62120749324,3532899.3947791783,6976000.0,2746880.0,12SWA,1,projects/neon-prod-earthengine/assets/HSI_REFL/001/2017_SRER_1,2017-08-24,61.14379084967321
NA5120_E1363N0531,EPSG:32612,-110.81729114257173,31.71279768410844,517311.4189657469,3508616.7131716507,6981120.0,2721280.0,12SWA,1,projects/neon-prod-earthengine/assets/HSI_REFL/001/2017_SRER_1,2017-08-24,71.50326797385621
NA5120_E1363N0532,EPSG:32612,-110.82513921088189,31.7581731676299,516559.7503898245,3513644.8245201884,6981120.0,2726400.0,12SWA,1,projects/neon-prod-earthengine/assets/HSI_REFL/001/2017_SRER_1,2017-08-24,0.22435897435897434
NA5120_E1363N0533,EPSG:32612,-110.8330005971151,31.803547108050758,515807.5363841208,3518672.8504215693,6981120.0,2731520.0,12SWA,1,projects/neon-prod-earthengine/assets/HSI_REFL/001/2017_SRER_1,2017-08-24,0.0
NA5120_E1363N0534,EPSG:32612,-110.8408753305248,31.84891950227035,515054.7773915216,3523700.790957985,6981120.0,2736640.0,12SWA,1,projects/neon-prod-earthengine/assets/HSI_REFL/001/2017_SRER_1,2017-08-24,0.0
NA5120_E1363N0535,EPSG:32612,-110.84876344045517,31.89429034718008,514301.4738552236,3528728.646211973,6981120.0,2741760.0,12SWA,1,projects/neon-prod-earthengine/assets/HSI_REFL/001/2017_SRER_1,2017-08-24,0.0
NA5120_E1364N0531,EPSG:32612,-110.76503724690475,31.72042092032527,522260.59492684423,3509471.1428964864,6986240.0,2721280.0,12SWA,1,projects/neon-prod-earthengine/assets/HSI_REFL/001/2017_SRER_1,2017-08-24,99.42307692307692
NA5120_E1364N0532,EPSG:32612,-110.77285621788145,31.765802561509144,521509.3251066077,3514499.599059884,6986240.0,2726400.0,12SWA,1,projects/neon-prod-earthengine/assets/HSI_REFL/001/2017_SRER_1,2017-08-24,28.594771241830063
NA5120_E1364N0533,EPSG:32612,-110.78068846045136,31.811182668685944,520757.5089275147,3519527.9692332386,6986240.0,2731520.0,12SWA,1,projects/neon-prod-earthengine/assets/HSI_REFL/001/2017_SRER_1,2017-08-24,0.0
NA5120_E1364N0534,EPSG:32612,-110.78853400377761,31.85656123877582,520005.14683264075,3524556.253498054,6986240.0,2736640.0,12SWA,1,projects/neon-prod-earthengine/assets/HSI_REFL/001/2017_SRER_1,2017-08-24,0.0
NA5120_E1364N0535,EPSG:32612,-110.7963928771139,31.90193826869109,519252.2392653765,3529584.451936191,6986240.0,2741760.0,12SWA,1,projects/neon-prod-earthengine/assets/HSI_REFL/001/2017_SRER_1,2017-08-24,0.16025641025641024
NA5120_E1365N0533,EPSG:32612,-110.72836618573514,31.818788756075985,525707.641852458,3520382.210259628,6991360.0,2731520.0,12SWA,1,projects/neon-prod-earthengine/assets/HSI_REFL/001/2017_SRER_1,2017-08-24,83.20261437908498
NA5120_E1365N0534,EPSG:32612,-110.73618251350733,31.86417347973561,524955.6759329466,3525410.840133125,6991360.0,2736640.0,12SWA,1,projects/neon-prod-earthengine/assets/HSI_REFL/001/2017_SRER_1,2017-08-24,78.62179487179488
NA5120_E1365N0535,EPSG:32612,-110.74401212470225,31.909556672326804,524203.1636114653,3530439.3836360094,6991360.0,2741760.0,12SWA,1,projects/neon-prod-earthengine/assets/HSI_REFL/001/2017_SRER_1,2017-08-24,66.60130718954248
NA5120_E1800N0547,EPSG:32616,-87.4712661152494,32.87469607436114,455913.95376263093,3637494.2938445252,9218560.0,2803200.0,16SDB,1,projects/neon-prod-earthengine/assets/HSI_REFL/001/2017_TALL_3,2017-05-10,63.36696090794452
NA5120_E1800N0548,EPSG:32616,-87.46517450058819,32.920405101528175,456506.1633864122,3642559.0589172374,9218560.0,2808320.0,16SDB,1,projects/neon-prod-earthengine/assets/HSI_REFL/001/2017_TALL_3,2017-05-10,29.508196721311474
NA5120_E1800N0549,EPSG:32616,-87.45907232301093,32.96611307815068,457098.80149958446,3647623.7693931716,9218560.0,2813440.0,16SDB,1,projects/neon-prod-earthengine/assets/HSI_REFL/001/2017_TALL_3,2017-05-10,19.705882352941178
NA5120_E1801N0547,EPSG:32616,-87.41794899791302,32.86888502757564,460899.1567650628,3636829.0775220236,9223680.0,2803200.0,16SDB,1,projects/neon-prod-earthengine/assets/HSI_REFL/001/2017_TALL_3,2017-05-10,46.03021536483446
NA5120_E1801N0548,EPSG:32616,-87.41182602268786,32.91458924156657,461491.7677588154,3641893.5660184575,9223680.0,2808320.0,16SDB,1,projects/neon-prod-earthengine/assets/HSI_REFL/001/2017_TALL_3,2017-05-10,0.0
NA5120_E1801N0549,EPSG:32616,-87.40569243208498,32.96029239763426,462084.80625560496,3646958.000356317,9223680.0,2813440.0,16SDB,1,projects/neon-prod-earthengine/assets/HSI_REFL/001/2017_TALL_3,2017-05-10,0.0
NA5120_E1802N0547,EPSG:32616,-87.3646400137217,32.863043494619205,465884.2242693227,3636163.0077179186,9228800.0,2803200.0,16SDB,1,projects/neon-prod-earthengine/assets/HSI_REFL/001/2017_TALL_3,2017-05-10,77.58511979823454
NA5120_E1802N0548,EPSG:32616,-87.35848569886893,32.908742871127835,466477.2372086142,3641227.221599446,9228800.0,2808320.0,16SDB,1,projects/neon-prod-earthengine/assets/HSI_REFL/001/2017_TALL_3,2017-05-10,53.13725490196079
NA5120_E2273N0334,EPSG:32619,-66.90160728912619,18.048808764136453,722120.5543121351,1996846.1769669144,11640320.0,1712640.0,19QGA,1,projects/neon-prod-earthengine/assets/HSI_REFL/001/2018_GUAN_1,2018-05-10,77.13651498335183
NA5120_E2274N0332,EPSG:32619,-66.88387758961535,17.947813932208884,724125.6261524901,1985687.6961078092,11645440.0,1702400.0,19QGV,1,projects/neon-prod-earthengine/assets/HSI_REFL/001/2018_GUAN_1,2018-05-10,15.468409586056644
NA5120_E2274N0333,EPSG:32619,-66.87108568644905,17.990274067794655,725427.0628418749,1990403.4290000403,11645440.0,1707520.0,19QGV,1,projects/neon-prod-earthengine/assets/HSI_REFL/001/2018_GUAN_1,2018-05-10,0.0
NA5120_E2274N0334,EPSG:32619,-66.85827552316174,18.032729598024638,726729.6751854377,1995118.8494052247,11645440.0,1712640.0,19QGA,1,projects/neon-prod-earthengine/assets/HSI_REFL/001/2018_GUAN_1,2018-05-10,32.229344729344724
NA5120_E2275N0332,EPSG:32619,-66.84058312782412,17.931734729710787,728733.5146252031,1983960.5016966169,11650560.0,1702400.0,19QGV,1,projects/neon-prod-earthengine/assets/HSI_REFL/001/2018_GUAN_1,2018-05-10,52.94117647058824
NA5120_E2275N0333,EPSG:32619,-66.82777856666634,17.97418468541221,730035.4086171989,1988675.5295450343,11650560.0,1707520.0,19QGV,1,projects/neon-prod-earthengine/assets/HSI_REFL/001/2018_GUAN_1,2018-05-10,0.0
NA5120_E2275N0334,EPSG:32619,-66.8149557328599,18.016630025707386,731338.477678282,1993390.2455901573,11650560.0,1712640.0,19QGA,1,projects/neon-prod-earthengine/assets/HSI_REFL/001/2018_GUAN_1,2018-05-10,9.223646723646723
NA5120_E2276N0333,EPSG:32619,-66.78448340263994,17.958074921118225,734643.4367362588,1986946.3508967687,11655680.0,1707520.0,19QGV,1,projects/neon-prod-earthengine/assets/HSI_REFL/001/2018_GUAN_1,2018-05-10,68.77269426289034
NA5120_E2013N0812,EPSG:32618,-72.28160588311017,42.534584642079665,723244.1358851868,4712714.946587281,10309120.0,4160000.0,18TYN,1,projects/neon-prod-earthengine/assets/HSI_REFL/001/2018_HARV_5,2018-08-28,40.835464620630866
NA5120_E2013N0813,EPSG:32618,-72.26226847575742,42.577577806801486,724677.8898582503,4717540.524646917,10309120.0,4165120.0,18TYN,1,projects/neon-prod-earthengine/assets/HSI_REFL/001/2018_HARV_5,2018-08-28,51.73669467787116
NA5120_E2014N0809,EPSG:32618,-72.28073598724785,42.390570832789145,723828.3813045719,4696724.638248988,10314240.0,4144640.0,18TYM,1,projects/neon-prod-earthengine/assets/HSI_REFL/001/2018_HARV_5,2018-08-28,55.18394648829431
NA5120_E2014N0810,EPSG:32618,-72.26147202832067,42.43356818610988,725260.1085451264,4701550.387121961,10314240.0,4149760.0,18TYN,1,projects/neon-prod-earthengine/assets/HSI_REFL/001/2018_HARV_5,2018-08-28,8.72406933788008
NA5120_E2014N0811,EPSG:32618,-72.24217178432893,42.47655951365485,726692.5434356346,4706375.965894271,10314240.0,4154880.0,18TYN,1,projects/neon-prod-earthengine/assets/HSI_REFL/001/2018_HARV_5,2018-08-28,2.870133560670645
NA5120_E2014N0812,EPSG:32618,-72.2228351637432,42.51954480000945,728125.6852333196,4711201.374977781,10314240.0,4160000.0,18TYN,1,projects/neon-prod-earthengine/assets/HSI_REFL/001/2018_HARV_5,2018-08-28,2.801120448179272
NA5120_E2014N0813,EPSG:32618,-72.20346207473575,42.56252402970656,729559.5331952453,4716026.614785149,10314240.0,4165120.0,18TYN,1,projects/neon-prod-earthengine/assets/HSI_REFL/001/2018_HARV_5,2018-08-28,15.62944018186985
NA5120_E2015N0809,EPSG:32618,-72.2221012037295,42.375540005885824,728709.6740423213,4695211.713194958,10319360.0,4144640.0,18TYM,1,projects/neon-prod-earthengine/assets/HSI_REFL/001/2018_HARV_5,2018-08-28,58.93719806763285
NA5120_E2015N0810,EPSG:32618,-72.20280177762291,42.41852347113441,730141.4982606214,4700037.122272774,10319360.0,4149760.0,18TYN,1,projects/neon-prod-earthengine/assets/HSI_REFL/001/2018_HARV_5,2018-08-28,1.7837235228539576
NA5120_E2015N0811,EPSG:32618,-72.18346602144412,42.46150088778802,731574.0295891216,4704862.362274187,10319360.0,4154880.0,18TYN,1,projects/neon-prod-earthengine/assets/HSI_REFL/001/2018_HARV_5,2018-08-28,0.0
NA5120_E2015N0812,EPSG:32618,-72.16409384363574,42.50447224037963,733007.2672856918,4709687.433611651,10319360.0,4160000.0,18TYN,1,projects/neon-prod-earthengine/assets/HSI_REFL/001/2018_HARV_5,2018-08-28,0.0
NA5120_E2015N0813,EPSG:32618,-72.14468515234222,42.547437513389426,734441.210608064,4714512.3366984045,10319360.0,4165120.0,18TYN,1,projects/neon-prod-earthengine/assets/HSI_REFL/001/2018_HARV_5,2018-08-28,7.030812324929972
NA5120_E2016N0810,EPSG:32618,-72.14416080254163,42.40344611382162,735022.9205047544,4698523.48282171,10324480.0,4149760.0,18TYN,1,projects/neon-prod-earthengine/assets/HSI_REFL/001/2018_HARV_5,2018-08-28,44.870701903949985
NA5120_E2016N0811,EPSG:32618,-72.12478961306003,42.44640959802109,736455.5496415723,4703348.385583875,10324480.0,4154880.0,18TYN,1,projects/neon-prod-earthengine/assets/HSI_REFL/001/2018_HARV_5,2018-08-28,25.91973244147157
NA5120_E2016N0812,EPSG:32618,-72.10538195716808,42.489366995275816,737888.8846081116,4708173.120706622,10324480.0,4160000.0,18TYN,1,projects/neon-prod-earthengine/assets/HSI_REFL/001/2018_HARV_5,2018-08-28,47.1850613154961
NA5120_E1859N0518,EPSG:32616,-84.56417016863521,31.163221180903186,732174.7837402285,3450246.011093938,9520640.0,2654720.0,16RGV,1,projects/neon-prod-earthengine/assets/HSI_REFL/001/2018_JERC_4,2018-09-16,100.0
NA5120_E1859N0519,EPSG:32616,-84.55664702049577,31.208648851157026,732780.7755203196,3455298.6362213045,9520640.0,2659840.0,16RGV,1,projects/neon-prod-earthengine/assets/HSI_REFL/001/2018_JERC_4,2018-09-16,100.0
NA5120_E1859N0520,EPSG:32616,-84.54911117176145,31.25407506531401,733387.1489204849,3460351.2311058845,9520640.0,2664960.0,16RGV,1,projects/neon-prod-earthengine/assets/HSI_REFL/001/2018_JERC_4,2018-09-16,30.28031290743155
NA5120_E1859N0521,EPSG:32616,-84.54156259480355,31.299499820480666,733993.9035933707,3465403.7958233356,9520640.0,2670080.0,16RGV,1,projects/neon-prod-earthengine/assets/HSI_REFL/001/2018_JERC_4,2018-09-16,0.0
NA5120_E1859N0522,EPSG:32616,-84.53400126190802,31.34492311375641,734601.0391913549,3470456.3304495052,9520640.0,2675200.0,16RGV,1,projects/neon-prod-earthengine/assets/HSI_REFL/001/2018_JERC_4,2018-09-16,74.03846153846155
NA5120_E1860N0518,EPSG:32616,-84.51224758072561,31.155805696698273,737143.7866837252,3449533.94532818,9525760.0,2654720.0,16RGV,1,projects/neon-prod-earthengine/assets/HSI_REFL/001/2018_JERC_4,2018-09-16,53.207045530076435
NA5120_E1860N0519,EPSG:32616,-84.50469582267925,31.201227422216203,737750.243509446,3454586.3951119063,9525760.0,2659840.0,16RGV,1,projects/neon-prod-earthengine/assets/HSI_REFL/001/2018_JERC_4,2018-09-16,6.698717948717949
NA5120_E1860N0520,EPSG:32616,-84.49713131854219,31.246647682934473,738357.0810065159,3459638.8151043216,9525760.0,2664960.0,16RGV,1,projects/neon-prod-earthengine/assets/HSI_REFL/001/2018_JERC_4,2018-09-16,0.0
NA5120_E1860N0521,EPSG:32616,-84.48955404059728,31.292066475939787,738964.2988275888,3464691.205381583,9525760.0,2670080.0,16RGV,1,projects/neon-prod-earthengine/assets/HSI_REFL/001/2018_JERC_4,2018-09-16,0.0
NA5120_E1860N0522,EPSG:32616,-84.48196396104193,31.33748379831168,739571.8966250423,3469743.56602004,9525760.0,2675200.0,16RGV,1,projects/neon-prod-earthengine/assets/HSI_REFL/001/2018_JERC_4,2018-09-16,54.2156862745098
NA5120_E1861N0518,EPSG:32616,-84.46033464285645,31.14836103043222,742112.8039097404,3448820.9210052374,9530880.0,2654720.0,16RGV,1,projects/neon-prod-earthengine/assets/HSI_REFL/001/2018_JERC_4,2018-09-16,55.947712418300654
NA5120_E1861N0519,EPSG:32616,-84.4527542989953,31.19377678925561,742719.7264175967,3453873.1973528373,9530880.0,2659840.0,16RGV,1,projects/neon-prod-earthengine/assets/HSI_REFL/001/2018_JERC_4,2018-09-16,0.0
NA5120_E1861N0520,EPSG:32616,-84.44516116361943,31.239191074548014,743327.0286486651,3458925.4443611503,9530880.0,2664960.0,16RGV,1,projects/neon-prod-earthengine/assets/HSI_REFL/001/2018_JERC_4,2018-09-16,0.0
NA5120_E1861N0521,EPSG:32616,-84.43755520892354,31.28460388337626,743934.7102556005,3463977.6621068376,9530880.0,2670080.0,16RGV,1,projects/neon-prod-earthengine/assets/HSI_REFL/001/2018_JERC_4,2018-09-16,0.0
NA5120_E1861N0522,EPSG:32616,-84.42993640701664,31.33001521279992,744542.770890791,3469029.8506667456,9530880.0,2675200.0,16RGV,1,projects/neon-prod-earthengine/assets/HSI_REFL/001/2018_JERC_4,2018-09-16,46.372549019607845
NA5120_E1862N0518,EPSG:32616,-84.40843138884186,31.140887193759276,747081.8382173231,3448106.9372248375,9536000.0,2654720.0,16RGV,1,projects/neon-prod-earthengine/assets/HSI_REFL/001/2018_JERC_4,2018-09-16,81.50641025641025
NA5120_E1862N0519,EPSG:32616,-84.4008224833355,31.186296963955183,747689.2270452842,3453159.0420432617,9536000.0,2659840.0,16RGV,1,projects/neon-prod-earthengine/assets/HSI_REFL/001/2018_JERC_4,2018-09-16,5.18444666001994
NA5120_E1862N0520,EPSG:32616,-84.39320074096231,31.23170525186033,748296.9946489134,3458211.1179749803,9536000.0,2664960.0,16RGV,1,projects/neon-prod-earthengine/assets/HSI_REFL/001/2018_JERC_4,2018-09-16,0.0
NA5120_E1862N0521,EPSG:32616,-84.38556613382916,31.277112054521602,748905.1406808643,3463263.165097153,9536000.0,2670080.0,16RGV,1,projects/neon-prod-earthengine/assets/HSI_REFL/001/2018_JERC_4,2018-09-16,62.71186440677966
NA5120_E1862N0522,EPSG:32616,-84.377918633957,31.32251736897855,749513.664793526,3468315.183487121,9536000.0,2675200.0,16RGV,1,projects/neon-prod-earthengine/assets/HSI_REFL/001/2018_JERC_4,2018-09-16,99.55128205128206
NA5120_E1235N0845,EPSG:32610,-122.13423299517589,44.26202548406616,569105.9636116428,4901340.521952516,6325760.0,4328960.0,10TEQ,1,projects/neon-prod-earthengine/assets/HSI_REFL/001/2018_MCRA_1,2018-07-16,50.56614194973764
NA5120_E1907N0664,EPSG:32617,-80.61400278444268,37.33945114790691,534191.3060175967,4132599.727179688,9766400.0,3402240.0,17SNB,1,projects/neon-prod-earthengine/assets/HSI_REFL/001/2018_MLBS_3,2018-06-15,72.265625
NA5120_E1907N0665,EPSG:32617,-80.60258452453157,37.384243853388234,535181.8127195596,4137573.257709682,9766400.0,3407360.0,17SNB,1,projects/neon-prod-earthengine/assets/HSI_REFL/001/2018_MLBS_3,2018-06-15,53.034855769230774
NA5120_E1907N0666,EPSG:32617,-80.5911456449312,37.42903395429104,536172.9211485102,4142546.6707079466,9766400.0,3412480.0,17SNB,1,projects/neon-prod-earthengine/assets/HSI_REFL/001/2018_MLBS_3,2018-06-15,43.841911764705884
NA5120_E1908N0664,EPSG:32617,-80.55809997991307,37.329513187682664,539148.3106695645,4131518.905582826,9771520.0,3402240.0,17SNB,1,projects/neon-prod-earthengine/assets/HSI_REFL/001/2018_MLBS_3,2018-06-15,19.74158653846154
NA5120_E1908N0665,EPSG:32617,-80.54664734986183,37.37429719715191,540139.0632271835,4136492.085378991,9771520.0,3407360.0,17SNB,1,projects/neon-prod-earthengine/assets/HSI_REFL/001/2018_MLBS_3,2018-06-15,0.0
NA5120_E1908N0666,EPSG:32617,-80.53517404524938,37.419078588048684,541130.4166826316,4141465.1483827857,9771520.0,3412480.0,17SNB,1,projects/neon-prod-earthengine/assets/HSI_REFL/001/2018_MLBS_3,2018-06-15,0.15318627450980393
NA5120_E1909N0664,EPSG:32617,-80.50221342066143,37.31954335169403,544105.2080663452,4130437.4679048224,9776640.0,3402240.0,17SNB,1,projects/neon-prod-earthengine/assets/HSI_REFL/001/2018_MLBS_3,2018-06-15,40.59495192307692
NA5120_E1909N0665,EPSG:32617,-80.49072646356413,37.36431864044983,545096.2074551338,4135410.2987861945,9776640.0,3407360.0,17SNB,1,projects/neon-prod-earthengine/assets/HSI_REFL/001/2018_MLBS_3,2018-06-15,0.30637254901960786
NA5120_E1909N0666,EPSG:32617,-80.47921877717346,37.40909129660811,546087.8069134478,4140383.013614577,9776640.0,3412480.0,17SNB,1,projects/neon-prod-earthengine/assets/HSI_REFL/001/2018_MLBS_3,2018-06-15,19.362745098039216
NA5120_E1909N0667,EPSG:32617,-80.46769031131599,37.45386131420099,547080.0058690065,4145355.6125659845,9776640.0,3417600.0,17SNB,1,projects/neon-prod-earthengine/assets/HSI_REFL/001/2018_MLBS_3,2018-06-15,81.18872549019608
NA5120_E1584N0588,EPSG:32614,-99.14859238303961,35.295282817705726,486489.5845933607,3905799.727854054,8112640.0,3013120.0,14SME,1,projects/neon-prod-earthengine/assets/HSI_REFL/001/2018_OAES_3,2018-04-18,31.18580765639589
NA5120_E1584N0589,EPSG:32614,-99.14965834509333,35.34141862450361,486400.39076451847,3910916.434408161,8112640.0,3018240.0,14SME,1,projects/neon-prod-earthengine/assets/HSI_REFL/001/2018_OAES_3,2018-04-18,0.0
NA5120_E1584N0590,EPSG:32614,-99.15072623350052,35.38755405773771,486311.14088590926,3916033.140110683,8112640.0,3023360.0,14SME,1,projects/neon-prod-earthengine/assets/HSI_REFL/001/2018_OAES_3,2018-04-18,0.0
NA5120_E1584N0591,EPSG:32614,-99.15179605295856,35.43368911716061,486221.8350125241,3921149.844963151,8112640.0,3028480.0,14SME,1,projects/neon-prod-earthengine/assets/HSI_REFL/001/2018_OAES_3,2018-04-18,32.19481340923466
NA5120_E1585N0588,EPSG:32614,-99.09310495641027,35.29623298904202,491534.7501461447,3905898.9551128834,8117760.0,3013120.0,14SME,1,projects/neon-prod-earthengine/assets/HSI_REFL/001/2018_OAES_3,2018-04-18,26.05945604048071
NA5120_E1585N0589,EPSG:32614,-99.09413506984633,35.342369622175006,491445.95064299594,3911015.693259932,8117760.0,3018240.0,14SME,1,projects/neon-prod-earthengine/assets/HSI_REFL/001/2018_OAES_3,2018-04-18,0.0
NA5120_E1585N0590,EPSG:32614,-99.09516704491071,35.38850588309924,491357.0940160986,3916132.4304857138,8117760.0,3023360.0,14SME,1,projects/neon-prod-earthengine/assets/HSI_REFL/001/2018_OAES_3,2018-04-18,0.0
NA5120_E1585N0591,EPSG:32614,-99.09620088614314,35.43464177157071,491268.18032031157,3921249.1667916733,8117760.0,3028480.0,14SME,1,projects/neon-prod-earthengine/assets/HSI_REFL/001/2018_OAES_3,2018-04-18,31.90164954870837
NA5120_E1586N0588,EPSG:32614,-99.03761608189483,35.29715064050322,496579.925383827,3905997.3987511843,8122880.0,3013120.0,14SME,1,projects/neon-prod-earthengine/assets/HSI_REFL/001/2018_OAES_3,2018-04-18,36.17963314358001
NA5120_E1586N0589,EPSG:32614,-99.03861034280473,35.34328807171604,496491.5201146442,3911114.1705841483,8122880.0,3018240.0,14SME,1,projects/neon-prod-earthengine/assets/HSI_REFL/001/2018_OAES_3,2018-04-18,13.523573200992555
NA5120_E1586N0590,EPSG:32614,-99.03960640060473,35.38942513202884,496403.05664763093,3916230.941426726,8122880.0,3023360.0,14SME,1,projects/neon-prod-earthengine/assets/HSI_REFL/001/2018_OAES_3,2018-04-18,11.609088079676315
NA5120_E1586N0591,EPSG:32614,-99.04060425967685,35.43556182120101,496314.5350375184,3921347.711280292,8122880.0,3028480.0,14SME,1,projects/neon-prod-earthengine/assets/HSI_REFL/001/2018_OAES_3,2018-04-18,42.421413009648305
NA5120_E1360N0532,EPSG:32612,-110.98192716730446,31.73510840195861,501711.96518590656,3511075.2131336257,6965760.0,2726400.0,12SVA,1,projects/neon-prod-earthengine/assets/HSI_REFL/001/2018_SRER_2,2018-08-24,100.0
NA5120_E1360N0533,EPSG:32612,-110.98987583136949,31.780463708753622,500958.5533597454,3516102.2174890875,6965760.0,2731520.0,12SVA,1,projects/neon-prod-earthengine/assets/HSI_REFL/001/2018_SRER_2,2018-08-24,93.92156862745098
NA5120_E1360N0534,EPSG:32612,-110.9978379814113,31.825817441830925,500204.59932800214,3521129.1381122144,6965760.0,2736640.0,12SVA,1,projects/neon-prod-earthengine/assets/HSI_REFL/001/2018_SRER_2,2018-08-24,73.30065359477123
NA5120_E1360N0535,EPSG:32612,-111.00581364704378,31.871169598018884,499450.10353330325,3526155.975087577,6965760.0,2741760.0,12SVA,1,projects/neon-prod-earthengine/assets/HSI_REFL/001/2018_SRER_2,2018-08-24,91.40522875816993
NA5120_E1361N0532,EPSG:32612,-110.92967472019126,31.74282607563307,506661.07319567853,3511932.632537056,6970880.0,2726400.0,12SVA,1,projects/neon-prod-earthengine/assets/HSI_REFL/001/2018_SRER_2,2018-08-24,72.43589743589743
NA5120_E1361N0533,EPSG:32612,-110.93759431725105,31.788187615835874,505908.06136762694,3516959.975530469,6970880.0,2731520.0,12SVA,1,projects/neon-prod-earthengine/assets/HSI_REFL/001/2018_SRER_2,2018-08-24,10.42483660130719
NA5120_E1361N0534,EPSG:32612,-110.94552735409772,31.833547591521924,505154.50640777504,3521987.2342470107,6970880.0,2736640.0,12SVA,1,projects/neon-prod-earthengine/assets/HSI_REFL/001/2018_SRER_2,2018-08-24,0.0
NA5120_E1361N0535,EPSG:32612,-110.9534738602556,31.87890599954066,504400.4087589402,3527014.4087705817,6970880.0,2741760.0,12SVA,1,projects/neon-prod-earthengine/assets/HSI_REFL/001/2018_SRER_2,2018-08-24,66.66666666666666
NA5120_E1361N0536,EPSG:32612,-110.96143386534057,31.924262836733515,503645.76886425953,3532041.499185429,6970880.0,2746880.0,12SVA,1,projects/neon-prod-earthengine/assets/HSI_REFL/001/2018_SRER_2,2018-08-24,99.83974358974359
NA5120_E1362N0532,EPSG:32612,-110.87741205652863,31.75051433493746,511610.3340084088,3512789.1693388447,6976000.0,2726400.0,12SWA,1,projects/neon-prod-earthengine/assets/HSI_REFL/001/2018_SRER_2,2018-08-24,0.6535947712418301
NA5120_E1362N0533,EPSG:32612,-110.88530256095152,31.795882086357963,510857.7214534506,3517816.85284724,6976000.0,2731520.0,12SWA,1,projects/neon-prod-earthengine/assets/HSI_REFL/001/2018_SRER_2,2018-08-24,0.0
NA5120_E1362N0534,EPSG:32612,-110.89320645889448,31.84124828243387,510104.56483958464,3522844.4515345558,6976000.0,2736640.0,12SWA,1,projects/neon-prod-earthengine/assets/HSI_REFL/001/2018_SRER_2,2018-08-24,0.0
NA5120_E1362N0535,EPSG:32612,-110.90112377979189,31.886612920035653,509350.864609819,3527871.965484011,6976000.0,2741760.0,12SWA,1,projects/neon-prod-earthengine/assets/HSI_REFL/001/2018_SRER_2,2018-08-24,0.0
NA5120_E1362N0536,EPSG:32612,-110.9090545531695,31.931975996025816,508596.62120749324,3532899.3947791783,6976000.0,2746880.0,12SWA,1,projects/neon-prod-earthengine/assets/HSI_REFL/001/2018_SRER_2,2018-08-24,53.888888888888886
NA5120_E1363N0531,EPSG:32612,-110.81729114257173,31.71279768410844,517311.4189657469,3508616.7131716507,6981120.0,2721280.0,12SWA,1,projects/neon-prod-earthengine/assets/HSI_REFL/001/2018_SRER_2,2018-08-24,68.43137254901961
NA5120_E1363N0532,EPSG:32612,-110.82513921088189,31.7581731676299,516559.7503898245,3513644.8245201884,6981120.0,2726400.0,12SWA,1,projects/neon-prod-earthengine/assets/HSI_REFL/001/2018_SRER_2,2018-08-24,0.0
NA5120_E1363N0533,EPSG:32612,-110.8330005971151,31.803547108050758,515807.5363841208,3518672.8504215693,6981120.0,2731520.0,12SWA,1,projects/neon-prod-earthengine/assets/HSI_REFL/001/2018_SRER_2,2018-08-24,0.0
NA5120_E1363N0534,EPSG:32612,-110.8408753305248,31.84891950227035,515054.7773915216,3523700.790957985,6981120.0,2736640.0,12SWA,1,projects/neon-prod-earthengine/assets/HSI_REFL/001/2018_SRER_2,2018-08-24,0.0
NA5120_E1363N0535,EPSG:32612,-110.84876344045517,31.89429034718008,514301.4738552236,3528728.646211973,6981120.0,2741760.0,12SWA,1,projects/neon-prod-earthengine/assets/HSI_REFL/001/2018_SRER_2,2018-08-24,0.0
NA5120_E1363N0536,EPSG:32612,-110.85666495634149,31.939659639663486,513547.6262187519,3533756.416266426,6981120.0,2746880.0,12SWA,1,projects/neon-prod-earthengine/assets/HSI_REFL/001/2018_SRER_2,2018-08-24,66.4423076923077
NA5120_E1364N0531,EPSG:32612,-110.76503724690475,31.72042092032527,522260.59492684423,3509471.1428964864,6986240.0,2721280.0,12SWA,1,projects/neon-prod-earthengine/assets/HSI_REFL/001/2018_SRER_2,2018-08-24,98.26923076923076
NA5120_E1364N0532,EPSG:32612,-110.77285621788145,31.765802561509144,521509.3251066077,3514499.599059884,6986240.0,2726400.0,12SWA,1,projects/neon-prod-earthengine/assets/HSI_REFL/001/2018_SRER_2,2018-08-24,23.92156862745098
NA5120_E1364N0533,EPSG:32612,-110.78068846045136,31.811182668685944,520757.5089275147,3519527.9692332386,6986240.0,2731520.0,12SWA,1,projects/neon-prod-earthengine/assets/HSI_REFL/001/2018_SRER_2,2018-08-24,0.3205128205128205
NA5120_E1364N0534,EPSG:32612,-110.78853400377761,31.85656123877582,520005.14683264075,3524556.253498054,6986240.0,2736640.0,12SWA,1,projects/neon-prod-earthengine/assets/HSI_REFL/001/2018_SRER_2,2018-08-24,0.0
NA5120_E1364N0535,EPSG:32612,-110.7963928771139,31.90193826869109,519252.2392653765,3529584.451936191,6986240.0,2741760.0,12SWA,1,projects/neon-prod-earthengine/assets/HSI_REFL/001/2018_SRER_2,2018-08-24,0.0
NA5120_E1365N0533,EPSG:32612,-110.72836618573514,31.818788756075985,525707.641852458,3520382.210259628,6991360.0,2731520.0,12SWA,1,projects/neon-prod-earthengine/assets/HSI_REFL/001/2018_SRER_2,2018-08-24,83.79084967320262
NA5120_E1365N0534,EPSG:32612,-110.73618251350733,31.86417347973561,524955.6759329466,3525410.840133125,6991360.0,2736640.0,12SWA,1,projects/neon-prod-earthengine/assets/HSI_REFL/001/2018_SRER_2,2018-08-24,83.23717948717949
NA5120_E1365N0535,EPSG:32612,-110.74401212470225,31.909556672326804,524203.1636114653,3530439.3836360094,6991360.0,2741760.0,12SWA,1,projects/neon-prod-earthengine/assets/HSI_REFL/001/2018_SRER_2,2018-08-24,69.41176470588235
NA5120_E1800N0547,EPSG:32616,-87.4712661152494,32.87469607436114,455913.95376263093,3637494.2938445252,9218560.0,2803200.0,16SDB,1,projects/neon-prod-earthengine/assets/HSI_REFL/001/2018_TALL_4,2018-04-27,58.54350567465322
NA5120_E1800N0548,EPSG:32616,-87.46517450058819,32.920405101528175,456506.1633864122,3642559.0589172374,9218560.0,2808320.0,16SDB,1,projects/neon-prod-earthengine/assets/HSI_REFL/001/2018_TALL_4,2018-04-27,30.665380906460943
NA5120_E1800N0549,EPSG:32616,-87.45907232301093,32.96611307815068,457098.80149958446,3647623.7693931716,9218560.0,2813440.0,16SDB,1,projects/neon-prod-earthengine/assets/HSI_REFL/001/2018_TALL_4,2018-04-27,20.098039215686274
NA5120_E1801N0547,EPSG:32616,-87.41794899791302,32.86888502757564,460899.1567650628,3636829.0775220236,9223680.0,2803200.0,16SDB,1,projects/neon-prod-earthengine/assets/HSI_REFL/001/2018_TALL_4,2018-04-27,35.80842172934748
NA5120_E1801N0548,EPSG:32616,-87.41182602268786,32.91458924156657,461491.7677588154,3641893.5660184575,9223680.0,2808320.0,16SDB,1,projects/neon-prod-earthengine/assets/HSI_REFL/001/2018_TALL_4,2018-04-27,0.0
NA5120_E1801N0549,EPSG:32616,-87.40569243208498,32.96029239763426,462084.80625560496,3646958.000356317,9223680.0,2813440.0,16SDB,1,projects/neon-prod-earthengine/assets/HSI_REFL/001/2018_TALL_4,2018-04-27,0.22500803600128574
NA5120_E1802N0547,EPSG:32616,-87.3646400137217,32.863043494619205,465884.2242693227,3636163.0077179186,9228800.0,2803200.0,16SDB,1,projects/neon-prod-earthengine/assets/HSI_REFL/001/2018_TALL_4,2018-04-27,71.62673392181588
NA5120_E1802N0548,EPSG:32616,-87.35848569886893,32.908742871127835,466477.2372086142,3641227.221599446,9228800.0,2808320.0,16SDB,1,projects/neon-prod-earthengine/assets/HSI_REFL/001/2018_TALL_4,2018-04-27,52.28758169934641
NA5120_E1611N0545,EPSG:32614,-97.646057016779,33.32481560589625,626018.9207577497,3688115.077732719,8250880.0,2792960.0,14SPB,1,projects/neon-prod-earthengine/assets/HSI_REFL/001/2019_CLBJ_4,2019-04-19,18.348045397225725
NA5120_E1611N0546,EPSG:32614,-97.64614693030559,33.37097878824861,625944.0521368855,3693233.4801036874,8250880.0,2798080.0,14SPB,1,projects/neon-prod-earthengine/assets/HSI_REFL/001/2019_CLBJ_4,2019-04-19,0.03214400514304082
NA5120_E1611N0547,EPSG:32614,-97.64623700223066,33.41714162662081,625869.0962642301,3698351.87999616,8250880.0,2803200.0,14SPC,1,projects/neon-prod-earthengine/assets/HSI_REFL/001/2019_CLBJ_4,2019-04-19,17.100610736097718
NA5120_E1612N0545,EPSG:32614,-97.59203291685546,33.32488472993673,631047.5340420781,3688189.3423776766,8256000.0,2792960.0,14SPB,1,projects/neon-prod-earthengine/assets/HSI_REFL/001/2019_CLBJ_4,2019-04-19,11.633039092055487
NA5120_E1612N0546,EPSG:32614,-97.59208957295374,33.37104797051992,630973.1039415916,3693307.8351263576,8256000.0,2798080.0,14SPB,1,projects/neon-prod-earthengine/assets/HSI_REFL/001/2019_CLBJ_4,2019-04-19,0.0
NA5120_E1612N0547,EPSG:32614,-97.59214632886192,33.41721086721488,630898.5855174839,3698426.325347452,8256000.0,2803200.0,14SPC,1,projects/neon-prod-earthengine/assets/HSI_REFL/001/2019_CLBJ_4,2019-04-19,21.50063051702396
NA5120_E1613N0545,EPSG:32614,-97.53800874020915,33.32492248461716,636076.2418349041,3688262.736199169,8261120.0,2792960.0,14SPB,1,projects/neon-prod-earthengine/assets/HSI_REFL/001/2019_CLBJ_4,2019-04-19,67.6860025220681
NA5120_E1613N0546,EPSG:32614,-97.53803213867734,33.37108575700538,636002.2502062479,3693381.3213974806,8261120.0,2798080.0,14SPB,1,projects/neon-prod-earthengine/assets/HSI_REFL/001/2019_CLBJ_4,2019-04-19,59.24140147862423
NA5120_E1613N0547,EPSG:32614,-97.5380555783662,33.41724868555554,635928.1691819441,3698499.9040197395,8261120.0,2803200.0,14SPC,1,projects/neon-prod-earthengine/assets/HSI_REFL/001/2019_CLBJ_4,2019-04-19,69.26229508196722
NA5120_E2013N0812,EPSG:32618,-72.28160588311017,42.534584642079665,723244.1358851868,4712714.946587281,10309120.0,4160000.0,18TYN,1,projects/neon-prod-earthengine/assets/HSI_REFL/001/2019_HARV_6,2019-08-11,39.4430235862461
NA5120_E2013N0813,EPSG:32618,-72.26226847575742,42.577577806801486,724677.8898582503,4717540.524646917,10309120.0,4165120.0,18TYN,1,projects/neon-prod-earthengine/assets/HSI_REFL/001/2019_HARV_6,2019-08-11,46.86274509803921
NA5120_E2014N0809,EPSG:32618,-72.28073598724785,42.390570832789145,723828.3813045719,4696724.638248988,10314240.0,4144640.0,18TYM,1,projects/neon-prod-earthengine/assets/HSI_REFL/001/2019_HARV_6,2019-08-11,52.090301003344486
NA5120_E2014N0810,EPSG:32618,-72.26147202832067,42.43356818610988,725260.1085451264,4701550.387121961,10314240.0,4149760.0,18TYN,1,projects/neon-prod-earthengine/assets/HSI_REFL/001/2019_HARV_6,2019-08-11,8.383063370275647
NA5120_E2014N0811,EPSG:32618,-72.24217178432893,42.47655951365485,726692.5434356346,4706375.965894271,10314240.0,4154880.0,18TYN,1,projects/neon-prod-earthengine/assets/HSI_REFL/001/2019_HARV_6,2019-08-11,0.0
NA5120_E2014N0812,EPSG:32618,-72.2228351637432,42.51954480000945,728125.6852333196,4711201.374977781,10314240.0,4160000.0,18TYN,1,projects/neon-prod-earthengine/assets/HSI_REFL/001/2019_HARV_6,2019-08-11,0.0
NA5120_E2014N0813,EPSG:32618,-72.20346207473575,42.56252402970656,729559.5331952453,4716026.614785149,10314240.0,4165120.0,18TYN,1,projects/neon-prod-earthengine/assets/HSI_REFL/001/2019_HARV_6,2019-08-11,9.88917306052856
NA5120_E2015N0809,EPSG:32618,-72.2221012037295,42.375540005885824,728709.6740423213,4695211.713194958,10319360.0,4144640.0,18TYM,1,projects/neon-prod-earthengine/assets/HSI_REFL/001/2019_HARV_6,2019-08-11,51.633986928104584
NA5120_E2015N0810,EPSG:32618,-72.20280177762291,42.41852347113441,730141.4982606214,4700037.122272774,10319360.0,4149760.0,18TYN,1,projects/neon-prod-earthengine/assets/HSI_REFL/001/2019_HARV_6,2019-08-11,0.0
NA5120_E2015N0811,EPSG:32618,-72.18346602144412,42.46150088778802,731574.0295891216,4704862.362274187,10319360.0,4154880.0,18TYN,1,projects/neon-prod-earthengine/assets/HSI_REFL/001/2019_HARV_6,2019-08-11,0.0
NA5120_E2015N0812,EPSG:32618,-72.16409384363574,42.50447224037963,733007.2672856918,4709687.433611651,10319360.0,4160000.0,18TYN,1,projects/neon-prod-earthengine/assets/HSI_REFL/001/2019_HARV_6,2019-08-11,0.0
NA5120_E2015N0813,EPSG:32618,-72.14468515234222,42.547437513389426,734441.210608064,4714512.3366984045,10319360.0,4165120.0,18TYN,1,projects/neon-prod-earthengine/assets/HSI_REFL/001/2019_HARV_6,2019-08-11,6.638655462184874
NA5120_E2016N0810,EPSG:32618,-72.14416080254163,42.40344611382162,735022.9205047544,4698523.48282171,10324480.0,4149760.0,18TYN,1,projects/neon-prod-earthengine/assets/HSI_REFL/001/2019_HARV_6,2019-08-11,46.149474282466606
NA5120_E2016N0811,EPSG:32618,-72.12478961306003,42.44640959802109,736455.5496415723,4703348.385583875,10324480.0,4154880.0,18TYN,1,projects/neon-prod-earthengine/assets/HSI_REFL/001/2019_HARV_6,2019-08-11,27.619843924191752
NA5120_E2016N0812,EPSG:32618,-72.10538195716808,42.489366995275816,737888.8846081116,4708173.120706622,10324480.0,4160000.0,18TYN,1,projects/neon-prod-earthengine/assets/HSI_REFL/001/2019_HARV_6,2019-08-11,48.439241917502784
NA5120_E1162N1390,EPSG:32606,-149.29884528579254,63.84089163542019,386938.10313377663,7081320.694579154,5952000.0,7119360.0,05VPL,1,projects/neon-prod-earthengine/assets/HSI_REFL/001/2019_HEAL_3,2019-06-26,31.184995737425403
NA5120_E1163N1389,EPSG:32606,-149.1517058577438,63.84078990188783,394172.1868049224,7081057.040619653,5957120.0,7114240.0,05VPL,1,projects/neon-prod-earthengine/assets/HSI_REFL/001/2019_HEAL_3,2019-06-26,18.66125760649087
NA5120_E1163N1390,EPSG:32606,-149.2250908889932,63.87197552606756,390685.11775810155,7084654.227494199,5957120.0,7119360.0,05VPL,1,projects/neon-prod-earthengine/assets/HSI_REFL/001/2019_HEAL_3,2019-06-26,0.0
NA5120_E1163N1391,EPSG:32606,-149.29865218107125,63.90311762628541,387197.3628169739,7088250.826622903,5957120.0,7124480.0,05VPL,1,projects/neon-prod-earthengine/assets/HSI_REFL/001/2019_HEAL_3,2019-06-26,20.740365111561864
NA5120_E1164N1389,EPSG:32606,-149.0777892905076,63.871804527057776,397919.16001855955,7084391.166532832,5962240.0,7114240.0,05VPL,1,projects/neon-prod-earthengine/assets/HSI_REFL/001/2019_HEAL_3,2019-06-26,75.60102301790282
NA5120_E1164N1390,EPSG:32606,-149.15118662590893,63.903027594880264,394431.5017316815,7087988.381597155,5962240.0,7119360.0,05VPL,1,projects/neon-prod-earthengine/assets/HSI_REFL/001/2019_HEAL_3,2019-06-26,6.524678837052063
NA5120_E1164N1391,EPSG:32606,-149.22476067050223,63.9342071763335,390943.1589911946,7091585.007940593,5962240.0,7124480.0,05VPL,1,projects/neon-prod-earthengine/assets/HSI_REFL/001/2019_HEAL_3,2019-06-26,45.40229885057471
NA5120_E1859N0518,EPSG:32616,-84.56417016863521,31.163221180903186,732174.7837402285,3450246.011093938,9520640.0,2654720.0,16RGV,1,projects/neon-prod-earthengine/assets/HSI_REFL/001/2019_JERC_5,2019-08-30,100.0
NA5120_E1859N0519,EPSG:32616,-84.55664702049577,31.208648851157026,732780.7755203196,3455298.6362213045,9520640.0,2659840.0,16RGV,1,projects/neon-prod-earthengine/assets/HSI_REFL/001/2019_JERC_5,2019-08-30,100.0
NA5120_E1859N0520,EPSG:32616,-84.54911117176145,31.25407506531401,733387.1489204849,3460351.2311058845,9520640.0,2664960.0,16RGV,1,projects/neon-prod-earthengine/assets/HSI_REFL/001/2019_JERC_5,2019-08-30,15.31942633637549
NA5120_E1859N0521,EPSG:32616,-84.54156259480355,31.299499820480666,733993.9035933707,3465403.7958233356,9520640.0,2670080.0,16RGV,1,projects/neon-prod-earthengine/assets/HSI_REFL/001/2019_JERC_5,2019-08-30,0.0
NA5120_E1859N0522,EPSG:32616,-84.53400126190802,31.34492311375641,734601.0391913549,3470456.3304495052,9520640.0,2675200.0,16RGV,1,projects/neon-prod-earthengine/assets/HSI_REFL/001/2019_JERC_5,2019-08-30,67.27564102564104
NA5120_E1860N0518,EPSG:32616,-84.51224758072561,31.155805696698273,737143.7866837252,3449533.94532818,9525760.0,2654720.0,16RGV,1,projects/neon-prod-earthengine/assets/HSI_REFL/001/2019_JERC_5,2019-08-30,40.44533067464274
NA5120_E1860N0519,EPSG:32616,-84.50469582267925,31.201227422216203,737750.243509446,3454586.3951119063,9525760.0,2659840.0,16RGV,1,projects/neon-prod-earthengine/assets/HSI_REFL/001/2019_JERC_5,2019-08-30,6.474358974358975
NA5120_E1860N0520,EPSG:32616,-84.49713131854219,31.246647682934473,738357.0810065159,3459638.8151043216,9525760.0,2664960.0,16RGV,1,projects/neon-prod-earthengine/assets/HSI_REFL/001/2019_JERC_5,2019-08-30,0.0
NA5120_E1860N0521,EPSG:32616,-84.48955404059728,31.292066475939787,738964.2988275888,3464691.205381583,9525760.0,2670080.0,16RGV,1,projects/neon-prod-earthengine/assets/HSI_REFL/001/2019_JERC_5,2019-08-30,0.0
NA5120_E1860N0522,EPSG:32616,-84.48196396104193,31.33748379831168,739571.8966250423,3469743.56602004,9525760.0,2675200.0,16RGV,1,projects/neon-prod-earthengine/assets/HSI_REFL/001/2019_JERC_5,2019-08-30,41.79738562091504
NA5120_E1861N0518,EPSG:32616,-84.46033464285645,31.14836103043222,742112.8039097404,3448820.9210052374,9530880.0,2654720.0,16RGV,1,projects/neon-prod-earthengine/assets/HSI_REFL/001/2019_JERC_5,2019-08-30,42.84313725490196
NA5120_E1861N0519,EPSG:32616,-84.4527542989953,31.19377678925561,742719.7264175967,3453873.1973528373,9530880.0,2659840.0,16RGV,1,projects/neon-prod-earthengine/assets/HSI_REFL/001/2019_JERC_5,2019-08-30,0.0
NA5120_E1861N0520,EPSG:32616,-84.44516116361943,31.239191074548014,743327.0286486651,3458925.4443611503,9530880.0,2664960.0,16RGV,1,projects/neon-prod-earthengine/assets/HSI_REFL/001/2019_JERC_5,2019-08-30,0.0
NA5120_E1861N0521,EPSG:32616,-84.43755520892354,31.28460388337626,743934.7102556005,3463977.6621068376,9530880.0,2670080.0,16RGV,1,projects/neon-prod-earthengine/assets/HSI_REFL/001/2019_JERC_5,2019-08-30,0.0
NA5120_E1861N0522,EPSG:32616,-84.42993640701664,31.33001521279992,744542.770890791,3469029.8506667456,9530880.0,2675200.0,16RGV,1,projects/neon-prod-earthengine/assets/HSI_REFL/001/2019_JERC_5,2019-08-30,34.18300653594771
NA5120_E1862N0518,EPSG:32616,-84.40843138884186,31.140887193759276,747081.8382173231,3448106.9372248375,9536000.0,2654720.0,16RGV,1,projects/neon-prod-earthengine/assets/HSI_REFL/001/2019_JERC_5,2019-08-30,72.01923076923077
NA5120_E1862N0519,EPSG:32616,-84.4008224833355,31.186296963955183,747689.2270452842,3453159.0420432617,9536000.0,2659840.0,16RGV,1,projects/neon-prod-earthengine/assets/HSI_REFL/001/2019_JERC_5,2019-08-30,3.7221668328348287
NA5120_E1862N0520,EPSG:32616,-84.39320074096231,31.23170525186033,748296.9946489134,3458211.1179749803,9536000.0,2664960.0,16RGV,1,projects/neon-prod-earthengine/assets/HSI_REFL/001/2019_JERC_5,2019-08-30,0.0
NA5120_E1862N0521,EPSG:32616,-84.38556613382916,31.277112054521602,748905.1406808643,3463263.165097153,9536000.0,2670080.0,16RGV,1,projects/neon-prod-earthengine/assets/HSI_REFL/001/2019_JERC_5,2019-08-30,47.723496178132265
NA5120_E1862N0522,EPSG:32616,-84.377918633957,31.32251736897855,749513.664793526,3468315.183487121,9536000.0,2675200.0,16RGV,1,projects/neon-prod-earthengine/assets/HSI_REFL/001/2019_JERC_5,2019-08-30,99.2948717948718
NA5120_E1863N0519,EPSG:32616,-84.3489004095299,31.17878795803489,752658.7481926186,3452443.928279595,9541120.0,2659840.0,16RGV,1,projects/neon-prod-earthengine/assets/HSI_REFL/001/2019_JERC_5,2019-08-30,91.32985658409387
NA5120_E1437N0538,EPSG:32613,-106.96520394227089,32.5170605023252,315409.8383105557,3599452.402034796,7360000.0,2757120.0,13SCS,1,projects/neon-prod-earthengine/assets/HSI_REFL/001/2019_JORN_3,2019-08-25,100.0
NA5120_E1437N0539,EPSG:32613,-106.97090418868498,32.56282321657088,314968.25157471723,3604536.4541087477,7360000.0,2762240.0,13SCS,1,projects/neon-prod-earthengine/assets/HSI_REFL/001/2019_JORN_3,2019-08-25,100.0
NA5120_E1437N0540,EPSG:32613,-106.97661428786306,32.60858496518419,314526.39987373917,3609620.4923536936,7360000.0,2767360.0,13SCS,1,projects/neon-prod-earthengine/assets/HSI_REFL/001/2019_JORN_3,2019-08-25,88.0718954248366
NA5120_E1437N0541,EPSG:32613,-106.98233426214115,32.654345746412766,314084.2834675836,3614704.5168119213,7360000.0,2772480.0,13SCS,1,projects/neon-prod-earthengine/assets/HSI_REFL/001/2019_JORN_3,2019-08-25,63.921568627450974
NA5120_E1438N0538,EPSG:32613,-106.91208494364994,32.52250734694141,320410.90454514476,3599965.537034456,7365120.0,2757120.0,13SCS,1,projects/neon-prod-earthengine/assets/HSI_REFL/001/2019_JORN_3,2019-08-25,99.42307692307692
NA5120_E1438N0539,EPSG:32613,-106.91775408687705,32.56827455322377,319969.7657398542,3605049.7042309605,7365120.0,2762240.0,13SCS,1,projects/neon-prod-earthengine/assets/HSI_REFL/001/2019_JORN_3,2019-08-25,100.0
NA5120_E1438N0540,EPSG:32613,-106.92343303075026,32.614040800730415,319528.36096329964,3610133.8572596153,7365120.0,2767360.0,13SCS,1,projects/neon-prod-earthengine/assets/HSI_REFL/001/2019_JORN_3,2019-08-25,60.720025715204116
NA5120_E1438N0541,EPSG:32613,-106.92912179749374,32.65980608772537,319086.6904753739,3615217.996162359,7365120.0,2772480.0,13SCS,1,projects/neon-prod-earthengine/assets/HSI_REFL/001/2019_JORN_3,2019-08-25,0.0326797385620915
NA5120_E1438N0542,EPSG:32613,-106.934820409403,32.70557041246887,318644.75453615247,3620302.1209812304,7365120.0,2777600.0,13SCS,1,projects/neon-prod-earthengine/assets/HSI_REFL/001/2019_JORN_3,2019-08-25,0.0
NA5120_E1438N0543,EPSG:32613,-106.94052888884505,32.75133377321726,318202.55340592074,3625386.231758357,7365120.0,2782720.0,13SCS,1,projects/neon-prod-earthengine/assets/HSI_REFL/001/2019_JORN_3,2019-08-25,56.284153005464475
NA5120_E1439N0538,EPSG:32613,-106.8589584526404,32.527923814862426,325411.94876679697,3600477.7674043993,7370240.0,2757120.0,13SCS,1,projects/neon-prod-earthengine/assets/HSI_REFL/001/2019_JORN_3,2019-08-25,71.41025641025641
NA5120_E1439N0539,EPSG:32613,-106.86459647343686,32.57369548893741,324971.25742027094,3605562.0517127593,7370240.0,2762240.0,13SCS,1,projects/neon-prod-earthengine/assets/HSI_REFL/001/2019_JORN_3,2019-08-25,6.762820512820513
NA5120_E1439N0540,EPSG:32613,-106.87024424270157,32.61946621105844,324530.2990959557,3610646.3215150214,7370240.0,2767360.0,13SCS,1,projects/neon-prod-earthengine/assets/HSI_REFL/001/2019_JORN_3,2019-08-25,9.514625522340085
NA5120_E1439N0541,EPSG:32613,-106.87590178254669,32.665235979505766,324089.0740536583,3615730.576852759,7370240.0,2772480.0,13SCS,1,projects/neon-prod-earthengine/assets/HSI_REFL/001/2019_JORN_3,2019-08-25,0.06428801028608164
NA5120_E1439N0542,EPSG:32613,-106.88156911515526,32.71100479255598,323647.5825533848,3620814.8177676573,7370240.0,2777600.0,13SCS,1,projects/neon-prod-earthengine/assets/HSI_REFL/001/2019_JORN_3,2019-08-25,18.529411764705884
NA5120_E1439N0543,EPSG:32613,-106.88724626278142,32.75677264848179,323205.82485535834,3625899.044301487,7370240.0,2782720.0,13SCS,1,projects/neon-prod-earthengine/assets/HSI_REFL/001/2019_JORN_3,2019-08-25,96.78559948569591
NA5120_E1440N0538,EPSG:32613,-106.80582450883517,32.53330989709124,330412.97388211807,3600989.0938009913,7375360.0,2757120.0,13SCS,1,projects/neon-prod-earthengine/assets/HSI_REFL/001/2019_JORN_3,2019-08-25,38.71374527112232
NA5120_E1440N0539,EPSG:32613,-106.81143138805477,32.57908601469409,329972.72952402325,3606073.497210891,7375360.0,2762240.0,13SCS,1,projects/neon-prod-earthengine/assets/HSI_REFL/001/2019_JORN_3,2019-08-25,0.0
NA5120_E1440N0540,EPSG:32613,-106.81704796350522,32.624861187129696,329532.2171811937,3611157.8857770227,7375360.0,2767360.0,13SCS,1,projects/neon-prod-earthengine/assets/HSI_REFL/001/2019_JORN_3,2019-08-25,0.09803921568627451
NA5120_E1440N0541,EPSG:32613,-106.82267425718628,32.67063541269458,329091.43711336795,3616242.259540613,7375360.0,2772480.0,13SCS,1,projects/neon-prod-earthengine/assets/HSI_REFL/001/2019_JORN_3,2019-08-25,7.200257152041144
NA5120_E1440N0542,EPSG:32613,-106.8283102911683,32.71640868968151,328650.3895804804,3621326.618542979,7375360.0,2777600.0,13SCS,1,projects/neon-prod-earthengine/assets/HSI_REFL/001/2019_JORN_3,2019-08-25,83.2208293153327
NA5120_E1440N0543,EPSG:32613,-106.83395608759248,32.7621810163795,328209.0748426724,3626410.962825534,7375360.0,2782720.0,13SCS,1,projects/neon-prod-earthengine/assets/HSI_REFL/001/2019_JORN_3,2019-08-25,100.0
NA5120_E1441N0538,EPSG:32613,-106.75268315187775,32.538665584678135,335413.9827979796,3601499.516877983,7380480.0,2757120.0,13SCS,1,projects/neon-prod-earthengine/assets/HSI_REFL/001/2019_JORN_3,2019-08-25,44.388398486759144
NA5120_E1441N0539,EPSG:32613,-106.75825887047196,32.58444612152336,334974.18495942245,3606584.04137947,7380480.0,2762240.0,13SCS,1,projects/neon-prod-earthengine/assets/HSI_REFL/001/2019_JORN_3,2019-08-25,14.689810350369656
NA5120_E1441N0540,EPSG:32613,-106.76384423300026,32.630225719953074,334534.1181287721,3611668.5507001188,7380480.0,2767360.0,13SCS,1,projects/neon-prod-earthengine/assets/HSI_REFL/001/2019_JORN_3,2019-08-25,9.673202614379086
NA5120_E1441N0541,EPSG:32613,-106.76943926134982,32.67600437827989,334093.7825656916,3616753.04488079,7380480.0,2772480.0,13SCS,1,projects/neon-prod-earthengine/assets/HSI_REFL/001/2019_JORN_3,2019-08-25,93.59477124183006
NA5120_E1441N0542,EPSG:32613,-106.77504397747806,32.72178209481272,333653.1785300558,3621837.5239624386,7380480.0,2777600.0,13SCS,1,projects/neon-prod-earthengine/assets/HSI_REFL/001/2019_JORN_3,2019-08-25,100.0
NA5120_E1441N0543,EPSG:32613,-106.78065840341293,32.76755886785682,333212.30628192227,3626921.9879861227,7380480.0,2782720.0,13SCS,1,projects/neon-prod-earthengine/assets/HSI_REFL/001/2019_JORN_3,2019-08-25,100.0
NA5120_E1477N0697,EPSG:32613,-105.65161184979105,40.003099452227346,444380.91241630795,4428304.541192693,7564800.0,3571200.0,13TDE,1,projects/neon-prod-earthengine/assets/HSI_REFL/001/2019_NIWO_3,2019-08-14,88.32442067736186
NA5120_E1477N0698,EPSG:32613,-105.65754870387964,40.04889212924451,443911.677250289,4433390.88365864,7564800.0,3576320.0,13TDE,1,projects/neon-prod-earthengine/assets/HSI_REFL/001/2019_NIWO_3,2019-08-14,51.155984781972485
NA5120_E1477N0699,EPSG:32613,-105.66349699555388,40.094683867845774,443442.18005789677,4438477.2048790855,7564800.0,3581440.0,13TDE,1,projects/neon-prod-earthengine/assets/HSI_REFL/001/2019_NIWO_3,2019-08-14,89.69102792632204
NA5120_E1477N0700,EPSG:32613,-105.66945675533516,40.14047466635963,442972.4211285168,4443563.504898564,7564800.0,3586560.0,13TDE,1,projects/neon-prod-earthengine/assets/HSI_REFL/001/2019_NIWO_3,2019-08-14,100.0
NA5120_E1478N0697,EPSG:32613,-105.5923971318195,40.00796009071084,449438.8727788732,4428808.7564055845,7569920.0,3571200.0,13TDE,1,projects/neon-prod-earthengine/assets/HSI_REFL/001/2019_NIWO_3,2019-08-14,11.58645276292335
NA5120_E1478N0698,EPSG:32613,-105.59829175711323,40.05375733143643,448969.90451506857,4433895.238748319,7569920.0,3576320.0,13TDE,1,projects/neon-prod-earthengine/assets/HSI_REFL/001/2019_NIWO_3,2019-08-14,0.0
NA5120_E1478N0699,EPSG:32613,-105.60419774070711,40.09955364188242,448500.6731974318,4438981.699469625,7569920.0,3581440.0,13TDE,1,projects/neon-prod-earthengine/assets/HSI_REFL/001/2019_NIWO_3,2019-08-14,83.21449792038027
NA5120_E1479N0696,EPSG:32613,-105.52733224858888,39.96698283109312,454965.29295407573,4424225.770046496,7575040.0,3566080.0,13TDE,1,projects/neon-prod-earthengine/assets/HSI_REFL/001/2019_NIWO_3,2019-08-14,63.94948335246843
NA5120_E1479N0697,EPSG:32613,-105.5331733702027,40.012785523902956,454496.8554738138,4429312.416383037,7575040.0,3571200.0,13TDE,1,projects/neon-prod-earthengine/assets/HSI_REFL/001/2019_NIWO_3,2019-08-14,0.0
NA5120_E1479N0698,EPSG:32613,-105.53902574073236,40.05858729613705,454028.1536226462,4434399.040678782,7575040.0,3576320.0,13TDE,1,projects/neon-prod-earthengine/assets/HSI_REFL/001/2019_NIWO_3,2019-08-14,0.3157290470723306
NA5120_E1479N0699,EPSG:32613,-105.54488939018272,40.10438814617288,453559.1876897901,4439485.642977487,7575040.0,3581440.0,13TDE,1,projects/neon-prod-earthengine/assets/HSI_REFL/001/2019_NIWO_3,2019-08-14,81.9055944055944
NA5120_E1480N0696,EPSG:32613,-105.46814170761675,39.97176855721404,460023.03413033864,4424728.7310137935,7580160.0,3566080.0,13TDE,1,projects/neon-prod-earthengine/assets/HSI_REFL/001/2019_NIWO_3,2019-08-14,91.36669593210418
NA5120_E1480N0697,EPSG:32613,-105.47394062794153,40.01757574129977,459554.86360225774,4429815.521754904,7580160.0,3571200.0,13TDE,1,projects/neon-prod-earthengine/assets/HSI_REFL/001/2019_NIWO_3,2019-08-14,69.90493166963755
NA5120_E1480N0698,EPSG:32613,-105.47975071791267,40.063382012814145,459086.427675003,4434902.290080253,7580160.0,3576320.0,13TDE,1,projects/neon-prod-earthengine/assets/HSI_REFL/001/2019_NIWO_3,2019-08-14,51.741293532338304
NA5120_E1480N0699,EPSG:32613,-105.48557200733168,40.10918737015658,458617.7266378022,4439989.036033265,7580160.0,3581440.0,13TDE,1,projects/neon-prod-earthengine/assets/HSI_REFL/001/2019_NIWO_3,2019-08-14,100.0
NA5120_E1584N0588,EPSG:32614,-99.14859238303961,35.295282817705726,486489.5845933607,3905799.727854054,8112640.0,3013120.0,14SME,1,projects/neon-prod-earthengine/assets/HSI_REFL/001/2019_OAES_4,2019-04-25,32.150638032990976
NA5120_E1584N0589,EPSG:32614,-99.14965834509333,35.34141862450361,486400.39076451847,3910916.434408161,8112640.0,3018240.0,14SME,1,projects/neon-prod-earthengine/assets/HSI_REFL/001/2019_OAES_4,2019-04-25,0.0
NA5120_E1584N0590,EPSG:32614,-99.15072623350052,35.38755405773771,486311.14088590926,3916033.140110683,8112640.0,3023360.0,14SME,1,projects/neon-prod-earthengine/assets/HSI_REFL/001/2019_OAES_4,2019-04-25,0.0
NA5120_E1584N0591,EPSG:32614,-99.15179605295856,35.43368911716061,486221.8350125241,3921149.844963151,8112640.0,3028480.0,14SME,1,projects/neon-prod-earthengine/assets/HSI_REFL/001/2019_OAES_4,2019-04-25,34.37697659709045
NA5120_E1585N0588,EPSG:32614,-99.09310495641027,35.29623298904202,491534.7501461447,3905898.9551128834,8117760.0,3013120.0,14SME,1,projects/neon-prod-earthengine/assets/HSI_REFL/001/2019_OAES_4,2019-04-25,27.197975964579378
NA5120_E1585N0589,EPSG:32614,-99.09413506984633,35.342369622175006,491445.95064299594,3911015.693259932,8117760.0,3018240.0,14SME,1,projects/neon-prod-earthengine/assets/HSI_REFL/001/2019_OAES_4,2019-04-25,0.0
NA5120_E1585N0590,EPSG:32614,-99.09516704491071,35.38850588309924,491357.0940160986,3916132.4304857138,8117760.0,3023360.0,14SME,1,projects/neon-prod-earthengine/assets/HSI_REFL/001/2019_OAES_4,2019-04-25,0.0
NA5120_E1585N0591,EPSG:32614,-99.09620088614314,35.43464177157071,491268.18032031157,3921249.1667916733,8117760.0,3028480.0,14SME,1,projects/neon-prod-earthengine/assets/HSI_REFL/001/2019_OAES_4,2019-04-25,38.15748521630874
NA5120_E1586N0588,EPSG:32614,-99.03761608189483,35.29715064050322,496579.925383827,3905997.3987511843,8122880.0,3013120.0,14SME,1,projects/neon-prod-earthengine/assets/HSI_REFL/001/2019_OAES_4,2019-04-25,36.14800759013283
NA5120_E1586N0589,EPSG:32614,-99.03861034280473,35.34328807171604,496491.5201146442,3911114.1705841483,8122880.0,3018240.0,14SME,1,projects/neon-prod-earthengine/assets/HSI_REFL/001/2019_OAES_4,2019-04-25,14.640198511166252
NA5120_E1586N0590,EPSG:32614,-99.03960640060473,35.38942513202884,496403.05664763093,3916230.941426726,8122880.0,3023360.0,14SME,1,projects/neon-prod-earthengine/assets/HSI_REFL/001/2019_OAES_4,2019-04-25,13.103018985371925
NA5120_E1586N0591,EPSG:32614,-99.04060425967685,35.43556182120101,496314.5350375184,3921347.711280292,8122880.0,3028480.0,14SME,1,projects/neon-prod-earthengine/assets/HSI_REFL/001/2019_OAES_4,2019-04-25,40.70961718020541
NA5120_E1967N0713,EPSG:32618,-76.604427354505,38.85036714283653,360773.7575502021,4301394.857520564,10073600.0,3653120.0,18SUJ,1,projects/neon-prod-earthengine/assets/HSI_REFL/001/2019_SERC_4,2019-05-15,36.74556213017752
NA5120_E1967N0714,EPSG:32618,-76.58979840081254,38.89441484549036,362128.4205379884,4306260.971004153,10073600.0,3658240.0,18SUJ,1,projects/neon-prod-earthengine/assets/HSI_REFL/001/2019_SERC_4,2019-05-15,0.0
NA5120_E1967N0715,EPSG:32618,-76.57514286137894,38.9384586310417,363483.8913353175,4311126.832876539,10073600.0,3663360.0,18SUJ,1,projects/neon-prod-earthengine/assets/HSI_REFL/001/2019_SERC_4,2019-05-15,46.649184149184144
NA5120_E1968N0713,EPSG:32618,-76.54796366200641,38.83803766420568,365650.5366652569,4299941.992729073,10078720.0,3653120.0,18SUJ,1,projects/neon-prod-earthengine/assets/HSI_REFL/001/2019_SERC_4,2019-05-15,53.242835595776775
NA5120_E1968N0714,EPSG:32618,-76.53330071961338,38.88207446266876,367005.29138756974,4304807.5963218,10078720.0,3658240.0,18SUJ,1,projects/neon-prod-earthengine/assets/HSI_REFL/001/2019_SERC_4,2019-05-15,0.0
NA5120_E1968N0715,EPSG:32618,-76.51861114167377,38.926107326548376,368360.8532672991,4309672.94928626,10078720.0,3663360.0,18SUJ,1,projects/neon-prod-earthengine/assets/HSI_REFL/001/2019_SERC_4,2019-05-15,40.07724301841949
NA5120_E1235N0678,EPSG:32611,-119.29890833804365,36.99291626233064,295417.91993752646,4096556.9196296535,6325760.0,3473920.0,11SKA,1,projects/neon-prod-earthengine/assets/HSI_REFL/001/2019_SOAP_4,2019-06-11,35.41666666666667
NA5120_E1235N0679,EPSG:32611,-119.31345079845264,37.0368265224638,294242.0763906385,4101460.507276549,6325760.0,3479040.0,11SKB,1,projects/neon-prod-earthengine/assets/HSI_REFL/001/2019_SOAP_4,2019-06-11,25.153186274509803
NA5120_E1235N0680,EPSG:32611,-119.32801885902032,37.080732758014534,293065.5563261145,4106363.960197665,6325760.0,3484160.0,11SKB,1,projects/neon-prod-earthengine/assets/HSI_REFL/001/2019_SOAP_4,2019-06-11,62.04927884615385
NA5120_E1236N0678,EPSG:32611,-119.2440829000528,37.00562459592333,300330.8451279858,4097850.5304439072,6330880.0,3473920.0,11SKB,1,projects/neon-prod-earthengine/assets/HSI_REFL/001/2019_SOAP_4,2019-06-11,5.575980392156863
NA5120_E1236N0679,EPSG:32611,-119.25859430233899,37.04954570017534,299155.24369540846,4102754.4700977015,6330880.0,3479040.0,11SKB,1,projects/neon-prod-earthengine/assets/HSI_REFL/001/2019_SOAP_4,2019-06-11,0.0
NA5120_E1236N0680,EPSG:32611,-119.27313126138687,37.09346279646379,297978.9650420021,4107658.2741783834,6330880.0,3484160.0,11SKB,1,projects/neon-prod-earthengine/assets/HSI_REFL/001/2019_SOAP_4,2019-06-11,17.830882352941178
NA5120_E1237N0678,EPSG:32611,-119.18923742435895,37.018302472342036,305243.8069778315,4099143.5095124585,6336000.0,3473920.0,11SKB,1,projects/neon-prod-earthengine/assets/HSI_REFL/001/2019_SOAP_4,2019-06-11,30.26960784313725
NA5120_E1237N0679,EPSG:32611,-119.20371771729198,37.0622343997353,304068.4465129827,4104047.802848522,6336000.0,3479040.0,11SKB,1,projects/neon-prod-earthengine/assets/HSI_REFL/001/2019_SOAP_4,2019-06-11,0.0
NA5120_E1237N0680,EPSG:32611,-119.2182235234326,37.106162335764985,302892.4081232314,4108951.959764077,6336000.0,3484160.0,11SKB,1,projects/neon-prod-earthengine/assets/HSI_REFL/001/2019_SOAP_4,2019-06-11,43.22916666666667
NA5120_E1360N0532,EPSG:32612,-110.98192716730446,31.73510840195861,501711.96518590656,3511075.2131336257,6965760.0,2726400.0,12SVA,1,projects/neon-prod-earthengine/assets/HSI_REFL/001/2019_SRER_3,2019-09-01,100.0
NA5120_E1361N0532,EPSG:32612,-110.92967472019126,31.74282607563307,506661.07319567853,3511932.632537056,6970880.0,2726400.0,12SVA,1,projects/neon-prod-earthengine/assets/HSI_REFL/001/2019_SRER_3,2019-09-01,93.71794871794872
NA5120_E1361N0533,EPSG:32612,-110.93759431725105,31.788187615835874,505908.06136762694,3516959.975530469,6970880.0,2731520.0,12SVA,1,projects/neon-prod-earthengine/assets/HSI_REFL/001/2019_SRER_3,2019-09-01,21.274509803921568
NA5120_E1361N0534,EPSG:32612,-110.94552735409772,31.833547591521924,505154.50640777504,3521987.2342470107,6970880.0,2736640.0,12SVA,1,projects/neon-prod-earthengine/assets/HSI_REFL/001/2019_SRER_3,2019-09-01,0.09615384615384616
NA5120_E1361N0535,EPSG:32612,-110.9534738602556,31.87890599954066,504400.4087589402,3527014.4087705817,6970880.0,2741760.0,12SVA,1,projects/neon-prod-earthengine/assets/HSI_REFL/001/2019_SRER_3,2019-09-01,77.15686274509804
NA5120_E1361N0536,EPSG:32612,-110.96143386534057,31.924262836733515,503645.76886425953,3532041.499185429,6970880.0,2746880.0,12SVA,1,projects/neon-prod-earthengine/assets/HSI_REFL/001/2019_SRER_3,2019-09-01,99.90384615384616
NA5120_E1362N0532,EPSG:32612,-110.87741205652863,31.75051433493746,511610.3340084088,3512789.1693388447,6976000.0,2726400.0,12SWA,1,projects/neon-prod-earthengine/assets/HSI_REFL/001/2019_SRER_3,2019-09-01,53.13725490196079
NA5120_E1362N0533,EPSG:32612,-110.88530256095152,31.795882086357963,510857.7214534506,3517816.85284724,6976000.0,2731520.0,12SWA,1,projects/neon-prod-earthengine/assets/HSI_REFL/001/2019_SRER_3,2019-09-01,0.0
NA5120_E1362N0534,EPSG:32612,-110.89320645889448,31.84124828243387,510104.56483958464,3522844.4515345558,6976000.0,2736640.0,12SWA,1,projects/neon-prod-earthengine/assets/HSI_REFL/001/2019_SRER_3,2019-09-01,0.0
NA5120_E1362N0535,EPSG:32612,-110.90112377979189,31.886612920035653,509350.864609819,3527871.965484011,6976000.0,2741760.0,12SWA,1,projects/neon-prod-earthengine/assets/HSI_REFL/001/2019_SRER_3,2019-09-01,0.0
NA5120_E1362N0536,EPSG:32612,-110.9090545531695,31.931975996025816,508596.62120749324,3532899.3947791783,6976000.0,2746880.0,12SWA,1,projects/neon-prod-earthengine/assets/HSI_REFL/001/2019_SRER_3,2019-09-01,64.83660130718954
NA5120_E1363N0531,EPSG:32612,-110.81729114257173,31.71279768410844,517311.4189657469,3508616.7131716507,6981120.0,2721280.0,12SWA,1,projects/neon-prod-earthengine/assets/HSI_REFL/001/2019_SRER_3,2019-09-01,76.73202614379086
NA5120_E1363N0532,EPSG:32612,-110.82513921088189,31.7581731676299,516559.7503898245,3513644.8245201884,6981120.0,2726400.0,12SWA,1,projects/neon-prod-earthengine/assets/HSI_REFL/001/2019_SRER_3,2019-09-01,52.98076923076923
NA5120_E1363N0533,EPSG:32612,-110.8330005971151,31.803547108050758,515807.5363841208,3518672.8504215693,6981120.0,2731520.0,12SWA,1,projects/neon-prod-earthengine/assets/HSI_REFL/001/2019_SRER_3,2019-09-01,0.0
NA5120_E1363N0534,EPSG:32612,-110.8408753305248,31.84891950227035,515054.7773915216,3523700.790957985,6981120.0,2736640.0,12SWA,1,projects/neon-prod-earthengine/assets/HSI_REFL/001/2019_SRER_3,2019-09-01,0.0
NA5120_E1363N0535,EPSG:32612,-110.84876344045517,31.89429034718008,514301.4738552236,3528728.646211973,6981120.0,2741760.0,12SWA,1,projects/neon-prod-earthengine/assets/HSI_REFL/001/2019_SRER_3,2019-09-01,0.0
NA5120_E1364N0531,EPSG:32612,-110.76503724690475,31.72042092032527,522260.59492684423,3509471.1428964864,6986240.0,2721280.0,12SWA,1,projects/neon-prod-earthengine/assets/HSI_REFL/001/2019_SRER_3,2019-09-01,100.0
NA5120_E1364N0532,EPSG:32612,-110.77285621788145,31.765802561509144,521509.3251066077,3514499.599059884,6986240.0,2726400.0,12SWA,1,projects/neon-prod-earthengine/assets/HSI_REFL/001/2019_SRER_3,2019-09-01,64.54248366013073
NA5120_E1364N0533,EPSG:32612,-110.78068846045136,31.811182668685944,520757.5089275147,3519527.9692332386,6986240.0,2731520.0,12SWA,1,projects/neon-prod-earthengine/assets/HSI_REFL/001/2019_SRER_3,2019-09-01,0.0
NA5120_E1364N0534,EPSG:32612,-110.78853400377761,31.85656123877582,520005.14683264075,3524556.253498054,6986240.0,2736640.0,12SWA,1,projects/neon-prod-earthengine/assets/HSI_REFL/001/2019_SRER_3,2019-09-01,0.0
NA5120_E1364N0535,EPSG:32612,-110.7963928771139,31.90193826869109,519252.2392653765,3529584.451936191,6986240.0,2741760.0,12SWA,1,projects/neon-prod-earthengine/assets/HSI_REFL/001/2019_SRER_3,2019-09-01,0.0641025641025641
NA5120_E1365N0533,EPSG:32612,-110.72836618573514,31.818788756075985,525707.641852458,3520382.210259628,6991360.0,2731520.0,12SWA,1,projects/neon-prod-earthengine/assets/HSI_REFL/001/2019_SRER_3,2019-09-01,82.2875816993464
NA5120_E1365N0534,EPSG:32612,-110.73618251350733,31.86417347973561,524955.6759329466,3525410.840133125,6991360.0,2736640.0,12SWA,1,projects/neon-prod-earthengine/assets/HSI_REFL/001/2019_SRER_3,2019-09-01,78.65384615384615
NA5120_E1365N0535,EPSG:32612,-110.74401212470225,31.909556672326804,524203.1636114653,3530439.3836360094,6991360.0,2741760.0,12SWA,1,projects/neon-prod-earthengine/assets/HSI_REFL/001/2019_SRER_3,2019-09-01,67.3529411764706
NA5120_E1800N0547,EPSG:32616,-87.4712661152494,32.87469607436114,455913.95376263093,3637494.2938445252,9218560.0,2803200.0,16SDB,1,projects/neon-prod-earthengine/assets/HSI_REFL/001/2019_TALL_5,2019-04-27,65.44766708701135
NA5120_E1800N0548,EPSG:32616,-87.46517450058819,32.920405101528175,456506.1633864122,3642559.0589172374,9218560.0,2808320.0,16SDB,1,projects/neon-prod-earthengine/assets/HSI_REFL/001/2019_TALL_5,2019-04-27,29.604628736740597
NA5120_E1800N0549,EPSG:32616,-87.45907232301093,32.96611307815068,457098.80149958446,3647623.7693931716,9218560.0,2813440.0,16SDB,1,projects/neon-prod-earthengine/assets/HSI_REFL/001/2019_TALL_5,2019-04-27,19.836601307189543
NA5120_E1801N0547,EPSG:32616,-87.41794899791302,32.86888502757564,460899.1567650628,3636829.0775220236,9223680.0,2803200.0,16SDB,1,projects/neon-prod-earthengine/assets/HSI_REFL/001/2019_TALL_5,2019-04-27,49.501767920282866
NA5120_E1801N0548,EPSG:32616,-87.41182602268786,32.91458924156657,461491.7677588154,3641893.5660184575,9223680.0,2808320.0,16SDB,1,projects/neon-prod-earthengine/assets/HSI_REFL/001/2019_TALL_5,2019-04-27,0.0
NA5120_E1801N0549,EPSG:32616,-87.40569243208498,32.96029239763426,462084.80625560496,3646958.000356317,9223680.0,2813440.0,16SDB,1,projects/neon-prod-earthengine/assets/HSI_REFL/001/2019_TALL_5,2019-04-27,0.0
NA5120_E1802N0547,EPSG:32616,-87.3646400137217,32.863043494619205,465884.2242693227,3636163.0077179186,9228800.0,2803200.0,16SDB,1,projects/neon-prod-earthengine/assets/HSI_REFL/001/2019_TALL_5,2019-04-27,79.79192938209331
NA5120_E1802N0548,EPSG:32616,-87.35848569886893,32.908742871127835,466477.2372086142,3641227.221599446,9228800.0,2808320.0,16SDB,1,projects/neon-prod-earthengine/assets/HSI_REFL/001/2019_TALL_5,2019-04-27,53.30065359477124
NA5120_E1493N0712,EPSG:32613,-104.78307830161378,40.76448036261918,518308.23817373853,4512635.313431192,7646720.0,3648000.0,13TEF,1,projects/neon-prod-earthengine/assets/HSI_REFL/001/2020_CPER_5,2020-06-14,71.97231833910035
NA5120_E1493N0713,EPSG:32613,-104.78849175274233,40.810329814649414,517839.067942579,4517723.73908467,7646720.0,3653120.0,13TEF,1,projects/neon-prod-earthengine/assets/HSI_REFL/001/2020_CPER_5,2020-06-14,39.99423298731257
NA5120_E1493N0714,EPSG:32613,-104.79391578098532,40.85617843142088,517369.6235606626,4522812.13811165,7646720.0,3658240.0,13TEF,1,projects/neon-prod-earthengine/assets/HSI_REFL/001/2020_CPER_5,2020-06-14,49.17986425339366
NA5120_E1494N0712,EPSG:32613,-104.72307856987528,40.76883794517117,523370.7071397633,4513133.277586621,7651840.0,3648000.0,13TEF,1,projects/neon-prod-earthengine/assets/HSI_REFL/001/2020_CPER_5,2020-06-14,54.43371378402107
NA5120_E1494N0713,EPSG:32613,-104.7284481647661,40.814691553231434,522901.7805693787,4518221.870780458,7651840.0,3653120.0,13TEF,1,projects/neon-prod-earthengine/assets/HSI_REFL/001/2020_CPER_5,2020-06-14,0.0
NA5120_E1494N0714,EPSG:32613,-104.73382825283086,40.86054433358505,522432.57881444955,4523310.436971391,7651840.0,3658240.0,13TEF,1,projects/neon-prod-earthengine/assets/HSI_REFL/001/2020_CPER_5,2020-06-14,2.1914648212226067
NA5120_E1495N0713,EPSG:32613,-104.66839616988777,40.81901739830962,527964.557512946,4518719.490484142,7656960.0,3653120.0,13TEF,1,projects/neon-prod-earthengine/assets/HSI_REFL/001/2020_CPER_5,2020-06-14,57.096868598185544
NA5120_E1495N0714,EPSG:32613,-104.67373229324859,40.86487430869376,527495.5979018629,4523808.2259263415,7656960.0,3658240.0,13TEF,1,projects/neon-prod-earthengine/assets/HSI_REFL/001/2020_CPER_5,2020-06-14,57.126134035703835
NA5120_E1493N0712,EPSG:32613,-104.78307830161378,40.76448036261918,518308.23817373853,4512635.313431192,7646720.0,3648000.0,13TEF,1,projects/neon-prod-earthengine/assets/HSI_REFL/001/2020_CPER_7,2020-09-13,82.67012687427912
NA5120_E1494N0712,EPSG:32613,-104.72307856987528,40.76883794517117,523370.7071397633,4513133.277586621,7651840.0,3648000.0,13TEF,1,projects/neon-prod-earthengine/assets/HSI_REFL/001/2020_CPER_7,2020-09-13,65.2619256657887
NA5120_E1494N0713,EPSG:32613,-104.7284481647661,40.814691553231434,522901.7805693787,4518221.870780458,7651840.0,3653120.0,13TEF,1,projects/neon-prod-earthengine/assets/HSI_REFL/001/2020_CPER_7,2020-09-13,23.298731257208765
NA5120_E1494N0714,EPSG:32613,-104.73382825283086,40.86054433358505,522432.57881444955,4523310.436971391,7651840.0,3658240.0,13TEF,1,projects/neon-prod-earthengine/assets/HSI_REFL/001/2020_CPER_7,2020-09-13,17.84890426758939
NA5120_E1477N0697,EPSG:32613,-105.65161184979105,40.003099452227346,444380.91241630795,4428304.541192693,7564800.0,3571200.0,13TDE,1,projects/neon-prod-earthengine/assets/HSI_REFL/001/2020_NIWO_4,2020-07-20,85.41295306001189
NA5120_E1478N0697,EPSG:32613,-105.5923971318195,40.00796009071084,449438.8727788732,4428808.7564055845,7569920.0,3571200.0,13TDE,1,projects/neon-prod-earthengine/assets/HSI_REFL/001/2020_NIWO_4,2020-07-20,11.437908496732026
NA5120_E1478N0698,EPSG:32613,-105.59829175711323,40.05375733143643,448969.90451506857,4433895.238748319,7569920.0,3576320.0,13TDE,1,projects/neon-prod-earthengine/assets/HSI_REFL/001/2020_NIWO_4,2020-07-20,0.0
NA5120_E1478N0699,EPSG:32613,-105.60419774070711,40.09955364188242,448500.6731974318,4438981.699469625,7569920.0,3581440.0,13TDE,1,projects/neon-prod-earthengine/assets/HSI_REFL/001/2020_NIWO_4,2020-07-20,85.20499108734403
NA5120_E1479N0696,EPSG:32613,-105.52733224858888,39.96698283109312,454965.29295407573,4424225.770046496,7575040.0,3566080.0,13TDE,1,projects/neon-prod-earthengine/assets/HSI_REFL/001/2020_NIWO_4,2020-07-20,74.16762342135476
NA5120_E1479N0697,EPSG:32613,-105.5331733702027,40.012785523902956,454496.8554738138,4429312.416383037,7575040.0,3571200.0,13TDE,1,projects/neon-prod-earthengine/assets/HSI_REFL/001/2020_NIWO_4,2020-07-20,0.0
NA5120_E1479N0698,EPSG:32613,-105.53902574073236,40.05858729613705,454028.1536226462,4434399.040678782,7575040.0,3576320.0,13TDE,1,projects/neon-prod-earthengine/assets/HSI_REFL/001/2020_NIWO_4,2020-07-20,10.533869115958668
NA5120_E1479N0700,EPSG:32613,-105.55076434866844,40.150188072383315,453089.9579646374,4444572.2233230155,7575040.0,3586560.0,13TDE,1,projects/neon-prod-earthengine/assets/HSI_REFL/001/2020_RMNP_3,2020-06-27,23.335246842709527
NA5120_E1479N0701,EPSG:32613,-105.5566506464144,40.19598707313661,452620.46473677276,4449658.78175934,7575040.0,3591680.0,13TDE,1,projects/neon-prod-earthengine/assets/HSI_REFL/001/2020_RMNP_3,2020-06-27,17.278554778554778
NA5120_E1479N0702,EPSG:32613,-105.56254831375622,40.24178514679631,452150.70829597436,4454745.318330535,7575040.0,3596800.0,13TDE,1,projects/neon-prod-earthengine/assets/HSI_REFL/001/2020_RMNP_3,2020-06-27,28.272101033295062
NA5120_E1479N0703,EPSG:32613,-105.56845738114085,40.287582291721286,451680.6889321895,4459831.833080781,7575040.0,3601920.0,13TDE,1,projects/neon-prod-earthengine/assets/HSI_REFL/001/2020_RMNP_3,2020-06-27,44.11595866819747
NA5120_E1480N0700,EPSG:32613,-105.4914045261092,40.15499181172191,458148.7607800604,4445075.759657461,7580160.0,3586560.0,13TDE,1,projects/neon-prod-earthengine/assets/HSI_REFL/001/2020_RMNP_3,2020-06-27,5.179982440737489
NA5120_E1480N0701,EPSG:32613,-105.49724830426538,40.20079533590039,457679.53039137577,4450162.460996473,7580160.0,3591680.0,13TDE,1,projects/neon-prod-earthengine/assets/HSI_REFL/001/2020_RMNP_3,2020-06-27,0.0
NA5120_E1480N0702,EPSG:32613,-105.50310337193041,40.24659794107776,457210.03576152516,4455249.140094046,7580160.0,3596800.0,13TDE,1,projects/neon-prod-earthengine/assets/HSI_REFL/001/2020_RMNP_3,2020-06-27,0.0
NA5120_E1480N0703,EPSG:32613,-105.50896975934498,40.2923996256351,456740.2771804781,4460335.796994023,7580160.0,3601920.0,13TDE,1,projects/neon-prod-earthengine/assets/HSI_REFL/001/2020_RMNP_3,2020-06-27,18.954248366013072
NA5120_E1481N0701,EPSG:32613,-105.43783694151576,40.20556824308114,462738.62262700207,4450665.594565984,7585280.0,3591680.0,13TDE,1,projects/neon-prod-earthengine/assets/HSI_REFL/001/2020_RMNP_3,2020-06-27,67.66169154228857
NA5120_E1481N0702,EPSG:32613,-105.44364938351096,40.25137534729848,462269.38931863743,4455752.418268138,7585280.0,3596800.0,13TDE,1,projects/neon-prod-earthengine/assets/HSI_REFL/001/2020_RMNP_3,2020-06-27,56.9212759730758
NA5120_E1481N0703,EPSG:32613,-105.44947306486803,40.29718153895475,461799.8910304653,4460839.219396352,7585280.0,3601920.0,13TDE,1,projects/neon-prod-earthengine/assets/HSI_REFL/001/2020_RMNP_3,2020-06-27,65.14486391571555
NA5120_E1411N0813,EPSG:32612,-110.66274006303139,44.86241059176282,526644.7831732121,4967721.4640655685,7226880.0,4165120.0,12TWQ,1,projects/neon-prod-earthengine/assets/HSI_REFL/001/2020_YELL_3,2020-07-05,100.0
NA5120_E1411N0814,EPSG:32612,-110.67363459662673,44.90762178751659,525763.8863435898,4972740.237587433,7226880.0,4170240.0,12TWQ,1,projects/neon-prod-earthengine/assets/HSI_REFL/001/2020_YELL_3,2020-07-05,85.9241452991453
NA5120_E1411N0815,EPSG:32612,-110.68455175307612,44.95283090561536,524882.5381744817,4977758.9285654,7226880.0,4175360.0,12TWQ,1,projects/neon-prod-earthengine/assets/HSI_REFL/001/2020_YELL_3,2020-07-05,79.24836601307189
NA5120_E1411N0816,EPSG:32612,-110.69549159844462,44.9980379409228,524000.73919869255,4982777.537152537,7226880.0,4180480.0,12TWQ,1,projects/neon-prod-earthengine/assets/HSI_REFL/001/2020_YELL_3,2020-07-05,100.0
NA5120_E1412N0813,EPSG:32612,-110.5990734287367,44.87042093882019,531670.2907594735,4968634.148288637,7232000.0,4165120.0,12TWQ,1,projects/neon-prod-earthengine/assets/HSI_REFL/001/2020_YELL_3,2020-07-05,43.98148148148148
NA5120_E1412N0814,EPSG:32612,-110.60991819457544,44.91564032003988,530789.4952780401,4973653.182525998,7232000.0,4170240.0,12TWQ,1,projects/neon-prod-earthengine/assets/HSI_REFL/001/2020_YELL_3,2020-07-05,17.52136752136752
NA5120_E1412N0815,EPSG:32612,-110.62078548759833,44.96085763947063,529908.2475609473,4978672.133515896,7232000.0,4175360.0,12TWQ,1,projects/neon-prod-earthengine/assets/HSI_REFL/001/2020_YELL_3,2020-07-05,8.57843137254902
NA5120_E1412N0816,EPSG:32612,-110.6316753736239,45.006072892022296,529026.5481412878,4983691.001410909,7232000.0,4180480.0,12TWQ,1,projects/neon-prod-earthengine/assets/HSI_REFL/001/2020_YELL_3,2020-07-05,93.43681917211329
NA5120_E1413N0813,EPSG:32612,-110.53538851650883,44.878393112624366,536695.8706169685,4969546.544482939,7237120.0,4165120.0,12TWQ,1,projects/neon-prod-earthengine/assets/HSI_REFL/001/2020_YELL_3,2020-07-05,22.35838779956427
NA5120_E1413N0814,EPSG:32612,-110.54618345836433,44.923620643133916,535815.1755843486,4974565.84138546,7237120.0,4170240.0,12TWQ,1,projects/neon-prod-earthengine/assets/HSI_REFL/001/2020_YELL_3,2020-07-05,0.0
NA5120_E1413N0815,EPSG:32612,-110.55700083151451,44.9688461276593,534934.0274192949,4979585.054336865,7237120.0,4175360.0,12TWQ,1,projects/neon-prod-earthengine/assets/HSI_REFL/001/2020_YELL_3,2020-07-05,3.8995726495726495
NA5120_E1413N0816,EPSG:32612,-110.56784070153044,45.01406956115636,534052.4266551987,4984604.183489245,7237120.0,4180480.0,12TWQ,1,projects/neon-prod-earthengine/assets/HSI_REFL/001/2020_YELL_3,2020-07-05,99.91941982272361
NA5120_E1414N0813,EPSG:32612,-110.47168540365286,44.886327092479284,541721.5257525161,4970458.653768873,7242240.0,4165120.0,12TWQ,1,projects/neon-prod-earthengine/assets/HSI_REFL/001/2020_YELL_3,2020-07-05,79.12178956089478
NA5120_E1414N0814,EPSG:32612,-110.48243046551079,44.931562736042366,540840.9302695895,4975478.215286778,7242240.0,4170240.0,12TWQ,1,projects/neon-prod-earthengine/assets/HSI_REFL/001/2020_YELL_3,2020-07-05,4.901960784313726
NA5120_E1414N0815,EPSG:32612,-110.49319786255509,44.97679634936452,539959.8807568703,4980497.692149827,7242240.0,4175360.0,12TWQ,1,projects/neon-prod-earthengine/assets/HSI_REFL/001/2020_YELL_3,2020-07-05,18.482905982905983
NA5120_E1415N0812,EPSG:32612,-110.39729121564083,44.84897712782774,547627.3005439172,4966350.563672521,7247360.0,4160000.0,12TWQ,1,projects/neon-prod-earthengine/assets/HSI_REFL/001/2020_YELL_3,2020-07-05,100.0
NA5120_E1415N0813,EPSG:32612,-110.40796416765839,44.89422285777365,546747.2591733201,4971370.477266066,7247360.0,4165120.0,12TWQ,1,projects/neon-prod-earthengine/assets/HSI_REFL/001/2020_YELL_3,2020-07-05,33.234019501625134
NA5120_E1415N0814,EPSG:32612,-110.41865929371761,44.93946657809392,545866.7623412407,4976390.305350148,7247360.0,4170240.0,12TWQ,1,projects/neon-prod-earthengine/assets/HSI_REFL/001/2020_YELL_3,2020-07-05,0.8986928104575163
NA5120_E1415N0815,EPSG:32612,-110.42937665863684,44.98470828385473,544985.8105814008,4981410.048075543,7247360.0,4175360.0,12TWQ,1,projects/neon-prod-earthengine/assets/HSI_REFL/001/2020_YELL_3,2020-07-05,59.58605664488017
NA5120_E1416N0814,EPSG:32612,-110.35487002087247,44.94733214870259,550892.6748071683,4977302.112695002,7252480.0,4170240.0,12TWQ,1,projects/neon-prod-earthengine/assets/HSI_REFL/001/2020_YELL_3,2020-07-05,81.88997821350763
NA5120_E1416N0815,EPSG:32612,-110.36553729786212,44.99258191048392,550011.8199010193,4982322.123234019,7252480.0,4175360.0,12TWQ,1,projects/neon-prod-earthengine/assets/HSI_REFL/001/2020_YELL_3,2020-07-05,97.49455337690632
NA5120_E1241N0877,EPSG:32610,-122.41567086524356,45.728558168502936,545466.6776321328,5064055.176257928,6356480.0,4492800.0,10TER,1,projects/neon-prod-earthengine/assets/HSI_REFL/001/2021_ABBY_4,2021-07-19,73.62342197152833
NA5120_E1242N0876,EPSG:32610,-122.33276143731919,45.700605646920536,551943.7488078836,5061000.074202459,6361600.0,4487680.0,10TER,1,projects/neon-prod-earthengine/assets/HSI_REFL/001/2021_ABBY_4,2021-07-19,54.71394037066881
NA5120_E1242N0877,EPSG:32610,-122.35353102481199,45.74359704491627,550288.2756978411,5065763.20573849,6361600.0,4492800.0,10TER,1,projects/neon-prod-earthengine/assets/HSI_REFL/001/2021_ABBY_4,2021-07-19,0.0
NA5120_E1242N0878,EPSG:32610,-122.37434228818476,45.786582014929415,548632.0205747931,5070526.053871758,6361600.0,4497920.0,10TER,1,projects/neon-prod-earthengine/assets/HSI_REFL/001/2021_ABBY_4,2021-07-19,10.126242277733011
NA5120_E1243N0876,EPSG:32610,-122.27062901279122,45.71559447172785,556765.5055805763,5062707.540308963,6366720.0,4487680.0,10TER,1,projects/neon-prod-earthengine/assets/HSI_REFL/001/2021_ABBY_4,2021-07-19,19.68954248366013
NA5120_E1243N0877,EPSG:32610,-122.2913571795035,45.758600711648256,555109.9519185104,5067471.105404847,6366720.0,4492800.0,10TER,1,projects/neon-prod-earthengine/assets/HSI_REFL/001/2021_ABBY_4,2021-07-19,0.0
NA5120_E1243N0878,EPSG:32610,-122.31212696611475,45.8016005499415,553453.615831048,5072234.385919138,6366720.0,4497920.0,10TER,1,projects/neon-prod-earthengine/assets/HSI_REFL/001/2021_ABBY_4,2021-07-19,27.318229715489988
NA5120_E1244N0877,EPSG:32610,-122.22914937317344,45.77356913199143,559931.708705443,5069178.877199959,6371840.0,4492800.0,10TER,1,projects/neon-prod-earthengine/assets/HSI_REFL/001/2021_ABBY_4,2021-07-19,54.29399367755532
NA5120_E1244N0878,EPSG:32610,-122.24987758536582,45.81658381350815,558275.2901132777,5073942.591485151,6371840.0,4497920.0,10TER,1,projects/neon-prod-earthengine/assets/HSI_REFL/001/2021_ABBY_4,2021-07-19,68.00966962127318
NA5120_E1193N1400,EPSG:32606,-147.68751781958738,65.11011685485525,467712.97994703695,7220902.702091069,6110720.0,7170560.0,06WVT,1,projects/neon-prod-earthengine/assets/HSI_REFL/001/2021_BONA_4,2021-07-13,66.26154594069033
NA5120_E1194N1399,EPSG:32606,-147.53344985070194,65.10861050910181,474946.70460497064,7220664.892561226,6115840.0,7165440.0,06WVT,1,projects/neon-prod-earthengine/assets/HSI_REFL/001/2021_BONA_4,2021-07-13,47.85286015232539
NA5120_E1194N1400,EPSG:32606,-147.60897280258578,65.14055041333378,471434.19954146934,7224256.53787991,6115840.0,7170560.0,06WVT,1,projects/neon-prod-earthengine/assets/HSI_REFL/001/2021_BONA_4,2021-07-13,0.0
NA5120_E1194N1401,EPSG:32606,-147.68469088378342,65.17244649549825,467921.0555231557,7227847.586239987,6115840.0,7175680.0,06WVT,1,projects/neon-prod-earthengine/assets/HSI_REFL/001/2021_BONA_4,2021-07-13,54.383406255064
NA5120_E1195N1398,EPSG:32606,-147.37940018637755,65.10694660633776,482180.4000283551,7220427.17308021,6120960.0,7160320.0,06WVT,1,projects/neon-prod-earthengine/assets/HSI_REFL/001/2021_BONA_4,2021-07-13,58.175336250202555
NA5120_E1195N1399,EPSG:32606,-147.45473334555072,65.138969539431,478667.90678962873,7224019.414693162,6120960.0,7165440.0,06WVT,1,projects/neon-prod-earthengine/assets/HSI_REFL/001/2021_BONA_4,2021-07-13,0.0
NA5120_E1195N1400,EPSG:32606,-147.53026163901657,65.17094886550291,475154.775890875,7227611.056272239,6120960.0,7170560.0,06WVT,1,projects/neon-prod-earthengine/assets/HSI_REFL/001/2021_BONA_4,2021-07-13,0.0
NA5120_E1195N1401,EPSG:32606,-147.60598555308084,65.20288441720609,471641.00750980125,7231202.09992658,6120960.0,7175680.0,06WVT,1,projects/neon-prod-earthengine/assets/HSI_REFL/001/2021_BONA_4,2021-07-13,0.0
NA5120_E1195N1402,EPSG:32606,-147.68190557380896,65.2347760265585,468126.60182231246,7234792.547765851,6120960.0,7180800.0,06WVT,1,projects/neon-prod-earthengine/assets/HSI_REFL/001/2021_BONA_4,2021-07-13,59.154481881754606
NA5120_E1196N1398,EPSG:32606,-147.30051310118282,65.13723092655673,485901.5896552378,7223782.384261912,6126080.0,7160320.0,06WVT,1,projects/neon-prod-earthengine/assets/HSI_REFL/001/2021_BONA_4,2021-07-13,85.05303760848602
NA5120_E1196N1399,EPSG:32606,-147.375850692515,65.16929328315958,482388.4674655619,7227374.62236559,6126080.0,7165440.0,06WVT,1,projects/neon-prod-earthengine/assets/HSI_REFL/001/2021_BONA_4,2021-07-13,14.328499369482975
NA5120_E1196N1400,EPSG:32606,-147.45138390590205,65.20131208110028,478874.709089022,7230966.259468111,6126080.0,7170560.0,06WVT,1,projects/neon-prod-earthengine/assets/HSI_REFL/001/2021_BONA_4,2021-07-13,0.0
NA5120_E1196N1401,EPSG:32606,-147.52711323135378,65.23328715280579,475360.314703607,7234557.29767973,6126080.0,7175680.0,06WVT,1,projects/neon-prod-earthengine/assets/HSI_REFL/001/2021_BONA_4,2021-07-13,6.0119915734889
NA5120_E1197N1399,EPSG:32606,-147.29680147164584,65.19958160969327,486108.38672422984,7230730.517779514,6131200.0,7165440.0,06WVT,1,projects/neon-prod-earthengine/assets/HSI_REFL/001/2021_BONA_4,2021-07-13,84.90838958534233
NA5120_E1197N1400,EPSG:32606,-147.37233918011498,65.23163992937872,482593.9992275681,7234322.149667233,6131200.0,7170560.0,06WVT,1,projects/neon-prod-earthengine/assets/HSI_REFL/001/2021_BONA_4,2021-07-13,24.62230793956927
NA5120_E1197N1401,EPSG:32606,-147.44807349228088,65.26365457139897,479078.9771964468,7237913.181697862,6131200.0,7175680.0,06WVT,1,projects/neon-prod-earthengine/assets/HSI_REFL/001/2021_BONA_4,2021-07-13,73.49726775956285
NA5120_E1198N1400,EPSG:32606,-147.29312703839196,65.26193227910507,486312.6463960579,7237678.729068957,6136320.0,7170560.0,06WVT,1,projects/neon-prod-earthengine/assets/HSI_REFL/001/2021_BONA_4,2021-07-13,97.99099967855996
NA5120_E1611N0545,EPSG:32614,-97.646057016779,33.32481560589625,626018.9207577497,3688115.077732719,8250880.0,2792960.0,14SPB,1,projects/neon-prod-earthengine/assets/HSI_REFL/001/2021_CLBJ_5,2021-06-19,14.407313997477933
NA5120_E1611N0546,EPSG:32614,-97.64614693030559,33.37097878824861,625944.0521368855,3693233.4801036874,8250880.0,2798080.0,14SPB,1,projects/neon-prod-earthengine/assets/HSI_REFL/001/2021_CLBJ_5,2021-06-19,0.0
NA5120_E1611N0547,EPSG:32614,-97.64623700223066,33.41714162662081,625869.0962642301,3698351.87999616,8250880.0,2803200.0,14SPC,1,projects/neon-prod-earthengine/assets/HSI_REFL/001/2021_CLBJ_5,2021-06-19,16.48987463837994
NA5120_E1612N0544,EPSG:32614,-97.59197636033426,33.27872114570061,631121.8757700714,3683070.8471029666,8256000.0,2787840.0,14SPB,1,projects/neon-prod-earthengine/assets/HSI_REFL/001/2021_CLBJ_5,2021-06-19,100.0
NA5120_E1612N0545,EPSG:32614,-97.59203291685546,33.32488472993673,631047.5340420781,3688189.3423776766,8256000.0,2792960.0,14SPB,1,projects/neon-prod-earthengine/assets/HSI_REFL/001/2021_CLBJ_5,2021-06-19,10.687263556116015
NA5120_E1612N0546,EPSG:32614,-97.59208957295374,33.37104797051992,630973.1039415916,3693307.8351263576,8256000.0,2798080.0,14SPB,1,projects/neon-prod-earthengine/assets/HSI_REFL/001/2021_CLBJ_5,2021-06-19,0.0
NA5120_E1612N0547,EPSG:32614,-97.59214632886192,33.41721086721488,630898.5855174839,3698426.325347452,8256000.0,2803200.0,14SPC,1,projects/neon-prod-earthengine/assets/HSI_REFL/001/2021_CLBJ_5,2021-06-19,16.078184110970998
NA5120_E1613N0547,EPSG:32614,-97.5380555783662,33.41724868555554,635928.1691819441,3698499.9040197395,8261120.0,2803200.0,14SPC,1,projects/neon-prod-earthengine/assets/HSI_REFL/001/2021_CLBJ_5,2021-06-19,68.2219419924338
NA5120_E1493N0713,EPSG:32613,-104.78849175274233,40.810329814649414,517839.067942579,4517723.73908467,7646720.0,3653120.0,13TEF,1,projects/neon-prod-earthengine/assets/HSI_REFL/001/2021_CPER_8,2021-05-25,38.610149942329876
NA5120_E1493N0714,EPSG:32613,-104.79391578098532,40.85617843142088,517369.6235606626,4522812.13811165,7646720.0,3658240.0,13TEF,1,projects/neon-prod-earthengine/assets/HSI_REFL/001/2021_CPER_8,2021-05-25,50.93325791855203
NA5120_E1494N0712,EPSG:32613,-104.72307856987528,40.76883794517117,523370.7071397633,4513133.277586621,7651840.0,3648000.0,13TEF,1,projects/neon-prod-earthengine/assets/HSI_REFL/001/2021_CPER_8,2021-05-25,52.94117647058824
NA5120_E1494N0713,EPSG:32613,-104.7284481647661,40.814691553231434,522901.7805693787,4518221.870780458,7651840.0,3653120.0,13TEF,1,projects/neon-prod-earthengine/assets/HSI_REFL/001/2021_CPER_8,2021-05-25,0.0
NA5120_E1494N0714,EPSG:32613,-104.73382825283086,40.86054433358505,522432.57881444955,4523310.436971391,7651840.0,3658240.0,13TEF,1,projects/neon-prod-earthengine/assets/HSI_REFL/001/2021_CPER_8,2021-05-25,7.468281430219147
NA5120_E1495N0713,EPSG:32613,-104.66839616988777,40.81901739830962,527964.557512946,4518719.490484142,7656960.0,3653120.0,13TEF,1,projects/neon-prod-earthengine/assets/HSI_REFL/001/2021_CPER_8,2021-05-25,56.77494878548435
NA5120_E1495N0714,EPSG:32613,-104.67373229324859,40.86487430869376,527495.5979018629,4523808.2259263415,7656960.0,3658240.0,13TEF,1,projects/neon-prod-earthengine/assets/HSI_REFL/001/2021_CPER_8,2021-05-25,52.06321334503951
NA5120_E1162N1389,EPSG:32606,-149.22547289199025,63.80974340496802,390424.5845982054,7077723.536591181,5952000.0,7114240.0,05VPL,1,projects/neon-prod-earthengine/assets/HSI_REFL/001/2021_HEAL_4,2021-07-12,62.30561189993239
NA5120_E1162N1390,EPSG:32606,-149.29884528579254,63.84089163542019,386938.10313377663,7081320.694579154,5952000.0,7119360.0,05VPL,1,projects/neon-prod-earthengine/assets/HSI_REFL/001/2021_HEAL_4,2021-07-12,24.84228473998295
NA5120_E1163N1388,EPSG:32606,-149.07849670371294,63.809560907925025,397658.5697729272,7077459.263931416,5957120.0,7109120.0,05VPL,1,projects/neon-prod-earthengine/assets/HSI_REFL/001/2021_HEAL_4,2021-07-12,94.44160272804774
NA5120_E1163N1389,EPSG:32606,-149.1517058577438,63.84078990188783,394172.1868049224,7081057.040619653,5957120.0,7114240.0,05VPL,1,projects/neon-prod-earthengine/assets/HSI_REFL/001/2021_HEAL_4,2021-07-12,11.967545638945234
NA5120_E1163N1390,EPSG:32606,-149.2250908889932,63.87197552606756,390685.11775810155,7084654.227494199,5957120.0,7119360.0,05VPL,1,projects/neon-prod-earthengine/assets/HSI_REFL/001/2021_HEAL_4,2021-07-12,0.0
NA5120_E1163N1391,EPSG:32606,-149.29865218107125,63.90311762628541,387197.3628169739,7088250.826622903,5957120.0,7124480.0,05VPL,1,projects/neon-prod-earthengine/assets/HSI_REFL/001/2021_HEAL_4,2021-07-12,21.21365787694388
NA5120_E1164N1389,EPSG:32606,-149.0777892905076,63.871804527057776,397919.16001855955,7084391.166532832,5962240.0,7114240.0,05VPL,1,projects/neon-prod-earthengine/assets/HSI_REFL/001/2021_HEAL_4,2021-07-12,71.27024722932651
NA5120_E1164N1390,EPSG:32606,-149.15118662590893,63.903027594880264,394431.5017316815,7087988.381597155,5962240.0,7119360.0,05VPL,1,projects/neon-prod-earthengine/assets/HSI_REFL/001/2021_HEAL_4,2021-07-12,4.783637592968222
NA5120_E1164N1391,EPSG:32606,-149.22476067050223,63.9342071763335,390943.1589911946,7091585.007940593,5962240.0,7124480.0,05VPL,1,projects/neon-prod-earthengine/assets/HSI_REFL/001/2021_HEAL_4,2021-07-12,21.3657876943881
NA5120_E1165N1390,EPSG:32606,-149.07713211019774,63.93404772689991,398177.2552100974,7091323.159111867,5967360.0,7119360.0,05VPL,1,projects/neon-prod-earthengine/assets/HSI_REFL/001/2021_HEAL_4,2021-07-12,84.31697612732096
NA5120_E1859N0518,EPSG:32616,-84.56417016863521,31.163221180903186,732174.7837402285,3450246.011093938,9520640.0,2654720.0,16RGV,1,projects/neon-prod-earthengine/assets/HSI_REFL/001/2021_JERC_6,2021-09-05,100.0
NA5120_E1859N0519,EPSG:32616,-84.55664702049577,31.208648851157026,732780.7755203196,3455298.6362213045,9520640.0,2659840.0,16RGV,1,projects/neon-prod-earthengine/assets/HSI_REFL/001/2021_JERC_6,2021-09-05,100.0
NA5120_E1859N0520,EPSG:32616,-84.54911117176145,31.25407506531401,733387.1489204849,3460351.2311058845,9520640.0,2664960.0,16RGV,1,projects/neon-prod-earthengine/assets/HSI_REFL/001/2021_JERC_6,2021-09-05,32.17079530638853
NA5120_E1859N0521,EPSG:32616,-84.54156259480355,31.299499820480666,733993.9035933707,3465403.7958233356,9520640.0,2670080.0,16RGV,1,projects/neon-prod-earthengine/assets/HSI_REFL/001/2021_JERC_6,2021-09-05,0.0
NA5120_E1860N0518,EPSG:32616,-84.51224758072561,31.155805696698273,737143.7866837252,3449533.94532818,9525760.0,2654720.0,16RGV,1,projects/neon-prod-earthengine/assets/HSI_REFL/001/2021_JERC_6,2021-09-05,55.26753074111001
NA5120_E1860N0519,EPSG:32616,-84.50469582267925,31.201227422216203,737750.243509446,3454586.3951119063,9525760.0,2659840.0,16RGV,1,projects/neon-prod-earthengine/assets/HSI_REFL/001/2021_JERC_6,2021-09-05,6.25
NA5120_E1860N0520,EPSG:32616,-84.49713131854219,31.246647682934473,738357.0810065159,3459638.8151043216,9525760.0,2664960.0,16RGV,1,projects/neon-prod-earthengine/assets/HSI_REFL/001/2021_JERC_6,2021-09-05,0.0
NA5120_E1860N0521,EPSG:32616,-84.48955404059728,31.292066475939787,738964.2988275888,3464691.205381583,9525760.0,2670080.0,16RGV,1,projects/neon-prod-earthengine/assets/HSI_REFL/001/2021_JERC_6,2021-09-05,0.0
NA5120_E1860N0522,EPSG:32616,-84.48196396104193,31.33748379831168,739571.8966250423,3469743.56602004,9525760.0,2675200.0,16RGV,1,projects/neon-prod-earthengine/assets/HSI_REFL/001/2021_JERC_6,2021-09-05,61.96078431372549
NA5120_E1861N0518,EPSG:32616,-84.46033464285645,31.14836103043222,742112.8039097404,3448820.9210052374,9530880.0,2654720.0,16RGV,1,projects/neon-prod-earthengine/assets/HSI_REFL/001/2021_JERC_6,2021-09-05,59.673202614379086
NA5120_E1861N0519,EPSG:32616,-84.4527542989953,31.19377678925561,742719.7264175967,3453873.1973528373,9530880.0,2659840.0,16RGV,1,projects/neon-prod-earthengine/assets/HSI_REFL/001/2021_JERC_6,2021-09-05,0.0
NA5120_E1861N0520,EPSG:32616,-84.44516116361943,31.239191074548014,743327.0286486651,3458925.4443611503,9530880.0,2664960.0,16RGV,1,projects/neon-prod-earthengine/assets/HSI_REFL/001/2021_JERC_6,2021-09-05,0.0
NA5120_E1861N0521,EPSG:32616,-84.43755520892354,31.28460388337626,743934.7102556005,3463977.6621068376,9530880.0,2670080.0,16RGV,1,projects/neon-prod-earthengine/assets/HSI_REFL/001/2021_JERC_6,2021-09-05,0.0
NA5120_E1861N0522,EPSG:32616,-84.42993640701664,31.33001521279992,744542.770890791,3469029.8506667456,9530880.0,2675200.0,16RGV,1,projects/neon-prod-earthengine/assets/HSI_REFL/001/2021_JERC_6,2021-09-05,49.052287581699346
NA5120_E1862N0518,EPSG:32616,-84.40843138884186,31.140887193759276,747081.8382173231,3448106.9372248375,9536000.0,2654720.0,16RGV,1,projects/neon-prod-earthengine/assets/HSI_REFL/001/2021_JERC_6,2021-09-05,84.74358974358974
NA5120_E1862N0519,EPSG:32616,-84.4008224833355,31.186296963955183,747689.2270452842,3453159.0420432617,9536000.0,2659840.0,16RGV,1,projects/neon-prod-earthengine/assets/HSI_REFL/001/2021_JERC_6,2021-09-05,5.3506148222000665
NA5120_E1862N0520,EPSG:32616,-84.39320074096231,31.23170525186033,748296.9946489134,3458211.1179749803,9536000.0,2664960.0,16RGV,1,projects/neon-prod-earthengine/assets/HSI_REFL/001/2021_JERC_6,2021-09-05,0.0
NA5120_E1862N0521,EPSG:32616,-84.38556613382916,31.277112054521602,748905.1406808643,3463263.165097153,9536000.0,2670080.0,16RGV,1,projects/neon-prod-earthengine/assets/HSI_REFL/001/2021_JERC_6,2021-09-05,63.07743436357593
NA5120_E1862N0522,EPSG:32616,-84.377918633957,31.32251736897855,749513.664793526,3468315.183487121,9536000.0,2675200.0,16RGV,1,projects/neon-prod-earthengine/assets/HSI_REFL/001/2021_JERC_6,2021-09-05,99.71153846153847
NA5120_E1437N0538,EPSG:32613,-106.96520394227089,32.5170605023252,315409.8383105557,3599452.402034796,7360000.0,2757120.0,13SCS,1,projects/neon-prod-earthengine/assets/HSI_REFL/001/2021_JORN_4,2021-08-26,100.0
NA5120_E1437N0539,EPSG:32613,-106.97090418868498,32.56282321657088,314968.25157471723,3604536.4541087477,7360000.0,2762240.0,13SCS,1,projects/neon-prod-earthengine/assets/HSI_REFL/001/2021_JORN_4,2021-08-26,100.0
NA5120_E1437N0540,EPSG:32613,-106.97661428786306,32.60858496518419,314526.39987373917,3609620.4923536936,7360000.0,2767360.0,13SCS,1,projects/neon-prod-earthengine/assets/HSI_REFL/001/2021_JORN_4,2021-08-26,81.83006535947712
NA5120_E1437N0541,EPSG:32613,-106.98233426214115,32.654345746412766,314084.2834675836,3614704.5168119213,7360000.0,2772480.0,13SCS,1,projects/neon-prod-earthengine/assets/HSI_REFL/001/2021_JORN_4,2021-08-26,62.58169934640523
NA5120_E1438N0538,EPSG:32613,-106.91208494364994,32.52250734694141,320410.90454514476,3599965.537034456,7365120.0,2757120.0,13SCS,1,projects/neon-prod-earthengine/assets/HSI_REFL/001/2021_JORN_4,2021-08-26,99.23076923076923
NA5120_E1438N0539,EPSG:32613,-106.91775408687705,32.56827455322377,319969.7657398542,3605049.7042309605,7365120.0,2762240.0,13SCS,1,projects/neon-prod-earthengine/assets/HSI_REFL/001/2021_JORN_4,2021-08-26,100.0
NA5120_E1438N0540,EPSG:32613,-106.92343303075026,32.614040800730415,319528.36096329964,3610133.8572596153,7365120.0,2767360.0,13SCS,1,projects/neon-prod-earthengine/assets/HSI_REFL/001/2021_JORN_4,2021-08-26,47.412407585985214
NA5120_E1438N0541,EPSG:32613,-106.92912179749374,32.65980608772537,319086.6904753739,3615217.996162359,7365120.0,2772480.0,13SCS,1,projects/neon-prod-earthengine/assets/HSI_REFL/001/2021_JORN_4,2021-08-26,0.0
NA5120_E1438N0542,EPSG:32613,-106.934820409403,32.70557041246887,318644.75453615247,3620302.1209812304,7365120.0,2777600.0,13SCS,1,projects/neon-prod-earthengine/assets/HSI_REFL/001/2021_JORN_4,2021-08-26,3.310832529733205
NA5120_E1439N0538,EPSG:32613,-106.8589584526404,32.527923814862426,325411.94876679697,3600477.7674043993,7370240.0,2757120.0,13SCS,1,projects/neon-prod-earthengine/assets/HSI_REFL/001/2021_JORN_4,2021-08-26,68.97435897435898
NA5120_E1439N0539,EPSG:32613,-106.86459647343686,32.57369548893741,324971.25742027094,3605562.0517127593,7370240.0,2762240.0,13SCS,1,projects/neon-prod-earthengine/assets/HSI_REFL/001/2021_JORN_4,2021-08-26,7.435897435897436
NA5120_E1439N0540,EPSG:32613,-106.87024424270157,32.61946621105844,324530.2990959557,3610646.3215150214,7370240.0,2767360.0,13SCS,1,projects/neon-prod-earthengine/assets/HSI_REFL/001/2021_JORN_4,2021-08-26,7.39312118289939
NA5120_E1439N0541,EPSG:32613,-106.87590178254669,32.665235979505766,324089.0740536583,3615730.576852759,7370240.0,2772480.0,13SCS,1,projects/neon-prod-earthengine/assets/HSI_REFL/001/2021_JORN_4,2021-08-26,0.0
NA5120_E1439N0542,EPSG:32613,-106.88156911515526,32.71100479255598,323647.5825533848,3620814.8177676573,7370240.0,2777600.0,13SCS,1,projects/neon-prod-earthengine/assets/HSI_REFL/001/2021_JORN_4,2021-08-26,12.712418300653594
NA5120_E1440N0538,EPSG:32613,-106.80582450883517,32.53330989709124,330412.97388211807,3600989.0938009913,7375360.0,2757120.0,13SCS,1,projects/neon-prod-earthengine/assets/HSI_REFL/001/2021_JORN_4,2021-08-26,33.32282471626734
NA5120_E1440N0539,EPSG:32613,-106.81143138805477,32.57908601469409,329972.72952402325,3606073.497210891,7375360.0,2762240.0,13SCS,1,projects/neon-prod-earthengine/assets/HSI_REFL/001/2021_JORN_4,2021-08-26,0.0
NA5120_E1440N0540,EPSG:32613,-106.81704796350522,32.624861187129696,329532.2171811937,3611157.8857770227,7375360.0,2767360.0,13SCS,1,projects/neon-prod-earthengine/assets/HSI_REFL/001/2021_JORN_4,2021-08-26,0.0
NA5120_E1440N0541,EPSG:32613,-106.82267425718628,32.67063541269458,329091.43711336795,3616242.259540613,7375360.0,2772480.0,13SCS,1,projects/neon-prod-earthengine/assets/HSI_REFL/001/2021_JORN_4,2021-08-26,6.782385085181613
NA5120_E1440N0542,EPSG:32613,-106.8283102911683,32.71640868968151,328650.3895804804,3621326.618542979,7375360.0,2777600.0,13SCS,1,projects/neon-prod-earthengine/assets/HSI_REFL/001/2021_JORN_4,2021-08-26,68.2738669238187
NA5120_E1441N0538,EPSG:32613,-106.75268315187775,32.538665584678135,335413.9827979796,3601499.516877983,7380480.0,2757120.0,13SCS,1,projects/neon-prod-earthengine/assets/HSI_REFL/001/2021_JORN_4,2021-08-26,42.27616645649432
NA5120_E1441N0539,EPSG:32613,-106.75825887047196,32.58444612152336,334974.18495942245,3606584.04137947,7380480.0,2762240.0,13SCS,1,projects/neon-prod-earthengine/assets/HSI_REFL/001/2021_JORN_4,2021-08-26,14.207650273224044
NA5120_E1441N0540,EPSG:32613,-106.76384423300026,32.630225719953074,334534.1181287721,3611668.5507001188,7380480.0,2767360.0,13SCS,1,projects/neon-prod-earthengine/assets/HSI_REFL/001/2021_JORN_4,2021-08-26,7.745098039215686
NA5120_E1441N0541,EPSG:32613,-106.76943926134982,32.67600437827989,334093.7825656916,3616753.04488079,7380480.0,2772480.0,13SCS,1,projects/neon-prod-earthengine/assets/HSI_REFL/001/2021_JORN_4,2021-08-26,86.66666666666667
NA5120_E1441N0542,EPSG:32613,-106.77504397747806,32.72178209481272,333653.1785300558,3621837.5239624386,7380480.0,2777600.0,13SCS,1,projects/neon-prod-earthengine/assets/HSI_REFL/001/2021_JORN_4,2021-08-26,100.0
NA5120_E1235N0845,EPSG:32610,-122.13423299517589,44.26202548406616,569105.9636116428,4901340.521952516,6325760.0,4328960.0,10TEQ,1,projects/neon-prod-earthengine/assets/HSI_REFL/001/2021_MCRA_2,2021-07-22,54.37724385528859
NA5120_E1584N0588,EPSG:32614,-99.14859238303961,35.295282817705726,486489.5845933607,3905799.727854054,8112640.0,3013120.0,14SME,1,projects/neon-prod-earthengine/assets/HSI_REFL/001/2021_OAES_5,2021-06-22,68.0672268907563
NA5120_E1584N0589,EPSG:32614,-99.14965834509333,35.34141862450361,486400.39076451847,3910916.434408161,8112640.0,3018240.0,14SME,1,projects/neon-prod-earthengine/assets/HSI_REFL/001/2021_OAES_5,2021-06-22,54.59057071960298
NA5120_E1584N0590,EPSG:32614,-99.15072623350052,35.38755405773771,486311.14088590926,3916033.140110683,8112640.0,3023360.0,14SME,1,projects/neon-prod-earthengine/assets/HSI_REFL/001/2021_OAES_5,2021-06-22,56.29348513598988
NA5120_E1584N0591,EPSG:32614,-99.15179605295856,35.43368911716061,486221.8350125241,3921149.844963151,8112640.0,3028480.0,14SME,1,projects/neon-prod-earthengine/assets/HSI_REFL/001/2021_OAES_5,2021-06-22,69.6078431372549
NA5120_E1585N0588,EPSG:32614,-99.09310495641027,35.29623298904202,491534.7501461447,3905898.9551128834,8117760.0,3013120.0,14SME,1,projects/neon-prod-earthengine/assets/HSI_REFL/001/2021_OAES_5,2021-06-22,28.969006957621758
NA5120_E1585N0589,EPSG:32614,-99.09413506984633,35.342369622175006,491445.95064299594,3911015.693259932,8117760.0,3018240.0,14SME,1,projects/neon-prod-earthengine/assets/HSI_REFL/001/2021_OAES_5,2021-06-22,0.0
NA5120_E1585N0590,EPSG:32614,-99.09516704491071,35.38850588309924,491357.0940160986,3916132.4304857138,8117760.0,3023360.0,14SME,1,projects/neon-prod-earthengine/assets/HSI_REFL/001/2021_OAES_5,2021-06-22,0.0
NA5120_E1585N0591,EPSG:32614,-99.09620088614314,35.43464177157071,491268.18032031157,3921249.1667916733,8117760.0,3028480.0,14SME,1,projects/neon-prod-earthengine/assets/HSI_REFL/001/2021_OAES_5,2021-06-22,30.81232492997199
NA5120_E1586N0588,EPSG:32614,-99.03761608189483,35.29715064050322,496579.925383827,3905997.3987511843,8122880.0,3013120.0,14SME,1,projects/neon-prod-earthengine/assets/HSI_REFL/001/2021_OAES_5,2021-06-22,40.7337128399747
NA5120_E1586N0589,EPSG:32614,-99.03861034280473,35.34328807171604,496491.5201146442,3911114.1705841483,8122880.0,3018240.0,14SME,1,projects/neon-prod-earthengine/assets/HSI_REFL/001/2021_OAES_5,2021-06-22,14.547146401985112
NA5120_E1586N0590,EPSG:32614,-99.03960640060473,35.38942513202884,496403.05664763093,3916230.941426726,8122880.0,3023360.0,14SME,1,projects/neon-prod-earthengine/assets/HSI_REFL/001/2021_OAES_5,2021-06-22,12.480547774665423
NA5120_E1586N0591,EPSG:32614,-99.04060425967685,35.43556182120101,496314.5350375184,3921347.711280292,8122880.0,3028480.0,14SME,1,projects/neon-prod-earthengine/assets/HSI_REFL/001/2021_OAES_5,2021-06-22,38.81107998755058
NA5120_E1911N0494,EPSG:32617,-82.08876738088857,29.65645519331962,394627.8440820799,3281214.2122525317,9786880.0,2531840.0,17RLN,1,projects/neon-prod-earthengine/assets/HSI_REFL/001/2021_OSBS_6,2021-08-31,69.25888999667663
NA5120_E1911N0495,EPSG:32617,-82.08014000891708,29.701590709800623,395509.5545246133,3286207.985184914,9786880.0,2536960.0,17RLN,1,projects/neon-prod-earthengine/assets/HSI_REFL/001/2021_OSBS_6,2021-08-31,34.88843813387424
NA5120_E1911N0496,EPSG:32617,-82.07149840645081,29.746724374356983,396391.9560525717,3291201.6207733853,9786880.0,2542080.0,17RLN,1,projects/neon-prod-earthengine/assets/HSI_REFL/001/2021_OSBS_6,2021-08-31,96.9361147327249
NA5120_E1912N0493,EPSG:32617,-82.04667141678675,29.602574252645827,398648.2480664607,3275206.016991814,9792000.0,2526720.0,17RLN,1,projects/neon-prod-earthengine/assets/HSI_REFL/001/2021_OSBS_6,2021-08-31,82.28532792427316
NA5120_E1912N0494,EPSG:32617,-82.0380320007597,29.64770481132511,399529.6633595402,3280199.4680116526,9792000.0,2531840.0,17RLN,1,projects/neon-prod-earthengine/assets/HSI_REFL/001/2021_OSBS_6,2021-08-31,20.837487537387837
NA5120_E1912N0495,EPSG:32617,-82.02937834406484,29.692833512283634,400411.7693653469,3285192.7822099244,9792000.0,2536960.0,17RLN,1,projects/neon-prod-earthengine/assets/HSI_REFL/001/2021_OSBS_6,2021-08-31,0.0
NA5120_E1912N0496,EPSG:32617,-82.02071041706881,29.737960351753777,401294.5655677327,3290185.959677189,9792000.0,2542080.0,17RLN,1,projects/neon-prod-earthengine/assets/HSI_REFL/001/2021_OSBS_6,2021-08-31,51.69033130493577
NA5120_E1913N0494,EPSG:32617,-81.98730730056577,29.63892638994838,404431.2340163172,3279183.7949529234,9797120.0,2531840.0,17RLN,1,projects/neon-prod-earthengine/assets/HSI_REFL/001/2021_OSBS_6,2021-08-31,3.617992177314211
NA5120_E1913N0495,EPSG:32617,-81.97862738510207,29.684048255427275,405313.7363951855,3284176.6522160387,9797120.0,2536960.0,17RLN,1,projects/neon-prod-earthengine/assets/HSI_REFL/001/2021_OSBS_6,2021-08-31,0.0
NA5120_E1913N0496,EPSG:32617,-81.96993315960475,29.72916824983061,406196.9280829108,3289169.3733612294,9797120.0,2542080.0,17RLN,1,projects/neon-prod-earthengine/assets/HSI_REFL/001/2021_OSBS_6,2021-08-31,8.873379860418744
NA5120_E1914N0494,EPSG:32617,-81.93659330921825,29.630119942133515,409332.5586894684,3278167.191971731,9802240.0,2531840.0,17RMN,1,projects/neon-prod-earthengine/assets/HSI_REFL/001/2021_OSBS_6,2021-08-31,66.36245110821382
NA5120_E1914N0495,EPSG:32617,-81.92788716100185,29.67523495220287,410215.4582522965,3283159.5940973717,9802240.0,2536960.0,17RMN,1,projects/neon-prod-earthengine/assets/HSI_REFL/001/2021_OSBS_6,2021-08-31,28.913260219341975
NA5120_E1914N0496,EPSG:32617,-81.91916666309355,29.720348081586227,411099.04623737105,3288151.860718351,9802240.0,2542080.0,17RMN,1,projects/neon-prod-earthengine/assets/HSI_REFL/001/2021_OSBS_6,2021-08-31,72.8870858688303
NA5120_E1914N0497,EPSG:32617,-81.91043178563339,29.765459326464754,411983.32212890463,3293143.9919273956,9802240.0,2547200.0,17RMN,1,projects/neon-prod-earthengine/assets/HSI_REFL/001/2021_OSBS_6,2021-08-31,99.93353273512795
NA5120_E1967N0713,EPSG:32618,-76.604427354505,38.85036714283653,360773.7575502021,4301394.857520564,10073600.0,3653120.0,18SUJ,1,projects/neon-prod-earthengine/assets/HSI_REFL/001/2021_SERC_5,2021-08-11,35.0
NA5120_E1967N0714,EPSG:32618,-76.58979840081254,38.89441484549036,362128.4205379884,4306260.971004153,10073600.0,3658240.0,18SUJ,1,projects/neon-prod-earthengine/assets/HSI_REFL/001/2021_SERC_5,2021-08-11,0.0
NA5120_E1967N0715,EPSG:32618,-76.57514286137894,38.9384586310417,363483.8913353175,4311126.832876539,10073600.0,3663360.0,18SUJ,1,projects/neon-prod-earthengine/assets/HSI_REFL/001/2021_SERC_5,2021-08-11,47.261072261072265
NA5120_E1968N0713,EPSG:32618,-76.54796366200641,38.83803766420568,365650.5366652569,4299941.992729073,10078720.0,3653120.0,18SUJ,1,projects/neon-prod-earthengine/assets/HSI_REFL/001/2021_SERC_5,2021-08-11,48.205128205128204
NA5120_E1968N0714,EPSG:32618,-76.53330071961338,38.88207446266876,367005.29138756974,4304807.5963218,10078720.0,3658240.0,18SUJ,1,projects/neon-prod-earthengine/assets/HSI_REFL/001/2021_SERC_5,2021-08-11,0.0
NA5120_E1968N0715,EPSG:32618,-76.51861114167377,38.926107326548376,368360.8532672991,4309672.94928626,10078720.0,3663360.0,18SUJ,1,projects/neon-prod-earthengine/assets/HSI_REFL/001/2021_SERC_5,2021-08-11,37.58169934640523
NA5120_E1227N0682,EPSG:32611,-119.79609879841762,37.065421923051495,251400.21015018882,4105787.665914649,6284800.0,3494400.0,10SGG,1,projects/neon-prod-earthengine/assets/HSI_REFL/001/2021_SJER_5,2021-03-31,51.80288461538461
NA5120_E1228N0681,EPSG:32611,-119.72647567636365,37.034595916346916,257493.52190327135,4102186.950815264,6289920.0,3489280.0,10SGG,1,projects/neon-prod-earthengine/assets/HSI_REFL/001/2021_SJER_5,2021-03-31,51.40931372549019
NA5120_E1228N0682,EPSG:32611,-119.741311983188,37.07841723162655,256313.93843769428,4107087.735670382,6289920.0,3494400.0,10SGG,1,projects/neon-prod-earthengine/assets/HSI_REFL/001/2021_SJER_5,2021-03-31,0.0
NA5120_E1228N0683,EPSG:32611,-119.75617436964487,37.122234376699744,255133.685255449,4111988.3925380283,6289920.0,3499520.0,10SGG,1,projects/neon-prod-earthengine/assets/HSI_REFL/001/2021_SJER_5,2021-03-31,1.4093137254901962
NA5120_E1229N0681,EPSG:32611,-119.67169918454964,37.04754982882335,262407.01299459615,4103486.0453842487,6295040.0,3489280.0,10SGG,1,projects/neon-prod-earthengine/assets/HSI_REFL/001/2021_SJER_5,2021-03-31,57.720588235294116
NA5120_E1229N0682,EPSG:32611,-119.68650466624634,37.091382183964,261227.67759886372,4108387.168000032,6295040.0,3494400.0,10SGG,1,projects/neon-prod-earthengine/assets/HSI_REFL/001/2021_SJER_5,2021-03-31,25.330528846153843
NA5120_E1229N0683,EPSG:32611,-119.70133618511441,37.13521038575766,260047.67179093286,4113288.161779324,6295040.0,3499520.0,10SGG,1,projects/neon-prod-earthengine/assets/HSI_REFL/001/2021_SJER_5,2021-03-31,27.113970588235293
NA5120_E1235N0678,EPSG:32611,-119.29890833804365,36.99291626233064,295417.91993752646,4096556.9196296535,6325760.0,3473920.0,11SKA,1,projects/neon-prod-earthengine/assets/HSI_REFL/001/2021_SOAP_5,2021-07-12,28.186274509803923
NA5120_E1235N0679,EPSG:32611,-119.31345079845264,37.0368265224638,294242.0763906385,4101460.507276549,6325760.0,3479040.0,11SKB,1,projects/neon-prod-earthengine/assets/HSI_REFL/001/2021_SOAP_5,2021-07-12,23.713235294117645
NA5120_E1235N0680,EPSG:32611,-119.32801885902032,37.080732758014534,293065.5563261145,4106363.960197665,6325760.0,3484160.0,11SKB,1,projects/neon-prod-earthengine/assets/HSI_REFL/001/2021_SOAP_5,2021-07-12,61.71875
NA5120_E1236N0678,EPSG:32611,-119.2440829000528,37.00562459592333,300330.8451279858,4097850.5304439072,6330880.0,3473920.0,11SKB,1,projects/neon-prod-earthengine/assets/HSI_REFL/001/2021_SOAP_5,2021-07-12,0.0
NA5120_E1236N0679,EPSG:32611,-119.25859430233899,37.04954570017534,299155.24369540846,4102754.4700977015,6330880.0,3479040.0,11SKB,1,projects/neon-prod-earthengine/assets/HSI_REFL/001/2021_SOAP_5,2021-07-12,0.0
NA5120_E1236N0680,EPSG:32611,-119.27313126138687,37.09346279646379,297978.9650420021,4107658.2741783834,6330880.0,3484160.0,11SKB,1,projects/neon-prod-earthengine/assets/HSI_REFL/001/2021_SOAP_5,2021-07-12,11.366421568627452
NA5120_E1237N0677,EPSG:32611,-119.17478258548331,36.97436656278276,306418.48887938564,4094239.0794938537,6336000.0,3468800.0,11SKA,1,projects/neon-prod-earthengine/assets/HSI_REFL/001/2021_SOAP_5,2021-07-12,96.96691176470588
NA5120_E1237N0678,EPSG:32611,-119.18923742435895,37.018302472342036,305243.8069778315,4099143.5095124585,6336000.0,3473920.0,11SKB,1,projects/neon-prod-earthengine/assets/HSI_REFL/001/2021_SOAP_5,2021-07-12,32.87377450980392
NA5120_E1237N0679,EPSG:32611,-119.20371771729198,37.0622343997353,304068.4465129827,4104047.802848522,6336000.0,3479040.0,11SKB,1,projects/neon-prod-earthengine/assets/HSI_REFL/001/2021_SOAP_5,2021-07-12,0.0
NA5120_E1237N0680,EPSG:32611,-119.2182235234326,37.106162335764985,302892.4081232314,4108951.959764077,6336000.0,3484160.0,11SKB,1,projects/neon-prod-earthengine/assets/HSI_REFL/001/2021_SOAP_5,2021-07-12,34.86519607843137
NA5120_E1238N0680,EPSG:32611,-119.16329567792747,37.118831353051874,307805.8882205107,4110245.018492924,6341120.0,3484160.0,11SLB,1,projects/neon-prod-earthengine/assets/HSI_REFL/001/2021_SOAP_5,2021-07-12,88.81740196078431
NA5120_E1360N0532,EPSG:32612,-110.98192716730446,31.73510840195861,501711.96518590656,3511075.2131336257,6965760.0,2726400.0,12SVA,1,projects/neon-prod-earthengine/assets/HSI_REFL/001/2021_SRER_4,2021-08-23,100.0
NA5120_E1361N0532,EPSG:32612,-110.92967472019126,31.74282607563307,506661.07319567853,3511932.632537056,6970880.0,2726400.0,12SVA,1,projects/neon-prod-earthengine/assets/HSI_REFL/001/2021_SRER_4,2021-08-23,63.044871794871796
NA5120_E1361N0533,EPSG:32612,-110.93759431725105,31.788187615835874,505908.06136762694,3516959.975530469,6970880.0,2731520.0,12SVA,1,projects/neon-prod-earthengine/assets/HSI_REFL/001/2021_SRER_4,2021-08-23,3.823529411764706
NA5120_E1361N0534,EPSG:32612,-110.94552735409772,31.833547591521924,505154.50640777504,3521987.2342470107,6970880.0,2736640.0,12SVA,1,projects/neon-prod-earthengine/assets/HSI_REFL/001/2021_SRER_4,2021-08-23,0.0
NA5120_E1361N0535,EPSG:32612,-110.9534738602556,31.87890599954066,504400.4087589402,3527014.4087705817,6970880.0,2741760.0,12SVA,1,projects/neon-prod-earthengine/assets/HSI_REFL/001/2021_SRER_4,2021-08-23,69.64052287581698
NA5120_E1361N0536,EPSG:32612,-110.96143386534057,31.924262836733515,503645.76886425953,3532041.499185429,6970880.0,2746880.0,12SVA,1,projects/neon-prod-earthengine/assets/HSI_REFL/001/2021_SRER_4,2021-08-23,100.0
NA5120_E1362N0532,EPSG:32612,-110.87741205652863,31.75051433493746,511610.3340084088,3512789.1693388447,6976000.0,2726400.0,12SWA,1,projects/neon-prod-earthengine/assets/HSI_REFL/001/2021_SRER_4,2021-08-23,0.0
NA5120_E1362N0533,EPSG:32612,-110.88530256095152,31.795882086357963,510857.7214534506,3517816.85284724,6976000.0,2731520.0,12SWA,1,projects/neon-prod-earthengine/assets/HSI_REFL/001/2021_SRER_4,2021-08-23,0.0
NA5120_E1362N0534,EPSG:32612,-110.89320645889448,31.84124828243387,510104.56483958464,3522844.4515345558,6976000.0,2736640.0,12SWA,1,projects/neon-prod-earthengine/assets/HSI_REFL/001/2021_SRER_4,2021-08-23,0.0
NA5120_E1362N0535,EPSG:32612,-110.90112377979189,31.886612920035653,509350.864609819,3527871.965484011,6976000.0,2741760.0,12SWA,1,projects/neon-prod-earthengine/assets/HSI_REFL/001/2021_SRER_4,2021-08-23,0.0
NA5120_E1362N0536,EPSG:32612,-110.9090545531695,31.931975996025816,508596.62120749324,3532899.3947791783,6976000.0,2746880.0,12SWA,1,projects/neon-prod-earthengine/assets/HSI_REFL/001/2021_SRER_4,2021-08-23,46.99346405228758
NA5120_E1363N0531,EPSG:32612,-110.81729114257173,31.71279768410844,517311.4189657469,3508616.7131716507,6981120.0,2721280.0,12SWA,1,projects/neon-prod-earthengine/assets/HSI_REFL/001/2021_SRER_4,2021-08-23,68.39869281045752
NA5120_E1363N0532,EPSG:32612,-110.82513921088189,31.7581731676299,516559.7503898245,3513644.8245201884,6981120.0,2726400.0,12SWA,1,projects/neon-prod-earthengine/assets/HSI_REFL/001/2021_SRER_4,2021-08-23,0.1282051282051282
NA5120_E1363N0533,EPSG:32612,-110.8330005971151,31.803547108050758,515807.5363841208,3518672.8504215693,6981120.0,2731520.0,12SWA,1,projects/neon-prod-earthengine/assets/HSI_REFL/001/2021_SRER_4,2021-08-23,0.0
NA5120_E1363N0534,EPSG:32612,-110.8408753305248,31.84891950227035,515054.7773915216,3523700.790957985,6981120.0,2736640.0,12SWA,1,projects/neon-prod-earthengine/assets/HSI_REFL/001/2021_SRER_4,2021-08-23,0.0
NA5120_E1363N0535,EPSG:32612,-110.84876344045517,31.89429034718008,514301.4738552236,3528728.646211973,6981120.0,2741760.0,12SWA,1,projects/neon-prod-earthengine/assets/HSI_REFL/001/2021_SRER_4,2021-08-23,0.0
NA5120_E1363N0536,EPSG:32612,-110.85666495634149,31.939659639663486,513547.6262187519,3533756.416266426,6981120.0,2746880.0,12SWA,1,projects/neon-prod-earthengine/assets/HSI_REFL/001/2021_SRER_4,2021-08-23,58.30128205128206
NA5120_E1364N0531,EPSG:32612,-110.76503724690475,31.72042092032527,522260.59492684423,3509471.1428964864,6986240.0,2721280.0,12SWA,1,projects/neon-prod-earthengine/assets/HSI_REFL/001/2021_SRER_4,2021-08-23,98.81410256410257
NA5120_E1364N0532,EPSG:32612,-110.77285621788145,31.765802561509144,521509.3251066077,3514499.599059884,6986240.0,2726400.0,12SWA,1,projects/neon-prod-earthengine/assets/HSI_REFL/001/2021_SRER_4,2021-08-23,22.84313725490196
NA5120_E1364N0533,EPSG:32612,-110.78068846045136,31.811182668685944,520757.5089275147,3519527.9692332386,6986240.0,2731520.0,12SWA,1,projects/neon-prod-earthengine/assets/HSI_REFL/001/2021_SRER_4,2021-08-23,0.8333333333333334
NA5120_E1364N0534,EPSG:32612,-110.78853400377761,31.85656123877582,520005.14683264075,3524556.253498054,6986240.0,2736640.0,12SWA,1,projects/neon-prod-earthengine/assets/HSI_REFL/001/2021_SRER_4,2021-08-23,0.0
NA5120_E1364N0535,EPSG:32612,-110.7963928771139,31.90193826869109,519252.2392653765,3529584.451936191,6986240.0,2741760.0,12SWA,1,projects/neon-prod-earthengine/assets/HSI_REFL/001/2021_SRER_4,2021-08-23,0.0
NA5120_E1364N0536,EPSG:32612,-110.80426510980475,31.947313755336264,518498.7866694447,3534612.564629863,6986240.0,2746880.0,12SWA,1,projects/neon-prod-earthengine/assets/HSI_REFL/001/2021_SRER_4,2021-08-23,80.52287581699346
NA5120_E1365N0533,EPSG:32612,-110.72836618573514,31.818788756075985,525707.641852458,3520382.210259628,6991360.0,2731520.0,12SWA,1,projects/neon-prod-earthengine/assets/HSI_REFL/001/2021_SRER_4,2021-08-23,81.40522875816994
NA5120_E1365N0534,EPSG:32612,-110.73618251350733,31.86417347973561,524955.6759329466,3525410.840133125,6991360.0,2736640.0,12SWA,1,projects/neon-prod-earthengine/assets/HSI_REFL/001/2021_SRER_4,2021-08-23,83.49358974358975
NA5120_E1365N0535,EPSG:32612,-110.74401212470225,31.909556672326804,524203.1636114653,3530439.3836360094,6991360.0,2741760.0,12SWA,1,projects/neon-prod-earthengine/assets/HSI_REFL/001/2021_SRER_4,2021-08-23,68.36601307189542
NA5120_E1800N0547,EPSG:32616,-87.4712661152494,32.87469607436114,455913.95376263093,3637494.2938445252,9218560.0,2803200.0,16SDB,1,projects/neon-prod-earthengine/assets/HSI_REFL/001/2021_TALL_6,2021-04-26,56.14754098360656
NA5120_E1800N0548,EPSG:32616,-87.46517450058819,32.920405101528175,456506.1633864122,3642559.0589172374,9218560.0,2808320.0,16SDB,1,projects/neon-prod-earthengine/assets/HSI_REFL/001/2021_TALL_6,2021-04-26,30.311796849887497
NA5120_E1800N0549,EPSG:32616,-87.45907232301093,32.96611307815068,457098.80149958446,3647623.7693931716,9218560.0,2813440.0,16SDB,1,projects/neon-prod-earthengine/assets/HSI_REFL/001/2021_TALL_6,2021-04-26,19.575163398692812
NA5120_E1801N0547,EPSG:32616,-87.41794899791302,32.86888502757564,460899.1567650628,3636829.0775220236,9223680.0,2803200.0,16SDB,1,projects/neon-prod-earthengine/assets/HSI_REFL/001/2021_TALL_6,2021-04-26,32.46544519447123
NA5120_E1801N0548,EPSG:32616,-87.41182602268786,32.91458924156657,461491.7677588154,3641893.5660184575,9223680.0,2808320.0,16SDB,1,projects/neon-prod-earthengine/assets/HSI_REFL/001/2021_TALL_6,2021-04-26,0.0
NA5120_E1801N0549,EPSG:32616,-87.40569243208498,32.96029239763426,462084.80625560496,3646958.000356317,9223680.0,2813440.0,16SDB,1,projects/neon-prod-earthengine/assets/HSI_REFL/001/2021_TALL_6,2021-04-26,0.0
NA5120_E1802N0547,EPSG:32616,-87.3646400137217,32.863043494619205,465884.2242693227,3636163.0077179186,9228800.0,2803200.0,16SDB,1,projects/neon-prod-earthengine/assets/HSI_REFL/001/2021_TALL_6,2021-04-26,67.05548549810845
NA5120_E1802N0548,EPSG:32616,-87.35848569886893,32.908742871127835,466477.2372086142,3641227.221599446,9228800.0,2808320.0,16SDB,1,projects/neon-prod-earthengine/assets/HSI_REFL/001/2021_TALL_6,2021-04-26,51.37254901960784
NA5120_E1242N0876,EPSG:32610,-122.33276143731919,45.700605646920536,551943.7488078836,5061000.074202459,6361600.0,4487680.0,10TER,1,projects/neon-prod-earthengine/assets/HSI_REFL/002/2022_ABBY_5,2022-07-11,52.83373623421972
NA5120_E1242N0877,EPSG:32610,-122.35353102481199,45.74359704491627,550288.2756978411,5065763.20573849,6361600.0,4492800.0,10TER,1,projects/neon-prod-earthengine/assets/HSI_REFL/002/2022_ABBY_5,2022-07-11,0.0
NA5120_E1242N0878,EPSG:32610,-122.37434228818476,45.786582014929415,548632.0205747931,5070526.053871758,6361600.0,4497920.0,10TER,1,projects/neon-prod-earthengine/assets/HSI_REFL/002/2022_ABBY_5,2022-07-11,11.200644641418211
NA5120_E1243N0876,EPSG:32610,-122.27062901279122,45.71559447172785,556765.5055805763,5062707.540308963,6366720.0,4487680.0,10TER,1,projects/neon-prod-earthengine/assets/HSI_REFL/002/2022_ABBY_5,2022-07-11,24.727668845315904
NA5120_E1243N0877,EPSG:32610,-122.2913571795035,45.758600711648256,555109.9519185104,5067471.105404847,6366720.0,4492800.0,10TER,1,projects/neon-prod-earthengine/assets/HSI_REFL/002/2022_ABBY_5,2022-07-11,0.0
NA5120_E1243N0878,EPSG:32610,-122.31212696611475,45.8016005499415,553453.615831048,5072234.385919138,6366720.0,4497920.0,10TER,1,projects/neon-prod-earthengine/assets/HSI_REFL/002/2022_ABBY_5,2022-07-11,24.420442571127502
NA5120_E1244N0877,EPSG:32610,-122.22914937317344,45.77356913199143,559931.708705443,5069178.877199959,6371840.0,4492800.0,10TER,1,projects/neon-prod-earthengine/assets/HSI_REFL/002/2022_ABBY_5,2022-07-11,68.75658587987355
NA5120_E1244N0878,EPSG:32610,-122.24987758536582,45.81658381350815,558275.2901132777,5073942.591485151,6371840.0,4497920.0,10TER,1,projects/neon-prod-earthengine/assets/HSI_REFL/002/2022_ABBY_5,2022-07-11,64.49100188020414
NA5120_E1528N0685,EPSG:32613,-102.57697680573061,39.65405278816766,707880.1183290643,4392167.584783075,7825920.0,3509760.0,13SGD,1,projects/neon-prod-earthengine/assets/HSI_REFL/002/2022_ARIK_4,2022-07-07,65.00297088532383
NA5120_E1528N0686,EPSG:32613,-102.58064466477164,39.70004370824773,707427.690936796,4397264.199867338,7825920.0,3514880.0,13TGE,1,projects/neon-prod-earthengine/assets/HSI_REFL/002/2022_ARIK_4,2022-07-07,14.772727272727273
NA5120_E1528N0687,EPSG:32613,-102.58431958050447,39.74603404144838,706974.9450685409,4402360.774605988,7825920.0,3520000.0,13TFE,1,projects/neon-prod-earthengine/assets/HSI_REFL/002/2022_ARIK_4,2022-07-07,20.745920745920746
NA5120_E1528N0688,EPSG:32613,-102.5880015717509,39.79202378705956,706521.881012883,4407457.309023013,7825920.0,3525120.0,13TFE,1,projects/neon-prod-earthengine/assets/HSI_REFL/002/2022_ARIK_4,2022-07-07,32.660228270412645
NA5120_E1528N0689,EPSG:32613,-102.5916906574018,39.838012944369936,706068.4990586207,4412553.803142532,7825920.0,3530240.0,13TFE,1,projects/neon-prod-earthengine/assets/HSI_REFL/002/2022_ARIK_4,2022-07-07,98.59525899912204
NA5120_E1529N0685,EPSG:32613,-102.51789616425847,39.65707183205313,712940.181543855,4392641.26847484,7831040.0,3509760.0,13SGD,1,projects/neon-prod-earthengine/assets/HSI_REFL/002/2022_ARIK_4,2022-07-07,63.053613053613056
NA5120_E1529N0686,EPSG:32613,-102.52152168199805,39.70306558011259,712488.0097628528,4397738.1342278235,7831040.0,3514880.0,13TGE,1,projects/neon-prod-earthengine/assets/HSI_REFL/002/2022_ARIK_4,2022-07-07,0.0
NA5120_E1529N0687,EPSG:32613,-102.52515417575039,39.74905874633999,712035.5184533534,4402834.959278351,7831040.0,3520000.0,13TGE,1,projects/neon-prod-earthengine/assets/HSI_REFL/002/2022_ARIK_4,2022-07-07,0.0
NA5120_E1529N0688,EPSG:32613,-102.52879366412525,39.79505133003914,711582.7079040032,4407931.743649989,7831040.0,3525120.0,13TGE,1,projects/neon-prod-earthengine/assets/HSI_REFL/002/2022_ARIK_4,2022-07-07,11.881767632426104
NA5120_E1529N0689,EPSG:32613,-102.53244016580076,39.84104333051269,711129.5784036476,4413028.487366449,7831040.0,3530240.0,13TGE,1,projects/neon-prod-earthengine/assets/HSI_REFL/002/2022_ARIK_4,2022-07-07,95.8443078724027
NA5120_E1530N0685,EPSG:32613,-102.45880997675218,39.660055625896526,718000.4311167629,4393114.401824498,7836160.0,3509760.0,13SGD,1,projects/neon-prod-earthengine/assets/HSI_REFL/002/2022_ARIK_4,2022-07-07,59.37957272461223
NA5120_E1530N0686,EPSG:32613,-102.46239313724989,39.70605216924047,717548.5145054545,4398211.520345865,7836160.0,3514880.0,13TGE,1,projects/neon-prod-earthengine/assets/HSI_REFL/002/2022_ARIK_4,2022-07-07,6.906643254316652
NA5120_E1530N0687,EPSG:32613,-102.46598319302346,39.75204813574228,717096.2773125692,4403308.597808188,7836160.0,3520000.0,13TGE,1,projects/neon-prod-earthengine/assets/HSI_REFL/002/2022_ARIK_4,2022-07-07,0.46824700029265437
NA5120_E1530N0688,EPSG:32613,-102.46958016247044,39.79804352471952,716643.7198268028,4408405.634234622,7836160.0,3525120.0,13TGE,1,projects/neon-prod-earthengine/assets/HSI_REFL/002/2022_ARIK_4,2022-07-07,22.158438576349024
NA5120_E1530N0689,EPSG:32613,-102.47318406405584,39.844038335488584,716190.8423370589,4413502.629648454,7836160.0,3530240.0,13TGE,1,projects/neon-prod-earthengine/assets/HSI_REFL/002/2022_ARIK_4,2022-07-07,97.1319871232075
NA5120_E1531N0686,EPSG:32613,-102.40325909481844,39.70900346915445,722609.2082825705,4398684.358764384,7841280.0,3514880.0,13TGE,1,projects/neon-prod-earthengine/assets/HSI_REFL/002/2022_ARIK_4,2022-07-07,100.0
NA5120_E1531N0687,EPSG:32613,-102.40680669679764,39.75500220316085,722157.2247649448,4403781.690739113,7841280.0,3520000.0,13TGE,1,projects/neon-prod-earthengine/assets/HSI_REFL/002/2022_ARIK_4,2022-07-07,99.009324009324
NA5120_E1531N0688,EPSG:32613,-102.41036113144361,39.80100036458871,721704.9199008319,4408878.981321204,7841280.0,3525120.0,13TGE,1,projects/neon-prod-earthengine/assets/HSI_REFL/002/2022_ARIK_4,2022-07-07,96.1369622475856
NA5120_E1531N0689,EPSG:32613,-102.41392241700808,39.84699795276807,721252.2939791873,4413976.230533529,7841280.0,3530240.0,13TGE,1,projects/neon-prod-earthengine/assets/HSI_REFL/002/2022_ARIK_4,2022-07-07,100.0
NA5120_E2017N0847,EPSG:32619,-71.34245638243557,43.973274589329534,312109.4052471282,4871572.04515196,10329600.0,4339200.0,18TYP,1,projects/neon-prod-earthengine/assets/HSI_REFL/002/2022_BART_6,2022-08-19,85.63025210084034
NA5120_E2017N0848,EPSG:32619,-71.32163532692785,44.01598722015454,313913.1124684793,4876268.956652696,10329600.0,4344320.0,18TYP,1,projects/neon-prod-earthengine/assets/HSI_REFL/002/2022_BART_6,2022-08-19,19.718309859154928
NA5120_E2017N0849,EPSG:32619,-71.30077415201889,44.058693125720204,315717.7153769953,4880965.478363737,10329600.0,4349440.0,18TYP,1,projects/neon-prod-earthengine/assets/HSI_REFL/002/2022_BART_6,2022-08-19,0.0
NA5120_E2017N0850,EPSG:32619,-71.27987275397285,44.101392288271875,317523.2130492064,4885661.610864606,10329600.0,4354560.0,18TYP,1,projects/neon-prod-earthengine/assets/HSI_REFL/002/2022_BART_6,2022-08-19,59.40347970173985
NA5120_E2018N0848,EPSG:32619,-71.26168122818925,44.000297056541754,318670.90667276,4874392.60278611,10334720.0,4344320.0,18TYP,1,projects/neon-prod-earthengine/assets/HSI_REFL/002/2022_BART_6,2022-08-19,3.9815817984832065
NA5120_E2018N0849,EPSG:32619,-71.24078308072117,44.0429880783581,320475.37313091767,4879088.591556116,10334720.0,4349440.0,18TYP,1,projects/neon-prod-earthengine/assets/HSI_REFL/002/2022_BART_6,2022-08-19,0.0
NA5120_E2018N0850,EPSG:32619,-71.21984466513288,44.08567233216499,322280.7340371171,4883784.192365182,10334720.0,4354560.0,18TYP,1,projects/neon-prod-earthengine/assets/HSI_REFL/002/2022_BART_6,2022-08-19,47.64355362946912
NA5120_E2019N0848,EPSG:32619,-71.2017596942188,43.98457352924943,323428.5345295917,4872516.121914853,10339840.0,4344320.0,18TYP,1,projects/neon-prod-earthengine/assets/HSI_REFL/002/2022_BART_6,2022-08-19,72.54901960784314
NA5120_E1941N0711,EPSG:32617,-78.10713118810324,39.071048580803485,750269.9451495743,4328645.029393015,9940480.0,3642880.0,17SQD,1,projects/neon-prod-earthengine/assets/HSI_REFL/002/2022_BLAN_5,2022-05-21,65.85218702865761
NA5120_E1941N0712,EPSG:32617,-78.09345552835931,39.11537846002999,751295.7296927995,4333603.529383309,9940480.0,3648000.0,17SQD,1,projects/neon-prod-earthengine/assets/HSI_REFL/002/2022_BLAN_5,2022-05-21,42.22027972027972
NA5120_E1941N0713,EPSG:32617,-78.07975476448993,39.159704884495774,752322.061564297,4338561.946760745,9940480.0,3653120.0,17SQD,1,projects/neon-prod-earthengine/assets/HSI_REFL/002/2022_BLAN_5,2022-05-21,74.30184194890077
NA5120_E1942N0711,EPSG:32617,-78.05020386883292,39.05957390412228,755237.138718446,4327529.743293701,9945600.0,3642880.0,17SQD,1,projects/neon-prod-earthengine/assets/HSI_REFL/002/2022_BLAN_5,2022-05-21,0.4079254079254079
NA5120_E1942N0712,EPSG:32617,-78.0364929060624,39.103893529885035,756263.1653956482,4332487.989448091,9945600.0,3648000.0,17SQD,1,projects/neon-prod-earthengine/assets/HSI_REFL/002/2022_BLAN_5,2022-05-21,0.0
NA5120_E1942N0713,EPSG:32617,-78.02275678493646,39.14820968414417,757289.7386150825,4337446.153760217,9945600.0,3653120.0,17SQD,1,projects/neon-prod-earthengine/assets/HSI_REFL/002/2022_BLAN_5,2022-05-21,38.49170437405732
NA5120_E1943N0711,EPSG:32618,-77.99329648430148,39.04806689964469,240956.11602248892,4326375.566708674,9950720.0,3642880.0,17SQD,1,projects/neon-prod-earthengine/assets/HSI_REFL/002/2022_BLAN_5,2022-05-21,16.62721893491124
NA5120_E1943N0712,EPSG:32618,-77.97955027192289,39.092376247561084,242307.31054154373,4331254.955930331,9950720.0,3648000.0,17SQD,1,projects/neon-prod-earthengine/assets/HSI_REFL/002/2022_BLAN_5,2022-05-21,0.0
NA5120_E1943N0713,EPSG:32618,-77.96577884713363,39.13668210720358,243659.3303937156,4336134.069225619,9950720.0,3653120.0,17SQD,1,projects/neon-prod-earthengine/assets/HSI_REFL/002/2022_BLAN_5,2022-05-21,25.846702317290553
NA5120_E1726N0821,EPSG:32615,-90.10745357468373,45.79645319249543,724793.8881633645,5075501.885060574,8839680.0,4206080.0,15TYL,1,projects/neon-prod-earthengine/assets/HSI_REFL/002/2022_CHEQ_7,2022-06-17,17.59333870534515
NA5120_E1726N0822,EPSG:32615,-90.10115156641405,45.84224424810059,725098.8905550407,5080607.0024973,8839680.0,4211200.0,15TYL,1,projects/neon-prod-earthengine/assets/HSI_REFL/002/2022_CHEQ_7,2022-06-17,36.475960247112546
NA5120_E1727N0821,EPSG:32615,-90.04204385267708,45.79188905939741,729895.8582191394,5075181.021607069,8844800.0,4206080.0,15TYL,1,projects/neon-prod-earthengine/assets/HSI_REFL/002/2022_CHEQ_7,2022-06-17,44.104217029277464
NA5120_E1727N0822,EPSG:32615,-90.03568707964396,45.837675297765585,730201.0116036902,5080286.152319031,8844800.0,4211200.0,15TYL,1,projects/neon-prod-earthengine/assets/HSI_REFL/002/2022_CHEQ_7,2022-06-17,63.25543916196615
NA5120_E1611N0545,EPSG:32614,-97.646057016779,33.32481560589625,626018.9207577497,3688115.077732719,8250880.0,2792960.0,14SPB,1,projects/neon-prod-earthengine/assets/HSI_REFL/002/2022_CLBJ_6,2022-05-06,28.02648171500631
NA5120_E1611N0546,EPSG:32614,-97.64614693030559,33.37097878824861,625944.0521368855,3693233.4801036874,8250880.0,2798080.0,14SPB,1,projects/neon-prod-earthengine/assets/HSI_REFL/002/2022_CLBJ_6,2022-05-06,0.09643201542912247
NA5120_E1611N0547,EPSG:32614,-97.64623700223066,33.41714162662081,625869.0962642301,3698351.87999616,8250880.0,2803200.0,14SPC,1,projects/neon-prod-earthengine/assets/HSI_REFL/002/2022_CLBJ_6,2022-05-06,28.929604628736737
NA5120_E1612N0545,EPSG:32614,-97.59203291685546,33.32488472993673,631047.5340420781,3688189.3423776766,8256000.0,2792960.0,14SPB,1,projects/neon-prod-earthengine/assets/HSI_REFL/002/2022_CLBJ_6,2022-05-06,29.445145018915508
NA5120_E1612N0546,EPSG:32614,-97.59208957295374,33.37104797051992,630973.1039415916,3693307.8351263576,8256000.0,2798080.0,14SPB,1,projects/neon-prod-earthengine/assets/HSI_REFL/002/2022_CLBJ_6,2022-05-06,0.0
NA5120_E1612N0547,EPSG:32614,-97.59214632886192,33.41721086721488,630898.5855174839,3698426.325347452,8256000.0,2803200.0,14SPC,1,projects/neon-prod-earthengine/assets/HSI_REFL/002/2022_CLBJ_6,2022-05-06,31.84110970996217
NA5120_E1613N0547,EPSG:32614,-97.5380555783662,33.41724868555554,635928.1691819441,3698499.9040197395,8261120.0,2803200.0,14SPC,1,projects/neon-prod-earthengine/assets/HSI_REFL/002/2022_CLBJ_6,2022-05-06,73.42370744010088
NA5120_E2271N0335,EPSG:32619,-66.97551647653502,18.123387279233647,714203.7756140919,2005014.23664278,11630080.0,1717760.0,19QGA,1,projects/neon-prod-earthengine/assets/HSI_REFL/002/2022_CUPE_2,2022-10-20,30.270655270655272
NA5120_E2271N0336,EPSG:32619,-66.9627079494554,18.165864150687632,715507.3771240917,2009731.1488748763,11630080.0,1722880.0,19QGA,1,projects/neon-prod-earthengine/assets/HSI_REFL/002/2022_CUPE_2,2022-10-20,90.93599704032556
NA5120_E1861N0616,EPSG:32617,-83.65210113880836,35.59162715173838,259718.274787565,3941893.3972219024,9530880.0,3156480.0,16SGE,1,projects/neon-prod-earthengine/assets/HSI_REFL/002/2022_GRSM_7,2022-09-23,100.0
NA5120_E1861N0617,EPSG:32617,-83.64312078686532,35.63688333974424,260667.06419068237,3946892.4773719665,9530880.0,3161600.0,16SGE,1,projects/neon-prod-earthengine/assets/HSI_REFL/002/2022_GRSM_7,2022-09-23,59.89879822896901
NA5120_E1861N0618,EPSG:32617,-83.6341244574703,35.68213772711043,261616.52252766228,3951891.399721644,9530880.0,3166720.0,16SGE,1,projects/neon-prod-earthengine/assets/HSI_REFL/002/2022_GRSM_7,2022-09-23,12.65022137887413
NA5120_E1861N0619,EPSG:32617,-83.6251121126759,35.72739031002431,262566.6492202455,3956890.1643876117,9530880.0,3171840.0,16SGE,1,projects/neon-prod-earthengine/assets/HSI_REFL/002/2022_GRSM_7,2022-09-23,89.8481973434535
NA5120_E1862N0616,EPSG:32617,-83.59716902765618,35.58352153657688,264672.5337241844,3940861.316464352,9536000.0,3156480.0,17SKV,1,projects/neon-prod-earthengine/assets/HSI_REFL/002/2022_GRSM_7,2022-09-23,18.943706514864008
NA5120_E1862N0617,EPSG:32617,-83.58815521373354,35.62877077307547,265621.5671535979,3945859.926418435,9536000.0,3161600.0,17SKV,1,projects/neon-prod-earthengine/assets/HSI_REFL/002/2022_GRSM_7,2022-09-23,0.0
NA5120_E1862N0618,EPSG:32617,-83.5791253671715,35.67401819790959,266571.2686234509,3950858.379278738,9536000.0,3166720.0,17SKV,1,projects/neon-prod-earthengine/assets/HSI_REFL/002/2022_GRSM_7,2022-09-23,0.0
NA5120_E1862N0619,EPSG:32617,-83.57007944990818,35.71926380723982,267521.6375559522,3955856.6751626916,9536000.0,3171840.0,17SKV,1,projects/neon-prod-earthengine/assets/HSI_REFL/002/2022_GRSM_7,2022-09-23,71.11733582321817
NA5120_E1863N0616,EPSG:32617,-83.54224939926206,35.57538447226941,269626.5116538632,3939828.5872878516,9541120.0,3156480.0,17SKV,1,projects/neon-prod-earthengine/assets/HSI_REFL/002/2022_GRSM_7,2022-09-23,1.8985371926548398
NA5120_E1863N0617,EPSG:32617,-83.53320215617227,35.62062673229746,270575.790008912,3944826.7289147885,9541120.0,3161600.0,17SKV,1,projects/neon-prod-earthengine/assets/HSI_REFL/002/2022_GRSM_7,2022-09-23,0.0
NA5120_E1863N0618,EPSG:32617,-83.52413882536106,35.66586716960197,271525.7355120389,3949824.7141544865,9541120.0,3166720.0,17SKV,1,projects/neon-prod-earthengine/assets/HSI_REFL/002/2022_GRSM_7,2022-09-23,0.0
NA5120_E1863N0619,EPSG:32617,-83.51505936865259,35.71110578031671,272476.3475859064,3954822.5431251368,9541120.0,3171840.0,17SKV,1,projects/neon-prod-earthengine/assets/HSI_REFL/002/2022_GRSM_7,2022-09-23,20.199190787426083
NA5120_E1863N0620,EPSG:32617,-83.50596374774584,35.7563425605643,273427.62565286283,3959820.215945484,9541120.0,3176960.0,17SKV,1,projects/neon-prod-earthengine/assets/HSI_REFL/002/2022_GRSM_7,2022-09-23,100.0
NA5120_E1864N0616,EPSG:32617,-83.48734229588058,35.56721597349785,274580.2113847089,3938795.2085362687,9546240.0,3156480.0,17SKV,1,projects/neon-prod-earthengine/assets/HSI_REFL/002/2022_GRSM_7,2022-09-23,22.595704948646127
NA5120_E1864N0617,EPSG:32617,-83.47826165653521,35.612451232127064,275529.73556536925,3943792.8837036784,9546240.0,3161600.0,17SKV,1,projects/neon-prod-earthengine/assets/HSI_REFL/002/2022_GRSM_7,2022-09-23,0.0
NA5120_E1864N0618,EPSG:32617,-83.4691648744921,35.65768465693955,276479.926002797,3948790.40319033,9546240.0,3166720.0,17SKV,1,projects/neon-prod-earthengine/assets/HSI_REFL/002/2022_GRSM_7,2022-09-23,0.0
NA5120_E1864N0619,EPSG:32617,-83.46005191146189,35.70291624404218,277430.7821201011,3953787.7671151687,9546240.0,3171840.0,17SKV,1,projects/neon-prod-earthengine/assets/HSI_REFL/002/2022_GRSM_7,2022-09-23,0.3112356053532524
NA5120_E1864N0620,EPSG:32617,-83.45092272902964,35.74814598953059,278382.3033401064,3958784.975597694,9546240.0,3176960.0,17SKV,1,projects/neon-prod-earthengine/assets/HSI_REFL/002/2022_GRSM_7,2022-09-23,60.215053763440864
NA5120_E1865N0616,EPSG:32617,-83.43244775967685,35.559016054992306,279533.6357235757,3937761.179051849,9551360.0,3156480.0,17SKV,1,projects/neon-prod-earthengine/assets/HSI_REFL/002/2022_GRSM_7,2022-09-23,99.05372405372405
NA5120_E1865N0617,EPSG:32617,-83.42333375708625,35.604244287329465,280483.4066304511,3942758.389626135,9551360.0,3161600.0,17SKV,1,projects/neon-prod-earthengine/assets/HSI_REFL/002/2022_GRSM_7,2022-09-23,39.83815748521631
NA5120_E1865N0618,EPSG:32617,-83.4142035569276,35.64947067472268,281433.84290383186,3947755.4452260872,9551360.0,3166720.0,17SKV,1,projects/neon-prod-earthengine/assets/HSI_REFL/002/2022_GRSM_7,2022-09-23,0.0
NA5120_E1865N0619,EPSG:32617,-83.40505712079832,35.69469521325186,282384.94396728894,3952752.345971402,9551360.0,3171840.0,17SKV,1,projects/neon-prod-earthengine/assets/HSI_REFL/002/2022_GRSM_7,2022-09-23,0.0
NA5120_E1865N0620,EPSG:32617,-83.39589441017011,35.739917898985574,283336.70924408,3957749.0919823237,9551360.0,3176960.0,17SKV,1,projects/neon-prod-earthengine/assets/HSI_REFL/002/2022_GRSM_7,2022-09-23,35.7609710550887
NA5120_E1866N0616,EPSG:32617,-83.37756583272636,35.55078473153082,284486.7874760521,3936726.497675195,9556480.0,3156480.0,17SKV,1,projects/neon-prod-earthengine/assets/HSI_REFL/002/2022_GRSM_7,2022-09-23,100.0
NA5120_E1866N0617,EPSG:32617,-83.36841849999935,35.59600591271789,285436.80601038836,3941723.2455215557,9556480.0,3161600.0,17SKV,1,projects/neon-prod-earthengine/assets/HSI_REFL/002/2022_GRSM_7,2022-09-23,90.94304388422036
NA5120_E1866N0618,EPSG:32617,-83.35925491494011,35.641225237799866,286387.4890220162,3946719.8390999464,9556480.0,3166720.0,17SKV,1,projects/neon-prod-earthengine/assets/HSI_REFL/002/2022_GRSM_7,2022-09-23,42.50474383301708
NA5120_E1866N0619,EPSG:32617,-83.35007503903341,35.68644270282966,287338.8359349554,3951716.2785308156,9556480.0,3171840.0,17SKV,1,projects/neon-prod-earthengine/assets/HSI_REFL/002/2022_GRSM_7,2022-09-23,19.413919413919416
NA5120_E1866N0620,EPSG:32617,-83.34087883363799,35.731658303848725,288290.84617291915,3956712.563935164,9556480.0,3176960.0,17SKV,1,projects/neon-prod-earthengine/assets/HSI_REFL/002/2022_GRSM_7,2022-09-23,66.51104886399004
NA5120_E2273N0333,EPSG:32619,-66.91440475726176,18.006343052816018,720818.3976336806,1992130.050966585,11640320.0,1707520.0,19QGV,1,projects/neon-prod-earthengine/assets/HSI_REFL/002/2022_GUAN_2,2022-10-21,54.03050108932462
NA5120_E2273N0334,EPSG:32619,-66.90160728912619,18.048808764136453,722120.5543121351,1996846.1769669144,11640320.0,1712640.0,19QGA,1,projects/neon-prod-earthengine/assets/HSI_REFL/002/2022_GUAN_2,2022-10-21,75.73066962634111
NA5120_E2274N0332,EPSG:32619,-66.88387758961535,17.947813932208884,724125.6261524901,1985687.6961078092,11645440.0,1702400.0,19QGV,1,projects/neon-prod-earthengine/assets/HSI_REFL/002/2022_GUAN_2,2022-10-21,12.236746550472041
NA5120_E2274N0333,EPSG:32619,-66.87108568644905,17.990274067794655,725427.0628418749,1990403.4290000403,11645440.0,1707520.0,19QGV,1,projects/neon-prod-earthengine/assets/HSI_REFL/002/2022_GUAN_2,2022-10-21,0.0
NA5120_E2274N0334,EPSG:32619,-66.85827552316174,18.032729598024638,726729.6751854377,1995118.8494052247,11645440.0,1712640.0,19QGA,1,projects/neon-prod-earthengine/assets/HSI_REFL/002/2022_GUAN_2,2022-10-21,29.059829059829063
NA5120_E2275N0332,EPSG:32619,-66.84058312782412,17.931734729710787,728733.5146252031,1983960.5016966169,11650560.0,1702400.0,19QGV,1,projects/neon-prod-earthengine/assets/HSI_REFL/002/2022_GUAN_2,2022-10-21,45.32001479837218
NA5120_E2275N0333,EPSG:32619,-66.82777856666634,17.97418468541221,730035.4086171989,1988675.5295450343,11650560.0,1707520.0,19QGV,1,projects/neon-prod-earthengine/assets/HSI_REFL/002/2022_GUAN_2,2022-10-21,0.0
NA5120_E2275N0334,EPSG:32619,-66.8149557328599,18.016630025707386,731338.477678282,1993390.2455901573,11650560.0,1712640.0,19QGA,1,projects/neon-prod-earthengine/assets/HSI_REFL/002/2022_GUAN_2,2022-10-21,10.007122507122507
NA5120_E2274N0338,EPSG:32619,-66.80685174431333,18.202505497572695,731951.8689601279,2013977.408953577,11645440.0,1733120.0,19QGA,1,projects/neon-prod-earthengine/assets/HSI_REFL/002/2022_GUIL_2,2022-10-24,87.03703703703704
NA5120_E2275N0337,EPSG:32619,-66.7763773334984,18.143938270139476,735254.7292156103,2007532.5243125546,11650560.0,1728000.0,19QGA,1,projects/neon-prod-earthengine/assets/HSI_REFL/002/2022_GUIL_2,2022-10-24,39.50617283950617
NA5120_E2275N0338,EPSG:32619,-66.76348114674794,18.186365064709033,736562.4924909926,2012245.994556984,11650560.0,1733120.0,19QGA,1,projects/neon-prod-earthengine/assets/HSI_REFL/002/2022_GUIL_2,2022-10-24,72.61396011396012
NA5120_E2013N0812,EPSG:32618,-72.28160588311017,42.534584642079665,723244.1358851868,4712714.946587281,10309120.0,4160000.0,18TYN,1,projects/neon-prod-earthengine/assets/HSI_REFL/002/2022_HARV_7,2022-08-03,39.55669224211424
NA5120_E2013N0813,EPSG:32618,-72.26226847575742,42.577577806801486,724677.8898582503,4717540.524646917,10309120.0,4165120.0,18TYN,1,projects/neon-prod-earthengine/assets/HSI_REFL/002/2022_HARV_7,2022-08-03,35.85434173669468
NA5120_E2014N0808,EPSG:32618,-72.2999637523425,42.347567469054745,722397.362456608,4691898.71886427,10314240.0,4139520.0,18TYM,1,projects/neon-prod-earthengine/assets/HSI_REFL/002/2022_HARV_7,2022-08-03,97.24080267558529
NA5120_E2014N0809,EPSG:32618,-72.28073598724785,42.390570832789145,723828.3813045719,4696724.638248988,10314240.0,4144640.0,18TYM,1,projects/neon-prod-earthengine/assets/HSI_REFL/002/2022_HARV_7,2022-08-03,42.53065774804905
NA5120_E2014N0810,EPSG:32618,-72.26147202832067,42.43356818610988,725260.1085451264,4701550.387121961,10314240.0,4149760.0,18TYN,1,projects/neon-prod-earthengine/assets/HSI_REFL/002/2022_HARV_7,2022-08-03,8.269394714407502
NA5120_E2014N0811,EPSG:32618,-72.24217178432893,42.47655951365485,726692.5434356346,4706375.965894271,10314240.0,4154880.0,18TYN,1,projects/neon-prod-earthengine/assets/HSI_REFL/002/2022_HARV_7,2022-08-03,0.0
NA5120_E2014N0812,EPSG:32618,-72.2228351637432,42.51954480000945,728125.6852333196,4711201.374977781,10314240.0,4160000.0,18TYN,1,projects/neon-prod-earthengine/assets/HSI_REFL/002/2022_HARV_7,2022-08-03,0.0
NA5120_E2014N0813,EPSG:32618,-72.20346207473575,42.56252402970656,729559.5331952453,4716026.614785149,10314240.0,4165120.0,18TYN,1,projects/neon-prod-earthengine/assets/HSI_REFL/002/2022_HARV_7,2022-08-03,2.4154589371980677
NA5120_E2015N0808,EPSG:32618,-72.24136439102428,42.33255050745678,727278.5576761957,4690386.134629076,10319360.0,4139520.0,18TYM,1,projects/neon-prod-earthengine/assets/HSI_REFL/002/2022_HARV_7,2022-08-03,100.0
NA5120_E2015N0809,EPSG:32618,-72.2221012037295,42.375540005885824,728709.6740423213,4695211.713194958,10319360.0,4144640.0,18TYM,1,projects/neon-prod-earthengine/assets/HSI_REFL/002/2022_HARV_7,2022-08-03,42.00056834327934
NA5120_E2015N0810,EPSG:32618,-72.20280177762291,42.41852347113441,730141.4982606214,4700037.122272774,10319360.0,4149760.0,18TYN,1,projects/neon-prod-earthengine/assets/HSI_REFL/002/2022_HARV_7,2022-08-03,0.0
NA5120_E2015N0811,EPSG:32618,-72.18346602144412,42.46150088778802,731574.0295891216,4704862.362274187,10319360.0,4154880.0,18TYN,1,projects/neon-prod-earthengine/assets/HSI_REFL/002/2022_HARV_7,2022-08-03,0.0
NA5120_E2015N0812,EPSG:32618,-72.16409384363574,42.50447224037963,733007.2672856918,4709687.433611651,10319360.0,4160000.0,18TYN,1,projects/neon-prod-earthengine/assets/HSI_REFL/002/2022_HARV_7,2022-08-03,0.0
NA5120_E2015N0813,EPSG:32618,-72.14468515234222,42.547437513389426,734441.210608064,4714512.3366984045,10319360.0,4165120.0,18TYN,1,projects/neon-prod-earthengine/assets/HSI_REFL/002/2022_HARV_7,2022-08-03,7.282913165266107
NA5120_E2015N0814,EPSG:32618,-72.12523985540881,42.59039669124459,735875.8588138069,4719337.071948463,10319360.0,4170240.0,18TYN,1,projects/neon-prod-earthengine/assets/HSI_REFL/002/2022_HARV_7,2022-08-03,91.02017618641659
NA5120_E2016N0809,EPSG:32618,-72.16349561719731,42.36047655819688,733590.9979391341,4693698.412007096,10324480.0,4144640.0,18TYM,1,projects/neon-prod-earthengine/assets/HSI_REFL/002/2022_HARV_7,2022-08-03,57.95847750865052
NA5120_E2016N0810,EPSG:32618,-72.14416080254163,42.40344611382162,735022.9205047544,4698523.48282171,10324480.0,4149760.0,18TYN,1,projects/neon-prod-earthengine/assets/HSI_REFL/002/2022_HARV_7,2022-08-03,41.91531685137823
NA5120_E2016N0811,EPSG:32618,-72.12478961306003,42.44640959802109,736455.5496415723,4703348.385583875,10324480.0,4154880.0,18TYN,1,projects/neon-prod-earthengine/assets/HSI_REFL/002/2022_HARV_7,2022-08-03,20.819397993311036
NA5120_E2016N0812,EPSG:32618,-72.10538195716808,42.489366995275816,737888.8846081116,4708173.120706622,10324480.0,4160000.0,18TYN,1,projects/neon-prod-earthengine/assets/HSI_REFL/002/2022_HARV_7,2022-08-03,47.324414715719065
NA5120_E2017N0809,EPSG:32618,-72.10491926173617,42.345380521605925,738472.3555598026,4692184.732904017,10329600.0,4144640.0,18TYM,1,projects/neon-prod-earthengine/assets/HSI_REFL/002/2022_HARV_7,2022-08-03,100.0
NA5120_E2012N0810,EPSG:32618,-72.37890021904147,42.46355956135496,715497.4164385274,4704575.800137569,10304000.0,4149760.0,18TYN,1,projects/neon-prod-earthengine/assets/HSI_REFL/002/2022_HOPB_4,2022-08-12,71.63967036089798
NA5120_E2012N0811,EPSG:32618,-72.35967123596859,42.50657864568528,716929.6625630605,4709402.061049197,10304000.0,4154880.0,18TYN,1,projects/neon-prod-earthengine/assets/HSI_REFL/002/2022_HOPB_4,2022-08-12,46.878483835005575
NA5120_E2013N0810,EPSG:32618,-72.3201715203079,42.44858022681709,720378.7487929547,4703063.279150254,10309120.0,4149760.0,18TYN,1,projects/neon-prod-earthengine/assets/HSI_REFL/002/2022_HOPB_4,2022-08-12,75.81699346405229
NA5120_E2013N0811,EPSG:32618,-72.30090686736065,42.491585443613374,721811.0886155572,4707889.198225751,10309120.0,4154880.0,18TYN,1,projects/neon-prod-earthengine/assets/HSI_REFL/002/2022_HOPB_4,2022-08-12,77.06734867860187
NA5120_E1437N0538,EPSG:32613,-106.96520394227089,32.5170605023252,315409.8383105557,3599452.402034796,7360000.0,2757120.0,13SCS,1,projects/neon-prod-earthengine/assets/HSI_REFL/002/2022_JORN_5,2022-09-04,100.0
NA5120_E1437N0539,EPSG:32613,-106.97090418868498,32.56282321657088,314968.25157471723,3604536.4541087477,7360000.0,2762240.0,13SCS,1,projects/neon-prod-earthengine/assets/HSI_REFL/002/2022_JORN_5,2022-09-04,100.0
NA5120_E1437N0540,EPSG:32613,-106.97661428786306,32.60858496518419,314526.39987373917,3609620.4923536936,7360000.0,2767360.0,13SCS,1,projects/neon-prod-earthengine/assets/HSI_REFL/002/2022_JORN_5,2022-09-04,84.15032679738562
NA5120_E1437N0541,EPSG:32613,-106.98233426214115,32.654345746412766,314084.2834675836,3614704.5168119213,7360000.0,2772480.0,13SCS,1,projects/neon-prod-earthengine/assets/HSI_REFL/002/2022_JORN_5,2022-09-04,61.69934640522876
NA5120_E1438N0538,EPSG:32613,-106.91208494364994,32.52250734694141,320410.90454514476,3599965.537034456,7365120.0,2757120.0,13SCS,1,projects/neon-prod-earthengine/assets/HSI_REFL/002/2022_JORN_5,2022-09-04,99.39102564102565
NA5120_E1438N0539,EPSG:32613,-106.91775408687705,32.56827455322377,319969.7657398542,3605049.7042309605,7365120.0,2762240.0,13SCS,1,projects/neon-prod-earthengine/assets/HSI_REFL/002/2022_JORN_5,2022-09-04,100.0
NA5120_E1438N0540,EPSG:32613,-106.92343303075026,32.614040800730415,319528.36096329964,3610133.8572596153,7365120.0,2767360.0,13SCS,1,projects/neon-prod-earthengine/assets/HSI_REFL/002/2022_JORN_5,2022-09-04,55.48055287688845
NA5120_E1438N0541,EPSG:32613,-106.92912179749374,32.65980608772537,319086.6904753739,3615217.996162359,7365120.0,2772480.0,13SCS,1,projects/neon-prod-earthengine/assets/HSI_REFL/002/2022_JORN_5,2022-09-04,0.0
NA5120_E1438N0542,EPSG:32613,-106.934820409403,32.70557041246887,318644.75453615247,3620302.1209812304,7365120.0,2777600.0,13SCS,1,projects/neon-prod-earthengine/assets/HSI_REFL/002/2022_JORN_5,2022-09-04,0.0
NA5120_E1438N0543,EPSG:32613,-106.94052888884505,32.75133377321726,318202.55340592074,3625386.231758357,7365120.0,2782720.0,13SCS,1,projects/neon-prod-earthengine/assets/HSI_REFL/002/2022_JORN_5,2022-09-04,50.46608807457409
NA5120_E1439N0538,EPSG:32613,-106.8589584526404,32.527923814862426,325411.94876679697,3600477.7674043993,7370240.0,2757120.0,13SCS,1,projects/neon-prod-earthengine/assets/HSI_REFL/002/2022_JORN_5,2022-09-04,75.57692307692308
NA5120_E1439N0539,EPSG:32613,-106.86459647343686,32.57369548893741,324971.25742027094,3605562.0517127593,7370240.0,2762240.0,13SCS,1,projects/neon-prod-earthengine/assets/HSI_REFL/002/2022_JORN_5,2022-09-04,7.33974358974359
NA5120_E1439N0540,EPSG:32613,-106.87024424270157,32.61946621105844,324530.2990959557,3610646.3215150214,7370240.0,2767360.0,13SCS,1,projects/neon-prod-earthengine/assets/HSI_REFL/002/2022_JORN_5,2022-09-04,7.457409193185471
NA5120_E1439N0541,EPSG:32613,-106.87590178254669,32.665235979505766,324089.0740536583,3615730.576852759,7370240.0,2772480.0,13SCS,1,projects/neon-prod-earthengine/assets/HSI_REFL/002/2022_JORN_5,2022-09-04,0.0
NA5120_E1439N0542,EPSG:32613,-106.88156911515526,32.71100479255598,323647.5825533848,3620814.8177676573,7370240.0,2777600.0,13SCS,1,projects/neon-prod-earthengine/assets/HSI_REFL/002/2022_JORN_5,2022-09-04,13.431372549019608
NA5120_E1439N0543,EPSG:32613,-106.88724626278142,32.75677264848179,323205.82485535834,3625899.044301487,7370240.0,2782720.0,13SCS,1,projects/neon-prod-earthengine/assets/HSI_REFL/002/2022_JORN_5,2022-09-04,95.62841530054644
NA5120_E1440N0538,EPSG:32613,-106.80582450883517,32.53330989709124,330412.97388211807,3600989.0938009913,7375360.0,2757120.0,13SCS,1,projects/neon-prod-earthengine/assets/HSI_REFL/002/2022_JORN_5,2022-09-04,43.63177805800756
NA5120_E1440N0539,EPSG:32613,-106.81143138805477,32.57908601469409,329972.72952402325,3606073.497210891,7375360.0,2762240.0,13SCS,1,projects/neon-prod-earthengine/assets/HSI_REFL/002/2022_JORN_5,2022-09-04,0.0
NA5120_E1440N0540,EPSG:32613,-106.81704796350522,32.624861187129696,329532.2171811937,3611157.8857770227,7375360.0,2767360.0,13SCS,1,projects/neon-prod-earthengine/assets/HSI_REFL/002/2022_JORN_5,2022-09-04,0.0
NA5120_E1440N0541,EPSG:32613,-106.82267425718628,32.67063541269458,329091.43711336795,3616242.259540613,7375360.0,2772480.0,13SCS,1,projects/neon-prod-earthengine/assets/HSI_REFL/002/2022_JORN_5,2022-09-04,6.846673095467695
NA5120_E1440N0542,EPSG:32613,-106.8283102911683,32.71640868968151,328650.3895804804,3621326.618542979,7375360.0,2777600.0,13SCS,1,projects/neon-prod-earthengine/assets/HSI_REFL/002/2022_JORN_5,2022-09-04,78.43137254901961
NA5120_E1440N0543,EPSG:32613,-106.83395608759248,32.7621810163795,328209.0748426724,3626410.962825534,7375360.0,2782720.0,13SCS,1,projects/neon-prod-earthengine/assets/HSI_REFL/002/2022_JORN_5,2022-09-04,100.0
NA5120_E1441N0538,EPSG:32613,-106.75268315187775,32.538665584678135,335413.9827979796,3601499.516877983,7380480.0,2757120.0,13SCS,1,projects/neon-prod-earthengine/assets/HSI_REFL/002/2022_JORN_5,2022-09-04,44.861286254728874
NA5120_E1441N0539,EPSG:32613,-106.75825887047196,32.58444612152336,334974.18495942245,3606584.04137947,7380480.0,2762240.0,13SCS,1,projects/neon-prod-earthengine/assets/HSI_REFL/002/2022_JORN_5,2022-09-04,14.657666345226616
NA5120_E1441N0540,EPSG:32613,-106.76384423300026,32.630225719953074,334534.1181287721,3611668.5507001188,7380480.0,2767360.0,13SCS,1,projects/neon-prod-earthengine/assets/HSI_REFL/002/2022_JORN_5,2022-09-04,10.392156862745098
NA5120_E1441N0541,EPSG:32613,-106.76943926134982,32.67600437827989,334093.7825656916,3616753.04488079,7380480.0,2772480.0,13SCS,1,projects/neon-prod-earthengine/assets/HSI_REFL/002/2022_JORN_5,2022-09-04,93.69281045751634
NA5120_E1441N0542,EPSG:32613,-106.77504397747806,32.72178209481272,333653.1785300558,3621837.5239624386,7380480.0,2777600.0,13SCS,1,projects/neon-prod-earthengine/assets/HSI_REFL/002/2022_JORN_5,2022-09-04,100.0
NA5120_E1441N0543,EPSG:32613,-106.78065840341293,32.76755886785682,333212.30628192227,3626921.9879861227,7380480.0,2782720.0,13SCS,1,projects/neon-prod-earthengine/assets/HSI_REFL/002/2022_JORN_5,2022-09-04,100.0
NA5120_E1628N0669,EPSG:32614,-96.66165528695258,39.042914080548684,702370.7239359103,4324140.843799426,8337920.0,3427840.0,14SPJ,1,projects/neon-prod-earthengine/assets/HSI_REFL/002/2022_KONZ_7,2022-06-13,90.07724301841948
NA5120_E1628N0670,EPSG:32614,-96.66105880041364,39.08902990149324,702290.5971667852,4329260.63820577,8337920.0,3432960.0,14SPJ,1,projects/neon-prod-earthengine/assets/HSI_REFL/002/2022_KONZ_7,2022-06-13,54.328808446455504
NA5120_E1628N0671,EPSG:32614,-96.66046117444371,39.135145350710964,702210.3711502634,4334380.428980325,8337920.0,3438080.0,14SPJ,1,projects/neon-prod-earthengine/assets/HSI_REFL/002/2022_KONZ_7,2022-06-13,54.574592074592076
NA5120_E1628N0672,EPSG:32614,-96.65986240603088,39.181260428066885,702130.0459405812,4339500.216120351,8337920.0,3443200.0,14SPJ,1,projects/neon-prod-earthengine/assets/HSI_REFL/002/2022_KONZ_7,2022-06-13,99.8217468805704
NA5120_E1628N0673,EPSG:32614,-96.65926249215217,39.2273751334269,702049.6215920495,4344619.999623112,8337920.0,3448320.0,14SPJ,1,projects/neon-prod-earthengine/assets/HSI_REFL/002/2022_KONZ_7,2022-06-13,100.0
NA5120_E1629N0669,EPSG:32614,-96.60301999205053,39.04239624704775,707447.4075884497,4324215.549624985,8343040.0,3427840.0,14SQJ,1,projects/neon-prod-earthengine/assets/HSI_REFL/002/2022_KONZ_7,2022-06-13,69.25133689839572
NA5120_E1629N0670,EPSG:32614,-96.60238179643045,39.08851158715089,707367.584365901,4329335.463781447,8343040.0,3432960.0,14SQJ,1,projects/neon-prod-earthengine/assets/HSI_REFL/002/2022_KONZ_7,2022-06-13,0.0
NA5120_E1629N0671,EPSG:32614,-96.60174238172824,39.13462655467564,707287.6608057002,4334455.374249515,8343040.0,3438080.0,14SQJ,1,projects/neon-prod-earthengine/assets/HSI_REFL/002/2022_KONZ_7,2022-06-13,0.8748114630467572
NA5120_E1629N0672,EPSG:32614,-96.60110174472149,39.180741149484675,707207.6369620041,4339575.281026309,8343040.0,3443200.0,14SPJ,1,projects/neon-prod-earthengine/assets/HSI_REFL/002/2022_KONZ_7,2022-06-13,12.388591800356506
NA5120_E1629N0673,EPSG:32614,-96.600459882176,39.226855371441616,707127.5128890233,4344695.1841089595,8343040.0,3448320.0,14SPJ,1,projects/neon-prod-earthengine/assets/HSI_REFL/002/2022_KONZ_7,2022-06-13,22.63986013986014
NA5120_E1630N0669,EPSG:32614,-96.54438566366072,39.04184342239197,712524.2319710199,4324289.646962165,8348160.0,3427840.0,14SQJ,1,projects/neon-prod-earthengine/assets/HSI_REFL/002/2022_KONZ_7,2022-06-13,49.89441930618401
NA5120_E1630N0670,EPSG:32614,-96.54370576172083,39.08795824917263,712444.7122405297,4329409.683011861,8348160.0,3432960.0,14SQJ,1,projects/neon-prod-earthengine/assets/HSI_REFL/002/2022_KONZ_7,2022-06-13,0.0
NA5120_E1630N0671,EPSG:32614,-96.54302456105758,39.13407270246588,712365.0910819,4334529.715316997,8348160.0,3438080.0,14SQJ,1,projects/neon-prod-earthengine/assets/HSI_REFL/002/2022_KONZ_7,2022-06-13,3.535353535353535
NA5120_E1630N0672,EPSG:32614,-96.54234205823816,39.18018678213188,712285.3685491917,4339649.7438745415,8348160.0,3443200.0,14SQJ,1,projects/neon-prod-earthengine/assets/HSI_REFL/002/2022_KONZ_7,2022-06-13,36.048265460030166
NA5120_E1630N0673,EPSG:32614,-96.54165824981725,39.22630048803172,712205.5446965288,4344769.768681481,8348160.0,3448320.0,14SQJ,1,projects/neon-prod-earthengine/assets/HSI_REFL/002/2022_KONZ_7,2022-06-13,78.698752228164
NA5120_E1631N0669,EPSG:32614,-96.48575236492141,39.04125560775592,717601.2002449301,4324363.135858655,8353280.0,3427840.0,14SQJ,1,projects/neon-prod-earthengine/assets/HSI_REFL/002/2022_KONZ_7,2022-06-13,77.4660633484163
NA5120_E1631N0670,EPSG:32614,-96.48503075960333,39.08736988873625,717521.9839529885,4329483.295945064,8353280.0,3432960.0,14SQJ,1,projects/neon-prod-earthengine/assets/HSI_REFL/002/2022_KONZ_7,2022-06-13,50.591715976331365
NA5120_E1631N0671,EPSG:32614,-96.48430777593131,39.133483795262606,717442.6651421678,4334603.452231164,8353280.0,3438080.0,14SQJ,1,projects/neon-prod-earthengine/assets/HSI_REFL/002/2022_KONZ_7,2022-06-13,62.71538918597742
NA5120_E1631N0672,EPSG:32614,-96.48358341026214,39.17959732719254,717363.2438664483,4339723.604713786,8353280.0,3443200.0,14SQJ,1,projects/neon-prod-earthengine/assets/HSI_REFL/002/2022_KONZ_7,2022-06-13,100.0
NA5120_E1631N0673,EPSG:32614,-96.48285765893935,39.225710484384486,717283.7201798604,4344843.75338977,8353280.0,3448320.0,14SQJ,1,projects/neon-prod-earthengine/assets/HSI_REFL/002/2022_KONZ_7,2022-06-13,100.0
NA5120_E2268N0333,EPSG:32619,-67.13117920832427,18.086381477279765,697770.217764462,2000744.0579541456,11614720.0,1707520.0,19QFA,1,projects/neon-prod-earthengine/assets/HSI_REFL/002/2022_LAJA_2,2022-11-02,66.3761801016703
NA5120_E2268N0334,EPSG:32619,-67.11844558540196,18.12889796060651,699070.1118723254,2005463.7305222393,11614720.0,1712640.0,19QFA,1,projects/neon-prod-earthengine/assets/HSI_REFL/002/2022_LAJA_2,2022-11-02,77.27920227920228
NA5120_E2269N0331,EPSG:32619,-67.1132387730513,17.985388359934184,699783.3542338955,1989584.928549383,11619840.0,1697280.0,19QFV,1,projects/neon-prod-earthengine/assets/HSI_REFL/002/2022_LAJA_2,2022-11-02,100.0
NA5120_E2269N0332,EPSG:32619,-67.10052869922555,18.027903808653946,701081.3409415017,1994304.521271532,11619840.0,1702400.0,19QFA,1,projects/neon-prod-earthengine/assets/HSI_REFL/002/2022_LAJA_2,2022-11-02,95.60639070442993
NA5120_E2269N0333,EPSG:32619,-67.08780045477182,18.070414710552896,702380.5068630613,1999023.7979509742,11619840.0,1707520.0,19QFA,1,projects/neon-prod-earthengine/assets/HSI_REFL/002/2022_LAJA_2,2022-11-02,32.015669515669515
NA5120_E2269N0334,EPSG:32619,-67.07505401354989,18.112921057345613,703680.8513873605,2003742.7587203076,11619840.0,1712640.0,19QFA,1,projects/neon-prod-earthengine/assets/HSI_REFL/002/2022_LAJA_2,2022-11-02,45.28301886792453
NA5120_E2270N0332,EPSG:32619,-67.05717465332808,18.011926702868042,705690.849634042,1992583.7035035125,11624960.0,1702400.0,19QFV,1,projects/neon-prod-earthengine/assets/HSI_REFL/002/2022_LAJA_2,2022-11-02,76.91453940066593
NA5120_E2270N0333,EPSG:32619,-67.04443362796798,18.054427469326427,706990.4676127895,1997302.2689434916,11624960.0,1707520.0,19QGA,1,projects/neon-prod-earthengine/assets/HSI_REFL/002/2022_LAJA_2,2022-11-02,8.962264150943396
NA5120_E2270N0334,EPSG:32619,-67.03167439307369,18.096923670629163,708291.2636014757,2002020.5191585515,11624960.0,1712640.0,19QGA,1,projects/neon-prod-earthengine/assets/HSI_REFL/002/2022_LAJA_2,2022-11-02,86.27450980392157
NA5120_E2271N0332,EPSG:32619,-67.01383251454152,17.995929146928823,710300.0307180057,1990861.6137967515,11630080.0,1702400.0,19QGV,1,projects/neon-prod-earthengine/assets/HSI_REFL/002/2022_LAJA_2,2022-11-02,73.22206095791002
NA5120_E2271N0333,EPSG:32619,-67.00107873285582,18.038419769013327,711600.1018012332,1995579.4692401614,11630080.0,1707520.0,19QGA,1,projects/neon-prod-earthengine/assets/HSI_REFL/002/2022_LAJA_2,2022-11-02,11.220043572984748
NA5120_E2271N0334,EPSG:32619,-66.98830672891773,18.080905815892432,712901.3503031502,2000297.010143546,11630080.0,1712640.0,19QGA,1,projects/neon-prod-earthengine/assets/HSI_REFL/002/2022_LAJA_2,2022-11-02,99.27378358750907
NA5120_E2271N0335,EPSG:32619,-66.97551647653502,18.123387279233647,714203.7756140919,2005014.23664278,11630080.0,1717760.0,19QGA,1,projects/neon-prod-earthengine/assets/HSI_REFL/002/2022_LAJA_2,2022-11-02,100.0
NA5120_E2272N0332,EPSG:32619,-66.9705022877643,17.979911156234362,714908.8859779008,1989138.2504589525,11635200.0,1702400.0,19QGV,1,projects/neon-prod-earthengine/assets/HSI_REFL/002/2022_LAJA_2,2022-11-02,78.64923747276688
NA5120_E2272N0333,EPSG:32619,-66.95773577433499,18.02239162503393,716209.4112137998,1993855.3971467991,11635200.0,1707520.0,19QGA,1,projects/neon-prod-earthengine/assets/HSI_REFL/002/2022_LAJA_2,2022-11-02,27.41466957153232
NA5120_E2272N0334,EPSG:32619,-66.94495102598279,18.064867508578182,717511.1132786758,1998572.2299792364,11635200.0,1712640.0,19QGA,1,projects/neon-prod-earthengine/assets/HSI_REFL/002/2022_LAJA_2,2022-11-02,99.41902687000727
NA5120_E2272N0335,EPSG:32619,-66.93214801651953,18.10733879851939,718813.9915638125,2003288.7490931924,11635200.0,1717760.0,19QGA,1,projects/neon-prod-earthengine/assets/HSI_REFL/002/2022_LAJA_2,2022-11-02,100.0
NA5120_E1732N0826,EPSG:32616,-89.68187073007199,45.997266759059364,292328.86526035133,5097241.104695272,8870400.0,4231680.0,15TYM,1,projects/neon-prod-earthengine/assets/HSI_REFL/002/2022_LIRO_3,2022-06-17,51.55426765015806
NA5120_E1631N0667,EPSG:32614,-96.48719145500232,38.94902592300753,717759.3250565998,4314122.804297642,8353280.0,3417600.0,14SQJ,1,projects/neon-prod-earthengine/assets/HSI_REFL/002/2022_MCDI_3,2022-06-14,6.468531468531468
NA5120_E1632N0667,EPSG:32614,-96.42864241153485,38.94840427312909,722835.8303389972,4314195.432272879,8358400.0,3417600.0,14SQJ,1,projects/neon-prod-earthengine/assets/HSI_REFL/002/2022_MCDI_3,2022-06-14,56.38740344622698
NA5120_E1235N0845,EPSG:32610,-122.13423299517589,44.26202548406616,569105.9636116428,4901340.521952516,6325760.0,4328960.0,10TEQ,1,projects/neon-prod-earthengine/assets/HSI_REFL/002/2022_MCRA_3,2022-07-14,53.16210991438829
NA5120_E1907N0664,EPSG:32617,-80.61400278444268,37.33945114790691,534191.3060175967,4132599.727179688,9766400.0,3402240.0,17SNB,1,projects/neon-prod-earthengine/assets/HSI_REFL/002/2022_MLBS_5,2022-09-21,76.71274038461539
NA5120_E1907N0665,EPSG:32617,-80.60258452453157,37.384243853388234,535181.8127195596,4137573.257709682,9766400.0,3407360.0,17SNB,1,projects/neon-prod-earthengine/assets/HSI_REFL/002/2022_MLBS_5,2022-09-21,53.425480769230774
NA5120_E1907N0666,EPSG:32617,-80.5911456449312,37.42903395429104,536172.9211485102,4142546.6707079466,9766400.0,3412480.0,17SNB,1,projects/neon-prod-earthengine/assets/HSI_REFL/002/2022_MLBS_5,2022-09-21,51.685049019607845
NA5120_E1908N0664,EPSG:32617,-80.55809997991307,37.329513187682664,539148.3106695645,4131518.905582826,9771520.0,3402240.0,17SNB,1,projects/neon-prod-earthengine/assets/HSI_REFL/002/2022_MLBS_5,2022-09-21,37.43990384615385
NA5120_E1908N0665,EPSG:32617,-80.54664734986183,37.37429719715191,540139.0632271835,4136492.085378991,9771520.0,3407360.0,17SNB,1,projects/neon-prod-earthengine/assets/HSI_REFL/002/2022_MLBS_5,2022-09-21,0.0
NA5120_E1908N0666,EPSG:32617,-80.53517404524938,37.419078588048684,541130.4166826316,4141465.1483827857,9771520.0,3412480.0,17SNB,1,projects/neon-prod-earthengine/assets/HSI_REFL/002/2022_MLBS_5,2022-09-21,5.330882352941177
NA5120_E1909N0664,EPSG:32617,-80.50221342066143,37.31954335169403,544105.2080663452,4130437.4679048224,9776640.0,3402240.0,17SNB,1,projects/neon-prod-earthengine/assets/HSI_REFL/002/2022_MLBS_5,2022-09-21,59.465144230769226
NA5120_E1909N0665,EPSG:32617,-80.49072646356413,37.36431864044983,545096.2074551338,4135410.2987861945,9776640.0,3407360.0,17SNB,1,projects/neon-prod-earthengine/assets/HSI_REFL/002/2022_MLBS_5,2022-09-21,0.24509803921568626
NA5120_E1909N0666,EPSG:32617,-80.47921877717346,37.40909129660811,546087.8069134478,4140383.013614577,9776640.0,3412480.0,17SNB,1,projects/neon-prod-earthengine/assets/HSI_REFL/002/2022_MLBS_5,2022-09-21,19.607843137254903
NA5120_E1408N0667,EPSG:32612,-109.45625721479657,38.22057446701423,635133.3969744546,4231415.140882068,7211520.0,3417600.0,12SXH,1,projects/neon-prod-earthengine/assets/HSI_REFL/002/2022_MOAB_6,2022-04-30,63.905325443786985
NA5120_E1409N0666,EPSG:32612,-109.39073734505004,38.18218202101729,640943.1274353841,4227252.539742781,7216640.0,3412480.0,12SXH,1,projects/neon-prod-earthengine/assets/HSI_REFL/002/2022_MOAB_6,2022-04-30,69.65309200603318
NA5120_E1409N0667,EPSG:32612,-109.3989823604593,38.22763891865941,640133.7672718331,4232284.211199537,7216640.0,3417600.0,12SXH,1,projects/neon-prod-earthengine/assets/HSI_REFL/002/2022_MOAB_6,2022-04-30,0.0
NA5120_E1409N0668,EPSG:32612,-109.40724268676804,38.273094304844975,639323.8820087991,4237315.782717804,7216640.0,3422720.0,12SXH,1,projects/neon-prod-earthengine/assets/HSI_REFL/002/2022_MOAB_6,2022-04-30,0.0
NA5120_E1410N0666,EPSG:32612,-109.33348830701094,38.1892067024186,645943.447406101,4228120.6794711435,7221760.0,3412480.0,12SXH,1,projects/neon-prod-earthengine/assets/HSI_REFL/002/2022_MOAB_6,2022-04-30,72.84023668639054
NA5120_E1410N0667,EPSG:32612,-109.34169538657214,38.23466993246676,645134.3250503734,4233152.705383984,7221760.0,3417600.0,12SXH,1,projects/neon-prod-earthengine/assets/HSI_REFL/002/2022_MOAB_6,2022-04-30,24.223227752639517
NA5120_E1410N0668,EPSG:32612,-109.34991771041769,38.28013166175669,644324.6766583391,4238184.630736177,7221760.0,3422720.0,12SXH,1,projects/neon-prod-earthengine/assets/HSI_REFL/002/2022_MOAB_6,2022-04-30,15.656108597285067
NA5120_E1585N0588,EPSG:32614,-99.09310495641027,35.29623298904202,491534.7501461447,3905898.9551128834,8117760.0,3013120.0,14SME,1,projects/neon-prod-earthengine/assets/HSI_REFL/002/2022_OAES_6,2022-05-09,39.27893738140417
NA5120_E1585N0589,EPSG:32614,-99.09413506984633,35.342369622175006,491445.95064299594,3911015.693259932,8117760.0,3018240.0,14SME,1,projects/neon-prod-earthengine/assets/HSI_REFL/002/2022_OAES_6,2022-05-09,0.0
NA5120_E1585N0590,EPSG:32614,-99.09516704491071,35.38850588309924,491357.0940160986,3916132.4304857138,8117760.0,3023360.0,14SME,1,projects/neon-prod-earthengine/assets/HSI_REFL/002/2022_OAES_6,2022-05-09,0.18975332068311196
NA5120_E1585N0591,EPSG:32614,-99.09620088614314,35.43464177157071,491268.18032031157,3921249.1667916733,8117760.0,3028480.0,14SME,1,projects/neon-prod-earthengine/assets/HSI_REFL/002/2022_OAES_6,2022-05-09,45.19140989729225
NA5120_E1586N0588,EPSG:32614,-99.03761608189483,35.29715064050322,496579.925383827,3905997.3987511843,8122880.0,3013120.0,14SME,1,projects/neon-prod-earthengine/assets/HSI_REFL/002/2022_OAES_6,2022-05-09,56.19860847564833
NA5120_E1586N0589,EPSG:32614,-99.03861034280473,35.34328807171604,496491.5201146442,3911114.1705841483,8122880.0,3018240.0,14SME,1,projects/neon-prod-earthengine/assets/HSI_REFL/002/2022_OAES_6,2022-05-09,48.23200992555831
NA5120_E1586N0590,EPSG:32614,-99.03960640060473,35.38942513202884,496403.05664763093,3916230.941426726,8122880.0,3023360.0,14SME,1,projects/neon-prod-earthengine/assets/HSI_REFL/002/2022_OAES_6,2022-05-09,46.000622471210704
NA5120_E1586N0591,EPSG:32614,-99.04060425967685,35.43556182120101,496314.5350375184,3921347.711280292,8122880.0,3028480.0,14SME,1,projects/neon-prod-earthengine/assets/HSI_REFL/002/2022_OAES_6,2022-05-09,66.41767818238407
NA5120_E1363N0717,EPSG:32612,-112.54210104686175,40.122369430865284,368599.26797180466,4442478.860147146,6981120.0,3673600.0,12TUK,1,projects/neon-prod-earthengine/assets/HSI_REFL/002/2022_ONAQ_4,2022-05-05,66.21699196326063
NA5120_E1363N0718,EPSG:32612,-112.55304469862708,40.167394336227915,367754.0932949473,4447492.858887847,6981120.0,3678720.0,12TUK,1,projects/neon-prod-earthengine/assets/HSI_REFL/002/2022_ONAQ_4,2022-05-05,16.330114135206323
NA5120_E1363N0719,EPSG:32612,-112.56400911505183,40.212416942472494,366908.46075913624,4452506.793406715,6981120.0,3683840.0,12TUK,1,projects/neon-prod-earthengine/assets/HSI_REFL/002/2022_ONAQ_4,2022-05-05,35.20632133450395
NA5120_E1363N0720,EPSG:32612,-112.57499435011421,40.25743724425615,366062.37086153554,4457520.663849234,6981120.0,3688960.0,12TUK,1,projects/neon-prod-earthengine/assets/HSI_REFL/002/2022_ONAQ_4,2022-05-05,83.96254023997659
NA5120_E1364N0717,EPSG:32612,-112.48352975546098,40.13131983237751,373606.8406027179,4443387.404129996,6986240.0,3673600.0,12TUK,1,projects/neon-prod-earthengine/assets/HSI_REFL/002/2022_ONAQ_4,2022-05-05,49.21328671328671
NA5120_E1364N0718,EPSG:32612,-112.49443384865451,40.176353022362754,372761.8953783614,4448401.6358215995,6986240.0,3678720.0,12TUK,1,projects/neon-prod-earthengine/assets/HSI_REFL/002/2022_ONAQ_4,2022-05-05,0.0
NA5120_E1364N0719,EPSG:32612,-112.50535863841732,40.22138392753659,371916.4914044456,4453415.802635495,6986240.0,3683840.0,12TUK,1,projects/neon-prod-earthengine/assets/HSI_REFL/002/2022_ONAQ_4,2022-05-05,0.0
NA5120_E1365N0717,EPSG:32612,-112.4249419796762,40.14023610546681,378614.42703723046,4444295.420491357,6991360.0,3673600.0,12TUK,1,projects/neon-prod-earthengine/assets/HSI_REFL/002/2022_ONAQ_4,2022-05-05,44.833524684270955
NA5120_E1365N0718,EPSG:32612,-112.43580646813669,40.185277551364045,377769.71040171734,4449309.8870541155,6991360.0,3678720.0,12TUK,1,projects/neon-prod-earthengine/assets/HSI_REFL/002/2022_ONAQ_4,2022-05-05,1.7482517482517483
NA5120_E1365N0719,EPSG:32612,-112.44669158491557,40.23031672671518,376924.53412540664,4454324.288083426,6991360.0,3683840.0,12TUK,1,projects/neon-prod-earthengine/assets/HSI_REFL/002/2022_ONAQ_4,2022-05-05,3.3571004159239455
NA5120_E1607N0545,EPSG:32614,-97.86215174853326,33.32422541934689,605905.3526669154,3687809.3098898223,8230400.0,2792960.0,14SNB,1,projects/neon-prod-earthengine/assets/HSI_REFL/002/2022_PRIN_5,2022-05-06,97.29990356798457
NA5120_E1607N0546,EPSG:32614,-97.86237468738653,33.37038810452518,605828.7294502498,3692927.37146402,8230400.0,2798080.0,14SNB,1,projects/neon-prod-earthengine/assets/HSI_REFL/002/2022_PRIN_5,2022-05-06,26.39022822243652
NA5120_E1607N0547,EPSG:32614,-97.86259801897853,33.41655044493872,605752.0232672499,3698045.4307624376,8230400.0,2803200.0,14SNC,1,projects/neon-prod-earthengine/assets/HSI_REFL/002/2022_PRIN_5,2022-05-06,43.820933165195456
NA5120_E1608N0545,EPSG:32614,-97.80812840585403,33.3244200190851,610933.6179357314,3687887.058349237,8235520.0,2792960.0,14SPB,1,projects/neon-prod-earthengine/assets/HSI_REFL/002/2022_PRIN_5,2022-05-06,52.10543233686917
NA5120_E1608N0546,EPSG:32614,-97.80831808927049,33.3705828681934,610857.4334480397,3693005.2020159997,8235520.0,2798080.0,14SPB,1,projects/neon-prod-earthengine/assets/HSI_REFL/002/2022_PRIN_5,2022-05-06,0.0
NA5120_E1608N0547,EPSG:32614,-97.8085081068435,33.416745372795674,610781.1649229173,3698123.34335536,8235520.0,2803200.0,14SPC,1,projects/neon-prod-earthengine/assets/HSI_REFL/002/2022_PRIN_5,2022-05-06,67.11668273866924
NA5120_E1378N0729,EPSG:32612,-111.78728466517254,40.794648180531595,433582.77227832243,4516259.609464285,7057920.0,3735040.0,12TVL,1,projects/neon-prod-earthengine/assets/HSI_REFL/002/2022_REDB_4,2022-05-06,19.20415224913495
NA5120_E1378N0730,EPSG:32612,-111.79787032112286,40.83976893134501,432735.32668225036,4521276.424935885,7057920.0,3740160.0,12TVL,1,projects/neon-prod-earthengine/assets/HSI_REFL/002/2022_REDB_4,2022-05-06,72.3441615452151
NA5120_E1479N0700,EPSG:32613,-105.55076434866844,40.150188072383315,453089.9579646374,4444572.2233230155,7575040.0,3586560.0,13TDE,1,projects/neon-prod-earthengine/assets/HSI_REFL/002/2022_RMNP_4,2022-07-25,12.887485648679679
NA5120_E1479N0701,EPSG:32613,-105.5566506464144,40.19598707313661,452620.46473677276,4449658.78175934,7575040.0,3591680.0,13TDE,1,projects/neon-prod-earthengine/assets/HSI_REFL/002/2022_RMNP_4,2022-07-25,14.86013986013986
NA5120_E1479N0702,EPSG:32613,-105.56254831375622,40.24178514679631,452150.70829597436,4454745.318330535,7575040.0,3596800.0,13TDE,1,projects/neon-prod-earthengine/assets/HSI_REFL/002/2022_RMNP_4,2022-07-25,28.874856486796784
NA5120_E1479N0703,EPSG:32613,-105.56845738114085,40.287582291721286,451680.6889321895,4459831.833080781,7575040.0,3601920.0,13TDE,1,projects/neon-prod-earthengine/assets/HSI_REFL/002/2022_RMNP_4,2022-07-25,39.150401836969
NA5120_E1479N0704,EPSG:32613,-105.57437787912694,40.333378506265724,451210.4069355553,4464918.326054372,7575040.0,3607040.0,13TDE,1,projects/neon-prod-earthengine/assets/HSI_REFL/002/2022_RMNP_4,2022-07-25,97.24454649827784
NA5120_E1480N0700,EPSG:32613,-105.4914045261092,40.15499181172191,458148.7607800604,4445075.759657461,7580160.0,3586560.0,13TDE,1,projects/neon-prod-earthengine/assets/HSI_REFL/002/2022_RMNP_4,2022-07-25,0.6731050629206907
NA5120_E1480N0701,EPSG:32613,-105.49724830426538,40.20079533590039,457679.53039137577,4450162.460996473,7580160.0,3591680.0,13TDE,1,projects/neon-prod-earthengine/assets/HSI_REFL/002/2022_RMNP_4,2022-07-25,0.0
NA5120_E1480N0702,EPSG:32613,-105.50310337193041,40.24659794107776,457210.03576152516,4455249.140094046,7580160.0,3596800.0,13TDE,1,projects/neon-prod-earthengine/assets/HSI_REFL/002/2022_RMNP_4,2022-07-25,0.0
NA5120_E1480N0703,EPSG:32613,-105.50896975934498,40.2923996256351,456740.2771804781,4460335.796994023,7580160.0,3601920.0,13TDE,1,projects/neon-prod-earthengine/assets/HSI_REFL/002/2022_RMNP_4,2022-07-25,6.565656565656567
NA5120_E1481N0700,EPSG:32613,-105.43203570884833,40.15976022789956,463207.59066557715,4445578.74824638,7585280.0,3586560.0,13TDE,1,projects/neon-prod-earthengine/assets/HSI_REFL/002/2022_RMNP_4,2022-07-25,76.58764998536728
NA5120_E1481N0701,EPSG:32613,-105.43783694151576,40.20556824308114,462738.62262700207,4450665.594565984,7585280.0,3591680.0,13TDE,1,projects/neon-prod-earthengine/assets/HSI_REFL/002/2022_RMNP_4,2022-07-25,61.28182616330115
NA5120_E1481N0702,EPSG:32613,-105.44364938351096,40.25137534729848,462269.38931863743,4455752.418268138,7585280.0,3596800.0,13TDE,1,projects/neon-prod-earthengine/assets/HSI_REFL/002/2022_RMNP_4,2022-07-25,56.18964003511853
NA5120_E1481N0703,EPSG:32613,-105.44947306486803,40.29718153895475,461799.8910304653,4460839.219396352,7585280.0,3601920.0,13TDE,1,projects/neon-prod-earthengine/assets/HSI_REFL/002/2022_RMNP_4,2022-07-25,61.603745976002344
NA5120_E1940N0707,EPSG:32617,-78.21839034858725,38.90509625608986,741206.1028495326,4309923.879846029,9935360.0,3622400.0,17SQD,1,projects/neon-prod-earthengine/assets/HSI_REFL/002/2022_SCBI_5,2022-05-30,64.43786982248521
NA5120_E1941N0706,EPSG:32617,-78.17513508237228,38.84934764879214,745149.2524405371,4303851.282629781,9940480.0,3617280.0,17SQD,1,projects/neon-prod-earthengine/assets/HSI_REFL/002/2022_SCBI_5,2022-05-30,0.1456876456876457
NA5120_E1941N0707,EPSG:32617,-78.16158401965873,38.89369467958313,746172.2917367897,4308810.198947337,9940480.0,3622400.0,17SQD,1,projects/neon-prod-earthengine/assets/HSI_REFL/002/2022_SCBI_5,2022-05-30,0.0
NA5120_E1942N0706,EPSG:32617,-78.11838346803192,38.837923989694076,750115.2235377964,4302737.277247835,9945600.0,3617280.0,17SQD,1,projects/neon-prod-earthengine/assets/HSI_REFL/002/2022_SCBI_5,2022-05-30,17.17171717171717
NA5120_E1942N0707,EPSG:32617,-78.10479737205104,38.88226085013305,751138.5089029772,4307695.9358855495,9945600.0,3622400.0,17SQD,1,projects/neon-prod-earthengine/assets/HSI_REFL/002/2022_SCBI_5,2022-05-30,19.102792632204395
NA5120_E1942N0708,EPSG:32617,-78.09118642536652,38.9265942799276,752162.3436764276,4312654.511591843,9945600.0,3627520.0,17SQD,1,projects/neon-prod-earthengine/assets/HSI_REFL/002/2022_SCBI_5,2022-05-30,72.84023668639054
NA5120_E1967N0713,EPSG:32618,-76.604427354505,38.85036714283653,360773.7575502021,4301394.857520564,10073600.0,3653120.0,18SUJ,1,projects/neon-prod-earthengine/assets/HSI_REFL/002/2022_SERC_6,2022-05-29,31.4792899408284
NA5120_E1967N0714,EPSG:32618,-76.58979840081254,38.89441484549036,362128.4205379884,4306260.971004153,10073600.0,3658240.0,18SUJ,1,projects/neon-prod-earthengine/assets/HSI_REFL/002/2022_SERC_6,2022-05-29,0.0
NA5120_E1967N0715,EPSG:32618,-76.57514286137894,38.9384586310417,363483.8913353175,4311126.832876539,10073600.0,3663360.0,18SUJ,1,projects/neon-prod-earthengine/assets/HSI_REFL/002/2022_SERC_6,2022-05-29,42.511655011655016
NA5120_E1968N0713,EPSG:32618,-76.54796366200641,38.83803766420568,365650.5366652569,4299941.992729073,10078720.0,3653120.0,18SUJ,1,projects/neon-prod-earthengine/assets/HSI_REFL/002/2022_SERC_6,2022-05-29,54.2684766214178
NA5120_E1968N0714,EPSG:32618,-76.53330071961338,38.88207446266876,367005.29138756974,4304807.5963218,10078720.0,3658240.0,18SUJ,1,projects/neon-prod-earthengine/assets/HSI_REFL/002/2022_SERC_6,2022-05-29,0.0
NA5120_E1968N0715,EPSG:32618,-76.51861114167377,38.926107326548376,368360.8532672991,4309672.94928626,10078720.0,3663360.0,18SUJ,1,projects/neon-prod-earthengine/assets/HSI_REFL/002/2022_SERC_6,2022-05-29,35.41295306001188
NA5120_E1360N0532,EPSG:32612,-110.98192716730446,31.73510840195861,501711.96518590656,3511075.2131336257,6965760.0,2726400.0,12SVA,1,projects/neon-prod-earthengine/assets/HSI_REFL/002/2022_SRER_5,2022-08-29,100.0
NA5120_E1361N0532,EPSG:32612,-110.92967472019126,31.74282607563307,506661.07319567853,3511932.632537056,6970880.0,2726400.0,12SVA,1,projects/neon-prod-earthengine/assets/HSI_REFL/002/2022_SRER_5,2022-08-29,76.47435897435896
NA5120_E1361N0533,EPSG:32612,-110.93759431725105,31.788187615835874,505908.06136762694,3516959.975530469,6970880.0,2731520.0,12SVA,1,projects/neon-prod-earthengine/assets/HSI_REFL/002/2022_SRER_5,2022-08-29,3.9542483660130716
NA5120_E1361N0534,EPSG:32612,-110.94552735409772,31.833547591521924,505154.50640777504,3521987.2342470107,6970880.0,2736640.0,12SVA,1,projects/neon-prod-earthengine/assets/HSI_REFL/002/2022_SRER_5,2022-08-29,0.0
NA5120_E1361N0535,EPSG:32612,-110.9534738602556,31.87890599954066,504400.4087589402,3527014.4087705817,6970880.0,2741760.0,12SVA,1,projects/neon-prod-earthengine/assets/HSI_REFL/002/2022_SRER_5,2022-08-29,76.27450980392156
NA5120_E1361N0536,EPSG:32612,-110.96143386534057,31.924262836733515,503645.76886425953,3532041.499185429,6970880.0,2746880.0,12SVA,1,projects/neon-prod-earthengine/assets/HSI_REFL/002/2022_SRER_5,2022-08-29,99.93589743589743
NA5120_E1362N0532,EPSG:32612,-110.87741205652863,31.75051433493746,511610.3340084088,3512789.1693388447,6976000.0,2726400.0,12SWA,1,projects/neon-prod-earthengine/assets/HSI_REFL/002/2022_SRER_5,2022-08-29,3.594771241830065
NA5120_E1362N0533,EPSG:32612,-110.88530256095152,31.795882086357963,510857.7214534506,3517816.85284724,6976000.0,2731520.0,12SWA,1,projects/neon-prod-earthengine/assets/HSI_REFL/002/2022_SRER_5,2022-08-29,0.0
NA5120_E1362N0534,EPSG:32612,-110.89320645889448,31.84124828243387,510104.56483958464,3522844.4515345558,6976000.0,2736640.0,12SWA,1,projects/neon-prod-earthengine/assets/HSI_REFL/002/2022_SRER_5,2022-08-29,0.0
NA5120_E1362N0535,EPSG:32612,-110.90112377979189,31.886612920035653,509350.864609819,3527871.965484011,6976000.0,2741760.0,12SWA,1,projects/neon-prod-earthengine/assets/HSI_REFL/002/2022_SRER_5,2022-08-29,0.0
NA5120_E1362N0536,EPSG:32612,-110.9090545531695,31.931975996025816,508596.62120749324,3532899.3947791783,6976000.0,2746880.0,12SWA,1,projects/neon-prod-earthengine/assets/HSI_REFL/002/2022_SRER_5,2022-08-29,61.30718954248366
NA5120_E1363N0531,EPSG:32612,-110.81729114257173,31.71279768410844,517311.4189657469,3508616.7131716507,6981120.0,2721280.0,12SWA,1,projects/neon-prod-earthengine/assets/HSI_REFL/002/2022_SRER_5,2022-08-29,66.33986928104575
NA5120_E1363N0532,EPSG:32612,-110.82513921088189,31.7581731676299,516559.7503898245,3513644.8245201884,6981120.0,2726400.0,12SWA,1,projects/neon-prod-earthengine/assets/HSI_REFL/002/2022_SRER_5,2022-08-29,4.006410256410256
NA5120_E1363N0533,EPSG:32612,-110.8330005971151,31.803547108050758,515807.5363841208,3518672.8504215693,6981120.0,2731520.0,12SWA,1,projects/neon-prod-earthengine/assets/HSI_REFL/002/2022_SRER_5,2022-08-29,0.0
NA5120_E1363N0534,EPSG:32612,-110.8408753305248,31.84891950227035,515054.7773915216,3523700.790957985,6981120.0,2736640.0,12SWA,1,projects/neon-prod-earthengine/assets/HSI_REFL/002/2022_SRER_5,2022-08-29,0.0
NA5120_E1363N0535,EPSG:32612,-110.84876344045517,31.89429034718008,514301.4738552236,3528728.646211973,6981120.0,2741760.0,12SWA,1,projects/neon-prod-earthengine/assets/HSI_REFL/002/2022_SRER_5,2022-08-29,0.0
NA5120_E1363N0536,EPSG:32612,-110.85666495634149,31.939659639663486,513547.6262187519,3533756.416266426,6981120.0,2746880.0,12SWA,1,projects/neon-prod-earthengine/assets/HSI_REFL/002/2022_SRER_5,2022-08-29,75.8974358974359
NA5120_E1364N0531,EPSG:32612,-110.76503724690475,31.72042092032527,522260.59492684423,3509471.1428964864,6986240.0,2721280.0,12SWA,1,projects/neon-prod-earthengine/assets/HSI_REFL/002/2022_SRER_5,2022-08-29,94.07051282051282
NA5120_E1364N0532,EPSG:32612,-110.77285621788145,31.765802561509144,521509.3251066077,3514499.599059884,6986240.0,2726400.0,12SWA,1,projects/neon-prod-earthengine/assets/HSI_REFL/002/2022_SRER_5,2022-08-29,21.013071895424837
NA5120_E1364N0533,EPSG:32612,-110.78068846045136,31.811182668685944,520757.5089275147,3519527.9692332386,6986240.0,2731520.0,12SWA,1,projects/neon-prod-earthengine/assets/HSI_REFL/002/2022_SRER_5,2022-08-29,0.4487179487179487
NA5120_E1364N0534,EPSG:32612,-110.78853400377761,31.85656123877582,520005.14683264075,3524556.253498054,6986240.0,2736640.0,12SWA,1,projects/neon-prod-earthengine/assets/HSI_REFL/002/2022_SRER_5,2022-08-29,0.0
NA5120_E1364N0535,EPSG:32612,-110.7963928771139,31.90193826869109,519252.2392653765,3529584.451936191,6986240.0,2741760.0,12SWA,1,projects/neon-prod-earthengine/assets/HSI_REFL/002/2022_SRER_5,2022-08-29,0.0
NA5120_E1365N0533,EPSG:32612,-110.72836618573514,31.818788756075985,525707.641852458,3520382.210259628,6991360.0,2731520.0,12SWA,1,projects/neon-prod-earthengine/assets/HSI_REFL/002/2022_SRER_5,2022-08-29,79.67320261437908
NA5120_E1365N0534,EPSG:32612,-110.73618251350733,31.86417347973561,524955.6759329466,3525410.840133125,6991360.0,2736640.0,12SWA,1,projects/neon-prod-earthengine/assets/HSI_REFL/002/2022_SRER_5,2022-08-29,83.46153846153847
NA5120_E1365N0535,EPSG:32612,-110.74401212470225,31.909556672326804,524203.1636114653,3530439.3836360094,6991360.0,2741760.0,12SWA,1,projects/neon-prod-earthengine/assets/HSI_REFL/002/2022_SRER_5,2022-08-29,68.52941176470588
NA5120_E1734N0816,EPSG:32616,-89.61797220392536,45.53004958630894,295576.25885497086,5045168.89302008,8880640.0,4180480.0,15TYL,1,projects/neon-prod-earthengine/assets/HSI_REFL/002/2022_STEI_5,2022-06-09,48.64356701584743
NA5120_E1735N0814,EPSG:32616,-89.566324839448,45.43368595810848,299266.95000591164,5034333.087164095,8885760.0,4170240.0,15TYL,1,projects/neon-prod-earthengine/assets/HSI_REFL/002/2022_STEI_5,2022-06-09,52.72629599785119
NA5120_E1735N0815,EPSG:32616,-89.55963174963226,45.479439272171625,299952.41514574323,5039399.338171457,8885760.0,4175360.0,15TYL,1,projects/neon-prod-earthengine/assets/HSI_REFL/002/2022_STEI_5,2022-06-09,0.0
NA5120_E1735N0816,EPSG:32616,-89.55292443238756,45.52519157873998,300638.2676748262,5044465.519175808,8885760.0,4180480.0,15TYL,1,projects/neon-prod-earthengine/assets/HSI_REFL/002/2022_STEI_5,2022-06-09,0.0
NA5120_E1735N0817,EPSG:32616,-89.5462028447309,45.57094287586758,301324.5071601209,5049531.630256936,8885760.0,4185600.0,15TYL,1,projects/neon-prod-earthengine/assets/HSI_REFL/002/2022_STEI_5,2022-06-09,73.22052108514639
NA5120_E1736N0814,EPSG:32616,-89.50139612071743,45.42879852051645,304328.6066893748,5033630.005666444,8890880.0,4170240.0,15TYL,1,projects/neon-prod-earthengine/assets/HSI_REFL/002/2022_STEI_5,2022-06-09,66.99157007376185
NA5120_E1736N0815,EPSG:32616,-89.49464937950329,45.47454672063799,305014.1666661855,5038695.982069296,8890880.0,4175360.0,15TYL,1,projects/neon-prod-earthengine/assets/HSI_REFL/002/2022_STEI_5,2022-06-09,0.0
NA5120_E1736N0816,EPSG:32616,-89.48788829983937,45.520293902975375,305700.11304068123,5043761.889030722,8890880.0,4180480.0,15TYL,1,projects/neon-prod-earthengine/assets/HSI_REFL/002/2022_STEI_5,2022-06-09,0.0
NA5120_E1736N0817,EPSG:32616,-89.48111283842049,45.56604006555119,306386.44538004,5048827.726630947,8890880.0,4185600.0,15TYL,1,projects/neon-prod-earthengine/assets/HSI_REFL/002/2022_STEI_5,2022-06-09,58.87776606954689
NA5120_E1737N0815,EPSG:32616,-89.42967870187299,45.46961455465716,310075.7571500087,5037992.366745309,8896000.0,4175360.0,15TYL,1,projects/neon-prod-earthengine/assets/HSI_REFL/002/2022_STEI_5,2022-06-09,0.0
NA5120_E1737N0816,EPSG:32616,-89.42286389689582,45.51535657239279,310761.7980749082,5043058.00172237,8896000.0,4180480.0,15TYL,1,projects/neon-prod-earthengine/assets/HSI_REFL/002/2022_STEI_5,2022-06-09,0.0
NA5120_E1737N0817,EPSG:32616,-89.41603459897179,45.56109755996833,311448.22397389926,5048123.567900209,8896000.0,4185600.0,15TYL,1,projects/neon-prod-earthengine/assets/HSI_REFL/002/2022_STEI_5,2022-06-09,48.025785656728445
NA5120_E1521N0702,EPSG:32613,-103.05881527512466,40.41334121829957,664700.6210030355,4475444.841102702,7790080.0,3596800.0,13TFE,1,projects/neon-prod-earthengine/assets/HSI_REFL/002/2022_STER_4,2022-07-17,71.58438576349025
NA5120_E1521N0703,EPSG:32613,-103.06291140979818,40.459300712242516,664241.1421249759,4480539.120695547,7790080.0,3601920.0,13TFE,1,projects/neon-prod-earthengine/assets/HSI_REFL/002/2022_STER_4,2022-07-17,0.0
NA5120_E1521N0704,EPSG:32613,-103.0670155196668,40.505259568347086,663781.3570500092,4485633.362922423,7790080.0,3607040.0,13TFE,1,projects/neon-prod-earthengine/assets/HSI_REFL/002/2022_STER_4,2022-07-17,0.5560433128475271
NA5120_E1522N0702,EPSG:32613,-102.99904636835095,40.41665953426903,669763.7226776984,4475926.355275149,7795200.0,3596800.0,13TFE,1,projects/neon-prod-earthengine/assets/HSI_REFL/002/2022_STER_4,2022-07-17,69.78609625668449
NA5120_E1522N0703,EPSG:32613,-103.00309888493476,40.462622179230536,669304.4847053447,4481020.864705331,7795200.0,3601920.0,13TFE,1,projects/neon-prod-earthengine/assets/HSI_REFL/002/2022_STER_4,2022-07-17,15.130231196956395
NA5120_E1522N0704,EPSG:32613,-103.00715929278122,40.50858419206301,668844.9394883526,4486115.336404019,7795200.0,3607040.0,13TFE,1,projects/neon-prod-earthengine/assets/HSI_REFL/002/2022_STER_4,2022-07-17,11.96266968325792
NA5120_E1237N1466,EPSG:32606,-149.55046361571894,68.53643595832676,395876.7026056635,7604831.292530926,6336000.0,7508480.0,05WPS,1,projects/neon-prod-earthengine/assets/HSI_REFL/002/2022_TOOL_4,2022-08-03,48.145013401043876
NA5120_E1237N1467,EPSG:32606,-149.64175035574854,68.56691421967139,392297.62478027557,7608384.108676379,6336000.0,7513600.0,05WPS,1,projects/neon-prod-earthengine/assets/HSI_REFL/002/2022_TOOL_4,2022-08-03,7.673860911270983
NA5120_E1238N1465,EPSG:32606,-149.37341368764316,68.53748895847644,403106.1935605554,7604659.5289320005,6341120.0,7503360.0,05WPS,1,projects/neon-prod-earthengine/assets/HSI_REFL/002/2022_TOOL_4,2022-08-03,45.408379179009735
NA5120_E1238N1466,EPSG:32606,-149.4644675594811,68.56806736077577,399527.0860932878,7608212.742273327,6341120.0,7508480.0,05WPS,1,projects/neon-prod-earthengine/assets/HSI_REFL/002/2022_TOOL_4,2022-08-03,0.0
NA5120_E1238N1467,EPSG:32606,-149.5557822097543,68.59859104087967,395947.41393090325,7611765.459610993,6341120.0,7513600.0,05WPS,1,projects/neon-prod-earthengine/assets/HSI_REFL/002/2022_TOOL_4,2022-08-03,0.0
NA5120_E1238N1468,EPSG:32606,-149.64735828473474,68.62905976568162,392367.1771471173,7615317.683133835,6341120.0,7518720.0,05WPS,1,projects/neon-prod-earthengine/assets/HSI_REFL/002/2022_TOOL_4,2022-08-03,11.539004090844971
NA5120_E1239N1464,EPSG:32606,-149.19634883573283,68.53835923426186,410335.5694509716,7604488.19045394,6346240.0,7498240.0,05WPS,1,projects/neon-prod-earthengine/assets/HSI_REFL/002/2022_TOOL_4,2022-08-03,100.0
NA5120_E1239N1465,EPSG:32606,-149.28716823800917,68.56903752669582,406756.4277979153,7608041.804179298,6346240.0,7503360.0,05WPS,1,projects/neon-prod-earthengine/assets/HSI_REFL/002/2022_TOOL_4,2022-08-03,25.222175201015656
NA5120_E1239N1466,EPSG:32606,-149.37824861164717,68.59966137867659,403176.7229008335,7611594.918818877,6346240.0,7508480.0,05WPS,1,projects/neon-prod-earthengine/assets/HSI_REFL/002/2022_TOOL_4,2022-08-03,0.0
NA5120_E1239N1467,EPSG:32606,-149.46959061106006,68.63023055753115,399596.45483510447,7615147.536562008,6346240.0,7513600.0,05WPS,1,projects/neon-prod-earthengine/assets/HSI_REFL/002/2022_TOOL_4,2022-08-03,0.0
NA5120_E1239N1468,EPSG:32606,-149.56119488907188,68.66074482966833,396015.62367455196,7618699.659598487,6346240.0,7518720.0,05WPS,1,projects/neon-prod-earthengine/assets/HSI_REFL/002/2022_TOOL_4,2022-08-03,0.0
NA5120_E1239N1469,EPSG:32606,-149.65306209686335,68.69120396057832,392434.22949143394,7622251.290118621,6346240.0,7523840.0,05WPS,1,projects/neon-prod-earthengine/assets/HSI_REFL/002/2022_TOOL_4,2022-08-03,20.462184873949578
NA5120_E1240N1464,EPSG:32606,-149.10985524252845,68.56982469312183,413985.65911825583,7607871.293983503,6351360.0,7498240.0,05WPS,1,projects/neon-prod-earthengine/assets/HSI_REFL/002/2022_TOOL_4,2022-08-03,94.39775910364145
NA5120_E1240N1465,EPSG:32606,-149.2006997364453,68.60054846423509,410405.916941326,7611424.809112341,6351360.0,7503360.0,05WPS,1,projects/neon-prod-earthengine/assets/HSI_REFL/002/2022_TOOL_4,2022-08-03,84.10213006065736
NA5120_E1240N1466,EPSG:32606,-149.29180604382054,68.63121784510348,406825.61304763204,7614977.824261877,6351360.0,7508480.0,05WPS,1,projects/neon-prod-earthengine/assets/HSI_REFL/002/2022_TOOL_4,2022-08-03,23.818681318681318
NA5120_E1240N1467,EPSG:32606,-149.38317482563767,68.66183260257802,403244.7475126623,7618530.341622394,6351360.0,7513600.0,05WPS,1,projects/neon-prod-earthengine/assets/HSI_REFL/002/2022_TOOL_4,2022-08-03,0.0
NA5120_E1240N1468,EPSG:32606,-149.47480674131964,68.69239250258477,399663.32041033864,7622082.363384661,6351360.0,7518720.0,05WPS,1,projects/neon-prod-earthengine/assets/HSI_REFL/002/2022_TOOL_4,2022-08-03,12.302236770321876
NA5120_E1241N1466,EPSG:32606,-149.205139126476,68.6627365923448,410473.75655076955,7618361.460696098,6356480.0,7508480.0,05WPS,1,projects/neon-prod-earthengine/assets/HSI_REFL/002/2022_TOOL_4,2022-08-03,92.51373626373626
NA5120_E1241N1467,EPSG:32606,-149.29653411829045,68.69339700818244,406892.29198110785,7621913.876884593,6356480.0,7513600.0,05WPS,1,projects/neon-prod-earthengine/assets/HSI_REFL/002/2022_TOOL_4,2022-08-03,33.17927170868347
NA5120_E1652N0668,EPSG:32615,-95.25639597937104,38.97473595171032,304534.58934482257,4316394.55715643,8460800.0,3422720.0,15STD,1,projects/neon-prod-earthengine/assets/HSI_REFL/002/2022_UKFS_6,2022-06-09,56.001188354129525
NA5120_E1652N0669,EPSG:32615,-95.25480264040137,39.02083168393761,304799.39729545906,4321507.260666876,8460800.0,3427840.0,15STD,1,projects/neon-prod-earthengine/assets/HSI_REFL/002/2022_UKFS_6,2022-06-09,49.22756981580511
NA5120_E1652N0670,EPSG:32615,-95.2532062624469,39.06692700839839,305064.4143068413,4326619.946756313,8460800.0,3432960.0,15STD,1,projects/neon-prod-earthengine/assets/HSI_REFL/002/2022_UKFS_6,2022-06-09,47.81065088757396
NA5120_E1653N0668,EPSG:32615,-95.19784279716501,38.973380061773476,309603.7903392392,4316119.982655878,8465920.0,3422720.0,15SUD,1,projects/neon-prod-earthengine/assets/HSI_REFL/002/2022_UKFS_6,2022-06-09,63.28402366863906
NA5120_E1653N0669,EPSG:32615,-95.19620794406836,39.019474537104976,309868.89090271934,4321232.505179466,8465920.0,3427840.0,15SUD,1,projects/neon-prod-earthengine/assets/HSI_REFL/002/2022_UKFS_6,2022-06-09,0.0
NA5120_E1653N0670,EPSG:32615,-95.19456997296116,39.0655686024493,310134.1994481756,4326345.010487788,8465920.0,3432960.0,15SUD,1,projects/neon-prod-earthengine/assets/HSI_REFL/002/2022_UKFS_6,2022-06-09,0.17825311942959002
NA5120_E1654N0668,EPSG:32615,-95.13929208617112,38.97198926163632,314672.8382152162,4315844.807652365,8471040.0,3422720.0,15SUD,1,projects/neon-prod-earthengine/assets/HSI_REFL/002/2022_UKFS_6,2022-06-09,96.01809954751131
NA5120_E1654N0669,EPSG:32615,-95.13761572599473,39.018082447778106,314938.23164051306,4320957.151315963,8471040.0,3427840.0,15SUD,1,projects/neon-prod-earthengine/assets/HSI_REFL/002/2022_UKFS_6,2022-06-09,37.64705882352941
NA5120_E1654N0670,EPSG:32615,-95.1359361688073,39.06417522165513,315203.8319694189,4326069.477970413,8471040.0,3432960.0,15SUD,1,projects/neon-prod-earthengine/assets/HSI_REFL/002/2022_UKFS_6,2022-06-09,40.268065268065264
NA5120_E1733N0830,EPSG:32616,-89.5891414265973,46.17543726683232,300154.0619437252,5116798.881538103,8875520.0,4252160.0,15TYM,1,projects/neon-prod-earthengine/assets/HSI_REFL/002/2022_UNDE_5,2022-06-20,53.232644409115
NA5120_E1733N0831,EPSG:32616,-89.58232649127159,46.221184663404394,300845.5173720933,5121864.559514003,8875520.0,4257280.0,15TYM,1,projects/neon-prod-earthengine/assets/HSI_REFL/002/2022_UNDE_5,2022-06-20,43.0566747246844
NA5120_E1733N0832,EPSG:32616,-89.57549685232924,46.26693104184513,301537.3552134349,5126930.167654863,8875520.0,4262400.0,15TYM,1,projects/neon-prod-earthengine/assets/HSI_REFL/002/2022_UNDE_5,2022-06-20,54.02806652806653
NA5120_E1734N0829,EPSG:32616,-89.53017223917247,46.12480402777409,304526.27618993854,5111026.450449962,8880640.0,4247040.0,15TYM,1,projects/neon-prod-earthengine/assets/HSI_REFL/002/2022_UNDE_5,2022-06-20,80.50579557428873
NA5120_E1734N0830,EPSG:32616,-89.52331653361182,46.170547251931616,305217.4273290457,5116091.928091735,8880640.0,4252160.0,15TYM,1,projects/neon-prod-earthengine/assets/HSI_REFL/002/2022_UNDE_5,2022-06-20,0.0
NA5120_E1734N0831,EPSG:32616,-89.51644605315653,46.21628944933598,305908.96032829466,5121157.336384269,8880640.0,4257280.0,15TYM,1,projects/neon-prod-earthengine/assets/HSI_REFL/002/2022_UNDE_5,2022-06-20,0.0
NA5120_E1734N0832,EPSG:32616,-89.50956075243334,46.26203061796374,306600.87475123524,5126222.675410517,8880640.0,4262400.0,15TYM,1,projects/neon-prod-earthengine/assets/HSI_REFL/002/2022_UNDE_5,2022-06-20,15.25651356432984
NA5120_E1735N0830,EPSG:32616,-89.45750371659892,46.1656169809397,310280.63606213254,5115384.748037769,8885760.0,4252160.0,15TYM,1,projects/neon-prod-earthengine/assets/HSI_REFL/002/2022_UNDE_5,2022-06-20,10.529143164114961
NA5120_E1735N0831,EPSG:32616,-89.4505777298821,46.21135393752993,310972.247345508,5120449.888705799,8885760.0,4257280.0,15TYM,1,projects/neon-prod-earthengine/assets/HSI_REFL/002/2022_UNDE_5,2022-06-20,19.925808161102278
NA5120_E1735N0832,EPSG:32616,-89.44363680640694,46.25708985461675,311664.2390638622,5125514.960676223,8885760.0,4262400.0,15TYM,1,projects/neon-prod-earthengine/assets/HSI_REFL/002/2022_UNDE_5,2022-06-20,32.591414944356124
NA5120_E1246N0877,EPSG:32610,-122.10463205431225,45.803400086868685,569575.4736249667,5072594.044947132,6382080.0,4492800.0,10TER,1,projects/neon-prod-earthengine/assets/HSI_REFL/002/2022_WREF_5,2022-07-11,62.14436248682824
NA5120_E1247N0876,EPSG:32610,-122.02176112013004,45.77519719193179,576053.3778516314,5069536.13153623,6387200.0,4487680.0,10TER,1,projects/neon-prod-earthengine/assets/HSI_REFL/002/2022_WREF_5,2022-07-11,30.647327424120334
NA5120_E1247N0877,EPSG:32610,-122.04232263093489,45.81826254817605,574397.4865818513,5074301.444783987,6387200.0,4492800.0,10TER,1,projects/neon-prod-earthengine/assets/HSI_REFL/002/2022_WREF_5,2022-07-11,0.0
NA5120_E1247N0878,EPSG:32610,-122.06292553431736,45.86132160806392,572740.8112304516,5079066.468727522,6387200.0,4497920.0,10TER,1,projects/neon-prod-earthengine/assets/HSI_REFL/002/2022_WREF_5,2022-07-11,0.0
NA5120_E1247N0879,EPSG:32610,-122.08356994370068,45.90437435425778,571083.3526606488,5083831.20388729,6387200.0,4503040.0,10TER,1,projects/neon-prod-earthengine/assets/HSI_REFL/002/2022_WREF_5,2022-07-11,71.50147730325007
NA5120_E1248N0876,EPSG:32610,-121.95945982100947,45.790009544638764,580875.5692769485,5071242.97075217,6392320.0,4487680.0,10TER,1,projects/neon-prod-earthengine/assets/HSI_REFL/002/2022_WREF_5,2022-07-11,1.7996239591727101
NA5120_E1248N0877,EPSG:32610,-121.97997942484398,45.83308961664192,579219.5897535913,5076008.724519208,6392320.0,4492800.0,10TER,1,projects/neon-prod-earthengine/assets/HSI_REFL/002/2022_WREF_5,2022-07-11,0.0
NA5120_E1248N0878,EPSG:32610,-122.0005403635749,45.876163418567074,577562.8257328984,5080774.187799528,6392320.0,4497920.0,10TER,1,projects/neon-prod-earthengine/assets/HSI_REFL/002/2022_WREF_5,2022-07-11,3.7144362486828237
NA5120_E1249N0875,EPSG:32610,-121.87668844578089,45.76168550459224,587353.1384109237,5068183.202545875,6397440.0,4482560.0,10TER,1,projects/neon-prod-earthengine/assets/HSI_REFL/002/2022_WREF_5,2022-07-11,100.0
NA5120_E1249N0876,EPSG:32610,-121.89712488158744,45.804786493507336,585697.8548715176,5072949.6904145535,6397440.0,4487680.0,10TER,1,projects/neon-prod-earthengine/assets/HSI_REFL/002/2022_WREF_5,2022-07-11,53.45151759333871
NA5120_E1249N0877,EPSG:32610,-121.91760248133946,45.84788125574914,584041.7855532096,5077715.886094682,6397440.0,4492800.0,10TER,1,projects/neon-prod-earthengine/assets/HSI_REFL/002/2022_WREF_5,2022-07-11,6.677265500794912
NA5120_E1249N0878,EPSG:32610,-121.93812135796573,45.890969774175,582384.9313211831,5082481.790104861,6397440.0,4497920.0,10TER,1,projects/neon-prod-earthengine/assets/HSI_REFL/002/2022_WREF_5,2022-07-11,46.27988181573999
NA5120_E1250N0875,EPSG:32610,-121.81436195443916,45.77641237479738,592175.6115071881,5069889.360104643,6402560.0,4482560.0,10TER,1,projects/neon-prod-earthengine/assets/HSI_REFL/002/2022_WREF_5,2022-07-11,100.0
NA5120_E1250N0876,EPSG:32610,-121.83475634740887,45.81952800215524,590520.237049088,5074656.292464431,6402560.0,4487680.0,10TER,1,projects/neon-prod-earthengine/assets/HSI_REFL/002/2022_WREF_5,2022-07-11,42.22866174920969
NA5120_E1250N0877,EPSG:32610,-121.85519184601095,45.862637429019706,588864.0763940839,5079422.931452114,6402560.0,4492800.0,10TER,1,projects/neon-prod-earthengine/assets/HSI_REFL/002/2022_WREF_5,2022-07-11,43.49315068493151
NA5120_E1251N0876,EPSG:32610,-121.77235426430732,45.83423403423971,595342.718223779,5076362.778842678,6407680.0,4487680.0,10TER,1,projects/neon-prod-earthengine/assets/HSI_REFL/002/2022_WREF_5,2022-07-11,63.524039752887454
NA5120_E1251N0877,EPSG:32610,-121.79274756473802,45.87735810001507,593686.4646899548,5081129.862533022,6407680.0,4492800.0,10TER,1,projects/neon-prod-earthengine/assets/HSI_REFL/002/2022_WREF_5,2022-07-11,85.45310015898251
NA5120_E1411N0813,EPSG:32612,-110.66274006303139,44.86241059176282,526644.7831732121,4967721.4640655685,7226880.0,4165120.0,12TWQ,1,projects/neon-prod-earthengine/assets/HSI_REFL/002/2022_YELL_4,2022-06-22,100.0
NA5120_E1412N0813,EPSG:32612,-110.5990734287367,44.87042093882019,531670.2907594735,4968634.148288637,7232000.0,4165120.0,12TWQ,1,projects/neon-prod-earthengine/assets/HSI_REFL/002/2022_YELL_4,2022-06-22,44.008714596949886
NA5120_E1412N0814,EPSG:32612,-110.60991819457544,44.91564032003988,530789.4952780401,4973653.182525998,7232000.0,4170240.0,12TWQ,1,projects/neon-prod-earthengine/assets/HSI_REFL/002/2022_YELL_4,2022-06-22,17.49465811965812
NA5120_E1412N0815,EPSG:32612,-110.62078548759833,44.96085763947063,529908.2475609473,4978672.133515896,7232000.0,4175360.0,12TWQ,1,projects/neon-prod-earthengine/assets/HSI_REFL/002/2022_YELL_4,2022-06-22,9.558823529411764
NA5120_E1412N0816,EPSG:32612,-110.6316753736239,45.006072892022296,529026.5481412878,4983691.001410909,7232000.0,4180480.0,12TWQ,1,projects/neon-prod-earthengine/assets/HSI_REFL/002/2022_YELL_4,2022-06-22,94.880174291939
NA5120_E1413N0813,EPSG:32612,-110.53538851650883,44.878393112624366,536695.8706169685,4969546.544482939,7237120.0,4165120.0,12TWQ,1,projects/neon-prod-earthengine/assets/HSI_REFL/002/2022_YELL_4,2022-06-22,20.88779956427015
NA5120_E1413N0814,EPSG:32612,-110.54618345836433,44.923620643133916,535815.1755843486,4974565.84138546,7237120.0,4170240.0,12TWQ,1,projects/neon-prod-earthengine/assets/HSI_REFL/002/2022_YELL_4,2022-06-22,0.0
NA5120_E1413N0815,EPSG:32612,-110.55700083151451,44.9688461276593,534934.0274192949,4979585.054336865,7237120.0,4175360.0,12TWQ,1,projects/neon-prod-earthengine/assets/HSI_REFL/002/2022_YELL_4,2022-06-22,3.9529914529914527
NA5120_E1414N0813,EPSG:32612,-110.47168540365286,44.886327092479284,541721.5257525161,4970458.653768873,7242240.0,4165120.0,12TWQ,1,projects/neon-prod-earthengine/assets/HSI_REFL/002/2022_YELL_4,2022-06-22,76.99530516431925
NA5120_E1414N0814,EPSG:32612,-110.48243046551079,44.931562736042366,540840.9302695895,4975478.215286778,7242240.0,4170240.0,12TWQ,1,projects/neon-prod-earthengine/assets/HSI_REFL/002/2022_YELL_4,2022-06-22,4.983660130718954
NA5120_E1414N0815,EPSG:32612,-110.49319786255509,44.97679634936452,539959.8807568703,4980497.692149827,7242240.0,4175360.0,12TWQ,1,projects/neon-prod-earthengine/assets/HSI_REFL/002/2022_YELL_4,2022-06-22,29.460470085470085
NA5120_E1415N0812,EPSG:32612,-110.39729121564083,44.84897712782774,547627.3005439172,4966350.563672521,7247360.0,4160000.0,12TWQ,1,projects/neon-prod-earthengine/assets/HSI_REFL/002/2022_YELL_4,2022-06-22,100.0
NA5120_E1415N0813,EPSG:32612,-110.40796416765839,44.89422285777365,546747.2591733201,4971370.477266066,7247360.0,4165120.0,12TWQ,1,projects/neon-prod-earthengine/assets/HSI_REFL/002/2022_YELL_4,2022-06-22,31.66305525460455
NA5120_E1415N0814,EPSG:32612,-110.41865929371761,44.93946657809392,545866.7623412407,4976390.305350148,7247360.0,4170240.0,12TWQ,1,projects/neon-prod-earthengine/assets/HSI_REFL/002/2022_YELL_4,2022-06-22,2.2331154684095864
NA5120_E1415N0815,EPSG:32612,-110.42937665863684,44.98470828385473,544985.8105814008,4981410.048075543,7247360.0,4175360.0,12TWQ,1,projects/neon-prod-earthengine/assets/HSI_REFL/002/2022_YELL_4,2022-06-22,81.56318082788671
NA5120_E1242N0876,EPSG:32610,-122.33276143731919,45.700605646920536,551943.7488078836,5061000.074202459,6361600.0,4487680.0,10TER,1,projects/neon-prod-earthengine/assets/HSI_REFL/002/2023_ABBY_6,2023-06-28,54.794520547945204
NA5120_E1242N0877,EPSG:32610,-122.35353102481199,45.74359704491627,550288.2756978411,5065763.20573849,6361600.0,4492800.0,10TER,1,projects/neon-prod-earthengine/assets/HSI_REFL/002/2023_ABBY_6,2023-06-28,0.0
NA5120_E1242N0878,EPSG:32610,-122.37434228818476,45.786582014929415,548632.0205747931,5070526.053871758,6361600.0,4497920.0,10TER,1,projects/neon-prod-earthengine/assets/HSI_REFL/002/2023_ABBY_6,2023-06-28,11.33494493687886
NA5120_E1243N0876,EPSG:32610,-122.27062901279122,45.71559447172785,556765.5055805763,5062707.540308963,6366720.0,4487680.0,10TER,1,projects/neon-prod-earthengine/assets/HSI_REFL/002/2023_ABBY_6,2023-06-28,25.245098039215684
NA5120_E1243N0877,EPSG:32610,-122.2913571795035,45.758600711648256,555109.9519185104,5067471.105404847,6366720.0,4492800.0,10TER,1,projects/neon-prod-earthengine/assets/HSI_REFL/002/2023_ABBY_6,2023-06-28,0.0
NA5120_E1243N0878,EPSG:32610,-122.31212696611475,45.8016005499415,553453.615831048,5072234.385919138,6366720.0,4497920.0,10TER,1,projects/neon-prod-earthengine/assets/HSI_REFL/002/2023_ABBY_6,2023-06-28,22.945205479452056
NA5120_E1244N0877,EPSG:32610,-122.22914937317344,45.77356913199143,559931.708705443,5069178.877199959,6371840.0,4492800.0,10TER,1,projects/neon-prod-earthengine/assets/HSI_REFL/002/2023_ABBY_6,2023-06-28,55.821917808219176
NA5120_E1244N0878,EPSG:32610,-122.24987758536582,45.81658381350815,558275.2901132777,5073942.591485151,6371840.0,4497920.0,10TER,1,projects/neon-prod-earthengine/assets/HSI_REFL/002/2023_ABBY_6,2023-06-28,67.87536932581251
NA5120_E1528N0685,EPSG:32613,-102.57697680573061,39.65405278816766,707880.1183290643,4392167.584783075,7825920.0,3509760.0,13SGD,1,projects/neon-prod-earthengine/assets/HSI_REFL/002/2023_ARIK_5,2023-08-14,74.4503862150921
NA5120_E1528N0686,EPSG:32613,-102.58064466477164,39.70004370824773,707427.690936796,4397264.199867338,7825920.0,3514880.0,13TGE,1,projects/neon-prod-earthengine/assets/HSI_REFL/002/2023_ARIK_5,2023-08-14,15.122377622377622
NA5120_E1528N0687,EPSG:32613,-102.58431958050447,39.74603404144838,706974.9450685409,4402360.774605988,7825920.0,3520000.0,13TFE,1,projects/neon-prod-earthengine/assets/HSI_REFL/002/2023_ARIK_5,2023-08-14,20.862470862470865
NA5120_E1528N0688,EPSG:32613,-102.5880015717509,39.79202378705956,706521.881012883,4407457.309023013,7825920.0,3525120.0,13TFE,1,projects/neon-prod-earthengine/assets/HSI_REFL/002/2023_ARIK_5,2023-08-14,33.187006145741876
NA5120_E1529N0685,EPSG:32613,-102.51789616425847,39.65707183205313,712940.181543855,4392641.26847484,7831040.0,3509760.0,13SGD,1,projects/neon-prod-earthengine/assets/HSI_REFL/002/2023_ARIK_5,2023-08-14,63.63636363636363
NA5120_E1529N0686,EPSG:32613,-102.52152168199805,39.70306558011259,712488.0097628528,4397738.1342278235,7831040.0,3514880.0,13TGE,1,projects/neon-prod-earthengine/assets/HSI_REFL/002/2023_ARIK_5,2023-08-14,0.0
NA5120_E1529N0687,EPSG:32613,-102.52515417575039,39.74905874633999,712035.5184533534,4402834.959278351,7831040.0,3520000.0,13TGE,1,projects/neon-prod-earthengine/assets/HSI_REFL/002/2023_ARIK_5,2023-08-14,0.0
NA5120_E1529N0688,EPSG:32613,-102.52879366412525,39.79505133003914,711582.7079040032,4407931.743649989,7831040.0,3525120.0,13TGE,1,projects/neon-prod-earthengine/assets/HSI_REFL/002/2023_ARIK_5,2023-08-14,9.657594381035997
NA5120_E1530N0685,EPSG:32613,-102.45880997675218,39.660055625896526,718000.4311167629,4393114.401824498,7836160.0,3509760.0,13SGD,1,projects/neon-prod-earthengine/assets/HSI_REFL/002/2023_ARIK_5,2023-08-14,61.7208077260755
NA5120_E1530N0686,EPSG:32613,-102.46239313724989,39.70605216924047,717548.5145054545,4398211.520345865,7836160.0,3514880.0,13TGE,1,projects/neon-prod-earthengine/assets/HSI_REFL/002/2023_ARIK_5,2023-08-14,6.2335381913959615
NA5120_E1530N0687,EPSG:32613,-102.46598319302346,39.75204813574228,717096.2773125692,4403308.597808188,7836160.0,3520000.0,13TGE,1,projects/neon-prod-earthengine/assets/HSI_REFL/002/2023_ARIK_5,2023-08-14,0.3219198127011999
NA5120_E1530N0688,EPSG:32613,-102.46958016247044,39.79804352471952,716643.7198268028,4408405.634234622,7836160.0,3525120.0,13TGE,1,projects/neon-prod-earthengine/assets/HSI_REFL/002/2023_ARIK_5,2023-08-14,18.886337543053962
NA5120_E1194N1399,EPSG:32606,-147.53344985070194,65.10861050910181,474946.70460497064,7220664.892561226,6115840.0,7165440.0,06WVT,1,projects/neon-prod-earthengine/assets/HSI_REFL/002/2023_BONA_5,2023-08-11,74.21811699886565
NA5120_E1195N1399,EPSG:32606,-147.45473334555072,65.138969539431,478667.90678962873,7224019.414693162,6120960.0,7165440.0,06WVT,1,projects/neon-prod-earthengine/assets/HSI_REFL/002/2023_BONA_5,2023-08-11,70.49100631988333
NA5120_E1195N1400,EPSG:32606,-147.53026163901657,65.17094886550291,475154.775890875,7227611.056272239,6120960.0,7170560.0,06WVT,1,projects/neon-prod-earthengine/assets/HSI_REFL/002/2023_BONA_5,2023-08-11,36.6015132408575
NA5120_E1196N1400,EPSG:32606,-147.45138390590205,65.20131208110028,478874.709089022,7230966.259468111,6126080.0,7170560.0,06WVT,1,projects/neon-prod-earthengine/assets/HSI_REFL/002/2023_BONA_5,2023-08-11,69.94535519125684
NA5120_E1196N1401,EPSG:32606,-147.52711323135378,65.23328715280579,475360.314703607,7234557.29767973,6126080.0,7175680.0,06WVT,1,projects/neon-prod-earthengine/assets/HSI_REFL/002/2023_BONA_5,2023-08-11,49.01960784313725
NA5120_E1611N0545,EPSG:32614,-97.646057016779,33.32481560589625,626018.9207577497,3688115.077732719,8250880.0,2792960.0,14SPB,1,projects/neon-prod-earthengine/assets/HSI_REFL/002/2023_CLBJ_7,2023-05-17,14.754098360655737
NA5120_E1611N0546,EPSG:32614,-97.64614693030559,33.37097878824861,625944.0521368855,3693233.4801036874,8250880.0,2798080.0,14SPB,1,projects/neon-prod-earthengine/assets/HSI_REFL/002/2023_CLBJ_7,2023-05-17,0.32144005143040827
NA5120_E1611N0547,EPSG:32614,-97.64623700223066,33.41714162662081,625869.0962642301,3698351.87999616,8250880.0,2803200.0,14SPC,1,projects/neon-prod-earthengine/assets/HSI_REFL/002/2023_CLBJ_7,2023-05-17,21.568627450980394
NA5120_E1612N0545,EPSG:32614,-97.59203291685546,33.32488472993673,631047.5340420781,3688189.3423776766,8256000.0,2792960.0,14SPB,1,projects/neon-prod-earthengine/assets/HSI_REFL/002/2023_CLBJ_7,2023-05-17,11.506935687263557
NA5120_E1612N0546,EPSG:32614,-97.59208957295374,33.37104797051992,630973.1039415916,3693307.8351263576,8256000.0,2798080.0,14SPB,1,projects/neon-prod-earthengine/assets/HSI_REFL/002/2023_CLBJ_7,2023-05-17,0.0
NA5120_E1612N0547,EPSG:32614,-97.59214632886192,33.41721086721488,630898.5855174839,3698426.325347452,8256000.0,2803200.0,14SPC,1,projects/neon-prod-earthengine/assets/HSI_REFL/002/2023_CLBJ_7,2023-05-17,23.549810844892814
NA5120_E1613N0547,EPSG:32614,-97.5380555783662,33.41724868555554,635928.1691819441,3698499.9040197395,8261120.0,2803200.0,14SPC,1,projects/neon-prod-earthengine/assets/HSI_REFL/002/2023_CLBJ_7,2023-05-17,72.19419924337957
NA5120_E1186N1365,EPSG:32606,-145.7019407616795,63.76404042222071,564022.4149177776,7071371.523346566,6074880.0,6991360.0,06VWR,1,projects/neon-prod-earthengine/assets/HSI_REFL/002/2023_DEJU_5,2023-07-21,60.68201193520887
NA5120_E1186N1366,EPSG:32606,-145.77117651778013,63.79707473457057,560537.0971665431,7074984.451286249,6074880.0,6996480.0,06VWR,1,projects/neon-prod-earthengine/assets/HSI_REFL/002/2023_DEJU_5,2023-07-21,13.91304347826087
NA5120_E1187N1365,EPSG:32606,-145.6245127128926,63.7933784048862,567770.4534101301,7074719.985904361,6080000.0,6991360.0,06VWR,1,projects/neon-prod-earthengine/assets/HSI_REFL/002/2023_DEJU_5,2023-07-21,31.594202898550726
NA5120_E1187N1366,EPSG:32606,-145.69374243173291,63.82645010701655,564284.4733590605,7078332.949474701,6080000.0,6996480.0,06VWR,1,projects/neon-prod-earthengine/assets/HSI_REFL/002/2023_DEJU_5,2023-07-21,0.0
NA5120_E1187N1367,EPSG:32606,-145.76314821721445,63.85948295844156,560797.8370896252,7081945.251757075,6080000.0,7001600.0,06VWR,1,projects/neon-prod-earthengine/assets/HSI_REFL/002/2023_DEJU_5,2023-07-21,5.669761273209549
NA5120_E1188N1366,EPSG:32606,-145.6161587021044,63.85578975881222,568031.2620342147,7081682.139526098,6085120.0,6996480.0,06VWR,1,projects/neon-prod-earthengine/assets/HSI_REFL/002/2023_DEJU_5,2023-07-21,38.975464190981434
NA5120_E1188N1367,EPSG:32606,-145.68555843122328,63.88886008873579,564543.9632419337,7085294.475709682,6085120.0,7001600.0,06VWR,1,projects/neon-prod-earthengine/assets/HSI_REFL/002/2023_DEJU_5,2023-07-21,0.0
NA5120_E1188N1368,EPSG:32606,-145.7551350668973,63.92189147273079,561056.0099223558,7088906.151682748,6085120.0,7006720.0,06VWR,1,projects/neon-prod-earthengine/assets/HSI_REFL/002/2023_DEJU_5,2023-07-21,0.0
NA5120_E1189N1367,EPSG:32606,-145.60781827582068,63.91820141473435,568289.5003040447,7088644.393046398,6090240.0,7001600.0,06VWR,1,projects/neon-prod-earthengine/assets/HSI_REFL/002/2023_DEJU_5,2023-07-21,46.19675456389452
NA5120_E1189N1368,EPSG:32606,-145.67738883600245,63.95127036637316,564800.884241108,7092256.101190878,6090240.0,7006720.0,06VWR,1,projects/neon-prod-earthengine/assets/HSI_REFL/002/2023_DEJU_5,2023-07-21,53.8708586883029
NA5120_E1793N0538,EPSG:32616,-87.89709900554271,32.50279595030312,415728.40536794136,3596523.567892438,9182720.0,2757120.0,16SDA,1,projects/neon-prod-earthengine/assets/HSI_REFL/002/2023_DELA_7,2023-05-25,67.71752837326608
NA5120_E1793N0539,EPSG:32616,-87.89131820201604,32.548546904368166,416313.8866230546,3601590.844912609,9182720.0,2762240.0,16SDB,1,projects/neon-prod-earthengine/assets/HSI_REFL/002/2023_DELA_7,2023-05-25,36.41025641025641
NA5120_E1793N0540,EPSG:32616,-87.88552741087007,32.59429687486001,416899.8065015089,3606658.0638720067,9182720.0,2767360.0,16SDB,1,projects/neon-prod-earthengine/assets/HSI_REFL/002/2023_DELA_7,2023-05-25,46.35165541626486
NA5120_E1794N0538,EPSG:32616,-87.84400725221714,32.497240040227155,420711.0163869482,3595866.9370814436,9187840.0,2757120.0,16SDA,1,projects/neon-prod-earthengine/assets/HSI_REFL/002/2023_DELA_7,2023-05-25,48.08743169398907
NA5120_E1794N0539,EPSG:32616,-87.83819541544533,32.54298641532177,421296.9039444965,3600933.9198810454,9187840.0,2762240.0,16SDB,1,projects/neon-prod-earthengine/assets/HSI_REFL/002/2023_DELA_7,2023-05-25,0.0
NA5120_E1794N0540,EPSG:32616,-87.83237353915395,32.588731799861606,421883.22913321224,3606000.845050053,9187840.0,2767360.0,16SDB,1,projects/neon-prod-earthengine/assets/HSI_REFL/002/2023_DELA_7,2023-05-25,14.946962391513981
NA5120_E1795N0538,EPSG:32616,-87.79092317247098,32.491653795382966,425693.46669846965,3595209.44041503,9192960.0,2757120.0,16SDA,1,projects/neon-prod-earthengine/assets/HSI_REFL/002/2023_DELA_7,2023-05-25,58.43780135004821
NA5120_E1795N0539,EPSG:32616,-87.7850803221429,32.537395567359674,426279.76111865067,3600276.130957365,9192960.0,2762240.0,16SDB,1,projects/neon-prod-earthengine/assets/HSI_REFL/002/2023_DELA_7,2023-05-25,0.0
NA5120_E1795N0540,EPSG:32616,-87.77922738045616,32.583136341765375,426866.4921785789,3605342.7642997024,9192960.0,2767360.0,16SDB,1,projects/neon-prod-earthengine/assets/HSI_REFL/002/2023_DELA_7,2023-05-25,3.0215364834458374
NA5120_E1928N0464,EPSG:32617,-81.4930791365287,28.152467314964824,451587.28999796946,3114190.4330964563,9873920.0,2378240.0,17RMM,1,projects/neon-prod-earthengine/assets/HSI_REFL/002/2023_DSNY_7,2023-04-18,71.46720757268425
NA5120_E1929N0462,EPSG:32617,-81.46056926804934,28.053308826964546,454737.69874053844,3103193.2420274625,9879040.0,2368000.0,17RMM,1,projects/neon-prod-earthengine/assets/HSI_REFL/002/2023_DSNY_7,2023-04-18,45.786033711730305
NA5120_E1929N0463,EPSG:32617,-81.45193496209203,28.098381391412936,455604.77853515756,3108183.1253410517,9879040.0,2373120.0,17RMM,1,projects/neon-prod-earthengine/assets/HSI_REFL/002/2023_DSNY_7,2023-04-18,0.0
NA5120_E1929N0464,EPSG:32617,-81.44328666201424,28.14345205541499,456472.5497323851,3113172.8792838273,9879040.0,2378240.0,17RMM,1,projects/neon-prod-earthengine/assets/HSI_REFL/002/2023_DSNY_7,2023-04-18,26.369168356997974
NA5120_E1930N0462,EPSG:32617,-81.41083643992921,28.044280061321462,459621.8544316317,3102175.578152646,9884160.0,2368000.0,17RMM,1,projects/neon-prod-earthengine/assets/HSI_REFL/002/2023_DSNY_7,2023-04-18,8.012170385395539
NA5120_E1930N0463,EPSG:32617,-81.4021775228507,28.08934576334406,460489.37252418697,3107165.0156241707,9884160.0,2373120.0,17RMM,1,projects/neon-prod-earthengine/assets/HSI_REFL/002/2023_DSNY_7,2023-04-18,0.0
NA5120_E1930N0464,EPSG:32617,-81.39350457519717,28.134409555606254,461357.5811396176,3112154.3243151903,9884160.0,2378240.0,17RMM,1,projects/neon-prod-earthengine/assets/HSI_REFL/002/2023_DSNY_7,2023-04-18,23.408488063660478
NA5120_E1931N0462,EPSG:32617,-81.36111397612682,28.035224105687085,464505.7827841124,3101156.908474351,9889280.0,2368000.0,17RMM,1,projects/neon-prod-earthengine/assets/HSI_REFL/002/2023_DSNY_7,2023-04-18,70.96010818120352
NA5120_E1162N1390,EPSG:32606,-149.29884528579254,63.84089163542019,386938.10313377663,7081320.694579154,5952000.0,7119360.0,05VPL,1,projects/neon-prod-earthengine/assets/HSI_REFL/002/2023_HEAL_5,2023-08-13,32.83887468030691
NA5120_E1163N1389,EPSG:32606,-149.1517058577438,63.84078990188783,394172.1868049224,7081057.040619653,5957120.0,7114240.0,05VPL,1,projects/neon-prod-earthengine/assets/HSI_REFL/002/2023_HEAL_5,2023-08-13,17.123056118999326
NA5120_E1163N1390,EPSG:32606,-149.2250908889932,63.87197552606756,390685.11775810155,7084654.227494199,5957120.0,7119360.0,05VPL,1,projects/neon-prod-earthengine/assets/HSI_REFL/002/2023_HEAL_5,2023-08-13,0.0
NA5120_E1163N1391,EPSG:32606,-149.29865218107125,63.90311762628541,387197.3628169739,7088250.826622903,5957120.0,7124480.0,05VPL,1,projects/neon-prod-earthengine/assets/HSI_REFL/002/2023_HEAL_5,2023-08-13,21.839080459770116
NA5120_E1164N1390,EPSG:32606,-149.15118662590893,63.903027594880264,394431.5017316815,7087988.381597155,5962240.0,7119360.0,05VPL,1,projects/neon-prod-earthengine/assets/HSI_REFL/002/2023_HEAL_5,2023-08-13,5.104800540906018
NA5120_E1164N1391,EPSG:32606,-149.22476067050223,63.9342071763335,390943.1589911946,7091585.007940593,5962240.0,7124480.0,05VPL,1,projects/neon-prod-earthengine/assets/HSI_REFL/002/2023_HEAL_5,2023-08-13,42.81609195402299
NA5120_E1859N0518,EPSG:32616,-84.56417016863521,31.163221180903186,732174.7837402285,3450246.011093938,9520640.0,2654720.0,16RGV,1,projects/neon-prod-earthengine/assets/HSI_REFL/002/2023_JERC_7,2023-05-02,100.0
NA5120_E1859N0519,EPSG:32616,-84.55664702049577,31.208648851157026,732780.7755203196,3455298.6362213045,9520640.0,2659840.0,16RGV,1,projects/neon-prod-earthengine/assets/HSI_REFL/002/2023_JERC_7,2023-05-02,100.0
NA5120_E1859N0520,EPSG:32616,-84.54911117176145,31.25407506531401,733387.1489204849,3460351.2311058845,9520640.0,2664960.0,16RGV,1,projects/neon-prod-earthengine/assets/HSI_REFL/002/2023_JERC_7,2023-05-02,31.127770534550198
NA5120_E1859N0521,EPSG:32616,-84.54156259480355,31.299499820480666,733993.9035933707,3465403.7958233356,9520640.0,2670080.0,16RGV,1,projects/neon-prod-earthengine/assets/HSI_REFL/002/2023_JERC_7,2023-05-02,0.0
NA5120_E1860N0518,EPSG:32616,-84.51224758072561,31.155805696698273,737143.7866837252,3449533.94532818,9525760.0,2654720.0,16RGV,1,projects/neon-prod-earthengine/assets/HSI_REFL/002/2023_JERC_7,2023-05-02,54.403456297773346
NA5120_E1860N0519,EPSG:32616,-84.50469582267925,31.201227422216203,737750.243509446,3454586.3951119063,9525760.0,2659840.0,16RGV,1,projects/neon-prod-earthengine/assets/HSI_REFL/002/2023_JERC_7,2023-05-02,6.602564102564103
NA5120_E1860N0520,EPSG:32616,-84.49713131854219,31.246647682934473,738357.0810065159,3459638.8151043216,9525760.0,2664960.0,16RGV,1,projects/neon-prod-earthengine/assets/HSI_REFL/002/2023_JERC_7,2023-05-02,0.0
NA5120_E1860N0521,EPSG:32616,-84.48955404059728,31.292066475939787,738964.2988275888,3464691.205381583,9525760.0,2670080.0,16RGV,1,projects/neon-prod-earthengine/assets/HSI_REFL/002/2023_JERC_7,2023-05-02,0.0
NA5120_E1860N0522,EPSG:32616,-84.48196396104193,31.33748379831168,739571.8966250423,3469743.56602004,9525760.0,2675200.0,16RGV,1,projects/neon-prod-earthengine/assets/HSI_REFL/002/2023_JERC_7,2023-05-02,60.7516339869281
NA5120_E1861N0518,EPSG:32616,-84.46033464285645,31.14836103043222,742112.8039097404,3448820.9210052374,9530880.0,2654720.0,16RGV,1,projects/neon-prod-earthengine/assets/HSI_REFL/002/2023_JERC_7,2023-05-02,58.8562091503268
NA5120_E1861N0519,EPSG:32616,-84.4527542989953,31.19377678925561,742719.7264175967,3453873.1973528373,9530880.0,2659840.0,16RGV,1,projects/neon-prod-earthengine/assets/HSI_REFL/002/2023_JERC_7,2023-05-02,0.0
NA5120_E1861N0520,EPSG:32616,-84.44516116361943,31.239191074548014,743327.0286486651,3458925.4443611503,9530880.0,2664960.0,16RGV,1,projects/neon-prod-earthengine/assets/HSI_REFL/002/2023_JERC_7,2023-05-02,0.0
NA5120_E1861N0521,EPSG:32616,-84.43755520892354,31.28460388337626,743934.7102556005,3463977.6621068376,9530880.0,2670080.0,16RGV,1,projects/neon-prod-earthengine/assets/HSI_REFL/002/2023_JERC_7,2023-05-02,0.0
NA5120_E1861N0522,EPSG:32616,-84.42993640701664,31.33001521279992,744542.770890791,3469029.8506667456,9530880.0,2675200.0,16RGV,1,projects/neon-prod-earthengine/assets/HSI_REFL/002/2023_JERC_7,2023-05-02,43.72549019607843
NA5120_E1862N0518,EPSG:32616,-84.40843138884186,31.140887193759276,747081.8382173231,3448106.9372248375,9536000.0,2654720.0,16RGV,1,projects/neon-prod-earthengine/assets/HSI_REFL/002/2023_JERC_7,2023-05-02,84.42307692307692
NA5120_E1862N0519,EPSG:32616,-84.4008224833355,31.186296963955183,747689.2270452842,3453159.0420432617,9536000.0,2659840.0,16RGV,1,projects/neon-prod-earthengine/assets/HSI_REFL/002/2023_JERC_7,2023-05-02,3.954802259887006
NA5120_E1862N0520,EPSG:32616,-84.39320074096231,31.23170525186033,748296.9946489134,3458211.1179749803,9536000.0,2664960.0,16RGV,1,projects/neon-prod-earthengine/assets/HSI_REFL/002/2023_JERC_7,2023-05-02,0.0
NA5120_E1862N0521,EPSG:32616,-84.38556613382916,31.277112054521602,748905.1406808643,3463263.165097153,9536000.0,2670080.0,16RGV,1,projects/neon-prod-earthengine/assets/HSI_REFL/002/2023_JERC_7,2023-05-02,61.88102359587903
NA5120_E1862N0522,EPSG:32616,-84.377918633957,31.32251736897855,749513.664793526,3468315.183487121,9536000.0,2675200.0,16RGV,1,projects/neon-prod-earthengine/assets/HSI_REFL/002/2023_JERC_7,2023-05-02,99.71153846153847
NA5120_E1628N0669,EPSG:32614,-96.66165528695258,39.042914080548684,702370.7239359103,4324140.843799426,8337920.0,3427840.0,14SPJ,1,projects/neon-prod-earthengine/assets/HSI_REFL/002/2023_KONZ_8,2023-05-26,81.75876411170529
NA5120_E1628N0670,EPSG:32614,-96.66105880041364,39.08902990149324,702290.5971667852,4329260.63820577,8337920.0,3432960.0,14SPJ,1,projects/neon-prod-earthengine/assets/HSI_REFL/002/2023_KONZ_8,2023-05-26,54.871794871794876
NA5120_E1628N0671,EPSG:32614,-96.66046117444371,39.135145350710964,702210.3711502634,4334380.428980325,8337920.0,3438080.0,14SPJ,1,projects/neon-prod-earthengine/assets/HSI_REFL/002/2023_KONZ_8,2023-05-26,54.02097902097902
NA5120_E1628N0672,EPSG:32614,-96.65986240603088,39.181260428066885,702130.0459405812,4339500.216120351,8337920.0,3443200.0,14SPJ,1,projects/neon-prod-earthengine/assets/HSI_REFL/002/2023_KONZ_8,2023-05-26,91.91919191919192
NA5120_E1628N0673,EPSG:32614,-96.65926249215217,39.2273751334269,702049.6215920495,4344619.999623112,8337920.0,3448320.0,14SPJ,1,projects/neon-prod-earthengine/assets/HSI_REFL/002/2023_KONZ_8,2023-05-26,100.0
NA5120_E1629N0669,EPSG:32614,-96.60301999205053,39.04239624704775,707447.4075884497,4324215.549624985,8343040.0,3427840.0,14SQJ,1,projects/neon-prod-earthengine/assets/HSI_REFL/002/2023_KONZ_8,2023-05-26,53.06001188354129
NA5120_E1629N0670,EPSG:32614,-96.60238179643045,39.08851158715089,707367.584365901,4329335.463781447,8343040.0,3432960.0,14SQJ,1,projects/neon-prod-earthengine/assets/HSI_REFL/002/2023_KONZ_8,2023-05-26,0.0
NA5120_E1629N0671,EPSG:32614,-96.60174238172824,39.13462655467564,707287.6608057002,4334455.374249515,8343040.0,3438080.0,14SQJ,1,projects/neon-prod-earthengine/assets/HSI_REFL/002/2023_KONZ_8,2023-05-26,0.0
NA5120_E1629N0672,EPSG:32614,-96.60110174472149,39.180741149484675,707207.6369620041,4339575.281026309,8343040.0,3443200.0,14SPJ,1,projects/neon-prod-earthengine/assets/HSI_REFL/002/2023_KONZ_8,2023-05-26,9.62566844919786
NA5120_E1629N0673,EPSG:32614,-96.600459882176,39.226855371441616,707127.5128890233,4344695.1841089595,8343040.0,3448320.0,14SPJ,1,projects/neon-prod-earthengine/assets/HSI_REFL/002/2023_KONZ_8,2023-05-26,14.452214452214452
NA5120_E1630N0669,EPSG:32614,-96.54438566366072,39.04184342239197,712524.2319710199,4324289.646962165,8348160.0,3427840.0,14SQJ,1,projects/neon-prod-earthengine/assets/HSI_REFL/002/2023_KONZ_8,2023-05-26,47.63197586726998
NA5120_E1630N0670,EPSG:32614,-96.54370576172083,39.08795824917263,712444.7122405297,4329409.683011861,8348160.0,3432960.0,14SQJ,1,projects/neon-prod-earthengine/assets/HSI_REFL/002/2023_KONZ_8,2023-05-26,0.0
NA5120_E1630N0671,EPSG:32614,-96.54302456105758,39.13407270246588,712365.0910819,4334529.715316997,8348160.0,3438080.0,14SQJ,1,projects/neon-prod-earthengine/assets/HSI_REFL/002/2023_KONZ_8,2023-05-26,0.267379679144385
NA5120_E1630N0672,EPSG:32614,-96.54234205823816,39.18018678213188,712285.3685491917,4339649.7438745415,8348160.0,3443200.0,14SQJ,1,projects/neon-prod-earthengine/assets/HSI_REFL/002/2023_KONZ_8,2023-05-26,29.834087481146305
NA5120_E1630N0673,EPSG:32614,-96.54165824981725,39.22630048803172,712205.5446965288,4344769.768681481,8348160.0,3448320.0,14SQJ,1,projects/neon-prod-earthengine/assets/HSI_REFL/002/2023_KONZ_8,2023-05-26,69.99405822935235
NA5120_E1631N0669,EPSG:32614,-96.48575236492141,39.04125560775592,717601.2002449301,4324363.135858655,8353280.0,3427840.0,14SQJ,1,projects/neon-prod-earthengine/assets/HSI_REFL/002/2023_KONZ_8,2023-05-26,78.09954751131222
NA5120_E1631N0670,EPSG:32614,-96.48503075960333,39.08736988873625,717521.9839529885,4329483.295945064,8353280.0,3432960.0,14SQJ,1,projects/neon-prod-earthengine/assets/HSI_REFL/002/2023_KONZ_8,2023-05-26,48.31360946745562
NA5120_E1631N0671,EPSG:32614,-96.48430777593131,39.133483795262606,717442.6651421678,4334603.452231164,8353280.0,3438080.0,14SQJ,1,projects/neon-prod-earthengine/assets/HSI_REFL/002/2023_KONZ_8,2023-05-26,55.525846702317295
NA5120_E1631N0672,EPSG:32614,-96.48358341026214,39.17959732719254,717363.2438664483,4339723.604713786,8353280.0,3443200.0,14SQJ,1,projects/neon-prod-earthengine/assets/HSI_REFL/002/2023_KONZ_8,2023-05-26,100.0
NA5120_E1631N0673,EPSG:32614,-96.48285765893935,39.225710484384486,717283.7201798604,4344843.75338977,8353280.0,3448320.0,14SQJ,1,projects/neon-prod-earthengine/assets/HSI_REFL/002/2023_KONZ_8,2023-05-26,100.0
NA5120_E1788N0522,EPSG:32616,-88.25137185779845,31.79761667709394,381538.1278064524,3518685.097390828,9157120.0,2675200.0,16SCA,1,projects/neon-prod-earthengine/assets/HSI_REFL/002/2023_LENO_7,2023-05-14,54.07051282051282
NA5120_E1788N0523,EPSG:32616,-88.24589920346702,31.843405120061735,382114.44022147293,3523754.8437450263,9157120.0,2680320.0,16SCA,1,projects/neon-prod-earthengine/assets/HSI_REFL/002/2023_LENO_7,2023-05-14,38.621794871794876
NA5120_E1788N0524,EPSG:32616,-88.2404171655832,31.88919264075632,382691.2018862171,3528824.529260041,9157120.0,2685440.0,16SCA,1,projects/neon-prod-earthengine/assets/HSI_REFL/002/2023_LENO_7,2023-05-14,72.56410256410255
NA5120_E1789N0522,EPSG:32616,-88.19873340254716,31.792282992023146,386514.99358168204,3518037.707323871,9162240.0,2675200.0,16SCA,1,projects/neon-prod-earthengine/assets/HSI_REFL/002/2023_LENO_7,2023-05-14,23.01282051282051
NA5120_E1789N0523,EPSG:32616,-88.19323043822321,31.83806708382609,387091.7254630111,3523107.1428579376,9162240.0,2680320.0,16SCA,1,projects/neon-prod-earthengine/assets/HSI_REFL/002/2023_LENO_7,2023-05-14,0.0
NA5120_E1789N0524,EPSG:32616,-88.18771803989509,31.88385024680144,387668.905596868,3528176.51797157,9162240.0,2685440.0,16SCA,1,projects/neon-prod-earthengine/assets/HSI_REFL/002/2023_LENO_7,2023-05-14,48.94230769230769
NA5120_E1790N0522,EPSG:32616,-88.1461021242527,31.78691930993796,391491.67553560965,3517389.423661943,9167360.0,2675200.0,16SCA,1,projects/neon-prod-earthengine/assets/HSI_REFL/002/2023_LENO_7,2023-05-14,55.3525641025641
NA5120_E1790N0523,EPSG:32616,-88.1405688682146,31.832699026872387,392068.82742480305,3522458.5503366385,9167360.0,2680320.0,16SCA,1,projects/neon-prod-earthengine/assets/HSI_REFL/002/2023_LENO_7,2023-05-14,39.61538461538461
NA5120_E1790N0524,EPSG:32616,-88.13502612777678,31.878477808391118,392646.4265701134,3527527.6170100886,9167360.0,2685440.0,16SCA,1,projects/neon-prod-earthengine/assets/HSI_REFL/002/2023_LENO_7,2023-05-14,68.49358974358975
NA5120_E1235N0845,EPSG:32610,-122.13423299517589,44.26202548406616,569105.9636116428,4901340.521952516,6325760.0,4328960.0,10TEQ,1,projects/neon-prod-earthengine/assets/HSI_REFL/002/2023_MCRA_4,2023-07-01,52.002209334438
NA5120_E1907N0665,EPSG:32617,-80.60258452453157,37.384243853388234,535181.8127195596,4137573.257709682,9766400.0,3407360.0,17SNB,1,projects/neon-prod-earthengine/assets/HSI_REFL/002/2023_MLBS_6,2023-06-02,53.034855769230774
NA5120_E1907N0666,EPSG:32617,-80.5911456449312,37.42903395429104,536172.9211485102,4142546.6707079466,9766400.0,3412480.0,17SNB,1,projects/neon-prod-earthengine/assets/HSI_REFL/002/2023_MLBS_6,2023-06-02,51.34803921568627
NA5120_E1908N0664,EPSG:32617,-80.55809997991307,37.329513187682664,539148.3106695645,4131518.905582826,9771520.0,3402240.0,17SNB,1,projects/neon-prod-earthengine/assets/HSI_REFL/002/2023_MLBS_6,2023-06-02,32.121394230769226
NA5120_E1908N0665,EPSG:32617,-80.54664734986183,37.37429719715191,540139.0632271835,4136492.085378991,9771520.0,3407360.0,17SNB,1,projects/neon-prod-earthengine/assets/HSI_REFL/002/2023_MLBS_6,2023-06-02,0.0
NA5120_E1908N0666,EPSG:32617,-80.53517404524938,37.419078588048684,541130.4166826316,4141465.1483827857,9771520.0,3412480.0,17SNB,1,projects/neon-prod-earthengine/assets/HSI_REFL/002/2023_MLBS_6,2023-06-02,3.615196078431373
NA5120_E1909N0664,EPSG:32617,-80.50221342066143,37.31954335169403,544105.2080663452,4130437.4679048224,9776640.0,3402240.0,17SNB,1,projects/neon-prod-earthengine/assets/HSI_REFL/002/2023_MLBS_6,2023-06-02,54.71754807692307
NA5120_E1909N0665,EPSG:32617,-80.49072646356413,37.36431864044983,545096.2074551338,4135410.2987861945,9776640.0,3407360.0,17SNB,1,projects/neon-prod-earthengine/assets/HSI_REFL/002/2023_MLBS_6,2023-06-02,0.15318627450980393
NA5120_E1909N0666,EPSG:32617,-80.47921877717346,37.40909129660811,546087.8069134478,4140383.013614577,9776640.0,3412480.0,17SNB,1,projects/neon-prod-earthengine/assets/HSI_REFL/002/2023_MLBS_6,2023-06-02,19.822303921568626
NA5120_E1408N0667,EPSG:32612,-109.45625721479657,38.22057446701423,635133.3969744546,4231415.140882068,7211520.0,3417600.0,12SXH,1,projects/neon-prod-earthengine/assets/HSI_REFL/002/2023_MOAB_7,2023-04-28,63.19526627218936
NA5120_E1409N0666,EPSG:32612,-109.39073734505004,38.18218202101729,640943.1274353841,4227252.539742781,7216640.0,3412480.0,12SXH,1,projects/neon-prod-earthengine/assets/HSI_REFL/002/2023_MOAB_7,2023-04-28,66.6365007541478
NA5120_E1409N0667,EPSG:32612,-109.3989823604593,38.22763891865941,640133.7672718331,4232284.211199537,7216640.0,3417600.0,12SXH,1,projects/neon-prod-earthengine/assets/HSI_REFL/002/2023_MOAB_7,2023-04-28,0.0
NA5120_E1409N0668,EPSG:32612,-109.40724268676804,38.273094304844975,639323.8820087991,4237315.782717804,7216640.0,3422720.0,12SXH,1,projects/neon-prod-earthengine/assets/HSI_REFL/002/2023_MOAB_7,2023-04-28,0.0
NA5120_E1410N0666,EPSG:32612,-109.33348830701094,38.1892067024186,645943.447406101,4228120.6794711435,7221760.0,3412480.0,12SXH,1,projects/neon-prod-earthengine/assets/HSI_REFL/002/2023_MOAB_7,2023-04-28,68.6094674556213
NA5120_E1410N0667,EPSG:32612,-109.34169538657214,38.23466993246676,645134.3250503734,4233152.705383984,7221760.0,3417600.0,12SXH,1,projects/neon-prod-earthengine/assets/HSI_REFL/002/2023_MOAB_7,2023-04-28,24.4947209653092
NA5120_E1410N0668,EPSG:32612,-109.34991771041769,38.28013166175669,644324.6766583391,4238184.630736177,7221760.0,3422720.0,12SXH,1,projects/neon-prod-earthengine/assets/HSI_REFL/002/2023_MOAB_7,2023-04-28,13.273001508295627
NA5120_E1477N0696,EPSG:32613,-105.64568640287784,39.95730583846101,444849.8852667627,4423218.177436814,7564800.0,3566080.0,13TDE,1,projects/neon-prod-earthengine/assets/HSI_REFL/002/2023_NIWO_5,2023-07-24,100.0
NA5120_E1477N0697,EPSG:32613,-105.65161184979105,40.003099452227346,444380.91241630795,4428304.541192693,7564800.0,3571200.0,13TDE,1,projects/neon-prod-earthengine/assets/HSI_REFL/002/2023_NIWO_5,2023-07-24,86.60130718954248
NA5120_E1477N0698,EPSG:32613,-105.65754870387964,40.04889212924451,443911.677250289,4433390.88365864,7564800.0,3576320.0,13TDE,1,projects/neon-prod-earthengine/assets/HSI_REFL/002/2023_NIWO_5,2023-07-24,56.16037459760024
NA5120_E1477N0699,EPSG:32613,-105.66349699555388,40.094683867845774,443442.18005789677,4438477.2048790855,7564800.0,3581440.0,13TDE,1,projects/neon-prod-earthengine/assets/HSI_REFL/002/2023_NIWO_5,2023-07-24,88.79976232917409
NA5120_E1478N0696,EPSG:32613,-105.58651383461819,39.96216192135018,449907.57769963477,4423722.2523973305,7569920.0,3566080.0,13TDE,1,projects/neon-prod-earthengine/assets/HSI_REFL/002/2023_NIWO_5,2023-07-24,58.238220661398884
NA5120_E1478N0697,EPSG:32613,-105.5923971318195,40.00796009071084,449438.8727788732,4428808.7564055845,7569920.0,3571200.0,13TDE,1,projects/neon-prod-earthengine/assets/HSI_REFL/002/2023_NIWO_5,2023-07-24,11.76470588235294
NA5120_E1478N0698,EPSG:32613,-105.59829175711323,40.05375733143643,448969.90451506857,4433895.238748319,7569920.0,3576320.0,13TDE,1,projects/neon-prod-earthengine/assets/HSI_REFL/002/2023_NIWO_5,2023-07-24,0.0
NA5120_E1478N0699,EPSG:32613,-105.60419774070711,40.09955364188242,448500.6731974318,4438981.699469625,7569920.0,3581440.0,13TDE,1,projects/neon-prod-earthengine/assets/HSI_REFL/002/2023_NIWO_5,2023-07-24,79.82768865121807
NA5120_E1479N0696,EPSG:32613,-105.52733224858888,39.96698283109312,454965.29295407573,4424225.770046496,7575040.0,3566080.0,13TDE,1,projects/neon-prod-earthengine/assets/HSI_REFL/002/2023_NIWO_5,2023-07-24,41.159586681974744
NA5120_E1479N0697,EPSG:32613,-105.5331733702027,40.012785523902956,454496.8554738138,4429312.416383037,7575040.0,3571200.0,13TDE,1,projects/neon-prod-earthengine/assets/HSI_REFL/002/2023_NIWO_5,2023-07-24,0.0
NA5120_E1479N0698,EPSG:32613,-105.53902574073236,40.05858729613705,454028.1536226462,4434399.040678782,7575040.0,3576320.0,13TDE,1,projects/neon-prod-earthengine/assets/HSI_REFL/002/2023_NIWO_5,2023-07-24,0.6314580941446613
NA5120_E1562N0837,EPSG:32614,-100.95982379883287,46.733996291907985,350267.135354272,5177469.875056578,8000000.0,4288000.0,14TLS,1,projects/neon-prod-earthengine/assets/HSI_REFL/002/2023_NOGP_6,2023-06-26,53.222453222453225
NA5120_E1562N0838,EPSG:32614,-100.96285657572022,46.77999310351502,350163.03282431443,5182586.713505264,8000000.0,4293120.0,14TLS,1,projects/neon-prod-earthengine/assets/HSI_REFL/002/2023_NOGP_6,2023-06-26,15.315315315315313
NA5120_E1562N0839,EPSG:32614,-100.96589600852658,46.825989416748605,350058.9132365859,5187703.553534596,8000000.0,4298240.0,14TLS,1,projects/neon-prod-earthengine/assets/HSI_REFL/002/2023_NOGP_6,2023-06-26,30.43137254901961
NA5120_E1563N0837,EPSG:32614,-100.8929983674604,46.73611403820341,355378.2289753275,5177580.150314761,8005120.0,4288000.0,14TLS,1,projects/neon-prod-earthengine/assets/HSI_REFL/002/2023_NOGP_6,2023-06-26,26.43137254901961
NA5120_E1563N0838,EPSG:32614,-100.89597278721122,46.78211314204746,355274.25285675295,5182696.952810902,8005120.0,4293120.0,14TLS,1,projects/neon-prod-earthengine/assets/HSI_REFL/002/2023_NOGP_6,2023-06-26,0.0
NA5120_E1563N0839,EPSG:32614,-100.89895373542464,46.82811175232877,355170.2585866146,5187813.756798418,8005120.0,4298240.0,14TLS,1,projects/neon-prod-earthengine/assets/HSI_REFL/002/2023_NOGP_6,2023-06-26,19.236883942766294
NA5120_E1564N0837,EPSG:32614,-100.8261676072954,46.73819052769657,360489.2350383105,5177690.173379884,8010240.0,4288000.0,14TLS,1,projects/neon-prod-earthengine/assets/HSI_REFL/002/2023_NOGP_6,2023-06-26,85.90355060943297
NA5120_E1564N0838,EPSG:32614,-100.8290836523949,46.784191879335935,360385.38521287637,5182806.942109078,8010240.0,4293120.0,14TLS,1,projects/neon-prod-earthengine/assets/HSI_REFL/002/2023_NOGP_6,2023-06-26,68.25641025641026
NA5120_E1564N0839,EPSG:32614,-100.8320060984261,46.83019274213072,360281.51614213106,5187923.71224055,8010240.0,4298240.0,14TLS,1,projects/neon-prod-earthengine/assets/HSI_REFL/002/2023_NOGP_6,2023-06-26,76.51282051282051
NA5120_E1584N0588,EPSG:32614,-99.14859238303961,35.295282817705726,486489.5845933607,3905799.727854054,8112640.0,3013120.0,14SME,1,projects/neon-prod-earthengine/assets/HSI_REFL/002/2023_OAES_7,2023-05-08,30.314347961406785
NA5120_E1584N0589,EPSG:32614,-99.14965834509333,35.34141862450361,486400.39076451847,3910916.434408161,8112640.0,3018240.0,14SME,1,projects/neon-prod-earthengine/assets/HSI_REFL/002/2023_OAES_7,2023-05-08,0.0
NA5120_E1584N0590,EPSG:32614,-99.15072623350052,35.38755405773771,486311.14088590926,3916033.140110683,8112640.0,3023360.0,14SME,1,projects/neon-prod-earthengine/assets/HSI_REFL/002/2023_OAES_7,2023-05-08,0.0
NA5120_E1584N0591,EPSG:32614,-99.15179605295856,35.43368911716061,486221.8350125241,3921149.844963151,8112640.0,3028480.0,14SME,1,projects/neon-prod-earthengine/assets/HSI_REFL/002/2023_OAES_7,2023-05-08,26.59709044908286
NA5120_E1585N0588,EPSG:32614,-99.09310495641027,35.29623298904202,491534.7501461447,3905898.9551128834,8117760.0,3013120.0,14SME,1,projects/neon-prod-earthengine/assets/HSI_REFL/002/2023_OAES_7,2023-05-08,30.170777988614798
NA5120_E1585N0589,EPSG:32614,-99.09413506984633,35.342369622175006,491445.95064299594,3911015.693259932,8117760.0,3018240.0,14SME,1,projects/neon-prod-earthengine/assets/HSI_REFL/002/2023_OAES_7,2023-05-08,0.062034739454094295
NA5120_E1585N0590,EPSG:32614,-99.09516704491071,35.38850588309924,491357.0940160986,3916132.4304857138,8117760.0,3023360.0,14SME,1,projects/neon-prod-earthengine/assets/HSI_REFL/002/2023_OAES_7,2023-05-08,0.0
NA5120_E1585N0591,EPSG:32614,-99.09620088614314,35.43464177157071,491268.18032031157,3921249.1667916733,8117760.0,3028480.0,14SME,1,projects/neon-prod-earthengine/assets/HSI_REFL/002/2023_OAES_7,2023-05-08,33.17771553065671
NA5120_E1586N0588,EPSG:32614,-99.03761608189483,35.29715064050322,496579.925383827,3905997.3987511843,8122880.0,3013120.0,14SME,1,projects/neon-prod-earthengine/assets/HSI_REFL/002/2023_OAES_7,2023-05-08,35.199240986717264
NA5120_E1586N0589,EPSG:32614,-99.03861034280473,35.34328807171604,496491.5201146442,3911114.1705841483,8122880.0,3018240.0,14SME,1,projects/neon-prod-earthengine/assets/HSI_REFL/002/2023_OAES_7,2023-05-08,14.392059553349876
NA5120_E1586N0590,EPSG:32614,-99.03960640060473,35.38942513202884,496403.05664763093,3916230.941426726,8122880.0,3023360.0,14SME,1,projects/neon-prod-earthengine/assets/HSI_REFL/002/2023_OAES_7,2023-05-08,12.418300653594772
NA5120_E1586N0591,EPSG:32614,-99.04060425967685,35.43556182120101,496314.5350375184,3921347.711280292,8122880.0,3028480.0,14SME,1,projects/neon-prod-earthengine/assets/HSI_REFL/002/2023_OAES_7,2023-05-08,42.48366013071895
NA5120_E1363N0717,EPSG:32612,-112.54210104686175,40.122369430865284,368599.26797180466,4442478.860147146,6981120.0,3673600.0,12TUK,1,projects/neon-prod-earthengine/assets/HSI_REFL/002/2023_ONAQ_5,2023-04-26,62.34213547646383
NA5120_E1363N0718,EPSG:32612,-112.55304469862708,40.167394336227915,367754.0932949473,4447492.858887847,6981120.0,3678720.0,12TUK,1,projects/neon-prod-earthengine/assets/HSI_REFL/002/2023_ONAQ_5,2023-04-26,16.183786947614866
NA5120_E1363N0719,EPSG:32612,-112.56400911505183,40.212416942472494,366908.46075913624,4452506.793406715,6981120.0,3683840.0,12TUK,1,projects/neon-prod-earthengine/assets/HSI_REFL/002/2023_ONAQ_5,2023-04-26,34.65027802165642
NA5120_E1363N0720,EPSG:32612,-112.57499435011421,40.25743724425615,366062.37086153554,4457520.663849234,6981120.0,3688960.0,12TUK,1,projects/neon-prod-earthengine/assets/HSI_REFL/002/2023_ONAQ_5,2023-04-26,82.00175592625109
NA5120_E1364N0717,EPSG:32612,-112.48352975546098,40.13131983237751,373606.8406027179,4443387.404129996,6986240.0,3673600.0,12TUK,1,projects/neon-prod-earthengine/assets/HSI_REFL/002/2023_ONAQ_5,2023-04-26,43.44405594405594
NA5120_E1364N0718,EPSG:32612,-112.49443384865451,40.176353022362754,372761.8953783614,4448401.6358215995,6986240.0,3678720.0,12TUK,1,projects/neon-prod-earthengine/assets/HSI_REFL/002/2023_ONAQ_5,2023-04-26,0.0
NA5120_E1364N0719,EPSG:32612,-112.50535863841732,40.22138392753659,371916.4914044456,4453415.802635495,6986240.0,3683840.0,12TUK,1,projects/neon-prod-earthengine/assets/HSI_REFL/002/2023_ONAQ_5,2023-04-26,0.0
NA5120_E1364N0720,EPSG:32612,-112.51630417857852,40.266412542593415,371070.6291783445,4458429.90471664,6986240.0,3688960.0,12TUK,1,projects/neon-prod-earthengine/assets/HSI_REFL/002/2023_ONAQ_5,2023-04-26,78.69476148668423
NA5120_E1365N0717,EPSG:32612,-112.4249419796762,40.14023610546681,378614.42703723046,4444295.420491357,6991360.0,3673600.0,12TUK,1,projects/neon-prod-earthengine/assets/HSI_REFL/002/2023_ONAQ_5,2023-04-26,39.466130884041334
NA5120_E1365N0718,EPSG:32612,-112.43580646813669,40.185277551364045,377769.71040171734,4449309.8870541155,6991360.0,3678720.0,12TUK,1,projects/neon-prod-earthengine/assets/HSI_REFL/002/2023_ONAQ_5,2023-04-26,0.9324009324009324
NA5120_E1365N0719,EPSG:32612,-112.44669158491557,40.23031672671518,376924.53412540664,4454324.288083426,6991360.0,3683840.0,12TUK,1,projects/neon-prod-earthengine/assets/HSI_REFL/002/2023_ONAQ_5,2023-04-26,2.4658348187759955
NA5120_E1911N0494,EPSG:32617,-82.08876738088857,29.65645519331962,394627.8440820799,3281214.2122525317,9786880.0,2531840.0,17RLN,1,projects/neon-prod-earthengine/assets/HSI_REFL/002/2023_OSBS_7,2023-04-23,65.03821867730143
NA5120_E1911N0495,EPSG:32617,-82.08014000891708,29.701590709800623,395509.5545246133,3286207.985184914,9786880.0,2536960.0,17RLN,1,projects/neon-prod-earthengine/assets/HSI_REFL/002/2023_OSBS_7,2023-04-23,34.71940500338066
NA5120_E1911N0496,EPSG:32617,-82.07149840645081,29.746724374356983,396391.9560525717,3291201.6207733853,9786880.0,2542080.0,17RLN,1,projects/neon-prod-earthengine/assets/HSI_REFL/002/2023_OSBS_7,2023-04-23,95.46936114732725
NA5120_E1912N0493,EPSG:32617,-82.04667141678675,29.602574252645827,398648.2480664607,3275206.016991814,9792000.0,2526720.0,17RLN,1,projects/neon-prod-earthengine/assets/HSI_REFL/002/2023_OSBS_7,2023-04-23,79.17511832319134
NA5120_E1912N0494,EPSG:32617,-82.0380320007597,29.64770481132511,399529.6633595402,3280199.4680116526,9792000.0,2531840.0,17RLN,1,projects/neon-prod-earthengine/assets/HSI_REFL/002/2023_OSBS_7,2023-04-23,17.74675972083749
NA5120_E1912N0495,EPSG:32617,-82.02937834406484,29.692833512283634,400411.7693653469,3285192.7822099244,9792000.0,2536960.0,17RLN,1,projects/neon-prod-earthengine/assets/HSI_REFL/002/2023_OSBS_7,2023-04-23,0.0
NA5120_E1912N0496,EPSG:32617,-82.02071041706881,29.737960351753777,401294.5655677327,3290185.959677189,9792000.0,2542080.0,17RLN,1,projects/neon-prod-earthengine/assets/HSI_REFL/002/2023_OSBS_7,2023-04-23,49.69574036511156
NA5120_E1913N0494,EPSG:32617,-81.98730730056577,29.63892638994838,404431.2340163172,3279183.7949529234,9797120.0,2531840.0,17RLN,1,projects/neon-prod-earthengine/assets/HSI_REFL/002/2023_OSBS_7,2023-04-23,4.009126466753585
NA5120_E1913N0495,EPSG:32617,-81.97862738510207,29.684048255427275,405313.7363951855,3284176.6522160387,9797120.0,2536960.0,17RLN,1,projects/neon-prod-earthengine/assets/HSI_REFL/002/2023_OSBS_7,2023-04-23,0.0
NA5120_E1913N0496,EPSG:32617,-81.96993315960475,29.72916824983061,406196.9280829108,3289169.3733612294,9797120.0,2542080.0,17RLN,1,projects/neon-prod-earthengine/assets/HSI_REFL/002/2023_OSBS_7,2023-04-23,8.574277168494516
NA5120_E1914N0494,EPSG:32617,-81.93659330921825,29.630119942133515,409332.5586894684,3278167.191971731,9802240.0,2531840.0,17RMN,1,projects/neon-prod-earthengine/assets/HSI_REFL/002/2023_OSBS_7,2023-04-23,68.41590612777053
NA5120_E1914N0495,EPSG:32617,-81.92788716100185,29.67523495220287,410215.4582522965,3283159.5940973717,9802240.0,2536960.0,17RMN,1,projects/neon-prod-earthengine/assets/HSI_REFL/002/2023_OSBS_7,2023-04-23,27.284812229976733
NA5120_E1914N0496,EPSG:32617,-81.91916666309355,29.720348081586227,411099.04623737105,3288151.860718351,9802240.0,2542080.0,17RMN,1,projects/neon-prod-earthengine/assets/HSI_REFL/002/2023_OSBS_7,2023-04-23,74.71264367816092
NA5120_E1914N0497,EPSG:32617,-81.91043178563339,29.765459326464754,411983.32212890463,3293143.9919273956,9802240.0,2547200.0,17RMN,1,projects/neon-prod-earthengine/assets/HSI_REFL/002/2023_OSBS_7,2023-04-23,100.0
NA5120_E1607N0545,EPSG:32614,-97.86215174853326,33.32422541934689,605905.3526669154,3687809.3098898223,8230400.0,2792960.0,14SNB,1,projects/neon-prod-earthengine/assets/HSI_REFL/002/2023_PRIN_6,2023-05-18,96.75345548055287
NA5120_E1607N0546,EPSG:32614,-97.86237468738653,33.37038810452518,605828.7294502498,3692927.37146402,8230400.0,2798080.0,14SNB,1,projects/neon-prod-earthengine/assets/HSI_REFL/002/2023_PRIN_6,2023-05-18,23.36869173899068
NA5120_E1607N0547,EPSG:32614,-97.86259801897853,33.41655044493872,605752.0232672499,3698045.4307624376,8230400.0,2803200.0,14SNC,1,projects/neon-prod-earthengine/assets/HSI_REFL/002/2023_PRIN_6,2023-05-18,38.33543505674653
NA5120_E1608N0545,EPSG:32614,-97.80812840585403,33.3244200190851,610933.6179357314,3687887.058349237,8235520.0,2792960.0,14SPB,1,projects/neon-prod-earthengine/assets/HSI_REFL/002/2023_PRIN_6,2023-05-18,50.14464802314368
NA5120_E1608N0546,EPSG:32614,-97.80831808927049,33.3705828681934,610857.4334480397,3693005.2020159997,8235520.0,2798080.0,14SPB,1,projects/neon-prod-earthengine/assets/HSI_REFL/002/2023_PRIN_6,2023-05-18,0.0
NA5120_E1608N0547,EPSG:32614,-97.8085081068435,33.416745372795674,610781.1649229173,3698123.34335536,8235520.0,2803200.0,14SPC,1,projects/neon-prod-earthengine/assets/HSI_REFL/002/2023_PRIN_6,2023-05-18,57.216329154612666
NA5120_E1378N0729,EPSG:32612,-111.78728466517254,40.794648180531595,433582.77227832243,4516259.609464285,7057920.0,3735040.0,12TVL,1,projects/neon-prod-earthengine/assets/HSI_REFL/002/2023_REDB_5,2023-04-29,15.22491349480969
NA5120_E1378N0730,EPSG:32612,-111.79787032112286,40.83976893134501,432735.32668225036,4521276.424935885,7057920.0,3740160.0,12TVL,1,projects/neon-prod-earthengine/assets/HSI_REFL/002/2023_REDB_5,2023-04-29,70.61750073163594
NA5120_E1479N0700,EPSG:32613,-105.55076434866844,40.150188072383315,453089.9579646374,4444572.2233230155,7575040.0,3586560.0,13TDE,1,projects/neon-prod-earthengine/assets/HSI_REFL/002/2023_RMNP_5,2023-07-28,19.460390355912743
NA5120_E1479N0701,EPSG:32613,-105.5566506464144,40.19598707313661,452620.46473677276,4449658.78175934,7575040.0,3591680.0,13TDE,1,projects/neon-prod-earthengine/assets/HSI_REFL/002/2023_RMNP_5,2023-07-28,16.95804195804196
NA5120_E1479N0702,EPSG:32613,-105.56254831375622,40.24178514679631,452150.70829597436,4454745.318330535,7575040.0,3596800.0,13TDE,1,projects/neon-prod-earthengine/assets/HSI_REFL/002/2023_RMNP_5,2023-07-28,28.013777267508612
NA5120_E1479N0703,EPSG:32613,-105.56845738114085,40.287582291721286,451680.6889321895,4459831.833080781,7575040.0,3601920.0,13TDE,1,projects/neon-prod-earthengine/assets/HSI_REFL/002/2023_RMNP_5,2023-07-28,41.33180252583238
NA5120_E1480N0700,EPSG:32613,-105.4914045261092,40.15499181172191,458148.7607800604,4445075.759657461,7580160.0,3586560.0,13TDE,1,projects/neon-prod-earthengine/assets/HSI_REFL/002/2023_RMNP_5,2023-07-28,1.8729880011706175
NA5120_E1480N0701,EPSG:32613,-105.49724830426538,40.20079533590039,457679.53039137577,4450162.460996473,7580160.0,3591680.0,13TDE,1,projects/neon-prod-earthengine/assets/HSI_REFL/002/2023_RMNP_5,2023-07-28,0.0
NA5120_E1480N0702,EPSG:32613,-105.50310337193041,40.24659794107776,457210.03576152516,4455249.140094046,7580160.0,3596800.0,13TDE,1,projects/neon-prod-earthengine/assets/HSI_REFL/002/2023_RMNP_5,2023-07-28,0.0
NA5120_E1480N0703,EPSG:32613,-105.50896975934498,40.2923996256351,456740.2771804781,4460335.796994023,7580160.0,3601920.0,13TDE,1,projects/neon-prod-earthengine/assets/HSI_REFL/002/2023_RMNP_5,2023-07-28,7.635175282234105
NA5120_E1481N0703,EPSG:32613,-105.44947306486803,40.29718153895475,461799.8910304653,4460839.219396352,7585280.0,3601920.0,13TDE,1,projects/neon-prod-earthengine/assets/HSI_REFL/002/2023_RMNP_5,2023-07-28,64.9400058530875
NA5120_E1940N0707,EPSG:32617,-78.21839034858725,38.90509625608986,741206.1028495326,4309923.879846029,9935360.0,3622400.0,17SQD,1,projects/neon-prod-earthengine/assets/HSI_REFL/002/2023_SCBI_6,2023-06-18,64.31952662721893
NA5120_E1941N0706,EPSG:32617,-78.17513508237228,38.84934764879214,745149.2524405371,4303851.282629781,9940480.0,3617280.0,17SQD,1,projects/neon-prod-earthengine/assets/HSI_REFL/002/2023_SCBI_6,2023-06-18,0.08741258741258741
NA5120_E1941N0707,EPSG:32617,-78.16158401965873,38.89369467958313,746172.2917367897,4308810.198947337,9940480.0,3622400.0,17SQD,1,projects/neon-prod-earthengine/assets/HSI_REFL/002/2023_SCBI_6,2023-06-18,0.0
NA5120_E1942N0706,EPSG:32617,-78.11838346803192,38.837923989694076,750115.2235377964,4302737.277247835,9945600.0,3617280.0,17SQD,1,projects/neon-prod-earthengine/assets/HSI_REFL/002/2023_SCBI_6,2023-06-18,20.974450386215093
NA5120_E1942N0707,EPSG:32617,-78.10479737205104,38.88226085013305,751138.5089029772,4307695.9358855495,9945600.0,3622400.0,17SQD,1,projects/neon-prod-earthengine/assets/HSI_REFL/002/2023_SCBI_6,2023-06-18,19.934640522875817
NA5120_E1942N0708,EPSG:32617,-78.09118642536652,38.9265942799276,752162.3436764276,4312654.511591843,9945600.0,3627520.0,17SQD,1,projects/neon-prod-earthengine/assets/HSI_REFL/002/2023_SCBI_6,2023-06-18,73.72781065088758
NA5120_E1227N0682,EPSG:32611,-119.79609879841762,37.065421923051495,251400.21015018882,4105787.665914649,6284800.0,3494400.0,10SGG,1,projects/neon-prod-earthengine/assets/HSI_REFL/002/2023_SJER_6,2023-04-01,52.31370192307693
NA5120_E1228N0681,EPSG:32611,-119.72647567636365,37.034595916346916,257493.52190327135,4102186.950815264,6289920.0,3489280.0,10SGG,1,projects/neon-prod-earthengine/assets/HSI_REFL/002/2023_SJER_6,2023-04-01,54.62622549019608
NA5120_E1228N0682,EPSG:32611,-119.741311983188,37.07841723162655,256313.93843769428,4107087.735670382,6289920.0,3494400.0,10SGG,1,projects/neon-prod-earthengine/assets/HSI_REFL/002/2023_SJER_6,2023-04-01,0.0
NA5120_E1228N0683,EPSG:32611,-119.75617436964487,37.122234376699744,255133.685255449,4111988.3925380283,6289920.0,3499520.0,10SGG,1,projects/neon-prod-earthengine/assets/HSI_REFL/002/2023_SJER_6,2023-04-01,1.9607843137254901
NA5120_E1229N0681,EPSG:32611,-119.67169918454964,37.04754982882335,262407.01299459615,4103486.0453842487,6295040.0,3489280.0,10SGG,1,projects/neon-prod-earthengine/assets/HSI_REFL/002/2023_SJER_6,2023-04-01,62.377450980392155
NA5120_E1229N0682,EPSG:32611,-119.68650466624634,37.091382183964,261227.67759886372,4108387.168000032,6295040.0,3494400.0,10SGG,1,projects/neon-prod-earthengine/assets/HSI_REFL/002/2023_SJER_6,2023-04-01,24.939903846153847
NA5120_E1229N0683,EPSG:32611,-119.70133618511441,37.13521038575766,260047.67179093286,4113288.161779324,6295040.0,3499520.0,10SGG,1,projects/neon-prod-earthengine/assets/HSI_REFL/002/2023_SJER_6,2023-04-01,29.901960784313726
NA5120_E1237N0677,EPSG:32611,-119.17478258548331,36.97436656278276,306418.48887938564,4094239.0794938537,6336000.0,3468800.0,11SKA,1,projects/neon-prod-earthengine/assets/HSI_REFL/002/2023_SOAP_6,2023-06-05,94.48529411764706
NA5120_E1237N0678,EPSG:32611,-119.18923742435895,37.018302472342036,305243.8069778315,4099143.5095124585,6336000.0,3473920.0,11SKB,1,projects/neon-prod-earthengine/assets/HSI_REFL/002/2023_SOAP_6,2023-06-05,24.938725490196077
NA5120_E1237N0679,EPSG:32611,-119.20371771729198,37.0622343997353,304068.4465129827,4104047.802848522,6336000.0,3479040.0,11SKB,1,projects/neon-prod-earthengine/assets/HSI_REFL/002/2023_SOAP_6,2023-06-05,3.707107843137255
NA5120_E1237N0680,EPSG:32611,-119.2182235234326,37.106162335764985,302892.4081232314,4108951.959764077,6336000.0,3484160.0,11SKB,1,projects/neon-prod-earthengine/assets/HSI_REFL/002/2023_SOAP_6,2023-06-05,42.15686274509804
NA5120_E1238N0680,EPSG:32611,-119.16329567792747,37.118831353051874,307805.8882205107,4110245.018492924,6341120.0,3484160.0,11SLB,1,projects/neon-prod-earthengine/assets/HSI_REFL/002/2023_SOAP_6,2023-06-05,80.91299019607843
NA5120_E1235N0678,EPSG:32611,-119.29890833804365,36.99291626233064,295417.91993752646,4096556.9196296535,6325760.0,3473920.0,11SKA,1,projects/neon-prod-earthengine/assets/HSI_REFL/002/2023_SOAP_7,2023-07-06,23.743872549019606
NA5120_E1235N0679,EPSG:32611,-119.31345079845264,37.0368265224638,294242.0763906385,4101460.507276549,6325760.0,3479040.0,11SKB,1,projects/neon-prod-earthengine/assets/HSI_REFL/002/2023_SOAP_7,2023-07-06,23.253676470588236
NA5120_E1235N0680,EPSG:32611,-119.32801885902032,37.080732758014534,293065.5563261145,4106363.960197665,6325760.0,3484160.0,11SKB,1,projects/neon-prod-earthengine/assets/HSI_REFL/002/2023_SOAP_7,2023-07-06,61.53846153846154
NA5120_E1236N0678,EPSG:32611,-119.2440829000528,37.00562459592333,300330.8451279858,4097850.5304439072,6330880.0,3473920.0,11SKB,1,projects/neon-prod-earthengine/assets/HSI_REFL/002/2023_SOAP_7,2023-07-06,14.920343137254902
NA5120_E1236N0679,EPSG:32611,-119.25859430233899,37.04954570017534,299155.24369540846,4102754.4700977015,6330880.0,3479040.0,11SKB,1,projects/neon-prod-earthengine/assets/HSI_REFL/002/2023_SOAP_7,2023-07-06,0.0
NA5120_E1236N0680,EPSG:32611,-119.27313126138687,37.09346279646379,297978.9650420021,4107658.2741783834,6330880.0,3484160.0,11SKB,1,projects/neon-prod-earthengine/assets/HSI_REFL/002/2023_SOAP_7,2023-07-06,13.449754901960784
NA5120_E1237N0680,EPSG:32611,-119.2182235234326,37.106162335764985,302892.4081232314,4108951.959764077,6336000.0,3484160.0,11SKB,1,projects/neon-prod-earthengine/assets/HSI_REFL/002/2023_SOAP_7,2023-07-06,77.08333333333334
NA5120_E1800N0547,EPSG:32616,-87.4712661152494,32.87469607436114,455913.95376263093,3637494.2938445252,9218560.0,2803200.0,16SDB,1,projects/neon-prod-earthengine/assets/HSI_REFL/002/2023_TALL_7,2023-05-26,60.05674653215637
NA5120_E1800N0548,EPSG:32616,-87.46517450058819,32.920405101528175,456506.1633864122,3642559.0589172374,9218560.0,2808320.0,16SDB,1,projects/neon-prod-earthengine/assets/HSI_REFL/002/2023_TALL_7,2023-05-26,31.854709096753453
NA5120_E1800N0549,EPSG:32616,-87.45907232301093,32.96611307815068,457098.80149958446,3647623.7693931716,9218560.0,2813440.0,16SDB,1,projects/neon-prod-earthengine/assets/HSI_REFL/002/2023_TALL_7,2023-05-26,21.274509803921568
NA5120_E1801N0547,EPSG:32616,-87.41794899791302,32.86888502757564,460899.1567650628,3636829.0775220236,9223680.0,2803200.0,16SDB,1,projects/neon-prod-earthengine/assets/HSI_REFL/002/2023_TALL_7,2023-05-26,41.40147862423658
NA5120_E1801N0548,EPSG:32616,-87.41182602268786,32.91458924156657,461491.7677588154,3641893.5660184575,9223680.0,2808320.0,16SDB,1,projects/neon-prod-earthengine/assets/HSI_REFL/002/2023_TALL_7,2023-05-26,0.0
NA5120_E1801N0549,EPSG:32616,-87.40569243208498,32.96029239763426,462084.80625560496,3646958.000356317,9223680.0,2813440.0,16SDB,1,projects/neon-prod-earthengine/assets/HSI_REFL/002/2023_TALL_7,2023-05-26,0.0
NA5120_E1802N0547,EPSG:32616,-87.3646400137217,32.863043494619205,465884.2242693227,3636163.0077179186,9228800.0,2803200.0,16SDB,1,projects/neon-prod-earthengine/assets/HSI_REFL/002/2023_TALL_7,2023-05-26,74.74779319041615
NA5120_E1802N0548,EPSG:32616,-87.35848569886893,32.908742871127835,466477.2372086142,3641227.221599446,9228800.0,2808320.0,16SDB,1,projects/neon-prod-earthengine/assets/HSI_REFL/002/2023_TALL_7,2023-05-26,51.732026143790854
NA5120_E1238N0676,EPSG:32611,-119.10554985113262,36.943052522079284,312505.01097758184,4090626.1481339396,6341120.0,3463680.0,11SLA,1,projects/neon-prod-earthengine/assets/HSI_REFL/002/2023_TEAK_6,2023-07-08,80.33088235294117
NA5120_E1239N0676,EPSG:32611,-119.05072669010471,36.9556479033717,317417.5746222677,4091917.1517075524,6346240.0,3463680.0,11SLA,1,projects/neon-prod-earthengine/assets/HSI_REFL/002/2023_TEAK_6,2023-07-08,23.897058823529413
NA5120_E1239N0677,EPSG:32611,-119.06509393650258,36.99960930300831,316244.0532451997,4096822.434450097,6346240.0,3468800.0,11SLA,1,projects/neon-prod-earthengine/assets/HSI_REFL/002/2023_TEAK_6,2023-07-08,0.0
NA5120_E1239N0678,EPSG:32611,-119.07948649065176,37.0435667626419,315069.8512538747,4101727.5785564776,6346240.0,3473920.0,11SLB,1,projects/neon-prod-earthengine/assets/HSI_REFL/002/2023_TEAK_6,2023-07-08,13.26593137254902
NA5120_E1239N0679,EPSG:32611,-119.09390441139914,37.08752027317747,313894.96928741207,4106632.5842866995,6346240.0,3479040.0,11SLB,1,projects/neon-prod-earthengine/assets/HSI_REFL/002/2023_TEAK_6,2023-07-08,45.036764705882355
NA5120_E1240N0676,EPSG:32611,-118.99588369143761,36.96821280151227,322330.1851629608,4093207.5247833775,6351360.0,3463680.0,11SLA,1,projects/neon-prod-earthengine/assets/HSI_REFL/002/2023_TEAK_6,2023-07-08,0.7469654528478058
NA5120_E1240N0677,EPSG:32611,-119.01021976297771,37.012184928073474,321156.9027329051,4098113.167932718,6351360.0,3468800.0,11SLB,1,projects/neon-prod-earthengine/assets/HSI_REFL/002/2023_TEAK_6,2023-07-08,0.0
NA5120_E1240N0678,EPSG:32611,-119.02458109836574,37.05615313109949,319982.9389808165,4103018.671599674,6351360.0,3473920.0,11SLB,1,projects/neon-prod-earthengine/assets/HSI_REFL/002/2023_TEAK_6,2023-07-08,0.0
NA5120_E1240N0679,EPSG:32611,-119.03896775638795,37.10011740153249,318808.2945463203,4107924.0360435527,6351360.0,3479040.0,11SLB,1,projects/neon-prod-earthengine/assets/HSI_REFL/002/2023_TEAK_6,2023-07-08,34.39153439153439
NA5120_E1241N0678,EPSG:32611,-118.96965579983137,37.06870895153634,324896.07396864274,4104309.1390326438,6356480.0,3473920.0,11SLB,1,projects/neon-prod-earthengine/assets/HSI_REFL/002/2023_TEAK_6,2023-07-08,46.66053921568628
NA5120_E1241N0679,EPSG:32611,-118.98401114411242,37.11268396068193,323721.6659221671,4109214.863869079,6356480.0,3479040.0,11SLB,1,projects/neon-prod-earthengine/assets/HSI_REFL/002/2023_TEAK_6,2023-07-08,72.05882352941177
NA5120_E1652N0668,EPSG:32615,-95.25639597937104,38.97473595171032,304534.58934482257,4316394.55715643,8460800.0,3422720.0,15STD,1,projects/neon-prod-earthengine/assets/HSI_REFL/002/2023_UKFS_7,2023-05-24,53.65418894830659
NA5120_E1652N0669,EPSG:32615,-95.25480264040137,39.02083168393761,304799.39729545906,4321507.260666876,8460800.0,3427840.0,15STD,1,projects/neon-prod-earthengine/assets/HSI_REFL/002/2023_UKFS_7,2023-05-24,44.94949494949495
NA5120_E1652N0670,EPSG:32615,-95.2532062624469,39.06692700839839,305064.4143068413,4326619.946756313,8460800.0,3432960.0,15STD,1,projects/neon-prod-earthengine/assets/HSI_REFL/002/2023_UKFS_7,2023-05-24,47.337278106508876
NA5120_E1653N0668,EPSG:32615,-95.19784279716501,38.973380061773476,309603.7903392392,4316119.982655878,8465920.0,3422720.0,15SUD,1,projects/neon-prod-earthengine/assets/HSI_REFL/002/2023_UKFS_7,2023-05-24,58.37278106508875
NA5120_E1653N0669,EPSG:32615,-95.19620794406836,39.019474537104976,309868.89090271934,4321232.505179466,8465920.0,3427840.0,15SUD,1,projects/neon-prod-earthengine/assets/HSI_REFL/002/2023_UKFS_7,2023-05-24,0.0
NA5120_E1653N0670,EPSG:32615,-95.19456997296116,39.0655686024493,310134.1994481756,4326345.010487788,8465920.0,3432960.0,15SUD,1,projects/neon-prod-earthengine/assets/HSI_REFL/002/2023_UKFS_7,2023-05-24,0.0
NA5120_E1654N0668,EPSG:32615,-95.13929208617112,38.97198926163632,314672.8382152162,4315844.807652365,8471040.0,3422720.0,15SUD,1,projects/neon-prod-earthengine/assets/HSI_REFL/002/2023_UKFS_7,2023-05-24,91.31221719457014
NA5120_E1654N0669,EPSG:32615,-95.13761572599473,39.018082447778106,314938.23164051306,4320957.151315963,8471040.0,3427840.0,15SUD,1,projects/neon-prod-earthengine/assets/HSI_REFL/002/2023_UKFS_7,2023-05-24,37.46606334841629
NA5120_E1654N0670,EPSG:32615,-95.1359361688073,39.06417522165513,315203.8319694189,4326069.477970413,8471040.0,3432960.0,15SUD,1,projects/neon-prod-earthengine/assets/HSI_REFL/002/2023_UKFS_7,2023-05-24,40.0932400932401
NA5120_E1472N0695,EPSG:32613,-105.93528775283835,39.88672686756001,420031.71932842163,4415603.707744035,7539200.0,3560960.0,13TDE,1,projects/neon-prod-earthengine/assets/HSI_REFL/002/2023_WLOU_4,2023-08-21,31.021363769388355
NA5120_E1472N0696,EPSG:32613,-105.94141178424336,39.93249819853933,419561.65693440556,4420689.420817284,7539200.0,3566080.0,13TDE,1,projects/neon-prod-earthengine/assets/HSI_REFL/002/2023_WLOU_4,2023-08-21,80.91893473807433
NA5120_E1587N0844,EPSG:32614,-99.29888793732749,47.09682718631338,477317.9638567114,5215967.592024002,8128000.0,4323840.0,14TMT,1,projects/neon-prod-earthengine/assets/HSI_REFL/002/2023_WOOD_6,2023-06-20,25.44178794178794
NA5120_E1587N0845,EPSG:32614,-99.30048170073889,47.14286508832543,477216.67762679316,5221084.182968169,8128000.0,4328960.0,14TMT,1,projects/neon-prod-earthengine/assets/HSI_REFL/002/2023_WOOD_6,2023-06-20,10.562091503267974
NA5120_E1587N0846,EPSG:32614,-99.30207899183551,47.18890258384714,477115.3474494601,5226200.773327362,8128000.0,4334080.0,14TMT,1,projects/neon-prod-earthengine/assets/HSI_REFL/002/2023_WOOD_6,2023-06-20,58.954248366013076
NA5120_E1587N0847,EPSG:32614,-99.30367982183307,47.234939672816445,477013.97338943963,5231317.363103963,8128000.0,4339200.0,14TMT,1,projects/neon-prod-earthengine/assets/HSI_REFL/002/2023_WOOD_6,2023-06-20,100.0
NA5120_E1588N0844,EPSG:32614,-99.2315470639693,47.09792025781709,482428.69174739014,5216071.735212255,8133120.0,4323840.0,14TMT,1,projects/neon-prod-earthengine/assets/HSI_REFL/002/2023_WOOD_6,2023-06-20,13.910969793322733
NA5120_E1588N0845,EPSG:32614,-99.23308122426162,47.14395935363481,482327.52143544273,5221188.344223438,8133120.0,4328960.0,14TMT,1,projects/neon-prod-earthengine/assets/HSI_REFL/002/2023_WOOD_6,2023-06-20,0.0
NA5120_E1588N0846,EPSG:32614,-99.23461878047925,47.189998045494384,482226.3060819593,5226304.952564085,8133120.0,4334080.0,14TMT,1,projects/neon-prod-earthengine/assets/HSI_REFL/002/2023_WOOD_6,2023-06-20,2.2483660130718954
NA5120_E1588N0847,EPSG:32614,-99.23615974341975,47.23603633334192,482125.04575164034,5231421.560236526,8133120.0,4339200.0,14TMT,1,projects/neon-prod-earthengine/assets/HSI_REFL/002/2023_WOOD_6,2023-06-20,39.12820512820513
NA5120_E1589N0844,EPSG:32614,-99.16420341571309,47.09897164144978,487539.4130702364,5216175.645079249,8138240.0,4323840.0,14TMT,1,projects/neon-prod-earthengine/assets/HSI_REFL/002/2023_WOOD_6,2023-06-20,34.525702172760994
NA5120_E1589N0845,EPSG:32614,-99.16567796368221,47.1450118856,487438.35856764024,5221292.274342931,8138240.0,4328960.0,14TMT,1,projects/neon-prod-earthengine/assets/HSI_REFL/002/2023_WOOD_6,2023-06-20,0.0
NA5120_E1589N0846,EPSG:32614,-99.1671557757772,47.19105172822799,487337.2579293316,5226408.9028506605,8138240.0,4334080.0,14TMT,1,projects/neon-prod-earthengine/assets/HSI_REFL/002/2023_WOOD_6,2023-06-20,0.0
NA5120_E1589N0847,EPSG:32614,-99.16863686237728,47.237091169287716,487236.1112199854,5231525.5306047145,8138240.0,4339200.0,14TMT,1,projects/neon-prod-earthengine/assets/HSI_REFL/002/2023_WOOD_6,2023-06-20,55.41025641025641
NA5120_E1590N0844,EPSG:32614,-99.09685710024752,47.09998133408963,492650.1310967603,5216279.321758765,8143360.0,4323840.0,14TMT,1,projects/neon-prod-earthengine/assets/HSI_REFL/002/2023_WOOD_6,2023-06-20,45.972443031266565
NA5120_E1590N0845,EPSG:32614,-99.09827202704598,47.14602268108915,492549.1922952613,5221395.973460462,8143360.0,4328960.0,14TMT,1,projects/neon-prod-earthengine/assets/HSI_REFL/002/2023_WOOD_6,2023-06-20,0.0
NA5120_E1590N0846,EPSG:32614,-99.09969008613287,47.19206362890603,492448.20626381814,5226512.624320938,8143360.0,4334080.0,14TMT,1,projects/neon-prod-earthengine/assets/HSI_REFL/002/2023_WOOD_6,2023-06-20,6.0256410256410255
NA5120_E1590N0847,EPSG:32614,-99.10111128746885,47.23810417750186,492347.17306708224,5231629.274342411,8143360.0,4339200.0,14TMT,1,projects/neon-prod-earthengine/assets/HSI_REFL/002/2023_WOOD_6,2023-06-20,79.00653594771242
NA5120_E1591N0844,EPSG:32614,-99.02950822529326,47.10094933273828,497760.8490984809,5216382.765383893,8148480.0,4323840.0,14TMT,1,projects/neon-prod-earthengine/assets/HSI_REFL/002/2023_WOOD_6,2023-06-20,69.15032679738562
NA5120_E1591N0845,EPSG:32614,-99.03086352243038,47.146991737094304,497660.02589019324,5221499.441709165,8148480.0,4328960.0,14TMT,1,projects/neon-prod-earthengine/assets/HSI_REFL/002/2023_WOOD_6,2023-06-20,46.56209150326797
NA5120_E1591N0846,EPSG:32614,-99.03222181998206,47.19303374451095,497559.1543576651,5226616.117108096,8148480.0,4334080.0,14TMT,1,projects/neon-prod-earthengine/assets/HSI_REFL/002/2023_WOOD_6,2023-06-20,75.92307692307692
NA5120_E1591N0847,EPSG:32614,-99.03358312749019,47.239075354957095,497458.23456552724,5231732.791582846,8148480.0,4339200.0,14TMT,1,projects/neon-prod-earthengine/assets/HSI_REFL/002/2023_WOOD_6,2023-06-20,100.0
NA5120_E1246N0877,EPSG:32610,-122.10463205431225,45.803400086868685,569575.4736249667,5072594.044947132,6382080.0,4492800.0,10TER,1,projects/neon-prod-earthengine/assets/HSI_REFL/002/2023_WREF_6,2023-06-24,62.80295047418335
NA5120_E1247N0876,EPSG:32610,-122.02176112013004,45.77519719193179,576053.3778516314,5069536.13153623,6387200.0,4487680.0,10TER,1,projects/neon-prod-earthengine/assets/HSI_REFL/002/2023_WREF_6,2023-06-24,32.205210851463875
NA5120_E1247N0877,EPSG:32610,-122.04232263093489,45.81826254817605,574397.4865818513,5074301.444783987,6387200.0,4492800.0,10TER,1,projects/neon-prod-earthengine/assets/HSI_REFL/002/2023_WREF_6,2023-06-24,0.0
NA5120_E1247N0878,EPSG:32610,-122.06292553431736,45.86132160806392,572740.8112304516,5079066.468727522,6387200.0,4497920.0,10TER,1,projects/neon-prod-earthengine/assets/HSI_REFL/002/2023_WREF_6,2023-06-24,0.0
NA5120_E1247N0879,EPSG:32610,-122.08356994370068,45.90437435425778,571083.3526606488,5083831.20388729,6387200.0,4503040.0,10TER,1,projects/neon-prod-earthengine/assets/HSI_REFL/002/2023_WREF_6,2023-06-24,74.69782433521354
NA5120_E1248N0876,EPSG:32610,-121.95945982100947,45.790009544638764,580875.5692769485,5071242.97075217,6392320.0,4487680.0,10TER,1,projects/neon-prod-earthengine/assets/HSI_REFL/002/2023_WREF_6,2023-06-24,2.20252484555466
NA5120_E1248N0877,EPSG:32610,-121.97997942484398,45.83308961664192,579219.5897535913,5076008.724519208,6392320.0,4492800.0,10TER,1,projects/neon-prod-earthengine/assets/HSI_REFL/002/2023_WREF_6,2023-06-24,0.0
NA5120_E1248N0878,EPSG:32610,-122.0005403635749,45.876163418567074,577562.8257328984,5080774.187799528,6392320.0,4497920.0,10TER,1,projects/neon-prod-earthengine/assets/HSI_REFL/002/2023_WREF_6,2023-06-24,2.9504741833508956
NA5120_E1249N0875,EPSG:32610,-121.87668844578089,45.76168550459224,587353.1384109237,5068183.202545875,6397440.0,4482560.0,10TER,1,projects/neon-prod-earthengine/assets/HSI_REFL/002/2023_WREF_6,2023-06-24,100.0
NA5120_E1249N0876,EPSG:32610,-121.89712488158744,45.804786493507336,585697.8548715176,5072949.6904145535,6397440.0,4487680.0,10TER,1,projects/neon-prod-earthengine/assets/HSI_REFL/002/2023_WREF_6,2023-06-24,58.95782970722535
NA5120_E1249N0877,EPSG:32610,-121.91760248133946,45.84788125574914,584041.7855532096,5077715.886094682,6397440.0,4492800.0,10TER,1,projects/neon-prod-earthengine/assets/HSI_REFL/002/2023_WREF_6,2023-06-24,10.625331213566508
NA5120_E1249N0878,EPSG:32610,-121.93812135796573,45.890969774175,582384.9313211831,5082481.790104861,6397440.0,4497920.0,10TER,1,projects/neon-prod-earthengine/assets/HSI_REFL/002/2023_WREF_6,2023-06-24,51.81305398871877
NA5120_E1250N0875,EPSG:32610,-121.81436195443916,45.77641237479738,592175.6115071881,5069889.360104643,6402560.0,4482560.0,10TER,1,projects/neon-prod-earthengine/assets/HSI_REFL/002/2023_WREF_6,2023-06-24,100.0
NA5120_E1250N0876,EPSG:32610,-121.83475634740887,45.81952800215524,590520.237049088,5074656.292464431,6402560.0,4487680.0,10TER,1,projects/neon-prod-earthengine/assets/HSI_REFL/002/2023_WREF_6,2023-06-24,42.07060063224447
NA5120_E1250N0877,EPSG:32610,-121.85519184601095,45.862637429019706,588864.0763940839,5079422.931452114,6402560.0,4492800.0,10TER,1,projects/neon-prod-earthengine/assets/HSI_REFL/002/2023_WREF_6,2023-06-24,46.36459430979979
NA5120_E1251N0877,EPSG:32610,-121.79274756473802,45.87735810001507,593686.4646899548,5081129.862533022,6407680.0,4492800.0,10TER,1,projects/neon-prod-earthengine/assets/HSI_REFL/002/2023_WREF_6,2023-06-24,83.8102808691044
NA5120_E1411N0813,EPSG:32612,-110.66274006303139,44.86241059176282,526644.7831732121,4967721.4640655685,7226880.0,4165120.0,12TWQ,1,projects/neon-prod-earthengine/assets/HSI_REFL/002/2023_YELL_5,2023-07-03,99.9727668845316
NA5120_E1411N0814,EPSG:32612,-110.67363459662673,44.90762178751659,525763.8863435898,4972740.237587433,7226880.0,4170240.0,12TWQ,1,projects/neon-prod-earthengine/assets/HSI_REFL/002/2023_YELL_5,2023-07-03,79.35363247863248
NA5120_E1412N0813,EPSG:32612,-110.5990734287367,44.87042093882019,531670.2907594735,4968634.148288637,7232000.0,4165120.0,12TWQ,1,projects/neon-prod-earthengine/assets/HSI_REFL/002/2023_YELL_5,2023-07-03,36.38344226579521
NA5120_E1412N0814,EPSG:32612,-110.60991819457544,44.91564032003988,530789.4952780401,4973653.182525998,7232000.0,4170240.0,12TWQ,1,projects/neon-prod-earthengine/assets/HSI_REFL/002/2023_YELL_5,2023-07-03,9.56196581196581
NA5120_E1412N0815,EPSG:32612,-110.62078548759833,44.96085763947063,529908.2475609473,4978672.133515896,7232000.0,4175360.0,12TWQ,1,projects/neon-prod-earthengine/assets/HSI_REFL/002/2023_YELL_5,2023-07-03,2.941176470588235
NA5120_E1412N0816,EPSG:32612,-110.6316753736239,45.006072892022296,529026.5481412878,4983691.001410909,7232000.0,4180480.0,12TWQ,1,projects/neon-prod-earthengine/assets/HSI_REFL/002/2023_YELL_5,2023-07-03,86.00217864923746
NA5120_E1413N0813,EPSG:32612,-110.53538851650883,44.878393112624366,536695.8706169685,4969546.544482939,7237120.0,4165120.0,12TWQ,1,projects/neon-prod-earthengine/assets/HSI_REFL/002/2023_YELL_5,2023-07-03,9.667755991285402
NA5120_E1413N0814,EPSG:32612,-110.54618345836433,44.923620643133916,535815.1755843486,4974565.84138546,7237120.0,4170240.0,12TWQ,1,projects/neon-prod-earthengine/assets/HSI_REFL/002/2023_YELL_5,2023-07-03,0.0
NA5120_E1413N0815,EPSG:32612,-110.55700083151451,44.9688461276593,534934.0274192949,4979585.054336865,7237120.0,4175360.0,12TWQ,1,projects/neon-prod-earthengine/assets/HSI_REFL/002/2023_YELL_5,2023-07-03,0.0
NA5120_E1413N0816,EPSG:32612,-110.56784070153044,45.01406956115636,534052.4266551987,4984604.183489245,7237120.0,4180480.0,12TWQ,1,projects/neon-prod-earthengine/assets/HSI_REFL/002/2023_YELL_5,2023-07-03,84.1525651356433
NA5120_E1414N0812,EPSG:32612,-110.46096261191427,44.841089423654616,542601.6666722104,4965439.007444848,7242240.0,4160000.0,12TWQ,1,projects/neon-prod-earthengine/assets/HSI_REFL/002/2023_YELL_5,2023-07-03,100.0
NA5120_E1414N0813,EPSG:32612,-110.47168540365286,44.886327092479284,541721.5257525161,4970458.653768873,7242240.0,4165120.0,12TWQ,1,projects/neon-prod-earthengine/assets/HSI_REFL/002/2023_YELL_5,2023-07-03,63.325048329190835
NA5120_E1414N0814,EPSG:32612,-110.48243046551079,44.931562736042366,540840.9302695895,4975478.215286778,7242240.0,4170240.0,12TWQ,1,projects/neon-prod-earthengine/assets/HSI_REFL/002/2023_YELL_5,2023-07-03,0.27233115468409586
NA5120_E1414N0815,EPSG:32612,-110.49319786255509,44.97679634936452,539959.8807568703,4980497.692149827,7242240.0,4175360.0,12TWQ,1,projects/neon-prod-earthengine/assets/HSI_REFL/002/2023_YELL_5,2023-07-03,12.873931623931622
NA5120_E1415N0812,EPSG:32612,-110.39729121564083,44.84897712782774,547627.3005439172,4966350.563672521,7247360.0,4160000.0,12TWQ,1,projects/neon-prod-earthengine/assets/HSI_REFL/002/2023_YELL_5,2023-07-03,100.0
NA5120_E1415N0813,EPSG:32612,-110.40796416765839,44.89422285777365,546747.2591733201,4971370.477266066,7247360.0,4165120.0,12TWQ,1,projects/neon-prod-earthengine/assets/HSI_REFL/002/2023_YELL_5,2023-07-03,17.497291440953415
NA5120_E1415N0814,EPSG:32612,-110.41865929371761,44.93946657809392,545866.7623412407,4976390.305350148,7247360.0,4170240.0,12TWQ,1,projects/neon-prod-earthengine/assets/HSI_REFL/002/2023_YELL_5,2023-07-03,0.0
NA5120_E1415N0815,EPSG:32612,-110.42937665863684,44.98470828385473,544985.8105814008,4981410.048075543,7247360.0,4175360.0,12TWQ,1,projects/neon-prod-earthengine/assets/HSI_REFL/002/2023_YELL_5,2023-07-03,61.192810457516345
NA5120_E2017N0847,EPSG:32619,-71.34245638243557,43.973274589329534,312109.4052471282,4871572.04515196,10329600.0,4339200.0,18TYP,1,projects/neon-prod-earthengine/assets/HSI_REFL/002/2024_BART_7,2024-08-30,87.17086834733894
NA5120_E2017N0848,EPSG:32619,-71.32163532692785,44.01598722015454,313913.1124684793,4876268.956652696,10329600.0,4344320.0,18TYP,1,projects/neon-prod-earthengine/assets/HSI_REFL/002/2024_BART_7,2024-08-30,19.580226456779894
NA5120_E2017N0849,EPSG:32619,-71.30077415201889,44.058693125720204,315717.7153769953,4880965.478363737,10329600.0,4349440.0,18TYP,1,projects/neon-prod-earthengine/assets/HSI_REFL/002/2024_BART_7,2024-08-30,0.0
NA5120_E2017N0850,EPSG:32619,-71.27987275397285,44.101392288271875,317523.2130492064,4885661.610864606,10329600.0,4354560.0,18TYP,1,projects/neon-prod-earthengine/assets/HSI_REFL/002/2024_BART_7,2024-08-30,55.537144435238886
NA5120_E2018N0848,EPSG:32619,-71.26168122818925,44.000297056541754,318670.90667276,4874392.60278611,10334720.0,4344320.0,18TYP,1,projects/neon-prod-earthengine/assets/HSI_REFL/002/2024_BART_7,2024-08-30,15.763813651137596
NA5120_E2018N0849,EPSG:32619,-71.24078308072117,44.0429880783581,320475.37313091767,4879088.591556116,10334720.0,4349440.0,18TYP,1,projects/neon-prod-earthengine/assets/HSI_REFL/002/2024_BART_7,2024-08-30,0.0
NA5120_E2018N0850,EPSG:32619,-71.21984466513288,44.08567233216499,322280.7340371171,4883784.192365182,10334720.0,4354560.0,18TYP,1,projects/neon-prod-earthengine/assets/HSI_REFL/002/2024_BART_7,2024-08-30,46.42470205850488
NA5120_E2019N0848,EPSG:32619,-71.2017596942188,43.98457352924943,323428.5345295917,4872516.121914853,10339840.0,4344320.0,18TYP,1,projects/neon-prod-earthengine/assets/HSI_REFL/002/2024_BART_7,2024-08-30,76.028721347694
NA5120_E1193N1400,EPSG:32606,-147.68751781958738,65.11011685485525,467712.97994703695,7220902.702091069,6110720.0,7170560.0,06WVT,1,projects/neon-prod-earthengine/assets/HSI_REFL/002/2024_BONA_6,2024-07-10,81.2348079727759
NA5120_E1194N1399,EPSG:32606,-147.53344985070194,65.10861050910181,474946.70460497064,7220664.892561226,6115840.0,7165440.0,06WVT,1,projects/neon-prod-earthengine/assets/HSI_REFL/002/2024_BONA_6,2024-07-10,59.763409496029816
NA5120_E1194N1400,EPSG:32606,-147.60897280258578,65.14055041333378,471434.19954146934,7224256.53787991,6115840.0,7170560.0,06WVT,1,projects/neon-prod-earthengine/assets/HSI_REFL/002/2024_BONA_6,2024-07-10,0.0
NA5120_E1194N1401,EPSG:32606,-147.68469088378342,65.17244649549825,467921.0555231557,7227847.586239987,6115840.0,7175680.0,06WVT,1,projects/neon-prod-earthengine/assets/HSI_REFL/002/2024_BONA_6,2024-07-10,56.52244368821909
NA5120_E1195N1398,EPSG:32606,-147.37940018637755,65.10694660633776,482180.4000283551,7220427.17308021,6120960.0,7160320.0,06WVT,1,projects/neon-prod-earthengine/assets/HSI_REFL/002/2024_BONA_6,2024-07-10,67.0393777345649
NA5120_E1195N1399,EPSG:32606,-147.45473334555072,65.138969539431,478667.90678962873,7224019.414693162,6120960.0,7165440.0,06WVT,1,projects/neon-prod-earthengine/assets/HSI_REFL/002/2024_BONA_6,2024-07-10,0.0
NA5120_E1195N1400,EPSG:32606,-147.53026163901657,65.17094886550291,475154.775890875,7227611.056272239,6120960.0,7170560.0,06WVT,1,projects/neon-prod-earthengine/assets/HSI_REFL/002/2024_BONA_6,2024-07-10,0.0
NA5120_E1195N1401,EPSG:32606,-147.60598555308084,65.20288441720609,471641.00750980125,7231202.09992658,6120960.0,7175680.0,06WVT,1,projects/neon-prod-earthengine/assets/HSI_REFL/002/2024_BONA_6,2024-07-10,0.0
NA5120_E1195N1402,EPSG:32606,-147.68190557380896,65.2347760265585,468126.60182231246,7234792.547765851,6120960.0,7180800.0,06WVT,1,projects/neon-prod-earthengine/assets/HSI_REFL/002/2024_BONA_6,2024-07-10,63.33439287984742
NA5120_E1196N1399,EPSG:32606,-147.375850692515,65.16929328315958,482388.4674655619,7227374.62236559,6126080.0,7165440.0,06WVT,1,projects/neon-prod-earthengine/assets/HSI_REFL/002/2024_BONA_6,2024-07-10,16.440731399747794
NA5120_E1196N1400,EPSG:32606,-147.45138390590205,65.20131208110028,478874.709089022,7230966.259468111,6126080.0,7170560.0,06WVT,1,projects/neon-prod-earthengine/assets/HSI_REFL/002/2024_BONA_6,2024-07-10,0.0
NA5120_E1196N1401,EPSG:32606,-147.52711323135378,65.23328715280579,475360.314703607,7234557.29767973,6126080.0,7175680.0,06WVT,1,projects/neon-prod-earthengine/assets/HSI_REFL/002/2024_BONA_6,2024-07-10,19.25133689839572
NA5120_E1197N1400,EPSG:32606,-147.37233918011498,65.23163992937872,482593.9992275681,7234322.149667233,6131200.0,7170560.0,06WVT,1,projects/neon-prod-earthengine/assets/HSI_REFL/002/2024_BONA_6,2024-07-10,30.295724847315974
NA5120_E1726N0821,EPSG:32615,-90.10745357468373,45.79645319249543,724793.8881633645,5075501.885060574,8839680.0,4206080.0,15TYL,1,projects/neon-prod-earthengine/assets/HSI_REFL/002/2024_CHEQ_8,2024-07-09,19.661563255439162
NA5120_E1726N0822,EPSG:32615,-90.10115156641405,45.84224424810059,725098.8905550407,5080607.0024973,8839680.0,4211200.0,15TYL,1,projects/neon-prod-earthengine/assets/HSI_REFL/002/2024_CHEQ_8,2024-07-09,49.529948965887726
NA5120_E1727N0821,EPSG:32615,-90.04204385267708,45.79188905939741,729895.8582191394,5075181.021607069,8844800.0,4206080.0,15TYL,1,projects/neon-prod-earthengine/assets/HSI_REFL/002/2024_CHEQ_8,2024-07-09,45.44721998388396
NA5120_E1727N0822,EPSG:32615,-90.03568707964396,45.837675297765585,730201.0116036902,5080286.152319031,8844800.0,4211200.0,15TYL,1,projects/neon-prod-earthengine/assets/HSI_REFL/002/2024_CHEQ_8,2024-07-09,65.24308353478378
NA5120_E1611N0545,EPSG:32614,-97.646057016779,33.32481560589625,626018.9207577497,3688115.077732719,8250880.0,2792960.0,14SPB,1,projects/neon-prod-earthengine/assets/HSI_REFL/002/2024_CLBJ_8,2024-05-14,25.15762925598991
NA5120_E1611N0546,EPSG:32614,-97.64614693030559,33.37097878824861,625944.0521368855,3693233.4801036874,8250880.0,2798080.0,14SPB,1,projects/neon-prod-earthengine/assets/HSI_REFL/002/2024_CLBJ_8,2024-05-14,0.22500803600128574
NA5120_E1611N0547,EPSG:32614,-97.64623700223066,33.41714162662081,625869.0962642301,3698351.87999616,8250880.0,2803200.0,14SPC,1,projects/neon-prod-earthengine/assets/HSI_REFL/002/2024_CLBJ_8,2024-05-14,19.607843137254903
NA5120_E1612N0545,EPSG:32614,-97.59203291685546,33.32488472993673,631047.5340420781,3688189.3423776766,8256000.0,2792960.0,14SPB,1,projects/neon-prod-earthengine/assets/HSI_REFL/002/2024_CLBJ_8,2024-05-14,25.693568726355608
NA5120_E1612N0546,EPSG:32614,-97.59208957295374,33.37104797051992,630973.1039415916,3693307.8351263576,8256000.0,2798080.0,14SPB,1,projects/neon-prod-earthengine/assets/HSI_REFL/002/2024_CLBJ_8,2024-05-14,0.0
NA5120_E1612N0547,EPSG:32614,-97.59214632886192,33.41721086721488,630898.5855174839,3698426.325347452,8256000.0,2803200.0,14SPC,1,projects/neon-prod-earthengine/assets/HSI_REFL/002/2024_CLBJ_8,2024-05-14,25.66204287515763
NA5120_E1613N0547,EPSG:32614,-97.5380555783662,33.41724868555554,635928.1691819441,3698499.9040197395,8261120.0,2803200.0,14SPC,1,projects/neon-prod-earthengine/assets/HSI_REFL/002/2024_CLBJ_8,2024-05-14,73.83354350567465
NA5120_E1793N0538,EPSG:32616,-87.89709900554271,32.50279595030312,415728.40536794136,3596523.567892438,9182720.0,2757120.0,16SDA,1,projects/neon-prod-earthengine/assets/HSI_REFL/002/2024_DELA_8,2024-05-21,64.18663303909206
NA5120_E1793N0539,EPSG:32616,-87.89131820201604,32.548546904368166,416313.8866230546,3601590.844912609,9182720.0,2762240.0,16SDB,1,projects/neon-prod-earthengine/assets/HSI_REFL/002/2024_DELA_8,2024-05-21,38.91025641025641
NA5120_E1793N0540,EPSG:32616,-87.88552741087007,32.59429687486001,416899.8065015089,3606658.0638720067,9182720.0,2767360.0,16SDB,1,projects/neon-prod-earthengine/assets/HSI_REFL/002/2024_DELA_8,2024-05-21,39.247830279652845
NA5120_E1794N0538,EPSG:32616,-87.84400725221714,32.497240040227155,420711.0163869482,3595866.9370814436,9187840.0,2757120.0,16SDA,1,projects/neon-prod-earthengine/assets/HSI_REFL/002/2024_DELA_8,2024-05-21,43.04082288653166
NA5120_E1794N0539,EPSG:32616,-87.83819541544533,32.54298641532177,421296.9039444965,3600933.9198810454,9187840.0,2762240.0,16SDB,1,projects/neon-prod-earthengine/assets/HSI_REFL/002/2024_DELA_8,2024-05-21,0.0
NA5120_E1794N0540,EPSG:32616,-87.83237353915395,32.588731799861606,421883.22913321224,3606000.845050053,9187840.0,2767360.0,16SDB,1,projects/neon-prod-earthengine/assets/HSI_REFL/002/2024_DELA_8,2024-05-21,11.861137897782063
NA5120_E1795N0538,EPSG:32616,-87.79092317247098,32.491653795382966,425693.46669846965,3595209.44041503,9192960.0,2757120.0,16SDA,1,projects/neon-prod-earthengine/assets/HSI_REFL/002/2024_DELA_8,2024-05-21,60.55930568948891
NA5120_E1795N0539,EPSG:32616,-87.7850803221429,32.537395567359674,426279.76111865067,3600276.130957365,9192960.0,2762240.0,16SDB,1,projects/neon-prod-earthengine/assets/HSI_REFL/002/2024_DELA_8,2024-05-21,0.0
NA5120_E1795N0540,EPSG:32616,-87.77922738045616,32.583136341765375,426866.4921785789,3605342.7642997024,9192960.0,2767360.0,16SDB,1,projects/neon-prod-earthengine/assets/HSI_REFL/002/2024_DELA_8,2024-05-21,2.9893924783027965
NA5120_E1796N0538,EPSG:32616,-87.73784680561023,32.48603722503042,430675.75917099486,3594551.0771491197,9198080.0,2757120.0,16SDA,1,projects/neon-prod-earthengine/assets/HSI_REFL/002/2024_DELA_8,2024-05-21,88.4313725490196
NA5120_E2013N0812,EPSG:32618,-72.28160588311017,42.534584642079665,723244.1358851868,4712714.946587281,10309120.0,4160000.0,18TYN,1,projects/neon-prod-earthengine/assets/HSI_REFL/002/2024_HARV_8,2024-08-14,39.35777209434498
NA5120_E2013N0813,EPSG:32618,-72.26226847575742,42.577577806801486,724677.8898582503,4717540.524646917,10309120.0,4165120.0,18TYN,1,projects/neon-prod-earthengine/assets/HSI_REFL/002/2024_HARV_8,2024-08-14,34.36974789915966
NA5120_E2014N0809,EPSG:32618,-72.28073598724785,42.390570832789145,723828.3813045719,4696724.638248988,10314240.0,4144640.0,18TYM,1,projects/neon-prod-earthengine/assets/HSI_REFL/002/2024_HARV_8,2024-08-14,50.390189520624304
NA5120_E2014N0810,EPSG:32618,-72.26147202832067,42.43356818610988,725260.1085451264,4701550.387121961,10314240.0,4149760.0,18TYN,1,projects/neon-prod-earthengine/assets/HSI_REFL/002/2024_HARV_8,2024-08-14,7.729468599033816
NA5120_E2014N0811,EPSG:32618,-72.24217178432893,42.47655951365485,726692.5434356346,4706375.965894271,10314240.0,4154880.0,18TYN,1,projects/neon-prod-earthengine/assets/HSI_REFL/002/2024_HARV_8,2024-08-14,0.0
NA5120_E2014N0812,EPSG:32618,-72.2228351637432,42.51954480000945,728125.6852333196,4711201.374977781,10314240.0,4160000.0,18TYN,1,projects/neon-prod-earthengine/assets/HSI_REFL/002/2024_HARV_8,2024-08-14,0.0
NA5120_E2014N0813,EPSG:32618,-72.20346207473575,42.56252402970656,729559.5331952453,4716026.614785149,10314240.0,4165120.0,18TYN,1,projects/neon-prod-earthengine/assets/HSI_REFL/002/2024_HARV_8,2024-08-14,9.178743961352657
NA5120_E2014N0814,EPSG:32618,-72.18405242517925,42.60549718722611,730994.0865783322,4720851.685729807,10314240.0,4170240.0,18TYN,1,projects/neon-prod-earthengine/assets/HSI_REFL/002/2024_HARV_8,2024-08-14,99.34640522875817
NA5120_E2015N0809,EPSG:32618,-72.2221012037295,42.375540005885824,728709.6740423213,4695211.713194958,10319360.0,4144640.0,18TYM,1,projects/neon-prod-earthengine/assets/HSI_REFL/002/2024_HARV_8,2024-08-14,50.7814720090935
NA5120_E2015N0810,EPSG:32618,-72.20280177762291,42.41852347113441,730141.4982606214,4700037.122272774,10319360.0,4149760.0,18TYN,1,projects/neon-prod-earthengine/assets/HSI_REFL/002/2024_HARV_8,2024-08-14,0.0
NA5120_E2015N0811,EPSG:32618,-72.18346602144412,42.46150088778802,731574.0295891216,4704862.362274187,10319360.0,4154880.0,18TYN,1,projects/neon-prod-earthengine/assets/HSI_REFL/002/2024_HARV_8,2024-08-14,0.0
NA5120_E2015N0812,EPSG:32618,-72.16409384363574,42.50447224037963,733007.2672856918,4709687.433611651,10319360.0,4160000.0,18TYN,1,projects/neon-prod-earthengine/assets/HSI_REFL/002/2024_HARV_8,2024-08-14,0.0
NA5120_E2015N0813,EPSG:32618,-72.14468515234222,42.547437513389426,734441.210608064,4714512.3366984045,10319360.0,4165120.0,18TYN,1,projects/neon-prod-earthengine/assets/HSI_REFL/002/2024_HARV_8,2024-08-14,4.369747899159663
NA5120_E2015N0814,EPSG:32618,-72.12523985540881,42.59039669124459,735875.8588138069,4719337.071948463,10319360.0,4170240.0,18TYN,1,projects/neon-prod-earthengine/assets/HSI_REFL/002/2024_HARV_8,2024-08-14,93.17988064791135
NA5120_E2016N0810,EPSG:32618,-72.14416080254163,42.40344611382162,735022.9205047544,4698523.48282171,10324480.0,4149760.0,18TYN,1,projects/neon-prod-earthengine/assets/HSI_REFL/002/2024_HARV_8,2024-08-14,41.34697357203751
NA5120_E2016N0811,EPSG:32618,-72.12478961306003,42.44640959802109,736455.5496415723,4703348.385583875,10324480.0,4154880.0,18TYN,1,projects/neon-prod-earthengine/assets/HSI_REFL/002/2024_HARV_8,2024-08-14,20.42920847268673
NA5120_E2016N0812,EPSG:32618,-72.10538195716808,42.489366995275816,737888.8846081116,4708173.120706622,10324480.0,4160000.0,18TYN,1,projects/neon-prod-earthengine/assets/HSI_REFL/002/2024_HARV_8,2024-08-14,46.40468227424749
NA5120_E1162N1390,EPSG:32606,-149.29884528579254,63.84089163542019,386938.10313377663,7081320.694579154,5952000.0,7119360.0,05VPL,1,projects/neon-prod-earthengine/assets/HSI_REFL/002/2024_HEAL_6,2024-07-19,35.00426257459506
NA5120_E1163N1389,EPSG:32606,-149.1517058577438,63.84078990188783,394172.1868049224,7081057.040619653,5957120.0,7114240.0,05VPL,1,projects/neon-prod-earthengine/assets/HSI_REFL/002/2024_HEAL_6,2024-07-19,17.42731575388776
NA5120_E1163N1390,EPSG:32606,-149.2250908889932,63.87197552606756,390685.11775810155,7084654.227494199,5957120.0,7119360.0,05VPL,1,projects/neon-prod-earthengine/assets/HSI_REFL/002/2024_HEAL_6,2024-07-19,0.0
NA5120_E1163N1391,EPSG:32606,-149.29865218107125,63.90311762628541,387197.3628169739,7088250.826622903,5957120.0,7124480.0,05VPL,1,projects/neon-prod-earthengine/assets/HSI_REFL/002/2024_HEAL_6,2024-07-19,21.788370520622042
NA5120_E1164N1390,EPSG:32606,-149.15118662590893,63.903027594880264,394431.5017316815,7087988.381597155,5962240.0,7119360.0,05VPL,1,projects/neon-prod-earthengine/assets/HSI_REFL/002/2024_HEAL_6,2024-07-19,4.935767410412441
NA5120_E1164N1391,EPSG:32606,-149.22476067050223,63.9342071763335,390943.1589911946,7091585.007940593,5962240.0,7124480.0,05VPL,1,projects/neon-prod-earthengine/assets/HSI_REFL/002/2024_HEAL_6,2024-07-19,48.580121703853955
NA5120_E2012N0810,EPSG:32618,-72.37890021904147,42.46355956135496,715497.4164385274,4704575.800137569,10304000.0,4149760.0,18TYN,1,projects/neon-prod-earthengine/assets/HSI_REFL/002/2024_HOPB_5,2024-09-04,75.16339869281046
NA5120_E2012N0811,EPSG:32618,-72.35967123596859,42.50657864568528,716929.6625630605,4709402.061049197,10304000.0,4154880.0,18TYN,1,projects/neon-prod-earthengine/assets/HSI_REFL/002/2024_HOPB_5,2024-09-04,45.958751393534
NA5120_E2013N0810,EPSG:32618,-72.3201715203079,42.44858022681709,720378.7487929547,4703063.279150254,10309120.0,4149760.0,18TYN,1,projects/neon-prod-earthengine/assets/HSI_REFL/002/2024_HOPB_5,2024-09-04,82.77919863597613
NA5120_E1859N0518,EPSG:32616,-84.56417016863521,31.163221180903186,732174.7837402285,3450246.011093938,9520640.0,2654720.0,16RGV,1,projects/neon-prod-earthengine/assets/HSI_REFL/002/2024_JERC_8,2024-05-08,100.0
NA5120_E1859N0519,EPSG:32616,-84.55664702049577,31.208648851157026,732780.7755203196,3455298.6362213045,9520640.0,2659840.0,16RGV,1,projects/neon-prod-earthengine/assets/HSI_REFL/002/2024_JERC_8,2024-05-08,98.16993464052287
NA5120_E1859N0520,EPSG:32616,-84.54911117176145,31.25407506531401,733387.1489204849,3460351.2311058845,9520640.0,2664960.0,16RGV,1,projects/neon-prod-earthengine/assets/HSI_REFL/002/2024_JERC_8,2024-05-08,25.16297262059974
NA5120_E1859N0521,EPSG:32616,-84.54156259480355,31.299499820480666,733993.9035933707,3465403.7958233356,9520640.0,2670080.0,16RGV,1,projects/neon-prod-earthengine/assets/HSI_REFL/002/2024_JERC_8,2024-05-08,0.0
NA5120_E1859N0522,EPSG:32616,-84.53400126190802,31.34492311375641,734601.0391913549,3470456.3304495052,9520640.0,2675200.0,16RGV,1,projects/neon-prod-earthengine/assets/HSI_REFL/002/2024_JERC_8,2024-05-08,75.28846153846153
NA5120_E1860N0518,EPSG:32616,-84.51224758072561,31.155805696698273,737143.7866837252,3449533.94532818,9525760.0,2654720.0,16RGV,1,projects/neon-prod-earthengine/assets/HSI_REFL/002/2024_JERC_8,2024-05-08,48.08906613492855
NA5120_E1860N0519,EPSG:32616,-84.50469582267925,31.201227422216203,737750.243509446,3454586.3951119063,9525760.0,2659840.0,16RGV,1,projects/neon-prod-earthengine/assets/HSI_REFL/002/2024_JERC_8,2024-05-08,6.378205128205128
NA5120_E1860N0520,EPSG:32616,-84.49713131854219,31.246647682934473,738357.0810065159,3459638.8151043216,9525760.0,2664960.0,16RGV,1,projects/neon-prod-earthengine/assets/HSI_REFL/002/2024_JERC_8,2024-05-08,0.0
NA5120_E1860N0521,EPSG:32616,-84.48955404059728,31.292066475939787,738964.2988275888,3464691.205381583,9525760.0,2670080.0,16RGV,1,projects/neon-prod-earthengine/assets/HSI_REFL/002/2024_JERC_8,2024-05-08,0.0
NA5120_E1860N0522,EPSG:32616,-84.48196396104193,31.33748379831168,739571.8966250423,3469743.56602004,9525760.0,2675200.0,16RGV,1,projects/neon-prod-earthengine/assets/HSI_REFL/002/2024_JERC_8,2024-05-08,46.27450980392157
NA5120_E1861N0518,EPSG:32616,-84.46033464285645,31.14836103043222,742112.8039097404,3448820.9210052374,9530880.0,2654720.0,16RGV,1,projects/neon-prod-earthengine/assets/HSI_REFL/002/2024_JERC_8,2024-05-08,44.6078431372549
NA5120_E1861N0519,EPSG:32616,-84.4527542989953,31.19377678925561,742719.7264175967,3453873.1973528373,9530880.0,2659840.0,16RGV,1,projects/neon-prod-earthengine/assets/HSI_REFL/002/2024_JERC_8,2024-05-08,0.0
NA5120_E1861N0520,EPSG:32616,-84.44516116361943,31.239191074548014,743327.0286486651,3458925.4443611503,9530880.0,2664960.0,16RGV,1,projects/neon-prod-earthengine/assets/HSI_REFL/002/2024_JERC_8,2024-05-08,0.0
NA5120_E1861N0521,EPSG:32616,-84.43755520892354,31.28460388337626,743934.7102556005,3463977.6621068376,9530880.0,2670080.0,16RGV,1,projects/neon-prod-earthengine/assets/HSI_REFL/002/2024_JERC_8,2024-05-08,0.0
NA5120_E1861N0522,EPSG:32616,-84.42993640701664,31.33001521279992,744542.770890791,3469029.8506667456,9530880.0,2675200.0,16RGV,1,projects/neon-prod-earthengine/assets/HSI_REFL/002/2024_JERC_8,2024-05-08,42.02614379084967
NA5120_E1862N0518,EPSG:32616,-84.40843138884186,31.140887193759276,747081.8382173231,3448106.9372248375,9536000.0,2654720.0,16RGV,1,projects/neon-prod-earthengine/assets/HSI_REFL/002/2024_JERC_8,2024-05-08,78.97435897435898
NA5120_E1862N0519,EPSG:32616,-84.4008224833355,31.186296963955183,747689.2270452842,3453159.0420432617,9536000.0,2659840.0,16RGV,1,projects/neon-prod-earthengine/assets/HSI_REFL/002/2024_JERC_8,2024-05-08,3.821867730142905
NA5120_E1862N0520,EPSG:32616,-84.39320074096231,31.23170525186033,748296.9946489134,3458211.1179749803,9536000.0,2664960.0,16RGV,1,projects/neon-prod-earthengine/assets/HSI_REFL/002/2024_JERC_8,2024-05-08,0.0
NA5120_E1862N0521,EPSG:32616,-84.38556613382916,31.277112054521602,748905.1406808643,3463263.165097153,9536000.0,2670080.0,16RGV,1,projects/neon-prod-earthengine/assets/HSI_REFL/002/2024_JERC_8,2024-05-08,68.36158192090396
NA5120_E1862N0522,EPSG:32616,-84.377918633957,31.32251736897855,749513.664793526,3468315.183487121,9536000.0,2675200.0,16RGV,1,projects/neon-prod-earthengine/assets/HSI_REFL/002/2024_JERC_8,2024-05-08,99.55128205128206
NA5120_E1863N0518,EPSG:32616,-84.35653785243481,31.133384198373633,752050.892405101,3447391.993083942,9541120.0,2654720.0,16RGV,1,projects/neon-prod-earthengine/assets/HSI_REFL/002/2024_JERC_8,2024-05-08,100.0
NA5120_E1863N0519,EPSG:32616,-84.3489004095299,31.17878795803489,752658.7481926186,3452443.928279595,9541120.0,2659840.0,16RGV,1,projects/neon-prod-earthengine/assets/HSI_REFL/002/2024_JERC_8,2024-05-08,93.90482398956975
NA5120_E1628N0669,EPSG:32614,-96.66165528695258,39.042914080548684,702370.7239359103,4324140.843799426,8337920.0,3427840.0,14SPJ,1,projects/neon-prod-earthengine/assets/HSI_REFL/002/2024_KONZ_9,2024-06-05,82.7688651218063
NA5120_E1628N0670,EPSG:32614,-96.66105880041364,39.08902990149324,702290.5971667852,4329260.63820577,8337920.0,3432960.0,14SPJ,1,projects/neon-prod-earthengine/assets/HSI_REFL/002/2024_KONZ_9,2024-06-05,55.113122171945705
NA5120_E1628N0671,EPSG:32614,-96.66046117444371,39.135145350710964,702210.3711502634,4334380.428980325,8337920.0,3438080.0,14SPJ,1,projects/neon-prod-earthengine/assets/HSI_REFL/002/2024_KONZ_9,2024-06-05,54.63286713286713
NA5120_E1628N0672,EPSG:32614,-96.65986240603088,39.181260428066885,702130.0459405812,4339500.216120351,8337920.0,3443200.0,14SPJ,1,projects/neon-prod-earthengine/assets/HSI_REFL/002/2024_KONZ_9,2024-06-05,95.54367201426025
NA5120_E1628N0673,EPSG:32614,-96.65926249215217,39.2273751334269,702049.6215920495,4344619.999623112,8337920.0,3448320.0,14SPJ,1,projects/neon-prod-earthengine/assets/HSI_REFL/002/2024_KONZ_9,2024-06-05,100.0
NA5120_E1629N0669,EPSG:32614,-96.60301999205053,39.04239624704775,707447.4075884497,4324215.549624985,8343040.0,3427840.0,14SQJ,1,projects/neon-prod-earthengine/assets/HSI_REFL/002/2024_KONZ_9,2024-06-05,52.46583481877599
NA5120_E1629N0670,EPSG:32614,-96.60238179643045,39.08851158715089,707367.584365901,4329335.463781447,8343040.0,3432960.0,14SQJ,1,projects/neon-prod-earthengine/assets/HSI_REFL/002/2024_KONZ_9,2024-06-05,0.0
NA5120_E1629N0671,EPSG:32614,-96.60174238172824,39.13462655467564,707287.6608057002,4334455.374249515,8343040.0,3438080.0,14SQJ,1,projects/neon-prod-earthengine/assets/HSI_REFL/002/2024_KONZ_9,2024-06-05,0.12066365007541478
NA5120_E1629N0672,EPSG:32614,-96.60110174472149,39.180741149484675,707207.6369620041,4339575.281026309,8343040.0,3443200.0,14SPJ,1,projects/neon-prod-earthengine/assets/HSI_REFL/002/2024_KONZ_9,2024-06-05,11.942959001782532
NA5120_E1629N0673,EPSG:32614,-96.600459882176,39.226855371441616,707127.5128890233,4344695.1841089595,8343040.0,3448320.0,14SPJ,1,projects/neon-prod-earthengine/assets/HSI_REFL/002/2024_KONZ_9,2024-06-05,15.384615384615385
NA5120_E1630N0669,EPSG:32614,-96.54438566366072,39.04184342239197,712524.2319710199,4324289.646962165,8348160.0,3427840.0,14SQJ,1,projects/neon-prod-earthengine/assets/HSI_REFL/002/2024_KONZ_9,2024-06-05,46.81749622926093
NA5120_E1630N0670,EPSG:32614,-96.54370576172083,39.08795824917263,712444.7122405297,4329409.683011861,8348160.0,3432960.0,14SQJ,1,projects/neon-prod-earthengine/assets/HSI_REFL/002/2024_KONZ_9,2024-06-05,0.0
NA5120_E1630N0671,EPSG:32614,-96.54302456105758,39.13407270246588,712365.0910819,4334529.715316997,8348160.0,3438080.0,14SQJ,1,projects/neon-prod-earthengine/assets/HSI_REFL/002/2024_KONZ_9,2024-06-05,0.41592394533571003
NA5120_E1630N0672,EPSG:32614,-96.54234205823816,39.18018678213188,712285.3685491917,4339649.7438745415,8348160.0,3443200.0,14SQJ,1,projects/neon-prod-earthengine/assets/HSI_REFL/002/2024_KONZ_9,2024-06-05,33.51432880844645
NA5120_E1630N0673,EPSG:32614,-96.54165824981725,39.22630048803172,712205.5446965288,4344769.768681481,8348160.0,3448320.0,14SQJ,1,projects/neon-prod-earthengine/assets/HSI_REFL/002/2024_KONZ_9,2024-06-05,74.06417112299465
NA5120_E1631N0669,EPSG:32614,-96.48575236492141,39.04125560775592,717601.2002449301,4324363.135858655,8353280.0,3427840.0,14SQJ,1,projects/neon-prod-earthengine/assets/HSI_REFL/002/2024_KONZ_9,2024-06-05,69.77375565610859
NA5120_E1631N0670,EPSG:32614,-96.48503075960333,39.08736988873625,717521.9839529885,4329483.295945064,8353280.0,3432960.0,14SQJ,1,projects/neon-prod-earthengine/assets/HSI_REFL/002/2024_KONZ_9,2024-06-05,50.35502958579882
NA5120_E1631N0671,EPSG:32614,-96.48430777593131,39.133483795262606,717442.6651421678,4334603.452231164,8353280.0,3438080.0,14SQJ,1,projects/neon-prod-earthengine/assets/HSI_REFL/002/2024_KONZ_9,2024-06-05,50.92097445038621
NA5120_E1631N0672,EPSG:32614,-96.48358341026214,39.17959732719254,717363.2438664483,4339723.604713786,8353280.0,3443200.0,14SQJ,1,projects/neon-prod-earthengine/assets/HSI_REFL/002/2024_KONZ_9,2024-06-05,92.2756981580511
NA5120_E1631N0673,EPSG:32614,-96.48285765893935,39.225710484384486,717283.7201798604,4344843.75338977,8353280.0,3448320.0,14SQJ,1,projects/neon-prod-earthengine/assets/HSI_REFL/002/2024_KONZ_9,2024-06-05,100.0
NA5120_E1788N0522,EPSG:32616,-88.25137185779845,31.79761667709394,381538.1278064524,3518685.097390828,9157120.0,2675200.0,16SCA,1,projects/neon-prod-earthengine/assets/HSI_REFL/002/2024_LENO_8,2024-05-26,57.30769230769231
NA5120_E1788N0523,EPSG:32616,-88.24589920346702,31.843405120061735,382114.44022147293,3523754.8437450263,9157120.0,2680320.0,16SCA,1,projects/neon-prod-earthengine/assets/HSI_REFL/002/2024_LENO_8,2024-05-26,42.59615384615385
NA5120_E1788N0524,EPSG:32616,-88.2404171655832,31.88919264075632,382691.2018862171,3528824.529260041,9157120.0,2685440.0,16SCA,1,projects/neon-prod-earthengine/assets/HSI_REFL/002/2024_LENO_8,2024-05-26,67.05128205128204
NA5120_E1789N0522,EPSG:32616,-88.19873340254716,31.792282992023146,386514.99358168204,3518037.707323871,9162240.0,2675200.0,16SCA,1,projects/neon-prod-earthengine/assets/HSI_REFL/002/2024_LENO_8,2024-05-26,28.525641025641026
NA5120_E1789N0523,EPSG:32616,-88.19323043822321,31.83806708382609,387091.7254630111,3523107.1428579376,9162240.0,2680320.0,16SCA,1,projects/neon-prod-earthengine/assets/HSI_REFL/002/2024_LENO_8,2024-05-26,0.0
NA5120_E1789N0524,EPSG:32616,-88.18771803989509,31.88385024680144,387668.905596868,3528176.51797157,9162240.0,2685440.0,16SCA,1,projects/neon-prod-earthengine/assets/HSI_REFL/002/2024_LENO_8,2024-05-26,37.11538461538461
NA5120_E1790N0522,EPSG:32616,-88.1461021242527,31.78691930993796,391491.67553560965,3517389.423661943,9167360.0,2675200.0,16SCA,1,projects/neon-prod-earthengine/assets/HSI_REFL/002/2024_LENO_8,2024-05-26,51.570512820512825
NA5120_E1790N0523,EPSG:32616,-88.1405688682146,31.832699026872387,392068.82742480305,3522458.5503366385,9167360.0,2680320.0,16SCA,1,projects/neon-prod-earthengine/assets/HSI_REFL/002/2024_LENO_8,2024-05-26,40.8974358974359
NA5120_E1790N0524,EPSG:32616,-88.13502612777678,31.878477808391118,392646.4265701134,3527527.6170100886,9167360.0,2685440.0,16SCA,1,projects/neon-prod-earthengine/assets/HSI_REFL/002/2024_LENO_8,2024-05-26,63.49358974358974
NA5120_E1631N0667,EPSG:32614,-96.48719145500232,38.94902592300753,717759.3250565998,4314122.804297642,8353280.0,3417600.0,14SQJ,1,projects/neon-prod-earthengine/assets/HSI_REFL/002/2024_MCDI_4,2024-06-12,4.166666666666666
NA5120_E1631N0668,EPSG:32614,-96.4864725955155,38.99514095246495,717680.3139640852,4319242.971975118,8353280.0,3422720.0,14SQJ,1,projects/neon-prod-earthengine/assets/HSI_REFL/002/2024_MCDI_4,2024-06-12,54.188948306595364
NA5120_E1632N0667,EPSG:32614,-96.42864241153485,38.94840427312909,722835.8303389972,4314195.432272879,8358400.0,3417600.0,14SQJ,1,projects/neon-prod-earthengine/assets/HSI_REFL/002/2024_MCDI_4,2024-06-12,53.089720736779554
NA5120_E1632N0668,EPSG:32614,-96.42788201040257,38.994518726351224,722757.1248142016,4319315.726241085,8358400.0,3422720.0,14SQJ,1,projects/neon-prod-earthengine/assets/HSI_REFL/002/2024_MCDI_4,2024-06-12,74.48009506833037
NA5120_E1584N0588,EPSG:32614,-99.14859238303961,35.295282817705726,486489.5845933607,3905799.727854054,8112640.0,3013120.0,14SME,1,projects/neon-prod-earthengine/assets/HSI_REFL/002/2024_OAES_8,2024-05-21,39.12231559290383
NA5120_E1584N0589,EPSG:32614,-99.14965834509333,35.34141862450361,486400.39076451847,3910916.434408161,8112640.0,3018240.0,14SME,1,projects/neon-prod-earthengine/assets/HSI_REFL/002/2024_OAES_8,2024-05-21,0.0
NA5120_E1584N0590,EPSG:32614,-99.15072623350052,35.38755405773771,486311.14088590926,3916033.140110683,8112640.0,3023360.0,14SME,1,projects/neon-prod-earthengine/assets/HSI_REFL/002/2024_OAES_8,2024-05-21,0.0
NA5120_E1584N0591,EPSG:32614,-99.15179605295856,35.43368911716061,486221.8350125241,3921149.844963151,8112640.0,3028480.0,14SME,1,projects/neon-prod-earthengine/assets/HSI_REFL/002/2024_OAES_8,2024-05-21,37.571157495256166
NA5120_E1585N0588,EPSG:32614,-99.09310495641027,35.29623298904202,491534.7501461447,3905898.9551128834,8117760.0,3013120.0,14SME,1,projects/neon-prod-earthengine/assets/HSI_REFL/002/2024_OAES_8,2024-05-21,37.03352308665402
NA5120_E1585N0589,EPSG:32614,-99.09413506984633,35.342369622175006,491445.95064299594,3911015.693259932,8117760.0,3018240.0,14SME,1,projects/neon-prod-earthengine/assets/HSI_REFL/002/2024_OAES_8,2024-05-21,0.0
NA5120_E1585N0590,EPSG:32614,-99.09516704491071,35.38850588309924,491357.0940160986,3916132.4304857138,8117760.0,3023360.0,14SME,1,projects/neon-prod-earthengine/assets/HSI_REFL/002/2024_OAES_8,2024-05-21,0.0
NA5120_E1585N0591,EPSG:32614,-99.09620088614314,35.43464177157071,491268.18032031157,3921249.1667916733,8117760.0,3028480.0,14SME,1,projects/neon-prod-earthengine/assets/HSI_REFL/002/2024_OAES_8,2024-05-21,45.28478057889823
NA5120_E1586N0588,EPSG:32614,-99.03761608189483,35.29715064050322,496579.925383827,3905997.3987511843,8122880.0,3013120.0,14SME,1,projects/neon-prod-earthengine/assets/HSI_REFL/002/2024_OAES_8,2024-05-21,50.853889943074
NA5120_E1586N0589,EPSG:32614,-99.03861034280473,35.34328807171604,496491.5201146442,3911114.1705841483,8122880.0,3018240.0,14SME,1,projects/neon-prod-earthengine/assets/HSI_REFL/002/2024_OAES_8,2024-05-21,14.764267990074442
NA5120_E1586N0590,EPSG:32614,-99.03960640060473,35.38942513202884,496403.05664763093,3916230.941426726,8122880.0,3023360.0,14SME,1,projects/neon-prod-earthengine/assets/HSI_REFL/002/2024_OAES_8,2024-05-21,12.854030501089325
NA5120_E1586N0591,EPSG:32614,-99.04060425967685,35.43556182120101,496314.5350375184,3921347.711280292,8122880.0,3028480.0,14SME,1,projects/neon-prod-earthengine/assets/HSI_REFL/002/2024_OAES_8,2024-05-21,53.31465919701214
NA5120_E1607N0545,EPSG:32614,-97.86215174853326,33.32422541934689,605905.3526669154,3687809.3098898223,8230400.0,2792960.0,14SNB,1,projects/neon-prod-earthengine/assets/HSI_REFL/002/2024_PRIN_7,2024-05-19,95.66055930568949
NA5120_E1607N0546,EPSG:32614,-97.86237468738653,33.37038810452518,605828.7294502498,3692927.37146402,8230400.0,2798080.0,14SNB,1,projects/neon-prod-earthengine/assets/HSI_REFL/002/2024_PRIN_7,2024-05-19,22.018643522982963
NA5120_E1607N0547,EPSG:32614,-97.86259801897853,33.41655044493872,605752.0232672499,3698045.4307624376,8230400.0,2803200.0,14SNC,1,projects/neon-prod-earthengine/assets/HSI_REFL/002/2024_PRIN_7,2024-05-19,37.16897856242119
NA5120_E1608N0545,EPSG:32614,-97.80812840585403,33.3244200190851,610933.6179357314,3687887.058349237,8235520.0,2792960.0,14SPB,1,projects/neon-prod-earthengine/assets/HSI_REFL/002/2024_PRIN_7,2024-05-19,48.56959177113468
NA5120_E1608N0546,EPSG:32614,-97.80831808927049,33.3705828681934,610857.4334480397,3693005.2020159997,8235520.0,2798080.0,14SPB,1,projects/neon-prod-earthengine/assets/HSI_REFL/002/2024_PRIN_7,2024-05-19,0.0
NA5120_E1608N0547,EPSG:32614,-97.8085081068435,33.416745372795674,610781.1649229173,3698123.34335536,8235520.0,2803200.0,14SPC,1,projects/neon-prod-earthengine/assets/HSI_REFL/002/2024_PRIN_7,2024-05-19,64.577306332369
NA5120_E1227N0682,EPSG:32611,-119.79609879841762,37.065421923051495,251400.21015018882,4105787.665914649,6284800.0,3494400.0,10SGG,1,projects/neon-prod-earthengine/assets/HSI_REFL/002/2024_SJER_7,2024-04-02,52.043269230769226
NA5120_E1228N0681,EPSG:32611,-119.72647567636365,37.034595916346916,257493.52190327135,4102186.950815264,6289920.0,3489280.0,10SGG,1,projects/neon-prod-earthengine/assets/HSI_REFL/002/2024_SJER_7,2024-04-02,60.845588235294116
NA5120_E1228N0682,EPSG:32611,-119.741311983188,37.07841723162655,256313.93843769428,4107087.735670382,6289920.0,3494400.0,10SGG,1,projects/neon-prod-earthengine/assets/HSI_REFL/002/2024_SJER_7,2024-04-02,0.0
NA5120_E1228N0683,EPSG:32611,-119.75617436964487,37.122234376699744,255133.685255449,4111988.3925380283,6289920.0,3499520.0,10SGG,1,projects/neon-prod-earthengine/assets/HSI_REFL/002/2024_SJER_7,2024-04-02,3.002450980392157
NA5120_E1229N0681,EPSG:32611,-119.67169918454964,37.04754982882335,262407.01299459615,4103486.0453842487,6295040.0,3489280.0,10SGG,1,projects/neon-prod-earthengine/assets/HSI_REFL/002/2024_SJER_7,2024-04-02,65.93137254901961
NA5120_E1229N0682,EPSG:32611,-119.68650466624634,37.091382183964,261227.67759886372,4108387.168000032,6295040.0,3494400.0,10SGG,1,projects/neon-prod-earthengine/assets/HSI_REFL/002/2024_SJER_7,2024-04-02,25.420673076923077
NA5120_E1229N0683,EPSG:32611,-119.70133618511441,37.13521038575766,260047.67179093286,4113288.161779324,6295040.0,3499520.0,10SGG,1,projects/neon-prod-earthengine/assets/HSI_REFL/002/2024_SJER_7,2024-04-02,22.702205882352942
NA5120_E1235N0678,EPSG:32611,-119.29890833804365,36.99291626233064,295417.91993752646,4096556.9196296535,6325760.0,3473920.0,11SKA,1,projects/neon-prod-earthengine/assets/HSI_REFL/002/2024_SOAP_8,2024-06-10,22.977941176470587
NA5120_E1235N0679,EPSG:32611,-119.31345079845264,37.0368265224638,294242.0763906385,4101460.507276549,6325760.0,3479040.0,11SKB,1,projects/neon-prod-earthengine/assets/HSI_REFL/002/2024_SOAP_8,2024-06-10,22.395833333333336
NA5120_E1235N0680,EPSG:32611,-119.32801885902032,37.080732758014534,293065.5563261145,4106363.960197665,6325760.0,3484160.0,11SKB,1,projects/neon-prod-earthengine/assets/HSI_REFL/002/2024_SOAP_8,2024-06-10,55.859375
NA5120_E1236N0678,EPSG:32611,-119.2440829000528,37.00562459592333,300330.8451279858,4097850.5304439072,6330880.0,3473920.0,11SKB,1,projects/neon-prod-earthengine/assets/HSI_REFL/002/2024_SOAP_8,2024-06-10,0.0
NA5120_E1236N0679,EPSG:32611,-119.25859430233899,37.04954570017534,299155.24369540846,4102754.4700977015,6330880.0,3479040.0,11SKB,1,projects/neon-prod-earthengine/assets/HSI_REFL/002/2024_SOAP_8,2024-06-10,0.0
NA5120_E1236N0680,EPSG:32611,-119.27313126138687,37.09346279646379,297978.9650420021,4107658.2741783834,6330880.0,3484160.0,11SKB,1,projects/neon-prod-earthengine/assets/HSI_REFL/002/2024_SOAP_8,2024-06-10,12.561274509803921
NA5120_E1237N0677,EPSG:32611,-119.17478258548331,36.97436656278276,306418.48887938564,4094239.0794938537,6336000.0,3468800.0,11SKA,1,projects/neon-prod-earthengine/assets/HSI_REFL/002/2024_SOAP_8,2024-06-10,97.15073529411765
NA5120_E1237N0678,EPSG:32611,-119.18923742435895,37.018302472342036,305243.8069778315,4099143.5095124585,6336000.0,3473920.0,11SKB,1,projects/neon-prod-earthengine/assets/HSI_REFL/002/2024_SOAP_8,2024-06-10,31.985294117647058
NA5120_E1237N0679,EPSG:32611,-119.20371771729198,37.0622343997353,304068.4465129827,4104047.802848522,6336000.0,3479040.0,11SKB,1,projects/neon-prod-earthengine/assets/HSI_REFL/002/2024_SOAP_8,2024-06-10,0.0
NA5120_E1237N0680,EPSG:32611,-119.2182235234326,37.106162335764985,302892.4081232314,4108951.959764077,6336000.0,3484160.0,11SKB,1,projects/neon-prod-earthengine/assets/HSI_REFL/002/2024_SOAP_8,2024-06-10,38.143382352941174
NA5120_E1360N0532,EPSG:32612,-110.98192716730446,31.73510840195861,501711.96518590656,3511075.2131336257,6965760.0,2726400.0,12SVA,1,projects/neon-prod-earthengine/assets/HSI_REFL/002/2024_SRER_6,2024-09-02,100.0
NA5120_E1361N0532,EPSG:32612,-110.92967472019126,31.74282607563307,506661.07319567853,3511932.632537056,6970880.0,2726400.0,12SVA,1,projects/neon-prod-earthengine/assets/HSI_REFL/002/2024_SRER_6,2024-09-02,70.5448717948718
NA5120_E1361N0533,EPSG:32612,-110.93759431725105,31.788187615835874,505908.06136762694,3516959.975530469,6970880.0,2731520.0,12SVA,1,projects/neon-prod-earthengine/assets/HSI_REFL/002/2024_SRER_6,2024-09-02,8.529411764705882
NA5120_E1361N0534,EPSG:32612,-110.94552735409772,31.833547591521924,505154.50640777504,3521987.2342470107,6970880.0,2736640.0,12SVA,1,projects/neon-prod-earthengine/assets/HSI_REFL/002/2024_SRER_6,2024-09-02,0.0
NA5120_E1361N0535,EPSG:32612,-110.9534738602556,31.87890599954066,504400.4087589402,3527014.4087705817,6970880.0,2741760.0,12SVA,1,projects/neon-prod-earthengine/assets/HSI_REFL/002/2024_SRER_6,2024-09-02,60.78431372549019
NA5120_E1361N0536,EPSG:32612,-110.96143386534057,31.924262836733515,503645.76886425953,3532041.499185429,6970880.0,2746880.0,12SVA,1,projects/neon-prod-earthengine/assets/HSI_REFL/002/2024_SRER_6,2024-09-02,99.87179487179488
NA5120_E1362N0532,EPSG:32612,-110.87741205652863,31.75051433493746,511610.3340084088,3512789.1693388447,6976000.0,2726400.0,12SWA,1,projects/neon-prod-earthengine/assets/HSI_REFL/002/2024_SRER_6,2024-09-02,0.29411764705882354
NA5120_E1362N0533,EPSG:32612,-110.88530256095152,31.795882086357963,510857.7214534506,3517816.85284724,6976000.0,2731520.0,12SWA,1,projects/neon-prod-earthengine/assets/HSI_REFL/002/2024_SRER_6,2024-09-02,0.0
NA5120_E1362N0534,EPSG:32612,-110.89320645889448,31.84124828243387,510104.56483958464,3522844.4515345558,6976000.0,2736640.0,12SWA,1,projects/neon-prod-earthengine/assets/HSI_REFL/002/2024_SRER_6,2024-09-02,0.0
NA5120_E1362N0535,EPSG:32612,-110.90112377979189,31.886612920035653,509350.864609819,3527871.965484011,6976000.0,2741760.0,12SWA,1,projects/neon-prod-earthengine/assets/HSI_REFL/002/2024_SRER_6,2024-09-02,0.0
NA5120_E1362N0536,EPSG:32612,-110.9090545531695,31.931975996025816,508596.62120749324,3532899.3947791783,6976000.0,2746880.0,12SWA,1,projects/neon-prod-earthengine/assets/HSI_REFL/002/2024_SRER_6,2024-09-02,46.666666666666664
NA5120_E1363N0531,EPSG:32612,-110.81729114257173,31.71279768410844,517311.4189657469,3508616.7131716507,6981120.0,2721280.0,12SWA,1,projects/neon-prod-earthengine/assets/HSI_REFL/002/2024_SRER_6,2024-09-02,70.45751633986929
NA5120_E1363N0532,EPSG:32612,-110.82513921088189,31.7581731676299,516559.7503898245,3513644.8245201884,6981120.0,2726400.0,12SWA,1,projects/neon-prod-earthengine/assets/HSI_REFL/002/2024_SRER_6,2024-09-02,0.0
NA5120_E1363N0533,EPSG:32612,-110.8330005971151,31.803547108050758,515807.5363841208,3518672.8504215693,6981120.0,2731520.0,12SWA,1,projects/neon-prod-earthengine/assets/HSI_REFL/002/2024_SRER_6,2024-09-02,0.0
NA5120_E1363N0534,EPSG:32612,-110.8408753305248,31.84891950227035,515054.7773915216,3523700.790957985,6981120.0,2736640.0,12SWA,1,projects/neon-prod-earthengine/assets/HSI_REFL/002/2024_SRER_6,2024-09-02,0.0
NA5120_E1363N0535,EPSG:32612,-110.84876344045517,31.89429034718008,514301.4738552236,3528728.646211973,6981120.0,2741760.0,12SWA,1,projects/neon-prod-earthengine/assets/HSI_REFL/002/2024_SRER_6,2024-09-02,0.0
NA5120_E1363N0536,EPSG:32612,-110.85666495634149,31.939659639663486,513547.6262187519,3533756.416266426,6981120.0,2746880.0,12SWA,1,projects/neon-prod-earthengine/assets/HSI_REFL/002/2024_SRER_6,2024-09-02,63.10897435897436
NA5120_E1364N0531,EPSG:32612,-110.76503724690475,31.72042092032527,522260.59492684423,3509471.1428964864,6986240.0,2721280.0,12SWA,1,projects/neon-prod-earthengine/assets/HSI_REFL/002/2024_SRER_6,2024-09-02,98.71794871794873
NA5120_E1364N0532,EPSG:32612,-110.77285621788145,31.765802561509144,521509.3251066077,3514499.599059884,6986240.0,2726400.0,12SWA,1,projects/neon-prod-earthengine/assets/HSI_REFL/002/2024_SRER_6,2024-09-02,25.882352941176475
NA5120_E1364N0533,EPSG:32612,-110.78068846045136,31.811182668685944,520757.5089275147,3519527.9692332386,6986240.0,2731520.0,12SWA,1,projects/neon-prod-earthengine/assets/HSI_REFL/002/2024_SRER_6,2024-09-02,0.8012820512820512
NA5120_E1364N0534,EPSG:32612,-110.78853400377761,31.85656123877582,520005.14683264075,3524556.253498054,6986240.0,2736640.0,12SWA,1,projects/neon-prod-earthengine/assets/HSI_REFL/002/2024_SRER_6,2024-09-02,0.0
NA5120_E1364N0535,EPSG:32612,-110.7963928771139,31.90193826869109,519252.2392653765,3529584.451936191,6986240.0,2741760.0,12SWA,1,projects/neon-prod-earthengine/assets/HSI_REFL/002/2024_SRER_6,2024-09-02,0.0
NA5120_E1365N0533,EPSG:32612,-110.72836618573514,31.818788756075985,525707.641852458,3520382.210259628,6991360.0,2731520.0,12SWA,1,projects/neon-prod-earthengine/assets/HSI_REFL/002/2024_SRER_6,2024-09-02,79.73856209150327
NA5120_E1365N0534,EPSG:32612,-110.73618251350733,31.86417347973561,524955.6759329466,3525410.840133125,6991360.0,2736640.0,12SWA,1,projects/neon-prod-earthengine/assets/HSI_REFL/002/2024_SRER_6,2024-09-02,84.1025641025641
NA5120_E1365N0535,EPSG:32612,-110.74401212470225,31.909556672326804,524203.1636114653,3530439.3836360094,6991360.0,2741760.0,12SWA,1,projects/neon-prod-earthengine/assets/HSI_REFL/002/2024_SRER_6,2024-09-02,68.23529411764706
NA5120_E1734N0816,EPSG:32616,-89.61797220392536,45.53004958630894,295576.25885497086,5045168.89302008,8880640.0,4180480.0,15TYL,1,projects/neon-prod-earthengine/assets/HSI_REFL/002/2024_STEI_6,2024-06-30,48.61670695675531
NA5120_E1735N0814,EPSG:32616,-89.566324839448,45.43368595810848,299266.95000591164,5034333.087164095,8885760.0,4170240.0,15TYL,1,projects/neon-prod-earthengine/assets/HSI_REFL/002/2024_STEI_6,2024-06-30,57.37308622078968
NA5120_E1735N0815,EPSG:32616,-89.55963174963226,45.479439272171625,299952.41514574323,5039399.338171457,8885760.0,4175360.0,15TYL,1,projects/neon-prod-earthengine/assets/HSI_REFL/002/2024_STEI_6,2024-06-30,0.0
NA5120_E1735N0816,EPSG:32616,-89.55292443238756,45.52519157873998,300638.2676748262,5044465.519175808,8885760.0,4180480.0,15TYL,1,projects/neon-prod-earthengine/assets/HSI_REFL/002/2024_STEI_6,2024-06-30,0.0
NA5120_E1735N0817,EPSG:32616,-89.5462028447309,45.57094287586758,301324.5071601209,5049531.630256936,8885760.0,4185600.0,15TYL,1,projects/neon-prod-earthengine/assets/HSI_REFL/002/2024_STEI_6,2024-06-30,75.63792640343809
NA5120_E1736N0814,EPSG:32616,-89.50139612071743,45.42879852051645,304328.6066893748,5033630.005666444,8890880.0,4170240.0,15TYL,1,projects/neon-prod-earthengine/assets/HSI_REFL/002/2024_STEI_6,2024-06-30,65.72708113804005
NA5120_E1736N0815,EPSG:32616,-89.49464937950329,45.47454672063799,305014.1666661855,5038695.982069296,8890880.0,4175360.0,15TYL,1,projects/neon-prod-earthengine/assets/HSI_REFL/002/2024_STEI_6,2024-06-30,0.0
NA5120_E1736N0816,EPSG:32616,-89.48788829983937,45.520293902975375,305700.11304068123,5043761.889030722,8890880.0,4180480.0,15TYL,1,projects/neon-prod-earthengine/assets/HSI_REFL/002/2024_STEI_6,2024-06-30,0.0
NA5120_E1736N0817,EPSG:32616,-89.48111283842049,45.56604006555119,306386.44538004,5048827.726630947,8890880.0,4185600.0,15TYL,1,projects/neon-prod-earthengine/assets/HSI_REFL/002/2024_STEI_6,2024-06-30,62.82929399367756
NA5120_E1737N0815,EPSG:32616,-89.42967870187299,45.46961455465716,310075.7571500087,5037992.366745309,8896000.0,4175360.0,15TYL,1,projects/neon-prod-earthengine/assets/HSI_REFL/002/2024_STEI_6,2024-06-30,0.0
NA5120_E1737N0816,EPSG:32616,-89.42286389689582,45.51535657239279,310761.7980749082,5043058.00172237,8896000.0,4180480.0,15TYL,1,projects/neon-prod-earthengine/assets/HSI_REFL/002/2024_STEI_6,2024-06-30,0.0
NA5120_E1737N0817,EPSG:32616,-89.41603459897179,45.56109755996833,311448.22397389926,5048123.567900209,8896000.0,4185600.0,15TYL,1,projects/neon-prod-earthengine/assets/HSI_REFL/002/2024_STEI_6,2024-06-30,60.59629331184529
NA5120_E1238N0676,EPSG:32611,-119.10554985113262,36.943052522079284,312505.01097758184,4090626.1481339396,6341120.0,3463680.0,11SLA,1,projects/neon-prod-earthengine/assets/HSI_REFL/002/2024_TEAK_7,2024-06-12,78.24754901960785
NA5120_E1239N0676,EPSG:32611,-119.05072669010471,36.9556479033717,317417.5746222677,4091917.1517075524,6346240.0,3463680.0,11SLA,1,projects/neon-prod-earthengine/assets/HSI_REFL/002/2024_TEAK_7,2024-06-12,23.774509803921568
NA5120_E1239N0677,EPSG:32611,-119.06509393650258,36.99960930300831,316244.0532451997,4096822.434450097,6346240.0,3468800.0,11SLA,1,projects/neon-prod-earthengine/assets/HSI_REFL/002/2024_TEAK_7,2024-06-12,0.0
NA5120_E1239N0678,EPSG:32611,-119.07948649065176,37.0435667626419,315069.8512538747,4101727.5785564776,6346240.0,3473920.0,11SLB,1,projects/neon-prod-earthengine/assets/HSI_REFL/002/2024_TEAK_7,2024-06-12,12.009803921568627
NA5120_E1239N0679,EPSG:32611,-119.09390441139914,37.08752027317747,313894.96928741207,4106632.5842866995,6346240.0,3479040.0,11SLB,1,projects/neon-prod-earthengine/assets/HSI_REFL/002/2024_TEAK_7,2024-06-12,45.036764705882355
NA5120_E1240N0676,EPSG:32611,-118.99588369143761,36.96821280151227,322330.1851629608,4093207.5247833775,6351360.0,3463680.0,11SLA,1,projects/neon-prod-earthengine/assets/HSI_REFL/002/2024_TEAK_7,2024-06-12,0.12449424214130098
NA5120_E1240N0677,EPSG:32611,-119.01021976297771,37.012184928073474,321156.9027329051,4098113.167932718,6351360.0,3468800.0,11SLB,1,projects/neon-prod-earthengine/assets/HSI_REFL/002/2024_TEAK_7,2024-06-12,0.0
NA5120_E1240N0678,EPSG:32611,-119.02458109836574,37.05615313109949,319982.9389808165,4103018.671599674,6351360.0,3473920.0,11SLB,1,projects/neon-prod-earthengine/assets/HSI_REFL/002/2024_TEAK_7,2024-06-12,0.0
NA5120_E1240N0679,EPSG:32611,-119.03896775638795,37.10011740153249,318808.2945463203,4107924.0360435527,6351360.0,3479040.0,11SLB,1,projects/neon-prod-earthengine/assets/HSI_REFL/002/2024_TEAK_7,2024-06-12,35.7609710550887
NA5120_E1241N0678,EPSG:32611,-118.96965579983137,37.06870895153634,324896.07396864274,4104309.1390326438,6356480.0,3473920.0,11SLB,1,projects/neon-prod-earthengine/assets/HSI_REFL/002/2024_TEAK_7,2024-06-12,46.44607843137255
NA5120_E1652N0668,EPSG:32615,-95.25639597937104,38.97473595171032,304534.58934482257,4316394.55715643,8460800.0,3422720.0,15STD,1,projects/neon-prod-earthengine/assets/HSI_REFL/002/2024_UKFS_8,2024-06-06,53.14913844325609
NA5120_E1652N0669,EPSG:32615,-95.25480264040137,39.02083168393761,304799.39729545906,4321507.260666876,8460800.0,3427840.0,15STD,1,projects/neon-prod-earthengine/assets/HSI_REFL/002/2024_UKFS_8,2024-06-06,49.97029114676174
NA5120_E1652N0670,EPSG:32615,-95.2532062624469,39.06692700839839,305064.4143068413,4326619.946756313,8460800.0,3432960.0,15STD,1,projects/neon-prod-earthengine/assets/HSI_REFL/002/2024_UKFS_8,2024-06-06,47.8698224852071
NA5120_E1653N0668,EPSG:32615,-95.19784279716501,38.973380061773476,309603.7903392392,4316119.982655878,8465920.0,3422720.0,15SUD,1,projects/neon-prod-earthengine/assets/HSI_REFL/002/2024_UKFS_8,2024-06-06,56.06508875739645
NA5120_E1653N0669,EPSG:32615,-95.19620794406836,39.019474537104976,309868.89090271934,4321232.505179466,8465920.0,3427840.0,15SUD,1,projects/neon-prod-earthengine/assets/HSI_REFL/002/2024_UKFS_8,2024-06-06,0.0
NA5120_E1653N0670,EPSG:32615,-95.19456997296116,39.0655686024493,310134.1994481756,4326345.010487788,8465920.0,3432960.0,15SUD,1,projects/neon-prod-earthengine/assets/HSI_REFL/002/2024_UKFS_8,2024-06-06,0.0
NA5120_E1654N0668,EPSG:32615,-95.13929208617112,38.97198926163632,314672.8382152162,4315844.807652365,8471040.0,3422720.0,15SUD,1,projects/neon-prod-earthengine/assets/HSI_REFL/002/2024_UKFS_8,2024-06-06,82.95625942684767
NA5120_E1654N0669,EPSG:32615,-95.13761572599473,39.018082447778106,314938.23164051306,4320957.151315963,8471040.0,3427840.0,15SUD,1,projects/neon-prod-earthengine/assets/HSI_REFL/002/2024_UKFS_8,2024-06-06,38.250377073906485
NA5120_E1654N0670,EPSG:32615,-95.1359361688073,39.06417522165513,315203.8319694189,4326069.477970413,8471040.0,3432960.0,15SUD,1,projects/neon-prod-earthengine/assets/HSI_REFL/002/2024_UKFS_8,2024-06-06,40.268065268065264
NA5120_E1472N0695,EPSG:32613,-105.93528775283835,39.88672686756001,420031.71932842163,4415603.707744035,7539200.0,3560960.0,13TDE,1,projects/neon-prod-earthengine/assets/HSI_REFL/002/2024_WLOU_5,2024-08-01,33.24553702077846
